$MeshFormat
2.2 0 8
$EndMeshFormat
$PhysicalNames
4
2 1 "InputPort"
2 2 "OutputPort"
2 3 "Walls"
3 1 "Domain"
$EndPhysicalNames
$Nodes
8049
1 -0.009525 -0.0047625 0.02
2 -0.009525 -0.0047625 0
3 -0.009525 0.0047625 0.02
4 -0.009525 0.0047625 0
5 0.009525 -0.0047625 0
6 0.009525 -0.0047625 0.02
7 0.009525 0.0047625 0.02
8 -0.00485 0.0015 0.02
9 -0.00485 -0.0015 0.02
10 0.00485 -0.0015 0.02
11 0.00485 0.0015 0.02
12 0.009525 0.0047625 0
13 -0.00485 -0.0015 0.021
14 -0.00485 0.0015 0.021
15 0.00485 -0.0015 0.021
16 0.00485 0.0015 0.021
17 0.012 -2.939152317953648e-18 0.021
18 0.012 -2.939152317953648e-18 0.121
19 -0.00485 0.0015 0.121
20 -0.00485 -0.0015 0.121
21 0.00485 -0.0015 0.121
22 0.00485 0.0015 0.121
23 -0.00485 -0.0015 0.122
24 -0.00485 0.0015 0.122
25 0.00485 -0.0015 0.122
26 0.00485 0.0015 0.122
27 -0.009525 0.0047625 0.122
28 -0.009525 -0.0047625 0.122
29 0.009525 0.0047625 0.122
30 0.009525 -0.0047625 0.122
31 -0.009525 -0.0047625 0.142
32 -0.009525 0.0047625 0.142
33 0.009525 0.0047625 0.142
34 0.009525 -0.0047625 0.142
35 -0.009525 -0.0047625 0.003999999999999998
36 -0.009525 -0.0047625 0.007999999999999998
37 -0.009525 -0.0047625 0.012
38 -0.009525 -0.0047625 0.016
39 -0.009525 -0.0047625 0.001999999999999999
40 -0.009525 -0.0047625 0.005999999999999998
41 -0.009525 -0.0047625 0.01
42 -0.009525 -0.0047625 0.014
43 -0.009525 -0.0047625 0.018
44 -0.009525 -0.001587499999999999 0.02
45 -0.009525 0.00158750000000001 0.02
46 -0.009525 -0.003175 0.02
47 -0.009525 5.204170427930421e-18 0.02
48 -0.009525 0.003175000000000005 0.02
49 -0.009525 0.0047625 0.003999999999999998
50 -0.009525 0.0047625 0.007999999999999998
51 -0.009525 0.0047625 0.012
52 -0.009525 0.0047625 0.016
53 -0.009525 0.0047625 0.001999999999999999
54 -0.009525 0.0047625 0.005999999999999998
55 -0.009525 0.0047625 0.01
56 -0.009525 0.0047625 0.014
57 -0.009525 0.0047625 0.018
58 -0.009525 -0.001587499999999999 0
59 -0.009525 0.00158750000000001 0
60 -0.009525 -0.003175 0
61 -0.009525 5.204170427930421e-18 0
62 -0.009525 0.003175000000000005 0
63 -0.005715000000000001 -0.0047625 0
64 -0.001904999999999994 -0.0047625 0
65 0.001905000000000016 -0.0047625 0
66 0.005715000000000026 -0.0047625 0
67 -0.007620000000000001 -0.0047625 0
68 -0.003809999999999998 -0.0047625 0
69 1.040834085586084e-17 -0.0047625 0
70 0.00381000000000002 -0.0047625 0
71 0.007620000000000014 -0.0047625 0
72 0.009525 -0.0047625 0.003999999999999998
73 0.009525 -0.0047625 0.007999999999999998
74 0.009525 -0.0047625 0.012
75 0.009525 -0.0047625 0.016
76 0.009525 -0.0047625 0.001999999999999999
77 0.009525 -0.0047625 0.005999999999999998
78 0.009525 -0.0047625 0.01
79 0.009525 -0.0047625 0.014
80 0.009525 -0.0047625 0.018
81 -0.005715000000000001 -0.0047625 0.02
82 -0.001904999999999994 -0.0047625 0.02
83 0.001905000000000016 -0.0047625 0.02
84 0.005715000000000026 -0.0047625 0.02
85 -0.007620000000000001 -0.0047625 0.02
86 -0.003809999999999998 -0.0047625 0.02
87 1.040834085586084e-17 -0.0047625 0.02
88 0.00381000000000002 -0.0047625 0.02
89 0.007620000000000014 -0.0047625 0.02
90 -0.005715000000000001 0.0047625 0.02
91 -0.001904999999999994 0.0047625 0.02
92 0.001905000000000016 0.0047625 0.02
93 0.005715000000000026 0.0047625 0.02
94 -0.007620000000000001 0.0047625 0.02
95 -0.003809999999999998 0.0047625 0.02
96 1.040834085586084e-17 0.0047625 0.02
97 0.00381000000000002 0.0047625 0.02
98 0.007620000000000014 0.0047625 0.02
99 0.009525 -0.001587499999999999 0.02
100 0.009525 0.00158750000000001 0.02
101 0.009525 -0.003175 0.02
102 0.009525 5.204170427930421e-18 0.02
103 0.009525 0.003175000000000005 0.02
104 -0.00485 0 0.02
105 -0.001616666666666667 -0.0015 0.02
106 0.001616666666666666 -0.0015 0.02
107 -0.003233333333333334 -0.0015 0.02
108 0 -0.0015 0.02
109 0.003233333333333333 -0.0015 0.02
110 0.00485 0 0.02
111 -0.001616666666666667 0.0015 0.02
112 0.001616666666666666 0.0015 0.02
113 -0.003233333333333334 0.0015 0.02
114 0 0.0015 0.02
115 0.003233333333333333 0.0015 0.02
116 -0.005715000000000001 0.0047625 0
117 -0.001904999999999994 0.0047625 0
118 0.001905000000000016 0.0047625 0
119 0.005715000000000026 0.0047625 0
120 -0.007620000000000001 0.0047625 0
121 -0.003809999999999998 0.0047625 0
122 1.040834085586084e-17 0.0047625 0
123 0.00381000000000002 0.0047625 0
124 0.007620000000000014 0.0047625 0
125 0.009525 0.0047625 0.003999999999999998
126 0.009525 0.0047625 0.007999999999999998
127 0.009525 0.0047625 0.012
128 0.009525 0.0047625 0.016
129 0.009525 0.0047625 0.001999999999999999
130 0.009525 0.0047625 0.005999999999999998
131 0.009525 0.0047625 0.01
132 0.009525 0.0047625 0.014
133 0.009525 0.0047625 0.018
134 0.009525 -0.001587499999999999 0
135 0.009525 0.00158750000000001 0
136 0.009525 -0.003175 0
137 0.009525 5.204170427930421e-18 0
138 0.009525 0.003175000000000005 0
139 -0.00485 -0.0015 0.0205
140 -0.00485 0 0.021
141 -0.00485 0.0015 0.0205
142 0.00485 -0.0015 0.0205
143 -0.001616666666666667 -0.0015 0.021
144 0.001616666666666666 -0.0015 0.021
145 -0.003233333333333334 -0.0015 0.021
146 0 -0.0015 0.021
147 0.003233333333333333 -0.0015 0.021
148 0.00485 0 0.021
149 0.00485 0.0015 0.0205
150 -0.001616666666666667 0.0015 0.021
151 0.001616666666666666 0.0015 0.021
152 -0.003233333333333334 0.0015 0.021
153 0 0.0015 0.021
154 0.003233333333333333 0.0015 0.021
155 0.01134980690040762 0.003896393630456208 0.021
156 0.009469686112756715 0.007370552552276024 0.021
157 0.00656337789746911 0.01004599773915035 0.021
158 0.002945825845689575 0.01163280319127197 0.021
159 -0.0009909521456680033 0.01195901391608004 0.021
160 -0.00482034509583565 0.01098927991986068 0.021
161 -0.008127378859508911 0.008828686928077563 0.021
162 -0.01055368501447788 0.005711368716444861 0.021
163 -0.01183633564083267 0.001975135083368782 0.021
164 -0.01183633564083266 -0.001975135083368826 0.021
165 -0.01055368501447785 -0.00571136871644491 0.021
166 -0.008127378859508873 -0.008828686928077598 0.021
167 -0.00482034509583561 -0.0109892799198607 0.021
168 -0.0009909521456679504 -0.01195901391608004 0.021
169 0.002945825845689637 -0.01163280319127195 0.021
170 0.006563377897469172 -0.01004599773915031 0.021
171 0.00946968611275676 -0.007370552552275966 0.021
172 0.01134980690040762 -0.003896393630456195 0.021
173 0.01183633564083267 0.00197513508336881 0.021
174 0.01055368501447786 0.005711368716444892 0.021
175 0.008127378859508882 0.008828686928077589 0.021
176 0.00482034509583562 0.0109892799198607 0.021
177 0.0009909521456679727 0.01195901391608004 0.021
178 -0.002945825845689605 0.01163280319127196 0.021
179 -0.006563377897469143 0.01004599773915033 0.021
180 -0.009469686112756738 0.007370552552275996 0.021
181 -0.01134980690040762 0.003896393630456178 0.021
182 -0.012 -1.984670591382618e-17 0.021
183 -0.01134980690040761 -0.003896393630456226 0.021
184 -0.009469686112756705 -0.007370552552276039 0.021
185 -0.006563377897469097 -0.01004599773915036 0.021
186 -0.002945825845689559 -0.01163280319127197 0.021
187 0.0009909521456680308 -0.01195901391608003 0.021
188 0.004820345095835683 -0.01098927991986067 0.021
189 0.008127378859508934 -0.008828686928077542 0.021
190 0.01055368501447788 -0.005711368716444853 0.021
191 0.01183633564083267 -0.001975135083368805 0.021
192 0.01134980690040762 0.003896393630456208 0.121
193 0.009469686112756715 0.007370552552276024 0.121
194 0.00656337789746911 0.01004599773915035 0.121
195 0.002945825845689575 0.01163280319127197 0.121
196 -0.0009909521456680033 0.01195901391608004 0.121
197 -0.00482034509583565 0.01098927991986068 0.121
198 -0.008127378859508911 0.008828686928077563 0.121
199 -0.01055368501447788 0.005711368716444861 0.121
200 -0.01183633564083267 0.001975135083368782 0.121
201 -0.01183633564083266 -0.001975135083368826 0.121
202 -0.01055368501447785 -0.00571136871644491 0.121
203 -0.008127378859508873 -0.008828686928077598 0.121
204 -0.00482034509583561 -0.0109892799198607 0.121
205 -0.0009909521456679504 -0.01195901391608004 0.121
206 0.002945825845689637 -0.01163280319127195 0.121
207 0.006563377897469172 -0.01004599773915031 0.121
208 0.00946968611275676 -0.007370552552275966 0.121
209 0.01134980690040762 -0.003896393630456195 0.121
210 0.01183633564083267 0.00197513508336881 0.121
211 0.01055368501447786 0.005711368716444892 0.121
212 0.008127378859508882 0.008828686928077589 0.121
213 0.00482034509583562 0.0109892799198607 0.121
214 0.0009909521456679727 0.01195901391608004 0.121
215 -0.002945825845689605 0.01163280319127196 0.121
216 -0.006563377897469143 0.01004599773915033 0.121
217 -0.009469686112756738 0.007370552552275996 0.121
218 -0.01134980690040762 0.003896393630456178 0.121
219 -0.012 -1.984670591382618e-17 0.121
220 -0.01134980690040761 -0.003896393630456226 0.121
221 -0.009469686112756705 -0.007370552552276039 0.121
222 -0.006563377897469097 -0.01004599773915036 0.121
223 -0.002945825845689559 -0.01163280319127197 0.121
224 0.0009909521456680308 -0.01195901391608003 0.121
225 0.004820345095835683 -0.01098927991986067 0.121
226 0.008127378859508934 -0.008828686928077542 0.121
227 0.01055368501447788 -0.005711368716444853 0.121
228 0.01183633564083267 -0.001975135083368805 0.121
229 0.012 -2.939152317953648e-18 0.02500000000000001
230 0.012 -2.939152317953648e-18 0.02900000000000002
231 0.012 -2.939152317953648e-18 0.03300000000000003
232 0.012 -2.939152317953648e-18 0.03700000000000005
233 0.012 -2.939152317953648e-18 0.04100000000000005
234 0.012 -2.939152317953648e-18 0.04500000000000007
235 0.012 -2.939152317953648e-18 0.04900000000000009
236 0.012 -2.939152317953648e-18 0.05300000000000009
237 0.012 -2.939152317953648e-18 0.05700000000000008
238 0.012 -2.939152317953648e-18 0.06100000000000008
239 0.012 -2.939152317953648e-18 0.06500000000000007
240 0.012 -2.939152317953648e-18 0.06900000000000008
241 0.012 -2.939152317953648e-18 0.07300000000000006
242 0.012 -2.939152317953648e-18 0.07700000000000005
243 0.012 -2.939152317953648e-18 0.08100000000000006
244 0.012 -2.939152317953648e-18 0.08500000000000006
245 0.012 -2.939152317953648e-18 0.08900000000000005
246 0.012 -2.939152317953648e-18 0.09300000000000004
247 0.012 -2.939152317953648e-18 0.09700000000000004
248 0.012 -2.939152317953648e-18 0.101
249 0.012 -2.939152317953648e-18 0.105
250 0.012 -2.939152317953648e-18 0.109
251 0.012 -2.939152317953648e-18 0.113
252 0.012 -2.939152317953648e-18 0.117
253 0.012 -2.939152317953648e-18 0.02300000000000001
254 0.012 -2.939152317953648e-18 0.02700000000000001
255 0.012 -2.939152317953648e-18 0.03100000000000002
256 0.012 -2.939152317953648e-18 0.03500000000000004
257 0.012 -2.939152317953648e-18 0.03900000000000005
258 0.012 -2.939152317953648e-18 0.04300000000000006
259 0.012 -2.939152317953648e-18 0.04700000000000007
260 0.012 -2.939152317953648e-18 0.05100000000000009
261 0.012 -2.939152317953648e-18 0.05500000000000009
262 0.012 -2.939152317953648e-18 0.05900000000000008
263 0.012 -2.939152317953648e-18 0.06300000000000008
264 0.012 -2.939152317953648e-18 0.06700000000000007
265 0.012 -2.939152317953648e-18 0.07100000000000006
266 0.012 -2.939152317953648e-18 0.07500000000000007
267 0.012 -2.939152317953648e-18 0.07900000000000006
268 0.012 -2.939152317953648e-18 0.08300000000000006
269 0.012 -2.939152317953648e-18 0.08700000000000006
270 0.012 -2.939152317953648e-18 0.09100000000000004
271 0.012 -2.939152317953648e-18 0.09500000000000004
272 0.012 -2.939152317953648e-18 0.09900000000000003
273 0.012 -2.939152317953648e-18 0.103
274 0.012 -2.939152317953648e-18 0.107
275 0.012 -2.939152317953648e-18 0.111
276 0.012 -2.939152317953648e-18 0.115
277 0.012 -2.939152317953648e-18 0.119
278 -0.00485 0 0.121
279 -0.001616666666666667 -0.0015 0.121
280 0.001616666666666666 -0.0015 0.121
281 -0.003233333333333334 -0.0015 0.121
282 0 -0.0015 0.121
283 0.003233333333333333 -0.0015 0.121
284 0.00485 0 0.121
285 -0.001616666666666667 0.0015 0.121
286 0.001616666666666666 0.0015 0.121
287 -0.003233333333333334 0.0015 0.121
288 0 0.0015 0.121
289 0.003233333333333333 0.0015 0.121
290 -0.00485 -0.0015 0.1215
291 -0.00485 0 0.122
292 -0.00485 0.0015 0.1215
293 0.00485 -0.0015 0.1215
294 -0.001616666666666667 -0.0015 0.122
295 0.001616666666666666 -0.0015 0.122
296 -0.003233333333333334 -0.0015 0.122
297 0 -0.0015 0.122
298 0.003233333333333333 -0.0015 0.122
299 0.00485 0 0.122
300 0.00485 0.0015 0.1215
301 -0.001616666666666667 0.0015 0.122
302 0.001616666666666666 0.0015 0.122
303 -0.003233333333333334 0.0015 0.122
304 0 0.0015 0.122
305 0.003233333333333333 0.0015 0.122
306 -0.009525 -0.001587499999999999 0.122
307 -0.009525 0.00158750000000001 0.122
308 -0.009525 -0.003175 0.122
309 -0.009525 5.204170427930421e-18 0.122
310 -0.009525 0.003175000000000005 0.122
311 -0.005715000000000001 0.0047625 0.122
312 -0.001904999999999994 0.0047625 0.122
313 0.001905000000000016 0.0047625 0.122
314 0.005715000000000026 0.0047625 0.122
315 -0.007620000000000001 0.0047625 0.122
316 -0.003809999999999998 0.0047625 0.122
317 1.040834085586084e-17 0.0047625 0.122
318 0.00381000000000002 0.0047625 0.122
319 0.007620000000000014 0.0047625 0.122
320 -0.005715000000000001 -0.0047625 0.122
321 -0.001904999999999994 -0.0047625 0.122
322 0.001905000000000016 -0.0047625 0.122
323 0.005715000000000026 -0.0047625 0.122
324 -0.007620000000000001 -0.0047625 0.122
325 -0.003809999999999998 -0.0047625 0.122
326 1.040834085586084e-17 -0.0047625 0.122
327 0.00381000000000002 -0.0047625 0.122
328 0.007620000000000014 -0.0047625 0.122
329 0.009525 -0.001587499999999999 0.122
330 0.009525 0.00158750000000001 0.122
331 0.009525 -0.003175 0.122
332 0.009525 5.204170427930421e-18 0.122
333 0.009525 0.003175000000000005 0.122
334 -0.009525 -0.0047625 0.126
335 -0.009525 -0.0047625 0.13
336 -0.009525 -0.0047625 0.134
337 -0.009525 -0.0047625 0.138
338 -0.009525 -0.0047625 0.124
339 -0.009525 -0.0047625 0.128
340 -0.009525 -0.0047625 0.132
341 -0.009525 -0.0047625 0.136
342 -0.009525 -0.0047625 0.14
343 -0.009525 -0.001587499999999999 0.142
344 -0.009525 0.00158750000000001 0.142
345 -0.009525 -0.003175 0.142
346 -0.009525 5.204170427930421e-18 0.142
347 -0.009525 0.003175000000000005 0.142
348 -0.009525 0.0047625 0.126
349 -0.009525 0.0047625 0.13
350 -0.009525 0.0047625 0.134
351 -0.009525 0.0047625 0.138
352 -0.009525 0.0047625 0.124
353 -0.009525 0.0047625 0.128
354 -0.009525 0.0047625 0.132
355 -0.009525 0.0047625 0.136
356 -0.009525 0.0047625 0.14
357 0.009525 0.0047625 0.126
358 0.009525 0.0047625 0.13
359 0.009525 0.0047625 0.134
360 0.009525 0.0047625 0.138
361 0.009525 0.0047625 0.124
362 0.009525 0.0047625 0.128
363 0.009525 0.0047625 0.132
364 0.009525 0.0047625 0.136
365 0.009525 0.0047625 0.14
366 -0.005715000000000001 0.0047625 0.142
367 -0.001904999999999994 0.0047625 0.142
368 0.001905000000000016 0.0047625 0.142
369 0.005715000000000026 0.0047625 0.142
370 -0.007620000000000001 0.0047625 0.142
371 -0.003809999999999998 0.0047625 0.142
372 1.040834085586084e-17 0.0047625 0.142
373 0.00381000000000002 0.0047625 0.142
374 0.007620000000000014 0.0047625 0.142
375 0.009525 -0.0047625 0.126
376 0.009525 -0.0047625 0.13
377 0.009525 -0.0047625 0.134
378 0.009525 -0.0047625 0.138
379 0.009525 -0.0047625 0.124
380 0.009525 -0.0047625 0.128
381 0.009525 -0.0047625 0.132
382 0.009525 -0.0047625 0.136
383 0.009525 -0.0047625 0.14
384 -0.005715000000000001 -0.0047625 0.142
385 -0.001904999999999994 -0.0047625 0.142
386 0.001905000000000016 -0.0047625 0.142
387 0.005715000000000026 -0.0047625 0.142
388 -0.007620000000000001 -0.0047625 0.142
389 -0.003809999999999998 -0.0047625 0.142
390 1.040834085586084e-17 -0.0047625 0.142
391 0.00381000000000002 -0.0047625 0.142
392 0.007620000000000014 -0.0047625 0.142
393 0.009525 -0.001587499999999999 0.142
394 0.009525 0.00158750000000001 0.142
395 0.009525 -0.003175 0.142
396 0.009525 5.204170427930421e-18 0.142
397 0.009525 0.003175000000000005 0.142
398 -0.009525 9.151097914067863e-05 0.00270572146633723
399 -0.009525 9.151097914068037e-05 0.01729427853366277
400 -0.009525 -0.001846734033914789 0.01
401 -0.009525 -0.00148720487273847 0.01389918264766611
402 -0.009525 -0.00148720487273847 0.006100817352333889
403 -0.009525 0.002227723499613837 0.005467756469778519
404 -0.009525 0.002227723499613841 0.01453224353022148
405 -0.009525 0.001787412805736791 0.009999999999999998
406 -0.009525 0.002686346895750906 0.01756530441277685
407 -0.009525 0.002686346895750906 0.00243469558722315
408 -0.009525 -0.002501638778719558 0.002561307763734224
409 -0.009525 -0.002501638778719558 0.01743869223626578
410 -0.009525 -0.003632069389359779 0.01871934611813289
411 -0.009525 -0.003632069389359779 0.01671934611813289
412 -0.009525 -0.002044569389359778 0.01871934611813289
413 -0.009525 -0.003632069389359779 0.003280653881867111
414 -0.009525 -0.003632069389359779 0.001280653881867112
415 -0.009525 -0.002044569389359778 0.001280653881867112
416 -0.009525 0.003724423447875452 0.01878265220638842
417 -0.009525 0.002136923447875458 0.01878265220638842
418 -0.009525 0.003724423447875452 0.01678265220638843
419 -0.009525 0.003724423447875452 0.001217347793611575
420 -0.009525 0.003724423447875452 0.003217347793611574
421 -0.009525 0.002136923447875458 0.001217347793611575
422 -0.009525 -0.003124852436369235 0.007050408676166944
423 -0.009525 -0.003124852436369235 0.005050408676166944
424 -0.009525 -0.001994421825729014 0.004331062558034057
425 -0.009525 -0.003304617016957394 0.011
426 -0.009525 -0.003304617016957394 0.009000000000000001
427 -0.009525 -0.00166696945332663 0.008050408676166946
428 -0.009525 -0.003124852436369235 0.01494959132383305
429 -0.009525 -0.003124852436369235 0.01294959132383305
430 -0.009525 -0.001666969453326629 0.01194959132383305
431 -0.009525 -0.001994421825729014 0.01566893744196594
432 -0.009525 0.0008395054895703451 0.01864713926683138
433 -0.009525 -0.0007479945104296596 0.01864713926683138
434 -0.009525 -0.001205063899789438 0.01736648538496427
435 -0.009525 0.001388928937445793 0.01742979147321981
436 -0.009525 0.003495111749806919 0.004733878234889259
437 -0.009525 0.003495111749806919 0.006733878234889259
438 -0.009525 0.002457035197682371 0.003951226028500834
439 -0.009525 0.003274956402868397 0.008999999999999998
440 -0.009525 0.003274956402868397 0.011
441 -0.009525 0.002007568152675314 0.007733878234889259
442 -0.009525 0.003495111749806921 0.01326612176511074
443 -0.009525 0.003495111749806921 0.01526612176511074
444 -0.009525 0.002007568152675315 0.01226612176511074
445 -0.009525 0.002457035197682373 0.01604877397149916
446 -0.009525 -0.0007479945104296604 0.001352860733168615
447 -0.009525 0.0008395054895703443 0.001352860733168615
448 -0.009525 -0.00120506389978944 0.002633514615035727
449 -0.009525 0.001388928937445792 0.00257020852678019
450 -0.009525 -0.0006978469467988956 0.00440326940933556
451 -0.009525 0.0003702593134376833 0.005784286911056204
452 -0.009525 0.001159617239377258 0.004086738968057875
453 -0.009525 -0.0006978469467988947 0.01559673059066444
454 -0.009525 0.00115961723937726 0.01591326103194212
455 -0.009525 0.0003702593134376859 0.01421571308894379
456 -0.009525 0.0001501039664991606 0.01194959132383305
457 -0.009525 -2.966061408899833e-05 0.01
458 -0.009525 0.0001501039664991606 0.008050408676166944
459 1.059258912699396e-05 -0.0047625 0.002994347009016965
460 2.884301729238689e-06 -0.0047625 0.01694697886018339
461 -0.006070049349923083 -0.0047625 0.009980745561728503
462 0.006105610130299232 -0.0047625 0.009578443526913106
463 -0.005765226968438844 -0.0047625 0.005883480918848727
464 -0.002276222918195682 -0.0047625 0.008245189856183823
465 -0.002265690933163202 -0.0047625 0.01170596454762492
466 0.000563226971876829 -0.0047625 0.01018733917975745
467 -0.005664926411123493 -0.0047625 0.01403140943201244
468 0.005833313932663143 -0.0047625 0.01371780910546513
469 0.006301377506092403 -0.0047625 0.005655345775995285
470 -0.003644576967098466 -0.0047625 0.01712299418219611
471 0.003677893327820659 -0.0047625 0.01677671503432578
472 0.001331820338194251 -0.0047625 0.01357398982908795
473 -0.003692117389241233 -0.0047625 0.002824403465418839
474 0.003810000000000018 -0.0047625 0.00311979321158128
475 0.001989414856326508 -0.0047625 0.007012770978413331
476 0.006699001366358781 -0.0047625 0.01712274880145674
477 -0.006701999416399606 -0.0047625 0.01712560444412062
478 -0.006799939878741519 -0.0047625 0.002729796217235367
479 0.006975275501218488 -0.0047625 0.002555027797515313
480 0.003164677245871994 -0.0047625 0.01081407052392739
481 -0.002048097934292334 -0.0047625 0.01467626737022096
482 -0.00199380047181777 -0.0047625 0.005272559548460025
483 -0.008113499708199804 -0.0047625 0.01656280222206031
484 -0.008113499708199804 -0.0047625 0.01856280222206031
485 -0.006208499708199804 -0.0047625 0.01856280222206031
486 -0.00816246993937076 -0.0047625 0.001364898108617683
487 -0.00816246993937076 -0.0047625 0.003364898108617682
488 -0.006257469939370761 -0.0047625 0.001364898108617683
489 0.008250137750609244 -0.0047625 0.001277513898757656
490 0.006345137750609258 -0.0047625 0.001277513898757656
491 0.008250137750609244 -0.0047625 0.003277513898757656
492 0.008112000683179391 -0.0047625 0.01856137440072837
493 0.008112000683179391 -0.0047625 0.01656137440072837
494 0.006207000683179404 -0.0047625 0.01856137440072837
495 -0.007645113484219422 -0.0047625 0.004941740459424363
496 -0.007645113484219422 -0.0047625 0.006941740459424363
497 -0.006282583423590182 -0.0047625 0.004306638568042047
498 -0.007797524674961542 -0.0047625 0.008990372780864252
499 -0.007797524674961542 -0.0047625 0.01099037278086425
500 -0.005917638159180963 -0.0047625 0.007932113240288615
501 -0.007594963205561746 -0.0047625 0.01301570471600622
502 -0.007594963205561746 -0.0047625 0.01501570471600622
503 -0.005867487880523287 -0.0047625 0.01200607749687047
504 -0.00618346291376155 -0.0047625 0.01557850693806653
505 -0.002798558694620614 -0.0047625 0.001412201732709419
506 -0.004703558694620617 -0.0047625 0.001412201732709419
507 -0.005246028633991377 -0.0047625 0.002777099841327102
508 0.0009577962945635041 -0.0047625 0.001497173504508482
509 -0.0009472037054364998 -0.0047625 0.001497173504508482
510 -0.00184076240005712 -0.0047625 0.002909375237217902
511 0.004762500000000022 -0.0047625 0.00155989660579064
512 0.002857500000000018 -0.0047625 0.00155989660579064
513 0.001910296294563506 -0.0047625 0.003057070110299123
514 0.005392637750609252 -0.0047625 0.002837410504548297
515 0.007913188753046202 -0.0047625 0.006827672887997642
516 0.007913188753046202 -0.0047625 0.004827672887997642
517 0.006638326503655445 -0.0047625 0.004105186786755299
518 0.007815305065149615 -0.0047625 0.01078922176345655
519 0.007815305065149615 -0.0047625 0.008789221763456551
520 0.006203493818195819 -0.0047625 0.007616894651454195
521 0.007679156966331572 -0.0047625 0.01485890455273256
522 0.007679156966331572 -0.0047625 0.01285890455273256
523 0.005969462031481187 -0.0047625 0.01164812631618912
524 0.006266157649510962 -0.0047625 0.01542027895346093
525 -0.004679788483549233 -0.0047625 0.01856149709109806
526 -0.00277478848354923 -0.0047625 0.01856149709109806
527 -0.005173288191749036 -0.0047625 0.01712429931315837
528 -0.0009510578491353783 -0.0047625 0.01847348943009169
529 0.0009539421508646274 -0.0047625 0.01847348943009169
530 -0.001820846332684613 -0.0047625 0.01703498652118975
531 0.002791446663910338 -0.0047625 0.01838835751716289
532 0.004696446663910342 -0.0047625 0.01838835751716289
533 0.001840388814774949 -0.0047625 0.01686184694725459
534 0.00518844734708972 -0.0047625 0.01694973191789126
535 -0.0009916039413453877 -0.0047625 0.004133453278738495
536 -0.002842958930529502 -0.0047625 0.004048481506939432
537 0.002899707428163263 -0.0047625 0.005066282094997305
538 0.001000003722726751 -0.0047625 0.005003558993715148
539 -2.192807745630618e-06 -0.0047625 0.006142665263436678
540 -0.0028463374506954 -0.0047625 0.01589963077620854
541 -0.001022606816281548 -0.0047625 0.01581162311520218
542 0.0006673523199617459 -0.0047625 0.01526048434463567
543 0.002504856833007456 -0.0047625 0.01517535243170686
544 -0.0003581387980490409 -0.0047625 0.01412512859965445
545 -0.004020724943317263 -0.0047625 0.007064335387516276
546 -0.004173136134059383 -0.0047625 0.009112967708956164
547 -0.002270956925679442 -0.0047625 0.009975577201904371
548 -0.004167870141543142 -0.0047625 0.01084335505467671
549 -0.003965308672143347 -0.0047625 0.01286868698981868
550 0.004498995589267569 -0.0047625 0.01226593981469626
551 0.004635143688085612 -0.0047625 0.01019625702542025
552 0.004047512493312871 -0.0047625 0.008295607252663218
553 0.004145396181209455 -0.0047625 0.006334058377204308
554 0.002577046051099251 -0.0047625 0.008913420751170362
555 -0.003879513720128307 -0.0047625 0.005578020233654377
556 -0.002135011695006727 -0.0047625 0.006758874702321924
557 -0.004728672178840038 -0.0047625 0.004353942192133782
558 -0.0008564979731594275 -0.0047625 0.009216264517970637
559 -0.0008512319806431873 -0.0047625 0.01094665186369118
560 -0.0001434040309345862 -0.0047625 0.007628980417298577
561 0.001276320914101669 -0.0047625 0.00860005507908539
562 0.0009475236550355402 -0.0047625 0.0118806645044227
563 -0.0004669352974844745 -0.0047625 0.01263997718835643
564 -0.002156894433727768 -0.0047625 0.01319111595892294
565 -0.003856512172707913 -0.0047625 0.0143538384011167
566 0.001863952108874412 -0.0047625 0.01050070485184242
567 0.002248248792033123 -0.0047625 0.01219403017650767
568 -0.004654751689110979 -0.0047625 0.01557720180710427
569 0.004755603630241901 -0.0047625 0.01524726206989545
570 0.003582567135428696 -0.0047625 0.01364589946727654
571 0.00505568875304621 -0.0047625 0.004387569493788283
572 -0.007181274796217715 0 0.02
573 0.007181274796217709 0 0.02
574 -0.007304846224789143 -0.002527946067090804 0.02
575 0.007304846224789144 -0.002527946067090805 0.02
576 -0.007304846224789142 0.002527946067090804 0.02
577 0.007304846224789144 0.002527946067090804 0.02
578 5.204170427930421e-18 -0.00313125 0.02
579 5.204170427930421e-18 0.003131249999999999 0.02
580 -0.008414923112394572 -0.003645223033545402 0.02
581 -0.008414923112394572 -0.002057723033545402 0.02
582 -0.006509923112394573 -0.003645223033545402 0.02
583 -0.008414923112394572 0.002057723033545407 0.02
584 -0.008414923112394572 0.003645223033545401 0.02
585 -0.006509923112394572 0.003645223033545401 0.02
586 0.008414923112394572 -0.003645223033545403 0.02
587 0.006509923112394586 -0.003645223033545403 0.02
588 0.008414923112394572 -0.002057723033545402 0.02
589 0.006509923112394586 0.003645223033545401 0.02
590 0.008414923112394572 0.003645223033545401 0.02
591 0.008414923112394572 0.002057723033545407 0.02
592 -0.006015637398108857 0.0007499999999999998 0.02
593 -0.006015637398108857 -0.0007499999999999998 0.02
594 -0.005282500000000001 0.003131250000000001 0.02
595 -0.003377499999999997 0.003131250000000001 0.02
596 -0.006077423112394571 0.002013973033545402 0.02
597 -0.001760833333333331 0.003131250000000001 0.02
598 -0.007243060510503429 0.001263973033545402 0.02
599 -0.003377499999999997 -0.00313125 0.02
600 -0.005282500000000001 -0.00313125 0.02
601 -0.006077423112394571 -0.002013973033545402 0.02
602 -0.001760833333333331 -0.00313125 0.02
603 -0.007243060510503429 -0.001263973033545402 0.02
604 0.006015637398108854 -0.0007499999999999998 0.02
605 0.006015637398108854 0.0007499999999999998 0.02
606 0.003377500000000007 -0.00313125 0.02
607 0.005282500000000013 -0.00313125 0.02
608 0.001760833333333342 -0.00313125 0.02
609 0.006077423112394573 -0.002013973033545402 0.02
610 0.007243060510503425 -0.001263973033545402 0.02
611 0.003377500000000007 0.003131250000000001 0.02
612 0.005282500000000013 0.003131250000000001 0.02
613 0.001760833333333342 0.003131250000000001 0.02
614 0.006077423112394573 0.002013973033545402 0.02
615 0.007243060510503425 0.001263973033545402 0.02
616 -0.008353137398108858 -0.0007937499999999993 0.02
617 -0.008353137398108858 0.0007937500000000054 0.02
618 0.0009525000000000106 -0.003946875000000001 0.02
619 -0.000952499999999995 -0.003946875000000001 0.02
620 -0.000808333333333331 -0.002315625 0.02
621 0.0008083333333333362 -0.002315625 0.02
622 -0.000952499999999995 0.003946875 0.02
623 0.0009525000000000106 0.003946875 0.02
624 -0.000808333333333331 0.002315625 0.02
625 0.0008083333333333362 0.002315625 0.02
626 0.008353137398108853 0.0007937500000000054 0.02
627 0.008353137398108853 -0.0007937499999999993 0.02
628 1.05942567709804e-05 0.0047625 0.002994382353905535
629 3.265364723984213e-06 0.0047625 0.01694664191631698
630 -0.006070075225673979 0.0047625 0.009980590987790292
631 0.006105954918156907 0.0047625 0.009577611182723437
632 -0.005765230664974685 0.0047625 0.005883458836857553
633 -0.002276462405505495 0.0047625 0.008245098031122097
634 -0.002265897588354157 0.0047625 0.01170577303907716
635 0.0005630191658905128 0.0047625 0.01018714129617176
636 -0.005664977218559853 0.0047625 0.01403130542209591
637 0.006301436638379334 0.0047625 0.005655242396852244
638 0.005833819873083694 0.0047625 0.01371754107052631
639 -0.00364453114230834 0.0047625 0.01712286355084425
640 0.003680341247064758 0.0047625 0.01677530172749125
641 0.001332159692900372 0.0047625 0.01357348789413641
642 -0.003692117727389876 0.0047625 0.002824405675901738
643 0.003810000000000018 0.0047625 0.00311979321158128
644 0.001989343759084725 0.0047625 0.007012531291478422
645 0.006700353135495619 0.0047625 0.01712403636155957
646 -0.006702036817104675 0.0047625 0.01712564006829221
647 -0.006799940088793814 0.0047625 0.002729795182692037
648 0.006975287327675874 0.0047625 0.002555007121686705
649 0.00316485948182324 0.0047625 0.01081366254700727
650 -0.002047996178319599 0.0047625 0.01467601436449414
651 -0.001993800471817767 0.0047625 0.005272559548460027
652 -0.008113518408552338 0.0047625 0.0185628200341461
653 -0.008113518408552338 0.0047625 0.0165628200341461
654 -0.006208518408552338 0.0047625 0.0185628200341461
655 -0.008162470044396908 0.0047625 0.003364897591346018
656 -0.008162470044396908 0.0047625 0.001364897591346018
657 -0.006257470044396908 0.0047625 0.001364897591346018
658 0.008112676567747812 0.0047625 0.01856201818077979
659 0.006207676567747821 0.0047625 0.01856201818077979
660 0.008112676567747812 0.0047625 0.01656201818077978
661 0.006345143663837949 0.0047625 0.001277503560843352
662 0.008250143663837936 0.0047625 0.001277503560843352
663 0.008250143663837936 0.0047625 0.003277503560843352
664 -0.007645115332487342 0.0047625 0.006941729418428776
665 -0.007645115332487342 0.0047625 0.004941729418428776
666 -0.00628258537688425 0.0047625 0.004306627009774795
667 -0.00779753761283699 0.0047625 0.01099029549389515
668 -0.00779753761283699 0.0047625 0.008990295493895146
669 -0.005917652945324332 0.0047625 0.007932024912323922
670 -0.007594988609279927 0.0047625 0.01501565271104795
671 -0.007594988609279927 0.0047625 0.01301565271104795
672 -0.005867526222116916 0.0047625 0.0120059482049431
673 -0.006183507017832265 0.0047625 0.01557847274519406
674 -0.002774765571154168 0.0047625 0.01856143177542213
675 -0.004679765571154171 0.0047625 0.01856143177542213
676 -0.005173283979706508 0.0047625 0.01712425180956823
677 0.0009541326823620001 0.0047625 0.01847332095815849
678 -0.0009508673176380055 0.0047625 0.01847332095815849
679 -0.001820632888792178 0.0047625 0.01703475273358061
680 0.004697670623532392 0.0047625 0.01838765086374562
681 0.002792670623532388 0.0047625 0.01838765086374562
682 0.00184180330589437 0.0047625 0.01686097182190411
683 0.005190347191280189 0.0047625 0.01694966904452541
684 -0.004703558863694939 0.0047625 0.001412202837950869
685 -0.002798558863694935 0.0047625 0.001412202837950869
686 -0.005246028908091845 0.0047625 0.002777100429296887
687 -0.0009472028716145074 0.0047625 0.001497191176952767
688 0.0009577971283854982 0.0047625 0.001497191176952767
689 -0.001840761735309448 0.0047625 0.002909394014903636
690 0.002857500000000018 0.0047625 0.00155989660579064
691 0.004762500000000022 0.0047625 0.00155989660579064
692 0.0019102971283855 0.0047625 0.003057087782743407
693 0.005392643663837947 0.0047625 0.002837400166633993
694 0.007913218319189666 0.0047625 0.004827621198426122
695 0.007913218319189666 0.0047625 0.006827621198426122
696 0.006638361983027604 0.0047625 0.004105124759269474
697 0.007815477459078455 0.0047625 0.008788805591361717
698 0.007815477459078455 0.0047625 0.01078880559136172
699 0.00620369577826812 0.0047625 0.00761642678978784
700 0.007679409936541847 0.0047625 0.01285877053526316
701 0.007679409936541847 0.0047625 0.01485877053526315
702 0.005969887395620301 0.0047625 0.01164757612662487
703 0.006267086504289655 0.0047625 0.01542078871604294
704 -0.002842959099603821 0.0047625 0.004048482612180882
705 -0.0009916031075233936 0.0047625 0.00413347095118278
706 0.0009999690079278527 0.0047625 0.005003456822691979
707 0.002899671879542371 0.0047625 0.005066162251529852
708 -2.228356366521314e-06 0.0047625 0.006142545419969224
709 -0.001022365406797806 0.0047625 0.01581132814040556
710 -0.002846263660313969 0.0047625 0.0158994389576692
711 0.002506250469982565 0.0047625 0.01517439481081383
712 0.0006677125288121772 0.0047625 0.01526006490522669
713 -0.0003579182427096133 0.0047625 0.01412475112931528
714 -0.004173268815589736 0.0047625 0.009112844509456194
715 -0.00402084653524009 0.0047625 0.007064278433989825
716 -0.004167986407014068 0.0047625 0.01084318201343373
717 -0.002271179996929826 0.0047625 0.009975435535099629
718 -0.003965437403457005 0.0047625 0.01286853923058653
719 0.00414539019873203 0.0047625 0.006333886844165333
720 0.004047649338620816 0.0047625 0.00829507123710093
721 0.004635407199990072 0.0047625 0.01019563686486535
722 0.004499339677453468 0.0047625 0.01226560180876679
723 0.002577101620453983 0.0047625 0.008913096919242844
724 -0.002135131438661631 0.0047625 0.006758828789791062
725 -0.003879515568396226 0.0047625 0.00557800919265879
726 -0.004728674196182281 0.0047625 0.004353932256379645
727 -0.0008514392112318227 0.0047625 0.01094645716762446
728 -0.0008567216198074913 0.0047625 0.009216119663646931
729 0.001276181462487619 0.0047625 0.008599836293825092
730 -0.0001435593232103852 0.0047625 0.00762881466130026
731 -0.0004668689477268922 0.0047625 0.01263963046660679
732 0.0009475894293954432 0.0047625 0.01188031459515409
733 -0.003856486698439725 0.0047625 0.01435365989329503
734 -0.002156946883336877 0.0047625 0.01319089370178565
735 0.002248509587361806 0.0047625 0.01219357522057184
736 0.001863939323856876 0.0047625 0.01050040192158952
737 -0.004654754180434097 0.0047625 0.01557708448647008
738 0.005055718319189677 0.0047625 0.004387517804216762
739 0.003582989782992032 0.0047625 0.01364551448233136
740 0.004757080560074225 0.0047625 0.01524642139900878
741 0.006786590616901489 -4.164343770184879e-05 0
742 -0.006786590616901487 -4.164343770184965e-05 0
743 1.214306433183765e-17 0.001643407672475243 0
744 -0.003574929014476603 0.001598661508351879 0
745 0.003574929014476622 0.001598661508351888 0
746 0.004183761806388964 -0.002080914828607141 0
747 -0.00418376180638895 -0.002080914828607144 0
748 1.214306433183765e-17 -0.00194124559394615 0
749 0.007121051206955621 -0.002576261448346732 0
750 0.007025303926275627 0.00253390361413001 0
751 -0.007025303926275619 0.002533903614130008 0
752 -0.007121051206955621 -0.002576261448346743 0
753 -0.008323025603477811 -0.002081880724173371 0
754 -0.008323025603477811 -0.003669380724173371 0
755 -0.006418025603477811 -0.003669380724173371 0
756 -0.008275151963137811 0.003648201807065004 0
757 -0.008275151963137811 0.002060701807065009 0
758 -0.00637015196313781 0.003648201807065004 0
759 0.006418025603477822 -0.003669380724173366 0
760 0.008323025603477812 -0.003669380724173366 0
761 0.008323025603477812 -0.002081880724173366 0
762 0.008275151963137812 0.003648201807065004 0
763 0.006370151963137826 0.003648201807065004 0
764 0.008275151963137812 0.002060701807065009 0
765 -0.008155795308450745 0.0007729282811490797 0
766 -0.008155795308450745 -0.0008145717188509241 0
767 -0.006953820911928554 -0.001308952443024296 0
768 -0.006905947271588553 0.001246130088214079 0
769 -0.004949380903194476 -0.003421707414303572 0
770 -0.003044380903194472 -0.003421707414303572 0
771 -0.005652406506672285 -0.002328588138476944 0
772 -0.0009524999999999915 -0.003351872796973075 0
773 0.0009525000000000141 -0.003351872796973075 0
774 -0.002091880903194469 -0.002011080211276647 0
775 0.003044380903194489 -0.003421707414303571 0
776 0.004949380903194495 -0.003421707414303571 0
777 0.002091880903194487 -0.002011080211276646 0
778 0.005652406506672291 -0.002328588138476936 0
779 -0.002739964507238299 0.00318058075417594 0
780 -0.004644964507238302 0.00318058075417594 0
781 -0.005300116470376111 0.002066282561240943 0
782 0.0009525000000000141 0.003202953836237621 0
783 -0.0009524999999999915 0.003202953836237621 0
784 -0.001787464507238296 0.001621034590413561 0
785 0.004644964507238324 0.003180580754175944 0
786 0.00273996450723832 0.003180580754175944 0
787 0.001787464507238318 0.001621034590413566 0
788 0.005300116470376126 0.002066282561240949 0
789 0.008155795308450743 -0.0008145717188509241 0
790 0.008155795308450743 0.0007729282811490806 0
791 0.006953820911928555 -0.00130895244302429 0
792 0.006905947271588558 0.001246130088214081 0
793 0.005180759815689056 0.00077850903532502 0
794 0.005485176211645225 -0.001061279133154495 0
795 0.003879345410432793 -0.0002411266601276265 0
796 -0.005180759815689045 0.0007785090353250148 0
797 -0.003879345410432776 -0.0002411266601276326 0
798 -0.005485176211645218 -0.001061279133154497 0
799 1.214306433183765e-17 -0.0001489189607354535 0
800 -0.001787464507238296 -0.0001712920427971356 0
801 0.001787464507238318 -0.0001712920427971313 0
802 0.009525 9.151097914067863e-05 0.00270572146633723
803 0.009525 9.15109791406795e-05 0.01729427853366277
804 0.009525 -0.002066068293535805 0.01
805 0.009525 -0.001518538338398615 0.01389918264766611
806 0.009525 -0.001518538338398615 0.006100817352333889
807 0.009525 0.002222501255337146 0.005467756469778519
808 0.009525 0.002222501255337149 0.01453224353022148
809 0.009525 0.001656248688757173 0.009999999999999998
810 0.009525 0.002685302446895569 0.01756530441277685
811 0.009525 0.002685302446895567 0.00243469558722315
812 0.009525 -0.002507905471851587 0.002561307763734224
813 0.009525 -0.002507905471851587 0.01743869223626578
814 0.009525 -0.003635202735925794 0.001280653881867112
815 0.009525 -0.003635202735925794 0.003280653881867111
816 0.009525 -0.002047702735925793 0.001280653881867112
817 0.009525 -0.003635202735925794 0.01671934611813289
818 0.009525 -0.003635202735925794 0.01871934611813289
819 0.009525 -0.002047702735925793 0.01871934611813289
820 0.009525 0.002136401223447789 0.01878265220638842
821 0.009525 0.003723901223447785 0.01878265220638842
822 0.009525 0.003723901223447785 0.01678265220638842
823 0.009525 0.003723901223447784 0.003217347793611574
824 0.009525 0.003723901223447784 0.001217347793611575
825 0.009525 0.002136401223447788 0.001217347793611575
826 0.009525 -0.003140519169199308 0.005050408676166944
827 0.009525 -0.003140519169199308 0.007050408676166944
828 0.009525 -0.002013221905125102 0.004331062558034057
829 0.009525 -0.003414284146767903 0.009000000000000001
830 0.009525 -0.003414284146767903 0.011
831 0.009525 -0.00179230331596721 0.008050408676166946
832 0.009525 -0.003140519169199308 0.01294959132383305
833 0.009525 -0.003140519169199308 0.01494959132383305
834 0.009525 -0.00179230331596721 0.01194959132383305
835 0.009525 -0.002013221905125102 0.01566893744196594
836 0.009525 -0.0007479945104296596 0.01864713926683138
837 0.009525 0.0008395054895703443 0.01864713926683138
838 0.009525 -0.001208197246355454 0.01736648538496427
839 0.009525 0.001388406713018125 0.01742979147321981
840 0.009525 0.003492500627668573 0.006733878234889259
841 0.009525 0.003492500627668573 0.004733878234889259
842 0.009525 0.002453901851116357 0.003951226028500834
843 0.009525 0.003209374344378586 0.011
844 0.009525 0.003209374344378586 0.008999999999999998
845 0.009525 0.00193937497204716 0.007733878234889259
846 0.009525 0.003492500627668575 0.01526612176511074
847 0.009525 0.003492500627668575 0.01326612176511074
848 0.009525 0.001939374972047161 0.01226612176511074
849 0.009525 0.002453901851116358 0.01604877397149916
850 0.009525 0.0008395054895703443 0.001352860733168615
851 0.009525 -0.0007479945104296604 0.001352860733168615
852 0.009525 -0.001208197246355455 0.002633514615035727
853 0.009525 0.001388406713018123 0.00257020852678019
854 0.009525 0.001157006117238913 0.004086738968057875
855 0.009525 0.0003519814584692655 0.005784286911056204
856 0.009525 -0.0007135136796289684 0.00440326940933556
857 0.009525 0.0003519814584692664 0.01421571308894379
858 0.009525 0.001157006117238914 0.01591326103194212
859 0.009525 -0.0007135136796289675 0.01559673059066444
860 0.009525 -0.0002049098023893161 0.01
861 0.009525 6.885517517927868e-05 0.01194959132383305
862 0.009525 6.885517517927868e-05 0.008050408676166944
863 -0.00485 0 0.0205
864 -0.003233333333333334 -0.0015 0.0205
865 0.003233333333333333 -0.0015 0.0205
866 -0.001616666666666667 -0.0015 0.0205
867 0.001616666666666666 -0.0015 0.0205
868 0 -0.0015 0.0205
869 0.00485 0 0.0205
870 -0.003233333333333334 0.0015 0.0205
871 0.003233333333333333 0.0015 0.0205
872 -0.001616666666666667 0.0015 0.0205
873 0.001616666666666666 0.0015 0.0205
874 0 0.0015 0.0205
875 -0.0001188100906525196 0.004380414614366481 0.021
876 -0.0001188100906525152 -0.004380414614366482 0.021
877 -0.004599883298951217 0.007700987179051098 0.021
878 -0.004599883298951195 -0.007700987179051114 0.021
879 0.005699528506846996 -0.00619133840004669 0.021
880 0.005699528506846942 0.006191338400046709 0.021
881 -0.008070307399950585 -7.155734338404329e-18 0.021
882 0.007448076211353316 0 0.021
883 0.0006815377019625296 0.008138578819287494 0.021
884 0.0006815377019625577 -0.008138578819287494 0.021
885 0.007476741026311911 0.003273294141942297 0.021
886 0.007476741026311918 -0.003273294141942292 0.021
887 -0.007524586559019091 -0.003132519809461881 0.021
888 -0.007524586559019089 0.003132519809461882 0.021
889 0.003332717932874925 -0.004507637554712398 0.021
890 0.003332717932874916 0.004507637554712401 0.021
891 -0.0039616092428953 -0.004419646405770157 0.021
892 -0.003961609242895306 0.00441964640577015 0.021
893 0.003829348620094242 0.008257515162966959 0.021
894 0.003829348620094285 -0.008257515162966939 0.021
895 -0.001968794146318662 -0.006783650158777889 0.021
896 -0.001968794146318676 0.006783650158777878 0.021
897 -0.007230779475461193 -0.006013837330989175 0.021
898 -0.007230779475461207 0.006013837330989162 0.021
899 0.009724038105676659 -0.001511266631655118 0.021
900 0.009724038105676656 0.00151126663165512 0.021
901 -0.002356040832130649 0.009214570136263955 0.021
902 -0.002356040832130615 -0.009214570136263967 0.021
903 -0.006460153699975293 -0.0007500000000000036 0.021
904 -0.006460153699975293 0.0007499999999999964 0.021
905 -0.002789137954780983 -0.002959823202885079 0.021
906 -0.00440580462144765 -0.002959823202885079 0.021
907 -0.006187293279509546 -0.002316259904730941 0.021
908 -0.007797446979484838 -0.001566259904730944 0.021
909 -0.005743097900957195 -0.003776083107616019 0.021
910 -0.004405804621447653 0.002959823202885075 0.021
911 -0.002789137954780987 0.002959823202885075 0.021
912 -0.007797446979484837 0.001566259904730937 0.021
913 -0.006187293279509545 0.002316259904730941 0.021
914 -0.005743097900957198 0.003776083107616016 0.021
915 0.006149038105676658 0.00075 0.021
916 0.006149038105676658 -0.00075 0.021
917 0.004091358966437463 -0.003003818777356199 0.021
918 0.002474692299770796 -0.003003818777356199 0.021
919 0.007462408618832617 -0.001636647070971146 0.021
920 0.006163370513155959 -0.002386647070971146 0.021
921 0.005404729479593421 -0.003890465848327345 0.021
922 0.002474692299770791 0.0030038187773562 0.021
923 0.004091358966437458 0.0030038187773562 0.021
924 0.006163370513155956 0.002386647070971149 0.021
925 0.007462408618832614 0.001636647070971149 0.021
926 0.005404729479593414 0.003890465848327349 0.021
927 0.01086201905283833 0.0007556333158275598 0.021
928 0.01053692250304214 0.002703830131055664 0.021
929 0.01053692250304214 -0.002703830131055656 0.021
930 0.01086201905283833 -0.000755633315827559 0.021
931 0.009724038105676657 6.505213034913027e-19 0.021
932 0.0007489282880070756 -0.002940207307183241 0.021
933 -0.000867738378659591 -0.002940207307183241 0.021
934 -0.002040209666773907 -0.00440003051006832 0.021
935 0.001606953921111205 -0.00444402608453944 0.021
936 -0.0008677383786595932 0.002940207307183241 0.021
937 0.0007489282880070734 0.002940207307183241 0.021
938 -0.002040209666773913 0.004400030510068316 0.021
939 0.001606953921111198 0.004444026084539442 0.021
940 0.009413273963359763 0.003584843886199253 0.021
941 0.008473213569534312 0.00532192334710916 0.021
942 0.008600389565994283 0.002392280386798709 0.021
943 0.007584607309801828 0.006780945476161366 0.021
944 0.006131453202158026 0.008118668069598531 0.021
945 0.006588134766579427 0.004732316270994503 0.021
946 0.005196363258781676 0.009151756451058656 0.021
947 0.003387587232891909 0.009945159177119463 0.021
948 0.004764438563470592 0.007224426781506834 0.021
949 0.001813681773826052 0.009885691005279732 0.021
950 -0.0001547072218527368 0.01004879636768377 0.021
951 0.002255443161028386 0.008198046991127226 0.021
952 -0.001673496488899326 0.010586792026172 0.021
953 -0.00358819296398315 0.01010192502806232 0.021
954 -0.0008372515650840596 0.008676574477775725 0.021
955 -0.004710114197393434 0.009345133549455889 0.021
956 -0.006363631079230064 0.008264837053564331 0.021
957 -0.003477962065540933 0.008457778657657527 0.021
958 -0.007679079167485059 0.007421262129533363 0.021
959 -0.008892232244969545 0.005862603023717012 0.021
960 -0.005915331387206212 0.00685741225502013 0.021
961 -0.009039135786748486 0.004421944262953371 0.021
962 -0.009680461099925881 0.002553827446415332 0.021
963 -0.007377683017240148 0.004573178570225522 0.021
964 -0.00995332152039163 0.0009875675416843874 0.021
965 -0.009953321520391625 -0.0009875675416844167 0.021
966 -0.009680461099925878 -0.002553827446415354 0.021
967 -0.009039135786748472 -0.004421944262953396 0.021
968 -0.008892232244969524 -0.005862603023717043 0.021
969 -0.007679079167485033 -0.007421262129533387 0.021
970 -0.007377683017240142 -0.004573178570225529 0.021
971 -0.006363631079230034 -0.008264837053564355 0.021
972 -0.004710114197393402 -0.009345133549455906 0.021
973 -0.005915331387206194 -0.006857412255020144 0.021
974 -0.003588192963983113 -0.01010192502806233 0.021
975 -0.001673496488899283 -0.010586792026172 0.021
976 -0.003477962065540905 -0.00845777865765754 0.021
977 -0.0001547072218526964 -0.01004879636768377 0.021
978 0.001813681773826098 -0.009885691005279723 0.021
979 -0.0008372515650840288 -0.008676574477775732 0.021
980 0.003387587232891961 -0.009945159177119446 0.021
981 0.005196363258781729 -0.009151756451058625 0.021
982 0.002255443161028421 -0.008198046991127216 0.021
983 0.006131453202158084 -0.0081186680695985 0.021
984 0.007584607309801878 -0.006780945476161327 0.021
985 0.00476443856347064 -0.007224426781506814 0.021
986 0.00847321356953434 -0.005321923347109129 0.021
987 0.009413273963359768 -0.003584843886199243 0.021
988 0.006588134766579457 -0.004732316270994491 0.021
989 0.00860038956599429 -0.002392280386798705 0.021
990 0.000281363805655005 0.006259496716826988 0.021
991 0.002007127817418723 0.006323108186999948 0.021
992 -0.001043802118485598 0.005582032386572179 0.021
993 -0.0006436282221780731 0.007461114489032686 0.021
994 -0.002965201694606991 0.005601648282274014 0.021
995 0.0002813638056550212 -0.006259496716826988 0.021
996 0.002007127817418741 -0.006323108186999946 0.021
997 -0.0006436282221780521 -0.007461114489032692 0.021
998 -0.001043802118485588 -0.005582032386572186 0.021
999 -0.002965201694606981 -0.005601648282274023 0.021
1000 -0.004280746270923261 0.006060316792410625 0.021
1001 -0.003284338722634946 0.007242318668914488 0.021
1002 -0.005596194359178256 0.005216741868379657 0.021
1003 -0.002162417489224662 0.007999110147520916 0.021
1004 -0.004280746270923248 -0.006060316792410635 0.021
1005 -0.003284338722634929 -0.007242318668914501 0.021
1006 -0.005596194359178247 -0.005216741868379666 0.021
1007 -0.002162417489224639 -0.007999110147520928 0.021
1008 0.00451612321986096 -0.005349487977379544 0.021
1009 0.003581033276484605 -0.006382576358839668 0.021
1010 0.004516123219860928 0.005349487977379555 0.021
1011 0.003581033276484579 0.00638257635883968 0.021
1012 0.008586057158514987 0.0007556333158275598 0.021
1013 0.008586057158514987 -0.000755633315827559 0.021
1014 0.01150172323990911 -0.003422040694166953 0.07101115558336901
1015 0.01150161361800229 -0.003422409119638433 0.05501799886606458
1016 0.01149999999999626 -0.003427827300213072 0.08700000000000005
1017 0.01150000000000009 0.003427827300200236 0.05500000000000008
1018 0.01150000000000009 0.003427827300200236 0.08700000000000005
1019 0.01149999999999877 -0.003427827300204656 0.09900000000000003
1020 0.01149981434848885 -0.003428450079888877 0.04300202157821311
1021 0.01150000000000014 0.003427827300200036 0.09900000000000003
1022 0.01150000000000101 0.003427827300197147 0.06700000000000007
1023 0.0114999999999948 0.003427827300217975 0.04300000000000007
1024 -0.012 -1.984670591382618e-17 0.02441711717244324
1025 -0.012 -1.984670591382618e-17 0.1175828828275568
1026 -0.002727799034205448 -0.01168585095014428 0.0252082442725147
1027 -0.002637181008210941 -0.01170663385990745 0.1168636034679545
1028 -0.002993553982553789 0.01162061248616166 0.1181181875299423
1029 -0.002997586170451595 0.01161957301929453 0.02413431932824303
1030 0.01149999999999999 -0.00342782730020054 0.03500000000000004
1031 0.01149969112207534 -0.003428863382647606 0.1070162636905998
1032 0.0115015148208615 -0.003422741127444982 0.06301171078132038
1033 0.01150195769747543 -0.003421252566748878 0.0790115233527364
1034 0.0114999999999993 0.003427827300202864 0.107
1035 0.01149999999999098 0.0034278273002308 0.03500000000000004
1036 0.01150000000000014 0.003427827300200054 0.07900000000000006
1037 0.008127378859508934 -0.008828686928077542 0.02441711717244276
1038 0.008127378859508934 -0.008828686928077542 0.1175828828275572
1039 0.008127378859508884 0.008828686928077589 0.1175828828275572
1040 0.008127378859508882 0.008828686928077589 0.02441711717244278
1041 -0.009502168839175833 -0.007328627931052019 0.02412589609454462
1042 -0.009482834955812435 -0.007353627757836385 0.1178964197187175
1043 -0.009469686112756738 0.007370552552275996 0.02441711717244334
1044 -0.009469686112756738 0.007370552552275996 0.1175828828275567
1045 0.01149999999999953 -0.003427827300202082 0.115
1046 0.01149999999999953 -0.003427827300202092 0.02700000000000001
1047 0.0115 0.003427827300200515 0.115
1048 0.0115 0.003427827300200532 0.02700000000000001
1049 0.0115006083995381 -0.003425785521668523 0.1110067310585614
1050 0.0100462982059381 -0.006562917975821796 0.1090116135621394
1051 0.01004256757483122 -0.006568625160941111 0.1050276050369455
1052 0.007760213340870439 -0.009153091767494547 0.1070155340805159
1053 0.007754381999960324 -0.009158032528807229 0.1030378500675949
1054 0.004833581922879487 -0.01098346419827609 0.1050324581133354
1055 0.004826696640982834 -0.01098649168460637 0.1010527879251708
1056 0.001509204060203192 -0.0119047176826948 0.1030457462937075
1057 0.001501461079172908 -0.01190569673004184 0.0990667072125913
1058 -0.001939704792278512 -0.01184219343360054 0.1010629150929553
1059 -0.001947252060020977 -0.0118409547509795 0.09707962176213404
1060 -0.005228281236255653 -0.01080116083180956 0.09908037429753272
1061 -0.005235331795373244 -0.01079774518093264 0.09509915965190162
1062 -0.008085173543479892 -0.00886735410208777 0.09709584234024232
1063 -0.00809144043412059 -0.008861635949477862 0.09311863761795726
1064 -0.005241313051915168 -0.0107948430971378 0.09111875715664346
1065 -0.008097877124672406 -0.008855754404550036 0.08913542889925147
1066 -0.005247243416442776 -0.01079196166267273 0.08713595311060214
1067 -0.008104237211900385 -0.008849934418584641 0.08514891406654915
1068 -0.005253212047683501 -0.01078905756690884 0.08315104110830041
1069 -0.008110522695644079 -0.008844174444426247 0.08116394399916022
1070 -0.005259596526643587 -0.0107859466147816 0.07916528599651633
1071 -0.008116618997387292 -0.008838579979343498 0.0771755741251027
1072 -0.005266554235937333 -0.01078255101912022 0.07517738894409763
1073 -0.008121437120137485 -0.00883415299299559 0.07318878546191075
1074 -0.00527379749040034 -0.01077901016004007 0.07119006834288567
1075 -0.008126327082410378 -0.008829655041375267 0.06920342288722997
1076 -0.005281059919342037 -0.01077545387110534 0.06720530922302641
1077 -0.00813098067140787 -0.008825369868803891 0.06522067755928089
1078 -0.005288240257122666 -0.01077193181295478 0.06322322512647577
1079 -0.008135802611099797 -0.008820924887630647 0.06123871099517519
1080 -0.005295398883257013 -0.01076841449179963 0.05924206910728401
1081 -0.008140579263090792 -0.008816516844045394 0.05725827758017538
1082 -0.005302416754272885 -0.01076496059277535 0.05526325723330366
1083 -0.008145357730361695 -0.00881210232830038 0.05327991042556116
1084 -0.0103057917867391 -0.006147410483153124 0.0632347647805946
1085 -0.01029827848589924 -0.006159988654767549 0.07518778684615975
1086 -0.01028595102271915 -0.006180551072373953 0.08715073934285987
1087 -0.005309561647057611 -0.01076143833862811 0.05128809403819957
1088 -0.008150003615273257 -0.008807805689899887 0.0493032181324619
1089 -0.01031361082096688 -0.006134283318663636 0.05130348076853988
1090 -0.005316668188192543 -0.01075792913978622 0.04730968817091202
1091 -0.01031690508094085 -0.006128741269694535 0.04732262194719125
1092 -0.01163123833174735 -0.002951998453605816 0.04931596269942277
1093 -0.0116330955732146 -0.002944671014638965 0.04534542688262187
1094 -0.0119906296797273 0.0004741306609393545 0.04733532261325686
1095 -0.01199033103966349 0.0004816238774004438 0.04336145850428039
1096 -0.01199088080375625 0.0004677366247257313 0.05131050847055203
1097 -0.0116350755500774 -0.002936837915852866 0.0413732521936372
1098 -0.008078935419208618 -0.008873037951697067 0.1010764742607639
1099 -0.01026872470247858 -0.006209129808975343 0.09909458727979312
1100 -0.001957824852392466 -0.01183921120038639 0.08913405554073417
1101 -0.001965966042836713 -0.01183786203325638 0.08115124534535138
1102 -0.001982787499480589 -0.01183505613556199 0.07317558215453551
1103 -0.002001573436745375 -0.01183189349923821 0.06520719828738539
1104 -0.002020580721297867 -0.01182866237360418 0.05725812518652984
1105 -0.002039351553937269 -0.0118254405938829 0.04929347163480825
1106 -0.002046888741886247 -0.01182413829749717 0.04531447450152576
1107 -0.0119901052450879 0.0004872126965870735 0.03939054836041136
1108 -0.01027075824544879 -0.006205765469589205 0.1030192164300932
1109 -0.01160779480031575 -0.00304287690742866 0.1010933187553033
1110 0.00481961644025658 -0.01098959950902709 0.09706907670880573
1111 -0.01163706622195715 -0.002928940037929076 0.03740057523663461
1112 -0.00807454106722281 -0.008877037036857079 0.1050504477271415
1113 0.001400247571664972 -0.0119180244477869 0.04730043014301397
1114 0.001392751073811137 -0.01191890282057866 0.04331707976417985
1115 -0.002055975496683567 -0.01182256168336781 0.04133275572328191
1116 0.001383310863695661 -0.01192000214154266 0.03933858196114672
1117 -0.002064173311694383 -0.01182113313262687 0.03735806351549195
1118 -0.01160553142663283 -0.003051498042836955 0.1050636393152294
1119 -0.01199399103908694 0.0003797090390050529 0.1031137494949329
1120 -0.01199389546406181 0.00038271607904242 0.09913638718624965
1121 -0.01139403102636732 0.003765110485786412 0.1011056257785771
1122 -0.01139097075026775 0.003774358934513866 0.09712997617899094
1123 -0.009852439668465619 0.006850506008992701 0.09912615316554232
1124 -0.009846694695854681 0.006858761081028213 0.09514781190337593
1125 -0.007494836453614246 0.009371628808994467 0.09714560568629507
1126 -0.007487064027981426 0.009377839422857834 0.09316080373259968
1127 -0.00750068342772805 0.009366949776581798 0.1011235452787844
1128 -0.004515028828889857 0.01111820645042596 0.09516385450950966
1129 -0.004505644204515635 0.01112201287098314 0.09117874642369383
1130 -0.007480391087910847 0.009383163068598136 0.08917838272699939
1131 -0.004496621275547075 0.0111256638949906 0.08719309696406334
1132 -0.007474002843153018 0.009388252313425572 0.08519407267135212
1133 -0.004487600056330694 0.01112930571663933 0.08320901375316399
1134 -0.007467606055885494 0.009393341247612709 0.08120744722560268
1135 -0.00447888393199672 0.01113281629794104 0.07921958975263599
1136 -0.007460973533365835 0.009398610212920553 0.07721882727168555
1137 -0.00447029776727171 0.01113626678343894 0.07523209166078877
1138 -0.007453966353003039 0.009404168522963559 0.07323022673628304
1139 -0.004461909472858366 0.01113963032851705 0.07124313075616022
1140 -0.007446840431423158 0.009409812303596781 0.06924382866760878
1141 -0.004453755084583404 0.01114289305551065 0.0672544787087461
1142 -0.007439581740596845 0.009415552215615292 0.06525504070845407
1143 -0.01136328108559328 0.003856921436819535 0.04932483537826316
1144 -0.00444569174483797 0.01114611254697706 0.0632666384989701
1145 -0.01136075035367358 0.003864369470108353 0.04138079630494805
1146 -0.001159124114111172 0.01194388677475159 0.09318095032281065
1147 -0.001169475550816196 0.01194287766562327 0.09716616814087375
1148 -0.001107408536034755 0.01194879267266435 0.07324535784592874
1149 -0.001126257048380686 0.01194703080522407 0.08122307919312713
1150 -0.001090954040753126 0.01195030624214143 0.06526800052086812
1151 -0.001082194781465565 0.01195110264598914 0.06127909364369742
1152 -0.004438388815247897 0.01114902259055395 0.05927089385568422
1153 -0.001074561164181367 0.01195179142657841 0.05728980711000706
1154 -0.01135885745986889 0.003869929870990035 0.03741330397142528
1155 -0.009797513051187279 0.006928833813262875 0.03940244608035495
1156 -0.01139727325094308 0.003755284602175619 0.1050798991351461
1157 -0.009815336031705075 0.006903562745764832 0.06723878535202946
1158 -0.009809996632969716 0.006911147955377807 0.06325228363065616
1159 -0.009831270371876878 0.006880851900386746 0.07920587881025661
1160 0.001371793236847993 -0.01192133311821032 0.0353641114108493
1161 0.002371034914795369 0.01176342609246223 0.05929154841003158
1162 0.002378732383630463 0.01176187197035692 0.05530212541252515
1163 -0.001067305780337652 0.01195244152344021 0.05330156263364559
1164 0.002385022607023537 0.01176059807849867 0.05131393598675589
1165 -0.001059255060026765 0.01195315768815118 0.04931521035228352
1166 0.002389891142145226 0.01175960970137597 0.04733082269352651
1167 0.002283512058830455 0.0117807288686726 0.09518247359316538
1168 0.002273417053115752 0.01178268114236325 0.09916849824716836
1169 0.0022942749203041 0.01177863755236843 0.09119569821519273
1170 -0.009839945688153521 0.006868440059736194 0.08717703421548786
1171 -0.001054199326807682 0.0119536046353959 0.04535199734112509
1172 0.002397543206780078 0.01175805198881272 0.04334300912940288
1173 -0.009794192103008343 0.006933527316551728 0.03543197246840406
1174 -0.007429447196819154 0.009423551047756679 0.03742147515668332
1175 0.00554943646777856 0.01063972532023686 0.09319848617918129
1176 0.004840258986400714 -0.01098052334565922 0.1090097869127403
1177 0.005637864649217381 0.01059313372884082 0.04932608586160206
1178 -0.01136519328526968 0.003851283109362518 0.05330613440418251
1179 -0.0119937312402147 0.0003878284897965289 0.09513341674130754
1180 -0.01199120459885715 0.0004593607170266094 0.05528907980976752
1181 -0.007424499312654026 0.009427449811926865 0.03345520265255889
1182 -0.004450793468823161 0.01114407634117252 0.03544231026205373
1183 0.004703742212906142 -0.01103969244112013 0.03734141268999983
1184 0.005559191607199125 0.01063463157210661 0.08920917990656704
1185 0.004727452216171207 -0.01102956007934215 0.04529962773755518
1186 0.004734582587382628 -0.01102650115509236 0.04928493578627184
1187 -0.004412160908250124 0.01115942812691177 0.04731462562897339
1188 -0.01032786759094948 -0.006110249669515595 0.03937812927250893
1189 -0.0103317559891439 -0.006103672515853808 0.03541024207150299
1190 -0.011356639856989 0.003876432787841002 0.03344381218412772
1191 -0.01137279687456806 0.003828771506608204 0.06523758720697491
1192 -0.01137586831898675 0.003819636106892062 0.06922284116583138
1193 0.004694188059502717 -0.01104375834858868 0.03336567970296402
1194 -0.0020718415797506 -0.01181979155773978 0.03338754712936483
1195 0.005628514238003775 0.01059810490005589 0.05730356835185307
1196 0.005621781752705605 0.01060167769388158 0.06129481084470495
1197 0.007673301968896525 -0.00922607375290967 0.04728385837392199
1198 0.007667115610306766 -0.009231215424752599 0.04329887928610771
1199 -0.0097992031362392 0.006926443379882624 0.04337700079842204
1200 -0.00980021703743803 0.00692500873783632 0.05132277503535548
1201 -0.009803927585783516 0.006919754612174697 0.05530257345413808
1202 -0.01199232323315554 0.0004291660185964007 0.06722326392769587
1203 -0.01199194847018889 0.0004395132402265321 0.06325331673333055
1204 0.007679350384928374 -0.009221039944903201 0.05127061190693326
1205 0.004740155295694309 -0.01102410666551722 0.05327087647544672
1206 -0.0119926753149884 0.0004192121053451826 0.0712037465731737
1207 0.007684633042064582 -0.009216637944978054 0.05525666187681752
1208 0.00841221017393568 0.00855772867001128 0.05930435579696422
1209 0.008355736447410372 0.008612878056806441 0.09121326815262405
1210 -0.001931567390144385 -0.01184352343761479 0.1050406123592716
1211 -0.01163869728297473 -0.002922451976556105 0.03343545666802725
1212 -0.001179730820265018 0.01194186899910214 0.1011566503869263
1213 0.002261586527322763 0.01178495763163501 0.1031476846817494
1214 -0.001188772150475989 0.01194097235463899 0.1051334773666507
1215 0.002248345711828949 0.01178749089331993 0.1071250096084311
1216 0.005520881615734225 0.01065457020179828 0.1010532961905744
1217 -0.001197211194021414 0.01194012920185162 0.1091093042437125
1218 0.0022353391777819 0.01178996432396101 0.1111089658332354
1219 0.005493331197425444 0.01066880088648168 0.1091298126491302
1220 -0.004532061424657247 0.01111127442029643 0.1071141274703817
1221 0.004745659085191431 -0.01102173851291801 0.05725307464195384
1222 0.007689794982297166 -0.009212331579477441 0.05924220318035189
1223 0.004751232037509543 -0.01101933728160378 0.06124009299901721
1224 0.007694829312405115 -0.009208126945961976 0.06322996755868644
1225 0.004756664609588157 -0.01101699331904543 0.06522709061195206
1226 0.007699834105711661 -0.00920394234795718 0.06721729104925159
1227 0.004762124091376664 -0.01101463454402051 0.06921507077978145
1228 0.007704720617056839 -0.009199852184307055 0.0712070416477691
1229 0.004767509626599244 -0.01101230457081003 0.07320335176753127
1230 0.007709630001980198 -0.009195738427802675 0.07519591679079539
1231 0.004772931148354368 -0.01100995586971486 0.07719261012515496
1232 0.007714335834660124 -0.009191791045823371 0.07918721834470065
1233 0.004778470895247868 -0.01100755267547101 0.08118042762697576
1234 0.007719088669630791 -0.009187800069133936 0.08317627897813221
1235 0.004784113691985691 -0.01100510137082594 0.08516827998700034
1236 0.007723613375642454 -0.009183996756510587 0.08716616867956034
1237 0.004789996777863505 -0.01100254201846361 0.08915253523754467
1238 0.007725233861720435 -0.009182633706172101 0.09114747167563039
1239 -0.00453992853608154 0.01110806233720681 0.1110853927877934
1240 -0.007499296138757405 0.009368060494212144 0.1090872188056578
1241 -0.004445163202224696 0.01114632334474411 0.03147403075747694
1242 -0.001107017039154048 0.01194882894994412 0.0334633657739203
1243 -0.01033636661575613 -0.006095861316063722 0.03144513726185752
1244 0.00834765411973964 0.008620711727995192 0.09520461862998918
1245 0.00840568730390496 0.008564135738588627 0.06327653704310106
1246 0.005613597659382291 0.01060601345080128 0.06528885079457931
1247 -0.01137893714227001 0.003810484157199461 0.0732080696135651
1248 -0.01199303582108094 0.0004087686317092246 0.07519231027341408
1249 0.002303173461101249 0.01177690078110871 0.08720565044296953
1250 0.005561190026361875 0.01063358667104817 0.08518235888275337
1251 -0.00111206215941847 0.01194836046299196 0.03743270281536738
1252 0.002325764948105321 0.01177246012548629 0.0354523798585638
1253 0.002330592512454102 0.01177150536426386 0.03148328579594809
1254 0.00557105915334999 0.01062841944551848 0.03347445218951915
1255 0.005570056108631901 0.01062894514741197 0.0374459272475451
1256 -0.004404893833666932 0.01116229861247777 0.04333221291005331
1257 0.007640490215643085 -0.00925326478950334 0.03534520048623489
1258 0.007632649193379856 -0.009259733597182903 0.03136915802661171
1259 0.00467898495198429 -0.01105020813465088 0.02950044800225416
1260 0.009984867769631482 -0.006656005981290465 0.04926923324687216
1261 -0.008184229915450883 -0.008776011661970307 0.03341991767736788
1262 -0.007429223031748006 0.009423727773261755 0.05331818883528217
1263 -0.005331404513455863 -0.01075063374475674 0.03935838886183661
1264 -0.01161734756092412 -0.003006199535741177 0.06920599186952542
1265 0.008399498245376292 0.008570205903356149 0.06725532235751436
1266 0.005605667191416397 0.01061020712988572 0.06928349199227689
1267 0.008396537672772625 0.008573106502879227 0.07128847412102163
1268 0.005597845511219647 0.01061433585451855 0.07327833313400368
1269 0.008388394507539056 0.008581074384125137 0.07527906484618184
1270 0.005590093783590076 0.01061842038585154 0.07727306943055623
1271 0.008383807615385824 0.008585555885800214 0.07927778480534796
1272 0.00841943735111259 0.008550618380602084 0.05531252148937707
1273 0.005554894310053244 0.01063687685385791 0.03066267373823236
1274 0.00822379533408624 0.008738946750213174 0.03196560663104071
1275 0.002328676176263081 0.0117718846097855 0.02843060613177648
1276 0.01046180998797171 0.005877970038676217 0.09321859167752698
1277 -0.01164027007688101 -0.0029161811564559 0.02947074336328825
1278 -0.007418683036437145 0.009432027459930329 0.02948641637913595
1279 0.01049155283191553 0.005824716231296177 0.07329345749171318
1280 -0.008183367201574756 -0.008776816122272961 0.03024733277714655
1281 0.01050356499343953 0.005803027005674855 0.0613089951813444
1282 0.005465915700129866 0.01068287253312862 0.111974624165885
1283 0.008289557680635537 0.008676591119755292 0.111126577200405
1284 0.008300711514225467 0.008665921091124981 0.1071502089993123
1285 0.002221147341844154 0.01179264620370757 0.1141493022739927
1286 -0.007505634862661188 0.009362982714306642 0.1130596282972942
1287 -0.009847435842840707 0.006857696940018284 0.1110687019427603
1288 0.009993319110173482 -0.006643310406886124 0.05724212693886435
1289 0.01000116397567597 -0.006631494487039948 0.06521755746492994
1290 0.01000873624620581 -0.006620060328568463 0.07319567572794239
1291 0.01001584737819264 -0.006609296581085737 0.08117595570331623
1292 0.01002132740478195 -0.00660098455127462 0.0891557773258322
1293 0.01002164406444157 -0.006600503787260711 0.09310036068221066
1294 -0.007500087549655953 0.009367426901102338 0.1051172174494594
1295 0.0114998183617024 -0.003428436618613837 0.1030180915081696
1296 0.01004827668544905 -0.006559888387210638 0.1130000043547173
1297 0.007766343122931974 -0.009147891259568362 0.1110051149156377
1298 0.004836832984462174 -0.01098203290290185 0.1129757311317973
1299 0.001525895701192859 -0.01190258973119216 0.1110534338618164
1300 0.001531375922075631 -0.01190188589196212 0.1149709938814173
1301 -0.001903404187994304 -0.01184808222866155 0.1129886752017301
1302 -0.00555377590767212 -0.01063746084210705 0.1142570466218488
1303 -0.004964575755875075 -0.0109248792928882 0.1105637673755936
1304 -0.00807210930308001 -0.008879248357779456 0.1119646851326511
1305 0.01149948719786723 -0.003429547227563389 0.03100289490504691
1306 0.01004827668544905 -0.006559888387210638 0.02899999564528275
1307 0.01150027193390594 0.003426914858325972 0.0310045760056006
1308 0.01150085870040546 0.003424945131430295 0.1110051544634986
1309 -0.001092063766679185 0.01195020488232342 0.03028816346743174
1310 0.001362249424600045 -0.01192242745858312 0.03138090938956374
1311 0.001353435021961097 -0.01192343128639274 0.02742389442014791
1312 0.004667732753157531 -0.01105496589524818 0.02542897233313819
1313 -0.002079487670162735 -0.01181844875733026 0.02941872257243167
1314 0.001518676725181217 -0.01190351296905216 0.1070146529325473
1315 0.01149970436452875 -0.003428818969913475 0.03900157058638758
1316 0.01004553179548448 -0.006564091022061649 0.04099737713004206
1317 0.0115004359490671 0.003426364397054863 0.03899738372306313
1318 0.01004565382178338 0.006563904272069249 0.04099364906724376
1319 0.01004313516890636 0.006567757302083885 0.04499018513597374
1320 0.007756104140423188 0.009156574062547098 0.04299083083601517
1321 0.01004517190549719 0.006564641756334455 0.03699999877931193
1322 0.0115004359490671 0.003426364397054854 0.1030026162769369
1323 0.01004502292879682 0.006564869713859231 0.1010026134472509
1324 -0.005338006780992526 -0.01074735705213509 0.03538226873936812
1325 -0.005351945204014595 -0.01074042282841906 0.03185064442298816
1326 -0.005384329178134285 -0.0107242248811507 0.02744625529366063
1327 -0.009787812724810488 0.0069425299469313 0.03146304181345724
1328 -0.01135306736601377 0.003886883247893239 0.02947810057002686
1329 -0.005222717846134698 -0.0108038520121143 0.1030557259638811
1330 -0.00532467147409184 -0.01075397013632606 0.04332912038278226
1331 -0.001195658488797942 0.01194028478630914 0.1121887211749093
1332 -0.004528492020189955 0.01111272963871055 0.1031351769711699
1333 -0.004520570355666554 0.01111595446461836 0.09915447252100167
1334 -0.01198967764169147 0.0004976244048715578 0.03542145134708196
1335 -0.01198917127300464 0.0005096785129475221 0.03145149910058222
1336 -0.008154068923003991 -0.008804042253357292 0.04532970175251091
1337 -0.00816375812108899 -0.008795058461451725 0.04135588209000403
1338 0.01150044966616594 -0.00342631835590093 0.04698699209392856
1339 -0.004420225875278224 0.01115623606829476 0.05129773303227269
1340 -0.004430296367030596 0.01115224076588537 0.05529992259718583
1341 -0.01029534407656836 -0.006164891754529741 0.07917684823722658
1342 0.0115004359490671 0.00342636439705487 0.04699738372306318
1343 0.01004143980672376 0.006570349047649107 0.04898633825862526
1344 0.01149722189107168 0.003437133804125475 0.05099248587081076
1345 -0.01030898249065931 -0.006142058287518913 0.05925658953833543
1346 -0.01031191111325741 -0.006137140147681021 0.05526987394274298
1347 -0.009820723413583511 0.006895896724421897 0.07122508152625638
1348 -0.009826706951840571 0.006887367456630161 0.07521117773803965
1349 -0.01138243347459869 0.003800027394155874 0.07720172337629085
1350 -0.01138556189209386 0.003790643797734097 0.08119671691360882
1351 -0.01199355495031943 0.0003932424871098124 0.07920072138122988
1352 -0.01199393626164348 0.0003814353833005303 0.0831803824679874
1353 0.0115004359490671 0.003426364397054855 0.08299738372306315
1354 0.01007122145243599 0.006524607149552619 0.08532595545290328
1355 -0.01032196597545403 -0.006120213917958211 0.04335295699094036
1356 -0.008176812602300262 -0.008782922956901284 0.03738496286905417
1357 -0.009839087958839195 0.006869668706584444 0.08319077266272464
1358 -0.01138786753063534 0.003783711551466538 0.08518498231460492
1359 -0.0119943227166937 0.0003690834157821961 0.08715822875983815
1360 -0.009860191715303111 0.006839343487314255 0.1031016278855874
1361 -0.009866056887731428 0.006830879993679237 0.1070741270240573
1362 -0.01139192329819631 0.003771482940172501 0.1090991996324575
1363 -0.01137813077395013 0.003812891303314195 0.1119641766416295
1364 -0.01199308155226241 0.000407424693388943 0.1102846549992134
1365 -0.01199380101520051 0.0003856646312213972 0.1067139619787125
1366 -0.01161180711395425 -0.003027529611468975 0.1093276608043651
1367 -0.01161703483503788 -0.003007407794349895 0.1130910403127827
1368 -0.01027328108734066 -0.006201588159535317 0.1071205565278482
1369 -0.007432337069264798 0.009421271978285753 0.06126527804947021
1370 -0.01029038332256093 -0.006173168641367237 0.08316118585880838
1371 -0.01027331356227201 -0.006201534362658814 0.09511782474085495
1372 -0.01027954409425409 -0.006191201273927845 0.09113445715432675
1373 -0.01136213818855404 0.003860287008008863 0.04535496607134444
1374 0.004716055455335847 -0.01103443795316268 0.04131701870056823
1375 0.00140555372964182 -0.01191739983021003 0.05127920936110515
1376 0.002363202726922811 0.01176500203448621 0.06328120474947528
1377 0.002349917275335165 0.0117676628435336 0.0672738154138994
1378 -0.001974693539468178 -0.01183640931301307 0.0771640256088732
1379 -0.00984254247449708 0.006864718321804684 0.09116177161724058
1380 -0.01138899205398189 0.003780325382071942 0.09314857774696277
1381 -0.01199365661425024 0.0003901294906200527 0.09115359067200267
1382 -0.001150547835195241 0.01194471597313756 0.08919290914980837
1383 0.005507120434690917 0.01066168957144269 0.1051565473116313
1384 -0.01161011416383196 -0.003034015343202539 0.09712718363064007
1385 -0.01162941068855004 -0.00295919026712343 0.053289961834059
1386 0.00553352107491621 0.01064801129382657 0.09706278824440133
1387 -0.001118934467833888 0.01194771884740737 0.07723704975804707
1388 -0.00109968175796388 0.01194950626725646 0.06925633127131095
1389 -0.001961906497915325 -0.01183853550458998 0.08514196573198057
1390 -0.001995222574812995 -0.01183296610647375 0.06918782436927368
1391 0.005631928030146095 0.01059629117489958 0.05332466818869193
1392 -0.002032092213432932 -0.01182669020631323 0.05326467226261114
1393 -0.01138767784773416 0.003784282393826423 0.08916422455683019
1394 -0.00201395350898097 -0.01182979252834399 0.06122298194141984
1395 -0.00979872896749487 0.006927114162591585 0.04734954018610986
1396 -0.007426288779781862 0.009426040258734631 0.04934097961754428
1397 -0.007426340573063445 0.009425999453260737 0.04537585223252714
1398 -0.01161252144913333 -0.003024788520445406 0.09313032444974942
1399 -0.001952610897357433 -0.01184007224148236 0.09309698388775181
1400 0.001496691071930665 -0.01190629731844468 0.09510907621176391
1401 0.007746682777678318 -0.009164546139445322 0.09905227143070613
1402 0.0100363865186311 -0.006578065494401823 0.1010326771465681
1403 0.009979526366848899 -0.006664011816718786 0.04528438911134217
1404 -0.007427933299955129 0.009424744393956672 0.0413727995305644
1405 -0.00113993447734317 0.0119457335223654 0.08520537720806021
1406 0.007652297445387366 -0.009243502788841359 0.03930595287208932
1407 0.002340174737603407 0.0117696041648597 0.0712708686867916
1408 0.002338525996532055 0.01176993186741299 0.07525112253873673
1409 0.002324900286190576 0.01177263091493448 0.07924971321521344
1410 0.002314914651720807 0.01177459851354807 0.0832122107729764
1411 -0.00980019076354772 0.006925045920286301 0.05928003069116576
1412 -0.01136796603081514 0.003843090985422164 0.05727464955929899
1413 -0.01199140397635763 0.0004541262773661234 0.05926082275653481
1414 -0.01162612232915857 -0.00297208337491406 0.05726781342868494
1415 -0.01137195410602548 0.003831273914829141 0.06125956414960866
1416 -0.007432202318484559 0.009421378280119781 0.05729937841244302
1417 -0.01162747635235141 -0.002966781703379728 0.0612334524116815
1418 0.001402300267890346 -0.01191778309748397 0.0552445472775442
1419 -0.01161220595368692 -0.003025999485981134 0.08917378552591489
1420 0.005567004834948867 0.0106305435969971 0.08124827692078154
1421 -0.004470273856521008 0.01113627638161449 0.03938508135828185
1422 -0.001066527506111821 0.01195251099471182 0.04138327879897193
1423 0.004795889843714624 -0.01099997457301402 0.0931201375574609
1424 0.002336770636318278 0.01177028049764493 0.03940054161572369
1425 0.007726595505776302 -0.009181487999780726 0.09510607161374572
1426 0.009951412225048374 -0.006705922362148087 0.03334846458018827
1427 0.001431244847646991 -0.01191434170175104 0.0592293054331814
1428 0.001429489081226622 -0.01191455248704935 0.06320167104754298
1429 0.01001677036300331 -0.006607897660743427 0.09709144404175567
1430 -0.0102980435020751 -0.006160381484077817 0.07120159127991216
1431 -0.01162122285145857 -0.002991183618024335 0.06523131286889119
1432 -0.01029251071648594 -0.006169620989252271 0.06720537933464166
1433 0.00150840513329106 -0.0119048189383065 0.09114888916976087
1434 0.009989818377451404 -0.006648573439884242 0.05324396236167486
1435 0.01148743312513245 -0.003469708949697339 0.09114564713795778
1436 0.00999685622503528 -0.006637986563407111 0.0612129950564015
1437 0.01150216428463226 -0.003420557961697179 0.05100000000000009
1438 0.01150172433927412 -0.003422036999120451 0.05901035516087795
1439 0.01000358236586194 -0.006627845792519323 0.06918731355219362
1440 0.01150187306851417 -0.003421537069182273 0.06701124917993308
1441 0.01150207220103447 -0.003420867592028397 0.07501244638909559
1442 0.01000983480551813 -0.006618399139235848 0.07716776276967308
1443 0.004839774292052948 -0.0109807369881071 0.1169543774105659
1444 -0.01161743550696701 -0.003005859650992073 0.0731903853268541
1445 0.01001597313632475 -0.00660910600099749 0.08515137987876911
1446 0.01150227949850707 -0.003420170513033508 0.08301369294666831
1447 0.001440083193654506 -0.01191327664395291 0.06722076451816417
1448 -0.01136069039850417 -0.003864545726128112 0.117046511872111
1449 -0.0113563180581069 0.003877375421998112 0.116357522496479
1450 -0.01135017029020099 0.003895334951379501 0.02559599348099368
1451 -0.01131486190615691 -0.003996736174004889 0.02390718372644091
1452 0.001447368329768891 -0.01191239375264191 0.0711764067266978
1453 -0.006473894295045401 0.01010389492505631 0.02391820078775331
1454 -0.006604534930656753 0.01001898789048748 0.1171813581944651
1455 0.004955728524588137 0.01092889540578477 0.02542332549794381
1456 0.001454636144900033 -0.01191150845552109 0.07516584231274262
1457 -0.01161986463719727 -0.002996455541671262 0.07718718222459943
1458 -0.0116148341320705 -0.003015895900804639 0.08516619467740565
1459 0.001477789491941651 -0.01190865811993555 0.08717680485351019
1460 -0.01161738386453851 -0.003006059238265333 0.08116817300854499
1461 0.001461224847784852 -0.01191070199208326 0.07916095426299499
1462 0.001469424350461294 -0.01190969319832679 0.08314505536537203
1463 0.01147810300983181 -0.003500450156149917 0.09507063008793189
1464 0.004987817842484645 0.01091428757043683 0.1169485152284199
1465 0.009907067030853166 -0.006771264493887552 0.03717431207170799
1466 0.01018455361088998 0.006346248320614934 0.03019095093972666
1467 0.01045015872350148 -0.005898659394610443 0.1171885534648892
1468 0.01045015872350152 -0.00589865939461036 0.02481144653511081
1469 0.01041588233286495 0.005958976021760105 0.02509566708175344
1470 0.01046198521637104 0.005877658150354929 0.1177896093041777
1471 -0.005330300058682276 -0.01075118139017344 0.1068176146724708
1472 -0.01038407234111906 -0.006014236577854755 0.1111191659277173
1473 -0.004566419454110039 0.01109719844686601 0.0277404854824713
1474 -0.001680671298132134 -0.01188172310684081 0.1090230159197478
1475 0.009521722456977671 0.007303204875415115 0.114732879571839
1476 -0.01041272959231528 -0.005964483417473953 0.02772902414565599
1477 0.005516911827688009 0.01065662629003739 0.0455830738665989
1478 0.01013325793040611 0.006427836627969144 0.104881276295453
1479 0.008296911239381428 0.008669559613142188 0.05148747295885361
1480 0.01154109121445692 0.003286824239229319 0.07074806012548164
1481 0.01154144688239411 0.003285575118738771 0.09074583032383772
1482 0.01154167456783776 0.00328477520846206 0.05874440242533342
1483 0.0101231660247256 0.006443718618611559 0.08873751187735629
1484 0.0009909521456679727 0.01195901391608004 0.02409042202466047
1485 -0.006563377897469105 -0.01004599773915035 0.024057045509361
1486 -0.006528843102901599 -0.01006847593917243 0.1176146424638007
1487 0.01022254850622005 0.006284862929132041 0.109150203107166
1488 0.008181549905741648 0.008778510189084411 0.09882587247195213
1489 0.008063541568358654 0.008887029727380914 0.1028505861973434
1490 0.01034679907177785 0.006078136965243307 0.09683190510517722
1491 -0.009881617034877289 0.006808351105519088 0.02829527811967462
1492 -0.01198050401650108 0.0006837569089972109 0.02826924940460282
1493 0.01159328228727241 0.003097709768137723 0.09522265583694207
1494 0.008181230498129702 0.008778807865335272 0.08325065809145625
1495 0.008024579863400333 0.008922226068415322 0.08722150985126838
1496 -0.004781446167384921 0.01100626060696366 0.1146185269304262
1497 0.007458541597915853 -0.009400540262780584 0.02826135608119857
1498 0.0009909521456680308 -0.01195901391608003 0.02391124997861168
1499 0.01035911361133414 0.006057125158643485 0.07704268719800883
1500 0.01022495373740414 0.006280949057900815 0.08117066473025349
1501 0.01036790174644006 0.006042070288912986 0.06508142323180004
1502 0.01027858736490981 0.006192789499241552 0.06894988065366778
1503 0.01159540370509627 0.003089759362125115 0.07529716870917721
1504 0.007968325164985055 0.008972502107275645 0.03925792354863638
1505 0.008168232390497103 0.008790903230887824 0.03501154116255401
1506 0.01019028979641412 0.006337033522484978 0.03347746762067062
1507 0.01024405123804531 0.006249753133708749 0.05731458209748057
1508 0.01032325317464009 0.006118042488597419 0.05300329430533435
1509 0.01159751242756388 0.003081834760739343 0.06331165095844707
1510 0.005313540225524121 0.01075947444217128 0.04099339983585155
1511 0.008159326285996119 0.008799170106245974 0.04698601648881917
1512 -0.01044330283741101 -0.005910788936015494 0.1145882884752342
1513 -0.008072101144306383 -0.008879255774899583 0.1086006136838353
1514 0.0009909521456679727 0.01195901391608004 0.1182428919591354
1515 0.0009909521456680308 -0.01195901391608003 0.1182924401376368
1516 0.007554207495114107 -0.009323837682025672 0.1138303454859077
1517 -0.01002162029956952 0.006600539869681587 0.114035136969632
1518 -0.01197714459656663 0.0007402751602848146 0.113759099611489
1519 0.008099874323408574 0.008853927712884633 0.02775588966575925
1520 -0.008116315248011256 -0.008838858907964308 0.1151296641363542
1521 0.01164383451946453 -0.002901916208874085 0.02393732482803183
1522 0.01164383451946452 -0.002901916208874137 0.1180626751719683
1523 0.01164383451946494 0.002901916208872471 0.02393732482803253
1524 0.01164383451946492 0.002901916208872517 0.1180626751719676
1525 -0.000866471602292125 0.01196867690943411 0.02714227694373108
1526 -0.00797683735129061 -0.008964935352307623 0.0264645413027225
1527 -0.008128599239113096 0.008827563333666319 0.02664944270405297
1528 -0.01183661192528159 -0.001973478687567129 0.02664086103832504
1529 0.01042606141061845 0.005941148328565181 0.1120526390691943
1530 0.007441569219581633 0.00941398149298028 0.1148233148302406
1531 -0.0007657803597126766 0.0119755409247632 0.1154338737306105
1532 0.01150756849955409 0.003402332615731509 0.02246866241401627
1533 0.01191062580710139 0.001461845711150935 0.02246866241401627
1534 0.01191062580710129 -0.001461845711151769 0.02246866241401591
1535 0.01150756849955385 -0.003402332615732306 0.02246866241401591
1536 0.01191062580710129 -0.001461845711151769 0.02446866241401592
1537 0.01191062580710139 0.001461845711150935 0.02446866241401627
1538 0.01191062580710139 0.001461845711150958 0.1195313375859838
1539 0.01150756849955408 0.003402332615731531 0.1195313375859838
1540 0.01150756849955385 -0.003402332615732325 0.1195313375859842
1541 0.01191062580710128 -0.00146184571115179 0.1195313375859842
1542 0.01191062580710128 -0.00146184571115179 0.1175313375859842
1543 0.01191062580710139 0.001461845711150958 0.1175313375859838
1544 0.00996780292625972 0.006681534615883403 0.02304783354087672
1545 0.01093159953895488 0.004949760753806339 0.02304783354087672
1546 0.01113526742274899 0.004472786539045331 0.02451649595489299
1547 0.007370552552276002 0.009469686112756732 0.02270855858622139
1548 0.00882868692807757 0.008127378859508904 0.02270855858622139
1549 0.009382001070326558 0.007481848429124404 0.02475639212709811
1550 0.003966423062310812 0.01132552374465609 0.02321166274897191
1551 0.005776446162053902 0.01051820658367636 0.02321166274897191
1552 0.006625303285013582 0.01000526643231395 0.0249202213351933
1553 -1.525242347511384e-17 0.012 0.02254521101233024
1554 0.001975135083368792 0.01183633564083267 0.02254521101233024
1555 0.003017621378637925 0.01161438595945508 0.02475687376130214
1556 -0.003921648845689324 0.01134110533991743 0.02256715966412152
1557 -0.002001478080167548 0.01183190963008968 0.02256715966412152
1558 -0.001017570664847147 0.01195677840984111 0.02411237067645175
1559 -0.007328426385818904 0.009502324279229439 0.02245910039387666
1560 -0.005664445030352793 0.01057894429979247 0.02245910039387666
1561 -0.00479599370030979 0.01099992929189042 0.02402626005799817
1562 -0.01004599773915035 0.006563377897469105 0.02270855858622167
1563 -0.008828686928077594 0.008127378859508877 0.02270855858622167
1564 -0.008088091813692655 0.008864692369917743 0.02416765898009832
1565 -0.01163294056572722 0.00294528331307161 0.02329799674049684
1566 -0.0109895047186414 0.004819832573747603 0.02329799674049684
1567 -0.01055395136919534 0.005710876508615804 0.02500655532671851
1568 -0.01195901391608004 -0.000990952145668005 0.02270855858622162
1569 -0.01195901391608004 0.0009909521456679656 0.02270855858622162
1570 -0.01183642774409602 0.001974583059482181 0.02500655532671846
1571 -0.01096783147636303 -0.00486894985660156 0.02245359186322046
1572 -0.01161964735727162 -0.002997297998639898 0.02245359186322046
1573 -0.01182747527737604 -0.002027517832981645 0.02416215044944207
1574 -0.008846625473234932 -0.008107849143657695 0.02256294804727231
1575 -0.01006047714035407 -0.006541161953996648 0.02256294804727231
1576 -0.01054099463680738 -0.005734756495859101 0.02401653991049276
1577 -0.005711368716444861 -0.01055368501447788 0.0225285227546805
1578 -0.007370552552275999 -0.009469686112756734 0.0225285227546805
1579 -0.008146868886592065 -0.008810705269425267 0.02409147080195281
1580 -0.00186438517638984 -0.01185428479133422 0.02310412213625735
1581 -0.003790108540929393 -0.01138574008345413 0.02310412213625735
1582 -0.004717390362512112 -0.01103386732599581 0.02463264489093785
1583 0.001975135083368852 -0.01183633564083266 0.02245562498930584
1584 4.042819990714077e-17 -0.012 0.02245562498930584
1585 -0.0008790982766706131 -0.01196775610630308 0.02455974712556319
1586 0.005638170429905435 -0.0105929709809543 0.0232144861665691
1587 0.003817727415582329 -0.01137650901552454 0.0232144861665691
1588 0.002865223272633673 -0.0116529179005929 0.02467011115587494
1589 0.008828686928077619 -0.008127378859508851 0.02270855858622138
1590 0.007370552552276055 -0.009469686112756691 0.02270855858622138
1591 0.006493673829587115 -0.01009119419072567 0.02492304475279047
1592 0.0109458618823956 -0.004918140670163775 0.0229057232675554
1593 0.009987075244637298 -0.006652693293543064 0.0229057232675554
1594 0.009403589261487362 -0.007454697109959571 0.02461428185377679
1595 0.01114815015082644 -0.004440579716053798 0.02437438568157132
1596 0.01095079545562076 0.004907145696752413 0.1193948046520888
1597 0.00999375124349787 0.006642660316701795 0.1193948046520888
1598 0.01115260402658918 0.004429381833405976 0.1179261422380726
1599 0.00882868692807757 0.008127378859508904 0.1192914414137786
1600 0.007370552552276002 0.009469686112756732 0.1192914414137786
1601 0.00941107097508783 0.007445249700437144 0.1176862460658675
1602 0.005791891967523249 0.01050970919847641 0.1189742576142099
1603 0.003983056830761103 0.01131968454873754 0.1189742576142099
1604 0.006639994626718292 0.009995522565486619 0.1172656990279886
1605 0.001975135083368792 0.01183633564083267 0.1196214459795677
1606 -1.525242347511384e-17 0.012 0.1196214459795677
1607 0.00303468053131279 0.01160994031306239 0.1175957035937776
1608 -0.001999425205753382 0.01183225670979962 0.1195590937649712
1609 -0.003919681097249095 0.01134178557793561 0.1195590937649712
1610 -0.001015496140424626 0.01195695477907242 0.1181805397445389
1611 -0.005733004235172213 0.01054194775359362 0.1190906790972326
1612 -0.007389961101081441 0.009454547843472114 0.1190906790972326
1613 -0.00486540111736339 0.01096940618115489 0.1176497728622037
1614 -0.008828686928077594 0.008127378859508877 0.1192914414137783
1615 -0.01004599773915035 0.006563377897469105 0.1192914414137783
1616 -0.008145471009911035 0.008811997618400661 0.1173821205110109
1617 -0.01099331349099022 0.004811139001194254 0.1186787612482395
1618 -0.01163526647637307 0.002936081406192436 0.1186787612482395
1619 -0.01055846504218684 0.005702527154947921 0.1169702026620178
1620 -0.01195901391608004 0.0009909521456679656 0.1192914414137784
1621 -0.01195901391608004 -0.000990952145668005 0.1192914414137784
1622 -0.01183798582313062 0.001965220509601543 0.1169702026620179
1623 -0.01163692280681026 -0.002929509786353192 0.1190232559360555
1624 -0.01099602888431403 -0.004804929632713833 0.1190232559360555
1625 -0.0118390938162946 -0.001958534556492428 0.1173146973498339
1626 -0.01005185489448183 -0.006554404105659158 0.1194482098593587
1627 -0.00883594123703081 -0.008119491514604745 0.1194482098593587
1628 -0.0105667668023387 -0.005687129270993651 0.1174714657954142
1629 -0.007354283088844798 -0.009482326731827554 0.1193073212319003
1630 -0.005693240569772362 -0.01056347536631284 0.1193073212319003
1631 -0.00812010213765209 -0.008835380086566622 0.1177555310912591
1632 -0.003745974248037361 -0.0114003367026172 0.1189318017339772
1633 -0.001818450293177468 -0.01186141806578129 0.1189318017339772
1634 -0.004655629908475417 -0.01106006827082497 0.1172391229658776
1635 4.042819990714077e-17 -0.012 0.1196462200688184
1636 0.001975135083368852 -0.01183633564083266 0.1196462200688184
1637 -0.0008327312232381768 -0.01197107174441137 0.1175780218027956
1638 0.003906429310704572 -0.01134635668575901 0.118977188705283
1639 0.005720699636428734 -0.01054863003758138 0.118977188705283
1640 0.002956112165469307 -0.0116301935007619 0.1176234087741014
1641 0.007370552552276055 -0.009469686112756691 0.1192914414137786
1642 0.008828686928077619 -0.008127378859508851 0.1192914414137786
1643 0.00657225951094702 -0.01004018948629788 0.1172686301190616
1644 0.009987075244637269 -0.006652693293543109 0.1190942767324446
1645 0.01094586188239558 -0.004918140670163823 0.1190942767324446
1646 0.009403589261487329 -0.007454697109959612 0.1173857181462232
1647 0.01114815015082641 -0.004440579716053867 0.1176256143184287
1648 0.0118743420870378 -0.00173205080756969 0.02800000000000002
1649 0.0118743420870378 -0.00173205080756969 0.02600000000000001
1650 0.01187434208703792 0.001732050807568881 0.02600000000000001
1651 0.01187434208703792 0.001732050807568881 0.02800000000000002
1652 0.01157490452163989 -0.003165688758377941 0.02546866241401592
1653 0.01157490452164033 0.003165688758376348 0.02546866241401628
1654 0.01187421252914076 -0.001732938779298523 0.03200144745252347
1655 0.01187421252914076 -0.001732938779298523 0.03000144745252346
1656 0.01187441078973756 0.001731579740169176 0.03000228800280031
1657 0.01187441078973756 0.001731579740169176 0.03200228800280032
1658 0.0114997436310879 -0.003428687273469724 0.02900144745252346
1659 0.01150013597600232 0.00342737108196022 0.02900228800280031
1660 0.01187434208703792 -0.001732050807568888 0.03600000000000005
1661 0.01187434208703792 -0.001732050807568888 0.03400000000000003
1662 0.01187434208703564 0.001732050807584508 0.03400000000000004
1663 0.01187434208703564 0.001732050807584508 0.03600000000000005
1664 0.01149974363108813 -0.003428687273468949 0.03300144745252347
1665 0.01150013597599781 0.003427371081975353 0.03300228800280032
1666 0.01187426739580899 -0.001732562787557071 0.04000078529319381
1667 0.01187426739580899 -0.001732562787557071 0.03800078529319381
1668 0.01187445222713042 0.001731295556973852 0.03799869186153159
1669 0.01187445222713042 0.001731295556973852 0.03999869186153159
1670 0.01149985219295373 -0.003428323138243709 0.03700078529319381
1671 0.0115002179977904 0.003427095855574779 0.03699869186153159
1672 0.01187429518291225 -0.001732372335575394 0.04400101078910659
1673 0.01187429518291225 -0.001732372335575394 0.04200101078910658
1674 0.0118743420870366 0.001732050807577887 0.04200000000000006
1675 0.0118743420870366 0.001732050807577887 0.04400000000000007
1676 0.01149975935798795 -0.003428634525342191 0.04100179608230034
1677 0.01150021799779231 0.003427095855568366 0.0409986918615316
1678 0.01187445569266211 -0.001731271787734193 0.04799349604696432
1679 0.01187445569266211 -0.001731271787734193 0.04599349604696432
1680 0.01187445222713042 0.001731295556973856 0.04599869186153162
1681 0.01187445222713042 0.001731295556973856 0.04799869186153163
1682 0.01150013205672082 -0.003427384232615631 0.04499450683607084
1683 0.01150021799779231 0.00342709585556837 0.04499869186153162
1684 0.0118736401893619 0.001736855967997892 0.04999624293540542
1685 0.0118736401893619 0.001736855967997892 0.05199624293540542
1686 0.01187488887138712 -0.001728298091246537 0.05200000000000009
1687 0.01187488887138712 -0.001728298091246537 0.05000000000000009
1688 0.01150130733603356 -0.003423438266144226 0.04899349604696433
1689 0.01149883018085128 0.003431749476862153 0.04899493479693696
1690 0.01187474975349012 -0.001729253680634016 0.05600899943303234
1691 0.01187474975349012 -0.001729253680634016 0.05400899943303233
1692 0.01187434208703794 0.001732050807568728 0.05400000000000009
1693 0.01187434208703794 0.001732050807568728 0.05600000000000008
1694 0.01150188898855883 -0.00342148355174611 0.05300899943303233
1695 0.01149861188707365 0.003432480833223767 0.05299624293540542
1696 0.01187477772573637 -0.001729061584893754 0.06000517758043902
1697 0.01187477772573637 -0.001729061584893754 0.05800517758043902
1698 0.01188486631843314 0.001658298101359769 0.05787220121266676
1699 0.01188486631843314 0.001658298101359769 0.05987220121266676
1700 0.01150166898014313 -0.003422223059827221 0.05701417701347126
1701 0.01152105931317837 0.003356365936876661 0.05687220121266676
1702 0.01187472479366023 -0.001729425070603247 0.06400585539066023
1703 0.01187472479366023 -0.001729425070603247 0.06200585539066024
1704 0.0118989526667427 0.001554003035587996 0.06215582547922358
1705 0.0118989526667427 0.001554003035587996 0.06415582547922358
1706 0.01150161958545614 -0.003422389064886054 0.06101103297109917
1707 0.01157003845751481 0.003183427412652654 0.06102802669189025
1708 0.01187434208703817 0.001732050807567133 0.06600000000000007
1709 0.01187434208703817 0.001732050807567133 0.06800000000000007
1710 0.01187481530008299 -0.001728803513680772 0.06800562458996658
1711 0.01187481530008299 -0.001728803513680772 0.06600562458996657
1712 0.01155005185246883 0.003255196185375204 0.06515582547922358
1713 0.01150169396044373 -0.00342213910300154 0.06501147998062673
1714 0.01187477744799685 -0.00172906349234068 0.07200557779168454
1715 0.01187477744799685 -0.00172906349234068 0.07000557779168454
1716 0.01188471906637854 0.001659353100837341 0.06987403006274086
1717 0.01188471906637854 0.001659353100837341 0.07187403006274085
1718 0.01150179815696815 -0.003421788882494679 0.06901120238165104
1719 0.01152076132701494 0.003357388634929968 0.06887403006274086
1720 0.01187486560792192 -0.001728457923639806 0.07600622319454782
1721 0.01187486560792192 -0.001728457923639806 0.07400622319454783
1722 0.01189842099736674 0.001558068602283738 0.07414858435458864
1723 0.01189842099736674 0.001558068602283738 0.07614858435458863
1724 0.01150189773542768 -0.003421454147546582 0.07301180098623231
1725 0.01156866707672386 0.00318840745011133 0.07302261441732943
1726 0.01187483668034439 -0.001728656650450709 0.08000576167636822
1727 0.01187483668034439 -0.001728656650450709 0.07800576167636822
1728 0.01187434208703795 0.001732050807568634 0.07800000000000006
1729 0.01187434208703795 0.001732050807568634 0.08000000000000006
1730 0.01150201495086559 -0.003421060079867695 0.07701198487091598
1731 0.01154893893645792 0.003259142439655906 0.07714858435458863
1732 0.01187445222713042 0.001731295556973848 0.08199869186153161
1733 0.01187445222713042 0.001731295556973848 0.08399869186153161
1734 0.01187491797828694 -0.001728098090085626 0.08400684647333419
1735 0.01187491797828694 -0.001728098090085626 0.08200684647333419
1736 0.01150211861071543 -0.003420711543675344 0.08101260814970235
1737 0.01150021799779498 0.003427095855559402 0.08099869186153161
1738 0.01187434208703697 -0.001732050807575363 0.08800000000000005
1739 0.01187434208703697 -0.001732050807575363 0.08600000000000005
1740 0.01187434208703794 0.001732050807568728 0.08600000000000005
1741 0.01187434208703794 0.001732050807568728 0.08800000000000005
1742 0.01150114038643187 -0.003423999096317908 0.08500684647333417
1743 0.01150021799779495 0.003427095855559494 0.0849986918615316
1744 0.01187116669711931 -0.001753682197322346 0.09207282356897892
1745 0.01187116669711931 -0.001753682197322346 0.09007282356897892
1746 0.01188480884551218 0.001658709952232559 0.08987291516191889
1747 0.01188480884551218 0.001658709952232559 0.09187291516191888
1748 0.01149373563897774 -0.003448773848963286 0.08907282356897891
1749 0.01152094299653162 0.003356765179554428 0.08887291516191889
1750 0.01186880862003389 -0.001769571117816166 0.09603531504396597
1751 0.01186880862003389 -0.001769571117816166 0.09403531504396596
1752 0.01189788610315439 0.001562147968780663 0.09411132791847106
1753 0.01189788610315439 0.001562147968780663 0.09611132791847106
1754 0.01148277835486825 -0.003485082675198572 0.09310813861294484
1755 0.01156774596824912 0.003191747673932918 0.0929842430803899
1756 0.01187434208703761 -0.001732050807571018 0.1
1757 0.01187434208703761 -0.001732050807571018 0.09800000000000003
1758 0.01187434208703795 0.001732050807568625 0.09800000000000003
1759 0.01187434208703795 0.001732050807568625 0.1
1760 0.01148910888634961 -0.003464156029627184 0.09703531504396595
1761 0.01154782083755016 0.003263101883766768 0.09711132791847105
1762 0.01187429619683686 -0.001732365385761789 0.1040090457540848
1763 0.01187429619683686 -0.001732365385761789 0.1020090457540848
1764 0.01187445222713042 0.001731295556973848 0.1020013081384685
1765 0.01187445222713042 0.001731295556973848 0.1040013081384685
1766 0.01149990918488615 -0.003428131960612256 0.1010090457540848
1767 0.01150021799779498 0.003427095855559393 0.1010013081384685
1768 0.01187426405014021 -0.001732585717229586 0.1080081318452999
1769 0.01187426405014021 -0.001732585717229586 0.1060081318452999
1770 0.01187434208703774 0.001732050807570085 0.106
1771 0.01187434208703774 0.001732050807570085 0.108
1772 0.01149975474386856 -0.003428650001220965 0.1050171775993847
1773 0.01150021799779456 0.003427095855560806 0.1050013081384685
1774 0.01187449579549501 -0.001730996707903113 0.1120033655292807
1775 0.01187449579549501 -0.001730996707903113 0.1100033655292807
1776 0.01187455903191494 0.001730562855711184 0.1100025772317493
1777 0.01187455903191494 0.001730562855711184 0.1120025772317493
1778 0.01150014986377525 -0.003427324482845197 0.1090114973745806
1779 0.01150042944049137 0.003426386242716874 0.1090025772317493
1780 0.0118743420870378 -0.00173205080756969 0.116
1781 0.0118743420870378 -0.00173205080756969 0.114
1782 0.01187434208703792 0.001732050807568873 0.114
1783 0.01187434208703792 0.001732050807568873 0.116
1784 0.01150030424508131 -0.003426806424437305 0.1130033655292807
1785 0.01150042944049172 0.0034263862427157 0.1130025772317493
1786 0.01157490452163988 -0.003165688758377961 0.1165313375859842
1787 0.01157490452164032 0.003165688758376362 0.1165313375859838
1788 0.01000616006323557 -0.006623953561802009 0.07119149464006801
1789 0.01087146903052009 -0.005080468592407851 0.07009923456778132
1790 0.01087344468057167 -0.00507623884175555 0.0721034156556557
1791 0.01087370353443796 -0.005075684332693613 0.07410406105851899
1792 0.01087158025621487 -0.00508023057869217 0.06809928136606336
1793 0.009991569090348562 -0.006645942153885423 0.05524304465026961
1794 0.01086611459350165 -0.005091910608100911 0.05413098061386973
1795 0.01086745529195998 -0.005089048582716722 0.05613006290246447
1796 0.01086753761508579 -0.005088872781343169 0.05812624104987116
1797 0.01086652431408866 -0.005091036174622995 0.05212198118083747
1798 0.01086774662046181 -0.005088426416235266 0.090150712231895
1799 0.01087699935878023 -0.005068617656629315 0.08807788866291613
1800 0.01001865109349283 -0.006605045818679454 0.08715357860230066
1801 0.01087494407083263 -0.00507302586788813 0.08607568993938458
1802 0.01087663213043038 -0.005069405635702217 0.08408253641271871
1803 0.01099227459932459 0.00481351214115467 0.05199789008807255
1804 0.01099422162870484 0.004809063399344892 0.05400164715266721
1805 0.01096320014471785 0.004879369076720723 0.05615729104874033
1806 0.01099328139122164 0.004811212347571038 0.058029492261407
1807 0.01028386306912563 0.006184024609869693 0.05515893820140746
1808 0.01089650759648737 0.005026541773395803 0.08416166958798321
1809 0.01089618786990883 0.005027234816840336 0.08616297772645166
1810 0.01009727473792036 0.006484214899812878 0.08703173366512978
1811 0.01091623686736093 0.004983550205994717 0.08786875593867817
1812 0.0109467954532494 0.004916062378033696 0.089741671100597
1813 0.01088264998406751 -0.005056474001146998 0.1020253843273688
1814 0.0108827839379453 -0.005056185692792518 0.1000163385732841
1815 0.01002658953579918 -0.006592988873083473 0.09906206059416187
1816 0.01087525004714997 -0.005072369900940246 0.09804572202087786
1817 0.01085916446265573 -0.005106715889198732 0.09608103706484378
1818 0.0108861630589232 -0.005048906203776802 0.04199969935412759
1819 0.01088608207795305 -0.005049080806648802 0.03999947385821482
1820 0.01086083488179435 -0.005103162320600737 0.04414320534477764
1821 0.01001265372628605 -0.00661413375715143 0.04314088312069211
1822 0.0108613078094343 -0.005102155688404791 0.04613569060263537
1823 0.01088610407936976 0.00504903337017385 0.1000013067236254
1824 0.01088642519242812 0.00504834096804746 0.1020026148620939
1825 0.0110034854819196 0.004787829074767044 0.09791595255258863
1826 0.01019881504479437 0.006323303858116892 0.09891725927621405
1827 0.01107079622609629 0.004630061654044387 0.09602728047105966
1828 0.01097670127557908 0.004848920406307021 0.06797494032683393
1829 0.0110061688088916 0.004781657468930805 0.06984897038957472
1830 0.01032351961427704 0.006117592890478841 0.0670156519427339
1831 0.01101180495191468 0.004768663513080727 0.06604071161590006
1832 0.01108199456571103 0.004603194156838409 0.06419653709512355
1833 0.01088666777394319 0.005047817823553733 0.03999551639515345
1834 0.01088634669415411 0.005048510241118648 0.04199682453362191
1835 0.01004439468009767 0.006565830907845981 0.04299191710160875
1836 0.0108853781895964 0.005050598149670897 0.04399509256798691
1837 0.01088569940218527 0.005049905793701829 0.04599378442951846
1838 -0.01199512501389654 0.000342017398670734 0.02634318328852303
1839 -0.01177534072891014 0.002311136239616761 0.02693262144279825
1840 -0.01161985704972535 -0.00299648496474586 0.02527402238238297
1841 -0.01195908322371282 -0.0009901153712121057 0.02552898910538414
1842 -0.01198244458363951 -0.0006488619267673729 0.02745505522146393
1843 -0.01149685329059922 -0.003438366532881269 0.1150687760924469
1844 -0.0119038736976762 -0.001515846624752244 0.1153369615701697
1845 -0.01199428478815639 0.0003703139486978517 0.1156709912195229
1846 -0.01194498253011708 -0.001147777136554737 0.1134250699621359
1847 -0.0117717020594845 0.002329598811539972 0.115058311053984
1848 -0.0003668016423657961 -0.01199439271306212 0.02842130849628979
1849 -0.002404557528760003 -0.0117566195435118 0.02731348342247318
1850 -0.0006973737976014646 -0.0119797191029848 0.0263160693463313
1851 0.001172328592511459 -0.01194259794480163 0.0256675721993798
1852 -0.003771799565065855 -0.01139181846945294 0.02843248893304615
1853 -0.004084462903185873 -0.01128349071841239 0.02632724978308766
1854 -0.005983470907854593 -0.01040183041079106 0.02575165040151082
1855 -0.002271393931323974 -0.01178307131476105 0.1149261393348423
1856 -0.000187949371392287 -0.01199852803612982 0.1139798345415737
1857 -0.0005614553064457134 -0.01198685813459323 0.1159172986746859
1858 0.001261487464510359 -0.01193350951635282 0.116631717009527
1859 -0.004130221124220988 -0.01126682179964868 0.1155603250449016
1860 -0.003777404503120716 -0.01138996115971443 0.1136228609117894
1861 -0.006048004339748054 -0.01036444130218261 0.1159358445428247
1862 -0.003899617146689567 0.01134869975412359 0.1163683572301843
1863 -0.005714351953232766 0.01055207002225558 0.1158999425624457
1864 -0.001888026012365308 0.01185054250980232 0.1167760306302764
1865 -0.002815636094979643 0.01166499864469121 0.1150262003305184
1866 0.0001128887452387415 0.01199946899371795 0.116838382844873
1867 -0.005542453869141139 0.01064336436980537 0.02582934313511231
1868 -0.003791010956272743 0.01138543964585558 0.02593740240535717
1869 -0.002751171565963065 0.01168037049988725 0.02744138121310119
1870 -0.001939897935279826 0.01184216179591788 0.02563829813598706
1871 6.242751620821386e-05 0.01199983761578548 0.02561634948419577
1872 0.01085021881903908 -0.005125695228841662 0.03417423229009416
1873 0.01084983548348275 -0.005126506605999699 0.03217567974261759
1874 0.01083307209030379 -0.00516183582519641 0.03808794132904779
1875 0.01083329464119261 -0.005161368734851977 0.03608715603585402
1876 0.00992929337807142 -0.006738629906159491 0.03526138832594813
1877 0.01088704257707316 -0.005047009404092299 0.1100091723103504
1878 0.01088636709738223 -0.005048466244418561 0.1080139386263696
1879 0.01004443329573309 -0.006565771833346666 0.1070196092995424
1880 0.01088493240434775 -0.005051558824044345 0.1060219343637726
1881 0.01088502613593469 -0.005051356849403813 0.1040228482725575
1882 0.009999010627245959 -0.00663474087483621 0.06321527626066573
1883 0.0108687368267951 -0.005086311019773363 0.06211235291886094
1884 0.01087038745341874 -0.005082782369190774 0.06411463412312515
1885 0.0108706534848218 -0.00508221337735162 0.06611440332243151
1886 0.01086889251350083 -0.005085978325746742 0.06011167510863973
1887 0.01001284212623414 -0.006613848543405801 0.07917185923649465
1888 0.01087403976102965 -0.005074963967906206 0.07808964306120474
1889 0.01087634543300041 -0.005070020712191536 0.08009373952802631
1890 0.01087658390028409 -0.005069509114310856 0.08209482432499227
1891 0.01087412468953195 -0.005074781989062353 0.07609010457938434
1892 0.01095481362449886 0.004898168887706318 0.108075101553583
1893 0.01095542731337396 0.004896796134349471 0.1100776787853323
1894 0.01092045725260287 0.004974295266072719 0.103941946286195
1895 0.01092014084902449 0.004974989832900838 0.1059406381477265
1896 0.01017815426739974 0.006356506564852465 0.1070157397013095
1897 0.01094245469280444 0.004925716729159535 0.03224102181313561
1898 0.01094225927648899 0.004926150822507437 0.03423873381033533
1899 0.01088616136855707 0.005048909848446062 0.03599999938965599
1900 0.01088648247376568 0.005048217442661585 0.03799869125118753
1901 0.01011837086439358 0.00645124569758362 0.03523873319999127
1902 0.01095575098585923 0.004896071929194321 0.08008533236512677
1903 0.01095606236992753 0.0048953750976057 0.08208402422665831
1904 0.01029264210194923 0.006169401799298052 0.07910667596413115
1905 0.0110083383748597 0.004776660572470202 0.07802134359900445
1906 0.01107707193223676 0.004615027346403556 0.07616992795359302
1907 0.01025454872234237 -0.006232513979214691 0.02690572109019678
1908 0.009158355492499756 -0.007754000559259688 0.02670855640886276
1909 0.008867891371190487 -0.008084584258251336 0.02863067586324066
1910 0.007798203843539605 -0.009120746505336289 0.02633923662682067
1911 0.0061193066153541 -0.01032250388942933 0.02684516420716838
1912 0.01025454872234234 -0.006232513979214736 0.1150942789098032
1913 0.009158355492499756 -0.007754000559259688 0.1152914435911373
1914 0.007844700836657746 -0.009080785691961971 0.1157066141567325
1915 0.008909080550641645 -0.008039171831860467 0.1134151749203125
1916 0.006252121636914975 -0.01024260587141864 0.1153923614482368
1917 0.007789972946312473 0.009127777467473655 0.1162030988288989
1918 0.006259803931927772 0.01023791261604736 0.1158859150293302
1919 0.01001724457921421 0.006607178750435277 0.1162612444380084
1920 0.008857452692120385 0.008096019503858012 0.1161578811996981
1921 0.008547055668961181 0.008423054041835331 0.1147780972010398
1922 0.00660973253337832 0.01001555968666755 0.02658960758185153
1923 0.008113636406687854 0.008841318016001314 0.02608650341910101
1924 0.009370352045791583 0.007496432654131531 0.02642577837375634
1925 -0.009980782406586824 -0.006662130481487655 0.0259274601201003
1926 -0.01090825675278434 -0.005000993362856503 0.02581810393604845
1927 -0.008777715525454508 -0.008182402468358234 0.02529521869863356
1928 -0.009316368447343223 -0.007563417147913212 0.02709678272418924
1929 -0.007290174129684952 -0.009531702951669878 0.02526079340604175
1930 -0.01094989991170976 -0.004909143705733077 0.1158174001736726
1931 -0.009989153507934008 -0.006649572331731547 0.1162423540969758
1932 -0.008830854990685469 -0.008125023085104776 0.1165130419275358
1933 -0.007348343710775064 -0.009486930204671718 0.1163721533000774
1934 -0.00939458643631216 -0.007466039491635415 0.1148589763057942
1935 -0.01071534479300168 0.005401979819204419 0.02694563580033415
1936 -0.009679734035323054 0.007092443091446591 0.02635619764605898
1937 -0.008829248662017113 0.008126768611463539 0.02553327993824816
1938 -0.007329083157979598 0.009501817724173613 0.02528382174590314
1939 -0.009061527303084828 0.007866938599954127 0.0274723604118638
1940 -0.007062705472894897 0.009701453056276697 0.1151204932458796
1941 -0.008545924469725805 0.008424201740090375 0.1153212555624254
1942 -0.008871805960340925 0.008080288299439523 0.1135473826334631
1943 -0.009753255164181683 0.006990995186835945 0.1158090098985943
1944 -0.01077534074906381 0.005281290726855039 0.1151963297330555
1945 0.01088735544984869 -0.005046334442805981 0.1140000021773586
1946 0.010887803373245 -0.005045367945507519 0.1120033677066393
1947 0.01104439313889231 -0.004692694342655244 0.1160942767324446
1948 0.01088697804887714 -0.005047148597303951 0.03000144527516483
1949 0.01088735544984869 -0.005046334442805981 0.02799999782264138
1950 0.01104439313889232 -0.004692694342655205 0.02590572326755541
1951 0.01103541009755071 0.004713780221740921 0.1115288967663464
1952 0.0110348193412243 0.00471516299893674 0.1135263195345971
1953 0.01068797649708161 0.005455928738338791 0.1148664397859195
1954 0.01104910025565961 0.004681600531910303 0.1163948046520888
1955 0.009997115574818879 0.006637595964181144 0.1133927593205167
1956 0.01094003023940014 0.004931099102736675 0.02859547546986333
1957 0.01094022585201368 0.004930665097827225 0.03059776347266363
1958 0.01103078206972011 0.004724600187353572 0.02604783354087673
1959 0.0103020379161869 0.006153699275512855 0.02764330901074005
1960 0.01004728755988369 -0.006561403256088323 0.1110058089584283
1961 0.008996955787066177 -0.007940704412429443 0.1080135738213276
1962 0.008994699494325265 -0.007943260099404076 0.1060215695587307
1963 0.008999614963828364 -0.007937690501829648 0.1100083642388886
1964 0.007763278667369331 -0.009150492026812999 0.1090103244980768
1965 0.009000811599301661 -0.007936333571232794 0.1120025596351775
1966 0.007757298063772748 -0.009155562612411516 0.1050266920740554
1967 0.008992169436298898 -0.007946124138779357 0.1040327275522702
1968 0.008988432488213982 -0.007950351024000098 0.1020352636070815
1969 0.01003947815634935 -0.006573346054193727 0.1030301410917568
1970 0.006363056309286737 -0.01017406086107442 0.1060239960969257
1971 0.006359815966335357 -0.01017608671711999 0.1040351540904652
1972 0.006366148934858484 -0.01017212601864527 0.1080126604966281
1973 0.004836920678145273 -0.01098199427942533 0.1070211225130378
1974 0.006369555657697033 -0.0101699931525788 0.110007450914189
1975 0.004830139519131185 -0.01098497848089504 0.1030426230192531
1976 0.006356626515967842 -0.01017807935400852 0.1020453189963829
1977 0.0063523490846919 -0.01018074953558008 0.1000525296779385
1978 0.007750533073080729 -0.00916129014293739 0.1010450607491505
1979 0.008985090925034196 -0.007954127297753548 0.1000424742886371
1980 0.003204670108207073 -0.0115641726680971 0.1040391022035215
1981 0.003201045793129765 -0.01156517642884389 0.1020492671094392
1982 0.003209270932488739 -0.01156289669943837 0.1060235555229413
1983 0.00151394051252312 -0.01190411626810412 0.1050301996131274
1984 0.003212785910581463 -0.01156192054516763 0.1080122199226438
1985 0.001505332649282893 -0.01190520783585918 0.1010562267531494
1986 0.003197284709199383 -0.01156621677508769 0.1000597475688811
1987 0.003193558169385199 -0.01156724626774899 0.09806789196069851
1988 0.004823156790937426 -0.01098804616708695 0.09906093231698829
1989 0.006349068747393057 -0.01018279559064586 0.09806067406975594
1990 -0.0002175087136428028 -0.01199802858637574 0.1020543306933314
1991 -0.000221410377317493 -0.01199795721966103 0.1000648111527733
1992 -0.0002133866901366709 -0.0119981026050152 0.1040431793264896
1993 -0.001935636205444614 -0.01184285913452372 0.1030517637261134
1994 -0.000208612946084256 -0.01199818655625616 0.1060276326459094
1995 -0.001943478524834573 -0.01184157469357462 0.09907126842754466
1996 -0.0002252338354124448 -0.01199788605210874 0.09807316448736267
1997 -0.0002276372416323058 -0.01199784069265057 0.09609434898694898
1998 0.001499076105629176 -0.01190599726312465 0.0970878917121776
1999 0.003191240960124443 -0.01156788576769429 0.09608907646028482
2000 -0.003621594006209582 -0.01144045702121147 0.100071644695244
2001 -0.003625239629332021 -0.01143930232269087 0.09807999802983339
2002 -0.003618647915963507 -0.01144138921898442 0.1020593205284182
2003 -0.005225499714442997 -0.01080250678011156 0.1010680501307069
2004 -0.003614716929271337 -0.01144263175677865 0.1040481691615763
2005 -0.005231806794558291 -0.01079945358175189 0.09708976697471716
2006 -0.003628973582392378 -0.01143811832157275 0.09608939070701783
2007 -0.003631561849092431 -0.01143729681945067 0.09409807176982671
2008 -0.001949931528615511 -0.01184051379939702 0.09508830282494293
2009 -0.0002303522563574319 -0.01199778887287116 0.09410303004975787
2010 -0.006726583208434661 -0.009937458344063883 0.09808810831888752
2011 -0.006729826747392889 -0.00993526204737828 0.09609750099607198
2012 -0.006723088444983438 -0.009939823024628263 0.1000784242791483
2013 -0.008082054981002876 -0.008870196575276481 0.0990861583005031
2014 -0.006720528672048869 -0.009941553921202112 0.1020661001123225
2015 -0.008088307494117182 -0.008864495579592097 0.09510723997909978
2016 -0.006733338269627719 -0.009932882549731816 0.09410889863492944
2017 -0.0067360894700702 -0.009931016999844949 0.09211869738730036
2018 -0.005238322624617187 -0.01079629455324482 0.09310895840427254
2019 -0.003634729898909448 -0.01143629041962357 0.09210787052219763
2020 -0.009275514051727643 -0.007613464328162512 0.09610683354054864
2021 -0.009278204699727949 -0.00761018511929547 0.0941182311794061
2022 -0.009270019397684801 -0.007620153565811355 0.1000855307702785
2023 -0.009272698329174343 -0.007616893441300551 0.09809521481001772
2024 -0.0102710198344819 -0.006205332510001332 0.09710620601032403
2025 -0.0080946593135847 -0.008858695761622952 0.09112703325860436
2026 -0.006739696942832302 -0.009928569137533209 0.09012709302794747
2027 -0.009282029598883024 -0.007605519477685892 0.09212654738614201
2028 -0.009284792055341879 -0.007602146834221261 0.09013494302678911
2029 -0.0102764301270206 -0.006196368601403843 0.09312614094759085
2030 -0.006742424282172204 -0.009926717221678809 0.0881356910049268
2031 -0.005244278432077139 -0.01079340278720527 0.0891273551336228
2032 -0.003640389414362771 -0.01143449014656078 0.08813500432566815
2033 -0.003637247974098071 -0.01143548980913889 0.09012640634868882
2034 -0.001955217922273237 -0.01183964200795031 0.09111551971424299
2035 -0.008101057690937869 -0.008852844982721453 0.08714217148290031
2036 -0.006745989638033161 -0.00992429462498717 0.08614243358857565
2037 -0.009288727714565008 -0.007597337523413839 0.08814308412105568
2038 -0.00929145616620137 -0.007594000415562178 0.0861498267047045
2039 -0.01028274893733485 -0.006185877002635851 0.0891425982485933
2040 -0.006748734127722123 -0.009922428516916548 0.08414997758742478
2041 -0.00525022793285853 -0.0107905100274747 0.08514349710945127
2042 -0.003645522581493755 -0.0114328546351215 0.08414650342014049
2043 -0.003642360474138817 -0.01143386243473443 0.08613895942129135
2044 -0.001959865704273544 -0.01183887352838995 0.08713801063635737
2045 -0.008107380465301567 -0.008847054989704006 0.08315642903285468
2046 -0.006752258449032787 -0.009920030536115568 0.08215749255373031
2047 -0.009294180163318715 -0.007590666314084218 0.08415504996267877
2048 -0.009296876011472728 -0.00758736426088157 0.0821625649289843
2049 -0.010288167834812 -0.00617686025442861 0.08515596260083413
2050 -0.006755193690408746 -0.00991803197237546 0.08016461499783828
2051 -0.005256404517311912 -0.01078750256316924 0.08115816355240837
2052 -0.003650865667656778 -0.01143114954310042 0.08015826567093386
2053 -0.003647482800208858 -0.01143222940734573 0.0821511432268259
2054 -0.0019639362992443 -0.01183819894293514 0.08314660553866599
2055 -0.008113571328702249 -0.008841377737324701 0.07916975906213146
2056 -0.006758612626829238 -0.00991570246429694 0.07817043006080951
2057 -0.009299925905199635 -0.007583625660447433 0.0801703961181934
2058 -0.009302539881132119 -0.007580418969947929 0.07817621118116463
2059 -0.01029286453153492 -0.006169030696590061 0.08116901704801749
2060 -0.006761810948197744 -0.009913521710312291 0.07617648153460016
2061 -0.005263075655133916 -0.01078424937806692 0.07717133747030698
2062 -0.00365876641261854 -0.01142862320395132 0.07617070727648542
2063 -0.003655079501222212 -0.01142980287842906 0.07816465580269477
2064 -0.00197032992503841 -0.01183713647748044 0.0791576354771123
2065 -0.008119028360495056 -0.008836366814561116 0.07518217979350672
2066 -0.006764513423346512 -0.009911677867312117 0.07418308720300419
2067 -0.009304344426181327 -0.00757820392962531 0.07618168048563123
2068 -0.009306410128442702 -0.007575667001737808 0.07418828615403525
2069 -0.01029681157307642 -0.006162440379310744 0.07718231754169316
2070 -0.006767842707827116 -0.009909404880320076 0.07218942690239821
2071 -0.005270176160542283 -0.0107807811978934 0.07318372864349165
2072 -0.003666512607975779 -0.01142614043741607 0.07218282524871059
2073 -0.003662673975970569 -0.01142737149766944 0.07417648554931658
2074 -0.001978740635147031 -0.01183573341617738 0.07516980388170436
2075 -0.008123882412571663 -0.008831904355613733 0.07119610417457037
2076 -0.006770585719594549 -0.009907530924181987 0.07019674561505782
2077 -0.009306265637649259 -0.007575844499559679 0.07219518837091146
2078 -0.009308362540723005 -0.007573267908272146 0.07020250708357106
2079 -0.01029816099586026 -0.006160185070543131 0.07319468906303594
2080 -0.006773923517809647 -0.009905249122302043 0.0682043660551282
2081 -0.005277429004429732 -0.01077723262731226 0.06919768878295604
2082 -0.003676364340714241 -0.01142297444776643 0.06819656679615005
2083 -0.003672515345287784 -0.01142421249096084 0.07018894635607967
2084 -0.001989005311669813 -0.0118340127543513 0.07118170326190459
2085 -0.008128654159285272 -0.008827512761742928 0.06721205022325544
2086 -0.006776534151466275 -0.009903463277763555 0.06621299339115365
2087 -0.009304963286070847 -0.007577444044324816 0.06820440111093581
2088 -0.009306960258739653 -0.007574991138096516 0.06621302844696128
2089 -0.01029527814578069 -0.006165001857340401 0.06920348530727691
2090 -0.006779833953186621 -0.009901204551326969 0.06422195134287834
2091 -0.005284650381650393 -0.01077369344021457 0.06521426717475109
2092 -0.003683235753644306 -0.01142076067445055 0.06421521170693058
2093 -0.003679429754971771 -0.01142198742243347 0.06620625375520589
2094 -0.001998398077742224 -0.01183243022894605 0.06719751132832953
2095 -0.008133391944907253 -0.00882314770762214 0.06322969427722805
2096 -0.006782539254411603 -0.009899351557671123 0.06223096806082548
2097 -0.009315122719866358 -0.007564951335853364 0.06422772116993775
2098 -0.009317189533402116 -0.007562405648909748 0.0622367378878849
2099 -0.0102991572388345 -0.006158519316342444 0.06522007205761812
2100 -0.006785828787634551 -0.009897096931166745 0.06024039005122961
2101 -0.005291819862422685 -0.01077017374714395 0.0612326471168799
2102 -0.003693005406521023 -0.01141760531229761 0.06023252552435193
2103 -0.003689210724900604 -0.01141883199925799 0.0622231035339478
2104 -0.002007763747676325 -0.01183084463314081 0.06321509011440261
2105 -0.008138191235546882 -0.008818721189246655 0.05924849428767529
2106 -0.006788508915373921 -0.009895258799338641 0.0582501733437297
2107 -0.009319152640010637 -0.0075599863804231 0.06024765026675531
2108 -0.009321199727985884 -0.007557462248069513 0.0582574335592554
2109 -0.01030738748609566 -0.00614473459243592 0.06124567715946502
2110 -0.006791733485731392 -0.009893045853466714 0.05626076740673952
2111 -0.005298908100177137 -0.01076668811408026 0.05725266317029384
2112 -0.003699924104145726 -0.01141536515506891 0.05626069120991675
2113 -0.003696203563967156 -0.01141657037878349 0.05825009714690693
2114 -0.00201726719428423 -0.01182922791507817 0.05924055356397484
2115 -0.008142968795879264 -0.008814309909989359 0.05526909400286827
2116 -0.006794414875298626 -0.009891204502097848 0.05427158382943241
2117 -0.009323001938354454 -0.007555238901413978 0.05626407576145918
2118 -0.009325049541870764 -0.007552711502609898 0.05427489218415207
2119 -0.01031044709520583 -0.006139599392221099 0.05726323174053921
2120 -0.006797697520742122 -0.009888948802400405 0.05228400223188037
2121 -0.005305989492935771 -0.01076320005857251 0.05327567563575163
2122 -0.00370926687328043 -0.01141233277041922 0.05227638315040536
2123 -0.003705478766961847 -0.01141356329581586 0.0542639647479574
2124 -0.002026336707296165 -0.01182767769042867 0.05526139872457049
2125 -0.008147680956043806 -0.00880995431534813 0.05129156427901153
2126 -0.006800304728045665 -0.009887156092917709 0.05029565608533074
2127 -0.009326095574077467 -0.007551419822998368 0.05229169559705052
2128 -0.009328086351439344 -0.007548960525800293 0.05030334945050089
2129 -0.01031276106603658 -0.006135711792028708 0.05328667735564144
2130 -0.01108134299956424 -0.004604762461409772 0.06223410859613805
2131 -0.01108253815645231 -0.004601885267015957 0.06024502097500847
2132 -0.01107650372373764 -0.00461639093427172 0.06423303882474291
2133 -0.01162435600498661 -0.002978984301625591 0.06323238264028636
2134 -0.01107151957738499 -0.0046283316916121 0.06621834610176643
2135 -0.01107153287719074 -0.004628299876767336 0.078182015230913
2136 -0.0110726345072232 -0.004625663743664271 0.07618748453537959
2137 -0.01107076159970003 -0.004630144447272375 0.07418908608650693
2138 -0.01107067328791682 -0.004630355596733905 0.07219598830338313
2139 -0.01161865102354022 -0.003001157842098228 0.07518878377572677
2140 -0.01106412482701631 -0.004645981253965756 0.08615846701013276
2141 -0.01106579101208979 -0.004642011339576061 0.08416369026810702
2142 -0.01105969283614995 -0.004656521702946672 0.09015412134012082
2143 -0.01106210281405095 -0.004650793623820148 0.08816226243438738
2144 -0.01161352114162427 -0.003020947979202257 0.08716999010166027
2145 -0.006803569484690701 -0.009884909825941032 0.04830645315168696
2146 -0.005313115207343927 -0.01075968432592196 0.0492988911045558
2147 -0.003716537607479282 -0.01140996705570144 0.04830157990286014
2148 -0.003712769385342432 -0.01141119378028714 0.05029078283650391
2149 -0.002035721979568237 -0.01182606595710944 0.0512790719487097
2150 -0.01031525832314894 -0.006131512515416278 0.04931305135786557
2151 -0.009330113918944378 -0.007546454416447526 0.04831292003982657
2152 -0.008152036486315262 -0.008805924206225304 0.04731645994248641
2153 -0.006805851017395378 -0.009883339108267929 0.04631969496171147
2154 -0.009331855603356615 -0.007544300563876135 0.04632616184985108
2155 -0.01108719240044294 -0.004590660592503046 0.05030972173398133
2156 -0.01108842520585655 -0.004587682034985109 0.04831929232330701
2157 -0.01108577251314789 -0.004594088352081917 0.05229672130129945
2158 -0.01163032506604656 -0.002955594501633991 0.05130296226674089
2159 -0.01108513608231545 -0.004595623791885947 0.05427991788840099
2160 -0.003720173807448319 -0.01140878200520877 0.04631208133621889
2161 -0.002043120251673149 -0.01182479004622082 0.04730397306816701
2162 -0.005320670199369045 -0.01075595038244163 0.04531940427684714
2163 -0.003724418072362964 -0.01140739716246682 0.04432179744215401
2164 -0.006809527543102426 -0.009880806375986194 0.04432941106764659
2165 -0.01163216752945172 -0.00294833488036366 0.04733069479102232
2166 -0.01108986961269782 -0.004584189347459535 0.04633402441490656
2167 -0.01109176271312014 -0.004579606960846941 0.04434919193678111
2168 -0.01031943640900778 -0.006124478116578145 0.0453377894690658
2169 -0.009334971881357351 -0.007540444282286528 0.04434132937172564
2170 -0.01193451935627346 -0.001251897653458202 0.04832564265633982
2171 -0.01193491306758686 -0.001248138641796055 0.04634037474793937
2172 -0.01193418514664802 -0.001255079633141187 0.0503132355849874
2173 -0.01199075566794198 0.0004709336595714423 0.04932291554190445
2174 -0.01193379652608084 -0.001258769428489976 0.05230023515230552
2175 -0.01199048094503779 0.0004778772924985605 0.04534839055876862
2176 -0.0119353024848687 -0.001244409335663695 0.04435344269345113
2177 -0.01193572073193011 -0.001240391313003166 0.04236735534895879
2178 -0.01163408622088813 -0.002940754631882924 0.04335933953812954
2179 -0.01109330378341696 -0.004575872722096523 0.04236310459228877
2180 -0.01179849378010422 0.002189873174602112 0.04634514434230065
2181 -0.01179780894493739 0.002193559686617899 0.04435821228781241
2182 -0.01179940095136691 0.002184979905830184 0.0503176719244076
2183 -0.01179881796482106 0.002188125826595883 0.04833007899576001
2184 -0.01136270976168158 0.003858604264729165 0.0473399007248038
2185 -0.01199021846800467 0.0004844183001495351 0.04137600343234588
2186 -0.0119360094902023 -0.001237609570826176 0.04038190027702428
2187 -0.01179741465304197 0.00219567928081279 0.04237112740461422
2188 -0.011796902613262 0.00219842869641301 0.04038567233267971
2189 -0.01136144445448064 0.003862328301394251 0.04336788118814625
2190 -0.01179994262343854 0.002182052722451592 0.05230832143736727
2191 -0.01136423753511108 0.003854102391682442 0.05131548489122284
2192 -0.01199104343264247 0.0004635486991480867 0.05329979414015978
2193 -0.01180070400058058 0.00217793137878161 0.05429760710697502
2194 -0.01193335616441292 -0.001262937311693714 0.05428952082191327
2195 -0.01193642881098331 -0.001233558770520295 0.03839556179852299
2196 -0.01163607155609391 -0.002932889145784784 0.0393869137151359
2197 -0.01109706096650588 -0.004566753541154976 0.03838935225457177
2198 -0.01109551050621674 -0.004570519292863108 0.04037569073307307
2199 -0.01032491798522405 -0.006115232505669513 0.04136554313172464
2200 -0.009271267444106253 -0.007618635047031424 0.1020478453454285
2201 -0.01026974161173224 -0.006207447722555165 0.1010569018549431
2202 -0.008076738490727171 -0.008875037766252388 0.1030634609939527
2203 -0.009269381029195032 -0.007620930083369042 0.1040348320786173
2204 -0.006718067254756779 -0.009943217404872766 0.1040530868455113
2205 -0.0110529967365527 -0.004672393727176178 0.1020562675926982
2206 -0.01105223125654605 -0.004674204130312089 0.1000939530175482
2207 -0.01160895532762069 -0.003038446346623081 0.09911025119297168
2208 -0.01105401445187155 -0.004669985492248863 0.0981108854552166
2209 -0.01105574042954873 -0.004665897936565019 0.09612250418574751
2210 -0.0002445845746647851 -0.0119975071738189 0.08615938529274539
2211 -0.0002425164024957957 -0.01199754915782888 0.08815543019712219
2212 -0.0002270916440515709 -0.0119978510319641 0.09014147235524753
2213 -0.0002244498248938044 -0.01199790074455132 0.09212293652875633
2214 0.001493098546570546 -0.01190674836931683 0.08916284701163553
2215 -0.0002594077386578958 -0.01199719582340492 0.0781624899359341
2216 -0.0002549849670001558 -0.01199729063858186 0.08015609980417318
2217 -0.0002508552214637048 -0.01199737769922513 0.08214815035536172
2218 -0.0002487981525950731 -0.01199742053440094 0.0841435105486763
2219 0.001465324685935307 -0.01191019830081719 0.08115300481418351
2220 -0.0002668280394619367 -0.01199703308311505 0.07417071223363907
2221 -0.0002627258908303756 -0.01199712361802976 0.07616493396080791
2222 -0.0002767909973195801 -0.01199680735628454 0.07018211554798573
2223 -0.0002704878898908247 -0.01199695112524105 0.07217599444061665
2224 0.001451002304852533 -0.01191195165836869 0.07317112451972022
2225 -0.0002836787396553967 -0.01199664646360255 0.06621398140277478
2226 -0.0002804592282949669 -0.0119967221615433 0.06820429444371892
2227 -0.0002952892302091089 -0.0119963662944461 0.06221232649448141
2228 -0.0002890125508067435 -0.01199651915121533 0.06420443466746419
2229 0.001434786279253987 -0.01191391574306552 0.06521121778285358
2230 -0.0003181728341217083 -0.01199578117704833 0.05425460977007768
2231 -0.0003123352455658343 -0.01199593459028422 0.05625133623203703
2232 -0.0002977657297455299 -0.01199630507990644 0.05824371530985563
2233 -0.0002944053102091803 -0.01199638801945488 0.06022614368730063
2234 0.00141677360267882 -0.01191607118805324 0.0572369263553628
2235 -0.0003267106564842124 -0.01199555168164181 0.04630745232226986
2236 -0.0003228876237021273 -0.01199565519604744 0.04829695088891111
2237 0.00140290068541593 -0.011917712434308 0.04928981975205956
2238 -0.0003202171853709313 -0.01199572677890728 0.0502863404979567
2239 -0.000316535427534888 -0.01199582449534484 0.05227194081185815
2240 -0.0003304831325611103 -0.0119954483408955 0.04431577713285281
2241 0.001396499391798126 -0.01191846422357795 0.04530875495359691
2242 -0.002051432270746902 -0.01182335086337787 0.04332361511240383
2243 -0.0003350926177243991 -0.01199532045997716 0.04232491774373088
2244 -0.003728801335604561 -0.01140596513231536 0.04233093805303208
2245 -0.01198989257354654 0.0004924185971442648 0.03740599985374667
2246 -0.01193696328090946 -0.001228376013368556 0.03641101329185829
2247 -0.01135980424698461 0.003867149786365984 0.03939705013818667
2248 -0.0117963642161416 0.002201315806542555 0.03840192616591832
2249 -0.01179540732176732 0.002206437425715468 0.03641737765925362
2250 -0.01105126070654718 -0.004676498347687747 0.1040414278726613
2251 -0.01160666391391939 -0.003047187685279882 0.1030784790352663
2252 -0.009270930434841108 -0.007619045141770514 0.1060855021274949
2253 -0.01027201987874244 -0.006203676942807398 0.1050698864789707
2254 -0.01105221137108909 -0.00467425114951786 0.1060920979215388
2255 -0.01192382743342605 -0.001349940494198267 0.1040886944050811
2256 -0.01192432796187855 -0.001345512042889707 0.1021035341251181
2257 -0.01199394334581246 0.0003812125620189766 0.1011250683405913
2258 -0.01192449653700917 -0.001344017239047335 0.1001148529707765
2259 -0.01192500863862851 -0.001339465926642229 0.09813178540844486
2260 0.003178757441942853 -0.01157132235854195 0.0941146068846124
2261 0.00480775594064014 -0.0109947934412266 0.09509460713313331
2262 0.006337915694939605 -0.01018974114704776 0.09608757416127572
2263 0.007736643779182606 -0.009173022568054386 0.09707917152222592
2264 0.006326917352574716 -0.01019657377817122 0.09411310458560332
2265 -0.011098514265988 -0.004563220473268937 0.0364054086540688
2266 -0.01032981231351883 -0.006106961402160231 0.03739418567200596
2267 -0.01163788220459869 -0.002925696120906142 0.03541801595233093
2268 -0.01109978582115436 -0.004560126612770809 0.03442284936976513
2269 -0.01193730522391249 -0.001225048566854237 0.03442845400755461
2270 -0.005276574672403568 -0.01077765093731232 0.104936670318176
2271 -0.006767610040993504 -0.009909563781168366 0.1059340311998062
2272 -0.008073321181984758 -0.008878146489696835 0.1068255307054884
2273 -0.009269883401149145 -0.007620319004418358 0.1078605851058418
2274 -0.006766248286809131 -0.009910493636608245 0.1077091141781531
2275 0.003092241049065418 -0.01159474214005964 0.04430835375086752
2276 0.003095887337414085 -0.01159376908490242 0.04630002894028457
2277 0.00473101764900221 -0.01102803119350093 0.04729228176191351
2278 0.00309963525522669 -0.01159276762833431 0.0482926829646429
2279 0.003102215919345752 -0.01159207731123968 0.0502820725736885
2280 -0.0003398427398673143 -0.0119951868227285 0.04033566884221431
2281 0.001388031077586214 -0.0119194534156418 0.04132783086266328
2282 0.003081659188873623 -0.01159755908127356 0.04032780033085747
2283 0.003086251582107406 -0.01159633783450359 0.04231704923237404
2284 0.00472175446564795 -0.01103200048795021 0.0433083232190617
2285 -0.002060074528016854 -0.01182184811859026 0.03934540961938693
2286 -0.0003440017274734307 -0.01199506827039743 0.03834832273831933
2287 -0.003732372332705521 -0.01140479709464637 0.04034557229255926
2288 -0.003736326414651307 -0.01140350230951785 0.03835822618866428
2289 -0.005328038254927869 -0.01075230246756597 0.04134375462230944
2290 -0.0003497964426474405 -0.01199490068523751 0.03636108746317063
2291 0.001377552211018814 -0.01192066902090303 0.03735134668599801
2292 0.003069585529217228 -0.01160076052157013 0.03635276205042456
2293 0.003075189438312108 -0.01159927626701311 0.03833999732557327
2294 0.00470989956687669 -0.01103706691426372 0.03932921569528403
2295 -0.002068007554512183 -0.01182046296701109 0.0353728053224284
2296 -0.0003536871396105171 -0.01199478659281915 0.03437582927010707
2297 -0.003739828378268407 -0.01140235430519059 0.03637016612743003
2298 -0.003743526696112214 -0.01140114063922971 0.03438490793436648
2299 -0.005334705898801207 -0.010748995905353 0.03737032880060236
2300 -0.01192416222369634 -0.001346980052923239 0.1058888006469709
2301 -0.01199389639680132 0.0003826868469078185 0.1049138557368227
2302 -0.0116086754562475 -0.003039515446829788 0.1071956500597972
2303 -0.01192554642443641 -0.001334669426716579 0.1080208113915388
2304 -0.01105703094466379 -0.004662838908727954 0.1082241086661067
2305 -0.01181588463774555 0.002094008172736861 0.102109687636755
2306 -0.01181562204715107 0.002095489355467493 0.1001210064824133
2307 -0.01181678631723435 0.002088913864385742 0.1040968243150395
2308 -0.01139565319769929 0.003760197893431397 0.1030927624568616
2309 -0.01181626732594624 0.002091847623938067 0.1058969305569293
2310 -0.01139250182680551 0.003769735020692198 0.099117800978784
2311 -0.01181477051323006 0.002100285151999464 0.09813318168262029
2312 -0.01181432261744903 0.002102803150756669 0.09613169646014924
2313 -0.01199381362453644 0.000385272293169608 0.09713490196377859
2314 -0.01192529384413198 -0.00133692435504325 0.09613030018597381
2315 -0.01073466560402578 0.005363483417495192 0.1001158894720597
2316 -0.0107324876781035 0.00536784018385016 0.09812806467226663
2317 -0.01073770102140378 0.005357403921205133 0.1021036268320822
2318 -0.009856317272113276 0.006844925845576526 0.1011138905255648
2319 -0.01074000972995587 0.005352774140616558 0.1040907635103667
2320 -0.009849568046997787 0.006854634146879046 0.09713698253445913
2321 -0.01073023730169614 0.005372337242698826 0.09613889404118343
2322 -0.01072882983006293 0.005375147484260482 0.09414819482516934
2323 -0.01138998179280254 0.003777342287856194 0.09513927696297686
2324 -0.01181377145344642 0.002105897444258486 0.09414099724413516
2325 -0.008764759680509942 0.008196278896115437 0.0981358794259187
2326 -0.008761324198234182 0.008199951115307713 0.0961467087948355
2327 -0.008767316727869026 0.008193543640771555 0.1001248492221633
2328 -0.007497760305669226 0.009369289748894038 0.09913457548253972
2329 -0.008771955017062358 0.008188577726237599 0.1021125865821859
2330 -0.007490950884436521 0.009374734921423629 0.09515320470944738
2331 -0.008757924228783315 0.008203582339617868 0.09415430781798781
2332 -0.008755441724997429 0.00820623179054638 0.09216128767492013
2333 -0.009844619035786491 0.006861740015493903 0.09315479176030825
2334 -0.01072720301663798 0.0053783933883487 0.09215517468210167
2335 -0.006068100970679497 0.01035268808617542 0.09615473009790237
2336 -0.006063808834709564 0.01035520267383011 0.09416232912105467
2337 -0.006073910600337169 0.01034928065225365 0.100139008899893
2338 -0.006070681032334411 0.01035117538271163 0.09815003910364836
2339 -0.004517799732596513 0.01111708080280749 0.09715916351525566
2340 -0.004510336918248085 0.01112011065070345 0.09317130046660174
2341 -0.006059438748080306 0.01035776047503817 0.09216977507814675
2342 -0.006055754302036771 0.01035991504952445 0.09017856457534662
2343 -0.007483728031326593 0.009380501839088173 0.09116959322979953
2344 -0.008752522367155801 0.008209345419242476 0.09017007717211999
2345 -0.006077269290438289 0.0103473087308486 0.1041261972103147
2346 -0.006077598400762582 0.01034711542793682 0.1021293611249772
2347 -0.007500385492485938 0.009367188343580289 0.1031203813641219
2348 -0.00877169456126406 0.008188856728743671 0.1041094226675234
2349 -0.004524531475237077 0.01111434275742785 0.1011448247460858
2350 -0.002866956557856507 0.01165249158314923 0.09417240241616015
2351 -0.002862039343606826 0.01165370030486655 0.09217984837325224
2352 -0.002872005947768575 0.01165124808061273 0.0961650113251917
2353 -0.001164299941789174 0.01194338334164778 0.0951735592318422
2354 -0.002874909755028898 0.01165053191491443 0.09816032033093772
2355 -0.004501133110215278 0.01112383929783794 0.08918592169387859
2356 -0.006051552162139941 0.01036237021288563 0.08818573984553137
2357 -0.002857855349050367 0.01165472705831862 0.0901858277867511
2358 -0.002853128338860653 0.01165588515223062 0.08819300305693586
2359 -0.001154836049076107 0.01194430214368986 0.09118692973630951
2360 -0.006048025313996308 0.01036442906296627 0.08619358481770772
2361 -0.007477197398521935 0.009385708234520014 0.08718622769917575
2362 -0.008748175060242206 0.008213977910571485 0.08618555344341999
2363 -0.008750969915494903 0.008211000276342898 0.08817770847124362
2364 -0.009841244257260032 0.006866579313526239 0.08916940291636422
2365 -0.004492111034998815 0.01112748572001968 0.08520105535861366
2366 -0.006043823518224606 0.01036687982377317 0.08420154321225806
2367 -0.002847949918326459 0.01165715150723813 0.08619923708606178
2368 -0.002843224370747699 0.01165830498732926 0.08420719548061209
2369 -0.001145241269281033 0.01194522592650033 0.08719914317893429
2370 -0.006040292331983905 0.0103689376767428 0.08220823048938333
2371 -0.00747080488282685 0.00939079732518653 0.08320075994847739
2372 -0.008744863932812897 0.008217502953853329 0.08219910994416366
2373 -0.008747662209165888 0.008214524080817524 0.08419242266703839
2374 -0.009839516842673786 0.006869054396548253 0.08518390343910626
2375 -0.00448324233778169 0.01113106186043011 0.08121430175289998
2376 -0.00603623219569304 0.01037130179291292 0.08021351848911934
2377 -0.002836550101470947 0.0116599306825489 0.08221604647314557
2378 -0.002831984757805747 0.0116610403623157 0.08022133447288156
2379 -0.001133095948519523 0.01194638412120792 0.08321422820059367
2380 -0.006032571322381859 0.01037343160387998 0.07821920851216077
2381 -0.007464290259539193 0.009395976315495285 0.07921313724864412
2382 -0.008737287997409962 0.008225557637650824 0.07821235304097107
2383 -0.008740190621246717 0.00822247334469811 0.08020666301792964
2384 -0.009835180754853907 0.006875261414619181 0.08119832573649062
2385 -0.00447459118223026 0.01113454236831973 0.07722584070671237
2386 -0.006028571248780321 0.01037575677714061 0.07622545946623716
2387 -0.002828411082330892 0.01166190768053614 0.07822831975534153
2388 -0.002823914456479788 0.01166299734812987 0.07623457070941791
2389 -0.001122595810820164 0.01194737538731955 0.0792300644755871
2390 -0.006024704125391008 0.01037800270772255 0.0742311591985359
2391 -0.007457470461034489 0.009401390020778739 0.0752245270039843
2392 -0.008731494108630999 0.008231707637601214 0.07422070223716135
2393 -0.008734561190174458 0.00822845312407491 0.0762150025048626
2394 -0.00982898920174733 0.006884110056640176 0.07720852827414812
2395 -0.004466103936712279 0.01113794934565978 0.0732376112084745
2396 -0.006020795719335678 0.01038027065668469 0.07223667874622164
2397 -0.002818288750581024 0.0116643580414161 0.07423872475335876
2398 -0.002813896177161092 0.0116654184795985 0.07224424430104448
2399 -0.001113171631418034 0.0119482571498527 0.0752412038019879
2400 -0.006016863690538121 0.01038255032877202 0.07024347971188449
2401 -0.007450403926618033 0.009406991088027809 0.07123702770194591
2402 -0.008724799892842808 0.008238802511885458 0.07023445509693257
2403 -0.008727919768581303 0.008235497344617851 0.07222765413126972
2404 -0.009823716108385325 0.00689163273991372 0.07321812963214802
2405 -0.004457832577223229 0.01114126243804746 0.06924880473245315
2406 -0.006013063747546876 0.01038475153135295 0.06824915368817744
2407 -0.002810124376914122 0.01166632765639098 0.07024973101373558
2408 -0.0028058548446741 0.01166735525261055 0.06825540499002852
2409 -0.001103545204679018 0.01194915009451425 0.07125084455861985
2410 -0.006009059144624039 0.01038706927850249 0.06625475970860009
2411 -0.007443211639309316 0.009412682959308166 0.06724943468803143
2412 -0.008718404074507273 0.008245570349806917 0.06624691303024177
2413 -0.008721582756161738 0.008242208091732593 0.06824130700981912
2414 -0.009818030470858071 0.006899730260908931 0.06923193343914291
2415 -0.00444972370588398 0.01114450353049853 0.0652605586038581
2416 -0.006005301093285473 0.01038924245452883 0.06426083960371209
2417 -0.002801593981046121 0.01166837911474281 0.06626123961480711
2418 -0.002797372609005001 0.01166939186446271 0.06426731950991911
2419 -0.001095317972392071 0.01194990705149437 0.06726216589608953
2420 -0.006001304930930834 0.01039155133394361 0.06226595827422016
2421 -0.007435959954888165 0.009418412793528409 0.06326015937896215
2422 -0.008715216502825829 0.008248939405091561 0.06425366216955511
2423 -0.009812667065260039 0.006907355866491963 0.06524553449134281
2424 -0.008712043303806399 0.008252290680326407 0.06225878084006319
2425 -0.0106937175875338 0.005444667497475886 0.052314454719769
2426 -0.01069236658193838 0.005447320155585448 0.05032380520680932
2427 -0.009799473059010478 0.006926061490178082 0.04933615761073267
2428 -0.01069178133965977 0.005448468755981184 0.04833718778218651
2429 -0.01069097431939712 0.005450052119199521 0.04635225312872715
2430 -0.001086574484074787 0.01195070524657677 0.06327354708228278
2431 -0.002793095885715152 0.01167041624678405 0.06227286607133377
2432 -0.002789273008492924 0.01167133051901508 0.06027499374969082
2433 -0.004442040518344278 0.01114756816679708 0.06126876617732717
2434 -0.00599790078284546 0.01039351654634474 0.06026808595257722
2435 -0.01068951650005672 0.0054529108735624 0.0403916211926515
2436 -0.01068818163357476 0.005455526864356478 0.03840787502589012
2437 -0.01069018157381099 0.005451606911631826 0.04237889855168504
2438 -0.009798358166610295 0.006927638648112452 0.04138972343938849
2439 -0.01069116085326079 0.00544968619369079 0.04436598343488324
2440 0.0005628875495028183 0.01198679096366558 0.09617432086701957
2441 0.0005680820258875773 0.01198654590830334 0.09418171195798802
2442 0.002288893728416511 0.01177968443974691 0.09318908590417906
2443 0.0005735578999322332 0.01198628513491254 0.0921883242690017
2444 0.0005778610747958319 0.01198607844869354 0.09019430368250056
2445 0.0005577521327982533 0.01198703101515797 0.09816733319402106
2446 0.002278464765070737 0.0117817060867402 0.09717548592016687
2447 -0.001174603293812075 0.01194237443317558 0.09916140926390002
2448 0.0005526052726993199 0.01198726938933905 0.1001625743170473
2449 -0.002879911817859986 0.01164929645606765 0.100155561453964
2450 0.000616240964868422 0.01198416651558289 0.0762440861483919
2451 0.0006220211791403278 0.01198386789199134 0.07424824019233273
2452 0.0006228605439942517 0.01198382429538815 0.07225811326636017
2453 0.0006267351113073464 0.01198362228628116 0.07026359997905127
2454 0.002339350372805916 0.01176976804500636 0.07326099561276417
2455 0.000605632094030772 0.01198470732920416 0.08023639620417028
2456 0.000609304796292945 0.01198452116962603 0.07824338148663026
2457 0.0005936888076727171 0.01198530490223942 0.08420879399051831
2458 0.0006005497051016922 0.01198496308094866 0.08221764498305176
2459 0.002319907677554752 0.01177361577288908 0.08123096199409492
2460 0.0006428363650329714 0.0119827693546939 0.06427460263517171
2461 0.0006472277021895699 0.01198253296684463 0.06228014919658635
2462 0.0006360713476262475 0.01198313036066657 0.06627090796738376
2463 0.002356560376671316 0.01176633431409727 0.06527751008168733
2464 0.0006316953141443871 0.01198336184174074 0.06826507334260518
2465 -0.001078378027815628 0.01195144764575089 0.05928445037685225
2466 -0.002785545515683651 0.01167222070473544 0.05828035048284565
2467 0.0006512164344565729 0.01198231685257462 0.0602853210268645
2468 0.0006550430682649494 0.0119821082693622 0.05829067776001932
2469 0.002367118952009731 0.0117642147152726 0.06128637657975343
2470 -0.002781309839713825 0.01167323072570362 0.05629486485359644
2471 -0.004434342883083652 0.01115063241234529 0.05728540822643503
2472 -0.00599405455448312 0.01039573518313545 0.05629965050481443
2473 -0.005997826454800588 0.01039355943929192 0.05828513613406362
2474 -0.007432269694064727 0.009421325129443681 0.05928232823095662
2475 0.002374883776339958 0.0117626496610618 0.05729683691127836
2476 0.0006589635743898918 0.01198189329812394 0.05629596626126611
2477 0.000662600273616471 0.011981692738399 0.05430184402308537
2478 -0.001070933521588661 0.01195211702554563 0.05529568487182633
2479 -0.002777766666907936 0.0116740743677696 0.05430074261541572
2480 -0.00979585285819857 0.006931180763803733 0.03741720927437951
2481 -0.01068687436903317 0.005458087230935564 0.03642263821991468
2482 -0.01068531140816118 0.005461146409923508 0.03443789232626589
2483 -0.01135774912383728 0.003873181488127507 0.03542855807777651
2484 -0.01179477518689969 0.002209814085052263 0.03443263176560484
2485 -0.00870332944146196 0.008261480293106161 0.03841196061851913
2486 -0.008701350023308539 0.00826356507639823 0.03642672381254369
2487 -0.008702665850515354 0.008262179318695152 0.04038762280545968
2488 -0.007428690272349562 0.00942414775125576 0.03939713734362386
2489 -0.008703673617332187 0.00826111769453478 0.04237490016449322
2490 -0.01074230533449992 0.005348165676227179 0.1060770130796017
2491 -0.009863125209326994 0.006835112369605811 0.1050878774548223
2492 -0.01139460115297438 0.003763384721847461 0.1070895493838018
2493 -0.01073850119798268 0.005355799848848404 0.1080866633282574
2494 -0.01181477747656962 0.002100245980627771 0.107906580805585
2495 -0.01070294101351253 0.005426513951080514 0.06424493541881554
2496 -0.01070503756670532 0.005422376849263408 0.06623818627950218
2497 -0.0113743335139249 0.003824204115107471 0.06723021418640315
2498 -0.0107072142192394 0.005418077487755016 0.06823081325893042
2499 -0.01070932864917581 0.005413896922175586 0.07022396134604389
2500 -0.0107023439163445 0.005427691470255456 0.06225592389013242
2501 -0.01137237555912636 0.003830022733899306 0.06324857567829179
2502 -0.008706192624237268 0.008258462931422322 0.06027265437031799
2503 -0.009805096160670223 0.006918098675214891 0.06126615716091097
2504 -0.0106984945623198 0.005435274979245639 0.06026979742038721
2505 -0.01071633456795955 0.005400016058083092 0.07620645055716524
2506 -0.01071812379248539 0.005396463876369294 0.07820380109327373
2507 -0.01138399865018456 0.003795335918281289 0.07919922014494983
2508 -0.01072034697940288 0.005392046053327764 0.08020129786193271
2509 -0.01072341078766492 0.005385950341303902 0.08219374478816673
2510 0.003064566305529748 -0.01160208745696272 0.03436489555690666
2511 0.004698965575971541 -0.01104172642822826 0.03535354619648192
2512 0.001367021440230431 -0.01192188124340913 0.03337251040020652
2513 0.003059922156023879 -0.01160331316474196 0.03237329454626388
2514 -0.0003584881988270795 -0.01199464406355194 0.03238422825946428
2515 0.004041990850110897 0.01129877471089763 0.05829755838094233
2516 0.004045687588457306 0.01129745156823443 0.05630284688218912
2517 0.004038402457095075 0.01130005776952173 0.06029317962736827
2518 0.005625148279010682 0.01059989183148315 0.05929918959827901
2519 0.004034640648848108 0.01130140145445079 0.06228800779709012
2520 0.002381877580490934 0.01176123544495027 0.05330803069964052
2521 0.0006658043148512493 0.01198151512181683 0.05230774931020074
2522 0.004047507222216713 0.01129679978073895 0.05431339680060854
2523 0.004050527992885095 0.01129571701924469 0.05231930208772391
2524 0.005630221207109343 0.01059719817494304 0.05531411827027251
2525 0.0006698393075841695 0.01198129021858728 0.05031457316951971
2526 -0.001063280480478141 0.01195280028360861 0.05130838649296456
2527 -0.002768564401841026 0.01167626015267126 0.0503064716922781
2528 -0.002772496474217312 0.01167532711749237 0.05229964783295914
2529 -0.004425261572044201 0.01115423955359526 0.05329882781472926
2530 0.002387456925731342 0.01176010414187636 0.0493223793401412
2531 0.0006723193449210547 0.0119811513093878 0.04832301652290501
2532 0.004053692543042544 0.0112945817437602 0.05032001092417897
2533 0.004056030363553067 0.01129374241294424 0.04832845427756428
2534 0.005634896560836327 0.01059471286768428 0.05132537702514699
2535 0.0006748530691908236 0.01198100886131897 0.0463414100173258
2536 -0.001056727217047002 0.01195338142906651 0.04733360384670431
2537 -0.002761874840848572 0.01167784429436733 0.04633331148504924
2538 -0.002764344375900939 0.0116772599599146 0.04831491799062845
2539 -0.004416193680169736 0.01115783282628078 0.04930617933062303
2540 0.00239371730117292 0.0117588314675424 0.04533691591146469
2541 0.0006787513568025068 0.01198078864664755 0.04434750323526399
2542 0.003991682151970889 0.01131664586340127 0.04645694828006271
2543 0.00399536409675451 0.0113153464699215 0.04446304149800089
2544 0.005577478587028577 0.01062505212275393 0.04745457986410048
2545 0.003944482177678632 0.01133318403406455 0.09811564324578484
2546 0.003949337163324318 0.01133149310419353 0.09612263091878336
2547 0.003957807843934863 0.01132853728733271 0.09419047988617334
2548 0.003962982759615428 0.0113267280203504 0.09219709219718701
2549 0.005541480320061897 0.0106438712817455 0.09513063721179131
2550 0.0005465878127377658 0.01198754527678484 0.1021521675343379
2551 0.002267502075908288 0.0117838208716762 0.1011580914644589
2552 0.00393206644587899 0.0113374976721141 0.1021004904361619
2553 0.003937757167267266 0.0113355224181171 0.1001108972188714
2554 0.005527202318224234 0.01065129262265462 0.09905804221748785
2555 0.005554314621410378 0.01063717956445161 0.09120383304287416
2556 0.003968176098079834 0.01132490964443549 0.09020243906087988
2557 0.00397245400895543 0.01132340978445689 0.08820741517476829
2558 0.002298724354727044 0.01177777000713568 0.08920067432908113
2559 0.0005823889963269603 0.01198585929572666 0.08819927979638895
2560 -0.01072504977745274 0.005382685878923355 0.08418787748866477
2561 -0.01072538582081688 0.005382016257372356 0.08618100826504639
2562 -0.01138777269276162 0.003783996973835028 0.08717460343571756
2563 -0.01072525092351646 0.005382285074910965 0.08817062938615902
2564 -0.01072626846154873 0.005380256953973956 0.09016299808703539
2565 0.0006725728771666067 0.01198113707979755 0.0423631439641874
2566 -0.00106036355745503 0.0119530594044379 0.04336763807004851
2567 -0.002758072848777167 0.01167874283306376 0.0443421051255892
2568 -0.004408527604587767 0.01116086396116303 0.04532341926951335
2569 -0.002764095109001423 0.01167731896577268 0.04235774585451262
2570 0.002367164817951053 0.01176420548633246 0.04137177537256329
2571 0.0006416240261823782 0.01198283433120167 0.04039191020734781
2572 0.003887735999801578 0.01135277537855157 0.04216820448262722
2573 0.003858399446811009 0.01136277931268792 0.04019697072578762
2574 0.005415470187788965 0.01070853316963481 0.04328823685122522
2575 -0.007426973510566946 0.009425500754513625 0.0354383389046211
2576 -0.008699180758564899 0.008265848663616716 0.03444358756048148
2577 -0.00869537969858843 0.008269847150786777 0.03245912223300806
2578 -0.009791003448626623 0.006938029364955266 0.03344750714093066
2579 -0.010682799571893 0.005466058297051249 0.03245342699879249
2580 -0.006002089751887776 0.01039109804641856 0.03643189270936853
2581 -0.005999362159569844 0.01039267307665941 0.03444875645730631
2582 -0.00601117270623099 0.01038584626767909 0.03840327825748259
2583 -0.004460535367607025 0.01114018061946605 0.03741369581016779
2584 -0.006010338494693868 0.01038632905213392 0.04037894044442313
2585 0.007026057636231345 0.009728027245662669 0.09220587716590267
2586 0.007030517584815273 0.009724804496214988 0.09021122402959555
2587 0.007021494546806677 0.009731321304384317 0.09420155240458523
2588 0.008351696202047225 0.008616795840027194 0.09320894339130661
2589 0.007014217139395333 0.009736568077172405 0.09613370343719525
2590 0.006367969133911544 -0.0101709866340267 0.1119904230237175
2591 0.004838546044301477 -0.01098127825788849 0.1109927590222688
2592 0.003214488341920427 -0.0115614473445005 0.1120145824968068
2593 0.00321629180601276 -0.01156094576661335 0.1100316103872784
2594 0.001522286283177824 -0.01190305189739374 0.1090340433971818
2595 0.007030733566054899 0.009724648349588224 0.05240607057377278
2596 0.007033457834594241 0.009722678174710141 0.05040677941022784
2597 0.006956665565878729 0.009777770922072025 0.04815605117521062
2598 0.006900899079411525 0.009817208966696042 0.04628454517770904
2599 0.008228373964088632 0.008734635762704036 0.04923674472383639
2600 -0.0118014880739189 0.002173678734576446 0.05628186468453326
2601 -0.01136658039607107 0.00384718729718906 0.05529039198174075
2602 -0.01069517643399152 0.005441801268494872 0.0543043539291603
2603 -0.009802072663651585 0.006922381923622412 0.05331267424474678
2604 -0.01069713674756886 0.005437946800384481 0.05628861150671854
2605 -0.01181356938994726 0.002107030675832991 0.09215108420948272
2606 -0.0119936939824136 0.0003889789919979256 0.09314350370665511
2607 -0.01192595182556167 -0.001331042093392332 0.09214195756087604
2608 -0.01192582408988939 -0.001332186089483748 0.09413187059552848
2609 -0.01161131872298343 -0.003029402170939744 0.09512875404019475
2610 -0.01162776829587221 -0.002965637276793816 0.05527888763137197
2611 -0.01193265414504345 -0.001269553092539776 0.05627844661922624
2612 -0.01199130457322434 0.0004567435080753929 0.05727495128315117
2613 -0.01180196221952574 0.002171102892284697 0.0582677361579169
2614 -0.01193237676840963 -0.001272157481099772 0.05826431809260987
2615 -0.004447978477414935 0.01114520019849143 0.03345817050976534
2616 -0.005996736913500055 0.01039418810635375 0.03246461670501791
2617 -0.00599353105346298 0.01039603700989829 0.03048022356830645
2618 -0.007421591527483051 0.00942973908436452 0.03147080951584742
2619 -0.008692828858447937 0.008272528418671933 0.0304747290962966
2620 -0.002807885521344603 0.01166686671300497 0.03445283801798701
2621 -0.002804938532264742 0.01166757557636618 0.03246869826569862
2622 -0.002810348541074151 0.01166627365861449 0.03643750653871056
2623 -0.001109539624012734 0.01194859497274662 0.03544803429464384
2624 -0.002820547639647385 0.01166381202748396 0.03840889208682462
2625 0.006231977120795613 -0.0102548749951367 0.03435544009459945
2626 0.006236413191981974 -0.01025217784175017 0.03634330658811735
2627 0.007646395388384356 -0.009248385673429414 0.0373255766791621
2628 0.006242956296985329 -0.01024819480074082 0.03832368278104457
2629 0.006248671903685429 -0.0102447108031458 0.04031148578632877
2630 0.008191618561592354 0.008769115425251033 0.08921738900194622
2631 0.006845640583147496 0.009855820869230732 0.08821534487891772
2632 0.00556019084132593 0.0106341091685216 0.0871957693946602
2633 0.003973517969545586 0.01132303647197598 0.08619400466286145
2634 0.006846566632440914 0.009855177590867995 0.08620193436701087
2635 0.006265605862326953 -0.01023436286135948 0.04629174305573858
2636 0.006268914140273433 -0.01023233675666902 0.04828439708009691
2637 0.006262175243113483 -0.01023646233933074 0.04429925351183144
2638 0.007670209220437185 -0.009228645107204005 0.04529136883001485
2639 0.006256886948154286 -0.01023969558717526 0.04230794899333797
2640 0.007676326589532071 -0.009223557344693149 0.04927723514042762
2641 0.006272268768606137 -0.01023028076322288 0.05027777384660255
2642 0.006274854001289684 -0.01022869528642333 0.05227074419118999
2643 0.004737369092824454 -0.01102530426239347 0.05127790613085928
2644 0.003105145411336831 -0.01159129293799677 0.05227504291827594
2645 -0.005978980731640187 0.01040441201657621 0.04435403257129023
2646 -0.005982367681146386 0.01040246494478954 0.04634523893075027
2647 -0.005982339101839853 0.01040248138044947 0.04832780262325884
2648 -0.00598609820776382 0.01040031866083952 0.05031935632490848
2649 -0.007426314676450683 0.009426019856033255 0.04735841592503571
2650 -0.00935074187203944 -0.007520879366303409 0.03639760247027858
2651 -0.009348347067203302 -0.007523855867247286 0.03838154607078155
2652 -0.009339121863234363 -0.007535303764524556 0.04235441954047219
2653 -0.009342756816424418 -0.00753079644321602 0.04036700568125648
2654 -0.008170287614835793 -0.00878899313293968 0.0393704224795291
2655 -0.01110150845819363 -0.004555931293671509 0.03244029696494238
2656 -0.01033406204048077 -0.006099767351587643 0.03342768966668026
2657 -0.009356758276086069 -0.007513393012673758 0.0324325274696127
2658 -0.00935391803645696 -0.007516928719047771 0.03441507987443543
2659 -0.008180521988749533 -0.008779468092748295 0.03540244027321102
2660 -0.01068028309273626 0.005470973684730357 0.03047057119174205
2661 -0.0113548548137638 0.003881658428860664 0.03146095637707729
2662 -0.01179264194850568 0.002221169933693517 0.03046479983530454
2663 -0.01179366282866405 0.002215743009418711 0.03244765564235497
2664 -0.01198942597224054 0.0005036515225471077 0.03343647522383209
2665 -0.0118055723614155 0.002151385883420859 0.06623042556733538
2666 -0.01180643536209429 0.00214664483338291 0.06822305254676363
2667 -0.01180464311851038 0.002156478806899217 0.06424545197015273
2668 -0.01199213696766389 0.0004343396698312423 0.0652382903305132
2669 -0.01180440578835522 0.00215777755661832 0.06225644044146961
2670 -0.01199250030680483 0.0004241890984997925 0.06921350525043479
2671 -0.01180732521534086 0.002141744909921783 0.07021329386950254
2672 -0.01180818566696387 0.002136995848032691 0.07220590809336941
2673 -0.01137740365085356 0.003815060440614816 0.07121545538969824
2674 -0.01071150524428506 0.005409589208216612 0.07221657556991073
2675 0.006227633197545477 -0.01025751357575653 0.03236741886478786
2676 0.007636570389463493 -0.009256500023592578 0.0333571792564233
2677 0.004686587615286005 -0.01104698585697691 0.03143306385260909
2678 0.006220573414055523 -0.01026179645093127 0.03043480301443294
2679 0.0030519370628285 -0.01160541598412283 0.03044067869590895
2680 -0.002075664733543151 -0.01181912077584138 0.03140313485089825
2681 -0.0003623680005229816 -0.01199452747848772 0.03039981598099771
2682 -0.003750921455610686 -0.01139870993726217 0.0326190957761765
2683 -0.003754608317348442 -0.01139749605761274 0.03063468349770992
2684 -0.005344977117004726 -0.0107438922006271 0.03361645658117814
2685 0.007091027023802919 0.009680771443831154 0.06029958332083458
2686 0.007094101020780639 0.009678519034798614 0.05830396207440865
2687 0.008415824513434188 0.008554174288561124 0.05730843864317064
2688 0.007098188939749035 0.009675521369705328 0.05630804492061507
2689 0.007099747288794229 0.009674377935312378 0.05431859483903451
2690 0.007087338452369584 0.009683472190364544 0.06228567394390301
2691 0.008408949349141163 0.008560932825549936 0.06129044642003265
2692 0.005617690124338398 0.01060384636190618 0.06329183081964213
2693 0.007083601052315884 0.009686206488178398 0.06428269391884019
2694 0.004030279113785706 0.01130295758927648 0.0642850277720273
2695 0.008916200247793535 -0.008031274689689458 0.04429163419872494
2696 0.008918891601765528 -0.008028285781906142 0.04628412374263208
2697 0.008922110272595015 -0.008024708610513813 0.04827654581039707
2698 0.008924740924060049 -0.008021782809226873 0.05026992257690271
2699 0.009982197870836526 -0.006660009434487817 0.04727681117910716
2700 0.008956163111250718 -0.0079866853152401 0.04214812820807488
2701 0.007659708991702753 -0.009237362078127498 0.04130241607909851
2702 0.0089497542878983 -0.007993866285236826 0.04015166500106569
2703 -0.009798966057606792 0.006926778775294474 0.04536327049226595
2704 -0.008702692807013707 0.008262150924956036 0.0463626962093185
2705 -0.008702975592362898 0.008261853051146314 0.04437642651547459
2706 -0.007427136963019735 0.00942537195725166 0.04337432588154577
2707 -0.008707056933860766 0.008257551668049505 0.05431038114471012
2708 -0.008704843506859711 0.00825988495810216 0.05232048193531882
2709 -0.007427755995758284 0.009424884130188384 0.05132958422641322
2710 -0.008703557625178878 0.008261239898779759 0.05033187732644988
2711 -0.008702670107903421 0.008262174834328081 0.04834525990182707
2712 -0.008708362289386378 0.00825617503670999 0.05630097593329056
2713 -0.007430712767976119 0.009422553144442151 0.0553087836238626
2714 -0.01069566861270561 0.005440833844842537 0.05827734012523238
2715 -0.009802059531707189 0.00692240051838004 0.05729130207265193
2716 -0.008706133564683373 0.0082585251924235 0.05828970455180439
2717 -0.01193054421221729 -0.001289230313143634 0.06424231480111087
2718 -0.01192998690618441 -0.001294377231825609 0.06622728839829353
2719 -0.01192914803639333 -0.001302085682976833 0.06821462789861064
2720 -0.01192860663606612 -0.001307036235916757 0.07020486922134955
2721 -0.01161928763187586 -0.002998692202900587 0.06721865236920831
2722 -0.01180308886532333 0.002164969569596864 0.06026019345307174
2723 -0.01199167844920096 0.0004468198417362322 0.06125706974493268
2724 -0.01193266650202931 -0.001269436942643312 0.06024713758410816
2725 -0.01193189082030244 -0.001276707269652055 0.06224338457250603
2726 0.007681992028805379 -0.009218839323329734 0.0532636368918754
2727 0.006277784410399831 -0.01022689703167783 0.05426376917613213
2728 0.008927725195604164 -0.008018461375586629 0.05225728713430407
2729 0.008930022232379283 -0.008015903126236727 0.05425031211924619
2730 0.009987343764949924 -0.006652290171115199 0.05125659780427351
2731 0.006280337380055703 -0.01022532945154703 0.05625486825938568
2732 0.00474290733824638 -0.01102292293272563 0.05526197555870029
2733 0.003106456989267504 -0.01159094150506468 0.05624881095974903
2734 0.003103563190739996 -0.01159171667705365 0.05425771187649546
2735 0.00140392701184491 -0.01191759157486999 0.05326187831932468
2736 -0.01199285670481706 0.0004139904077686469 0.0731980284232939
2737 -0.0118091150040548 0.002131854315146268 0.07420018994348959
2738 -0.01192862575447267 -0.001306861740862914 0.07219706595001391
2739 -0.01192805561105411 -0.001312055387398154 0.07419134780013409
2740 -0.01161739153518855 -0.00300602959368825 0.07119818859818976
2741 0.007687214313733282 -0.009214485123691619 0.05724943252858471
2742 0.006283201240518274 -0.01022356993281455 0.05824763891115287
2743 0.008932133100708931 -0.008013550915244742 0.05624939440784094
2744 0.008934377339699677 -0.008011048717356608 0.05824216505960812
2745 0.009554888066843074 0.007259759915458627 0.06229276611222273
2746 0.009557653104216883 0.007256119289224329 0.06030667548915432
2747 0.009399239875494479 0.007460180276837452 0.0583094689472224
2748 0.009402390483302487 0.007456209036735949 0.05631355179342883
2749 0.01037621250170843 0.006027786834269248 0.05931178863941249
2750 0.009504190812394418 0.007326005528362474 0.09421160515375808
2751 0.00950762556734585 0.007321547382292318 0.09221592991507552
2752 0.01029637446991686 0.006163170675491985 0.09097805177744164
2753 0.009302890535245254 0.007579988633846641 0.08997539001499016
2754 0.009158106791235899 0.00775429429415204 0.08797951086431233
2755 -8.172673944423427e-05 -0.01199972169427524 0.1080188344261475
2756 -0.001806220332338406 -0.01186328656448319 0.1070318141395097
2757 -0.003671781924111804 -0.01142444823620668 0.1059291135158712
2758 -0.003550769069483309 -0.011462636651975 0.1079203152961093
2759 -0.01163948410223166 -0.002919316672424655 0.03145310001565775
2760 -0.01110273531880285 -0.004552940636622417 0.03045794031257289
2761 -0.01193791954441412 -0.001219047558996491 0.03244347788430474
2762 -0.01193824749473442 -0.001215831713053793 0.03046112123193524
2763 -0.001184251570231203 0.01194142153256491 0.1031450638767885
2764 0.0005420496473947605 0.01198775133958655 0.1041405810242001
2765 -0.002884063109366819 0.0116482693985497 0.1021459136790481
2766 -0.002888472589175334 0.01164717674381147 0.1041343271689103
2767 0.0005353159559752591 0.01198805392160372 0.1061292434875409
2768 0.002254966475313698 0.01178622612184287 0.1051363471450903
2769 0.00391837605922901 0.0113422365104269 0.1061407784600313
2770 0.003924746456673603 0.01134003374116797 0.1041521159966904
2771 0.005514002174228924 0.01065813210757864 0.1031049217511029
2772 -0.001192991746736502 0.01194055152378727 0.1071213908051816
2773 0.000531079614501886 0.01198824234168882 0.1081171569260718
2774 -0.002890343208713458 0.01164671267507892 0.1061238024185162
2775 -0.002894458713993341 0.01164569056574096 0.1081117158570471
2776 -0.004530276780854377 0.01111200217282429 0.1051246522207758
2777 0.0005244662051120454 0.01198853348828352 0.1101091350384739
2778 0.002241842785923211 0.01178872940240822 0.1091169877208333
2779 0.00390478402802729 0.0113469230055757 0.1101193892411828
2780 0.003911042977860332 0.01134476720013811 0.1081274111287807
2781 0.005500226965347274 0.01066524745749796 0.1071431799803808
2782 0.006843103914948588 0.009857582300402838 0.1040035667544874
2783 0.006849466267039054 0.009853162530715408 0.1019519411939589
2784 0.00691513251449384 0.009807188297722754 0.09993958433126325
2785 0.006920950194610482 0.009803083617093202 0.09794433035817673
2786 0.008122726966543909 0.00883296703418395 0.1008382293346478
2787 -0.001196434843938705 0.01194020701931961 0.1106490127093109
2788 0.0005252456988035974 0.01198849936213404 0.1116488435040724
2789 -0.004535995264691727 0.01110966907512075 0.1090997601290876
2790 -0.002898581875243723 0.01164466500645289 0.110097348515753
2791 -0.002897824732655329 0.0116448534477172 0.1116370569813514
2792 0.003890211399393617 0.01135192738119955 0.1115417949995602
2793 0.005479627965765901 0.01067584551015966 0.1105522184075076
2794 0.002228243663296707 0.01179130739896887 0.112629134053614
2795 0.003883379192507255 0.01135426642488196 0.1130619632199388
2796 0.0005180310171202653 0.01198881328010831 0.113169011724451
2797 0.006950507410228997 0.009782149392661707 0.111550600683145
2798 0.006963061926688883 0.009773216901568066 0.1101281949247676
2799 0.00829513631303707 0.008671257898836464 0.1091383930998586
2800 0.006969346127964547 0.009768736589171885 0.1081400108242212
2801 0.006975659735045596 0.009764229168800967 0.1061533781554718
2802 -0.006078494048916007 0.01034658929779726 0.1081006731380198
2803 -0.006082157043041466 0.01034443646139224 0.1100863057967256
2804 -0.006078931096629273 0.0103463325252204 0.1061156724599206
2805 -0.007499691850897622 0.009367743706014795 0.1071022181275586
2806 0.006285786007236435 -0.01022198093674757 0.06024114808968456
2807 0.004748445713134673 -0.01102053824953269 0.05924658382048553
2808 0.003123461755311639 -0.0115863707287099 0.06023469921609931
2809 0.003120532112005486 -0.01158716010668458 0.05824119003756763
2810 0.007692312434633793 -0.009210229606691591 0.06123608536951917
2811 0.006288579450197297 -0.01022026264332558 0.06223503027885183
2812 0.008936510549308385 -0.008008669003155265 0.0602275991183767
2813 0.008938698992886447 -0.0080062263466986 0.06222148130754397
2814 0.009995088022069868 -0.006640648720650374 0.05922756099763293
2815 0.00629109883973196 -0.01021871202200763 0.06422852908531926
2816 0.004753948468011937 -0.01101816563514485 0.06323359180548463
2817 0.00312546436335663 -0.01158583067860858 0.06421438082974752
2818 0.003122608037028185 -0.01158660084093204 0.06222088202328011
2819 0.00143036696831959 -0.0119144471267424 0.0612154882403622
2820 0.00769733199342414 -0.009206034987061974 0.06522362930396902
2821 0.006293876271186736 -0.01021700158965401 0.06622219083060182
2822 0.008941297630659956 -0.008003324101893829 0.0642237625118082
2823 0.008943472774521451 -0.008000893370830134 0.06621742425709076
2824 0.00629640787145459 -0.01021544164078503 0.06821618091451652
2825 0.004759394496609708 -0.01101581426975061 0.06722108069586676
2826 0.003133485791824522 -0.01158366378968389 0.06821791764897281
2827 0.00313061524047191 -0.01158443991810243 0.06622392756505811
2828 0.007702277632885742 -0.009201897590494473 0.06921216634851035
2829 0.006299120017854147 -0.01021376948049393 0.07021105621377527
2830 0.008944931920212168 -0.007999262024885137 0.06820230230072261
2831 0.008947055540990097 -0.00799688671586877 0.07019717759998137
2832 0.01000237333714162 -0.006629670250053052 0.06720243550856178
2833 0.006301617072309879 -0.01021222905510705 0.07220519670765019
2834 0.004764817001406201 -0.01101346988660297 0.07120921127365637
2835 0.003139859413564611 -0.01158193778532115 0.07218987924711454
2836 0.00313702756303354 -0.01158270512742027 0.07019573875323962
2837 0.001443725829201754 -0.01191283575518842 0.06919858562243097
2838 0.007707175583986649 -0.009197795633607004 0.07320147921928224
2839 0.00630434227066924 -0.01021054692630385 0.07419963427916333
2840 0.008950165921165954 -0.007993405405933043 0.07220135868785574
2841 0.008952298869225323 -0.007991016515817436 0.0741957962593689
2842 0.006306855749864194 -0.01020899459057575 0.07619426345797517
2843 0.004770220532029786 -0.01101113055393503 0.07519798094634311
2844 0.003146243452793579 -0.01158020518539087 0.07617922621894879
2845 0.003143392499675536 -0.01158097938833256 0.07418459704013694
2846 0.007711983170878811 -0.009193765037898347 0.07719156756774802
2847 0.00630946828250844 -0.01020738017279752 0.0781899142349278
2848 0.008952961952233485 -0.007990273604943674 0.07618183978023424
2849 0.00895500657156441 -0.007987982054514035 0.07817749055718687
2850 0.01000928556032434 -0.006619229756692435 0.07518171924880773
2851 0.006312036325278374 -0.01020579234691586 0.0801838229858382
2852 0.004775701172965901 -0.01100875462105192 0.07918651887606537
2853 0.003152359499395559 -0.01157854177289051 0.08017069094498538
2854 0.003149446164056475 -0.0115793345603152 0.07817678219407498
2855 0.001457930552104978 -0.01191110567937498 0.07716339828786881
2856 0.007716712510155178 -0.009189795864741206 0.08118174866141642
2857 0.006314675261364602 -0.01020415975685945 0.08217835330255399
2858 0.008958636537187543 -0.007983910783229504 0.08018158702400843
2859 0.008960700821619141 -0.007981593874999785 0.08217611734072422
2860 0.006317290821955712 -0.01020254069684773 0.08417227948256628
2861 0.004781292450710663 -0.01100632738477178 0.08317435380698805
2862 0.003159312600183504 -0.01157664648740393 0.08415666767618618
2863 0.003156344900527092 -0.01157745597568467 0.08216274149617389
2864 0.007721351256811748 -0.009185898691414557 0.08517122382884627
2865 0.006319803367482221 -0.01020098453073822 0.08616722433328033
2866 0.008960776757040994 -0.007981508623717316 0.08416382942845066
2867 0.008962742214556818 -0.00797930147289856 0.08615877427916473
2868 0.01001591025771198 -0.006609201291340724 0.08316366779104267
2869 0.006322530069989762 -0.01019929475572087 0.08815935195855251
2870 0.004787055405966185 -0.01100382208781158 0.08716040761227251
2871 0.003166472450271151 -0.01157469015661645 0.08816467004552743
2872 0.003163378189678749 -0.01157553620481854 0.08617254242025527
2873 0.00147360701208283 -0.01190917639360255 0.08516093010944112
2874 0.007724423648746895 -0.009183315267085178 0.08915682017759537
2875 0.006323429928194194 -0.01019873687979144 0.09015000345658752
2876 0.008965975621107373 -0.007975668069930461 0.08816097300269626
2877 0.008966679278650283 -0.007974876971704556 0.0901516245007313
2878 0.006326161290093336 -0.01019704287191756 0.09213380461654565
2879 0.004792943482702631 -0.01100125869033259 0.09113633639750279
2880 0.003184449657417296 -0.01156975714435592 0.09213451336361089
2881 0.003181350745929967 -0.01157060963957262 0.09015071220365277
2882 0.01002148573749474 -0.006600744171166573 0.09112806900402143
2883 0.008966870566761763 -0.007974661888691056 0.09212391617892052
2884 0.008967461839159465 -0.007973997000452078 0.09410321614797819
2885 0.007725914704986034 -0.009182060878216859 0.09312677164468805
2886 -0.007502465930298876 0.009365522140527169 0.111073423551476
2887 -0.006085657328575772 0.01034237762215014 0.1120725105425438
2888 -0.006198240122635906 0.01027530142536687 0.1138390776138602
2889 -0.004660965295802602 0.01105782087534989 0.1128519598591098
2890 -0.00302482153351916 0.01161251284995452 0.1134036240526678
2891 -0.008763718326367291 0.008197392335132808 0.1100779603742091
2892 -0.008766491882745909 0.008194426158661148 0.1120641651200273
2893 -0.008774861403846632 0.008185463172190242 0.1080806729148576
2894 -0.00985675548528687 0.006844294799558769 0.1090714144834088
2895 -0.008775207160428728 0.008185092503543281 0.1060956722367584
2896 -0.001099540618141737 0.01194951925514397 0.03187576462067603
2897 -0.002797637754946899 0.01166932830081045 0.03088109711245434
2898 -0.0045058582763871 0.01112192614582177 0.02960725811997413
2899 -0.006050113142013394 0.01036321045665082 0.02861345093080363
2900 -0.002861208325991178 0.01165390436357184 0.02901432447495152
2901 0.0006131915255450049 0.01198432293260657 0.03644254133696559
2902 0.0006157216148174692 0.01198419320993477 0.03445787281624205
2903 0.002328178779221882 0.01177198299234164 0.03346783282725595
2904 0.0006181788966189226 0.01198406670758199 0.0324733257849342
2905 0.0006256770276799181 0.01198367757648017 0.03088572463168992
2906 -0.009356388984775666 -0.007513852884211174 0.03084623501950204
2907 -0.00818379856839754 -0.008776413902722135 0.03183362522725722
2908 -0.01113134022797906 -0.004482551140698243 0.02859988375447212
2909 -0.01037475606465089 -0.006030293243200506 0.02958708070375675
2910 -0.009403776252259105 -0.007454461227845223 0.02898817846140127
2911 0.009433282389418079 0.0074170872558906 0.09601826186758319
2912 0.01040478589159795 0.005978330080382339 0.0950252483913521
2913 0.008264978615675737 0.008700007384044152 0.09701524555097066
2914 0.00936204747078311 0.007506801393057071 0.09782888878856467
2915 0.007080101856721349 0.009688764508359716 0.06627208657604683
2916 0.008402593322788384 0.008567171379856485 0.0652659297003077
2917 0.009468457795990913 0.007372130422444986 0.0661683727946572
2918 0.009471120049440857 0.007368709860557643 0.06417898013745055
2919 0.01043641779497593 0.00592293707620718 0.06319520920657222
2920 0.005609632817290966 0.01060811103143119 0.0672861713934281
2921 0.007076479773096485 0.009691410321566016 0.06826940717489563
2922 0.004023897346699571 0.01130523109640949 0.06628133310423936
2923 0.004019671253245556 0.0113067344098918 0.06827865370308814
2924 -0.01181009314936945 0.002126428885059848 0.07619701682485247
2925 -0.01138068650941527 0.003805256177238687 0.07520489649492798
2926 -0.01071385262504112 0.005404938660974743 0.07420962367580237
2927 -0.01199329789815749 0.0004010056434155665 0.07719651582732198
2928 -0.01181146707912255 0.002118783952838103 0.07820122237876037
2929 -0.01192858562155977 -0.00130722800961328 0.07618974624900676
2930 -0.01192773697461551 -0.001314948920829291 0.07819395180291466
2931 0.003979162378090423 0.01132105413681914 0.08419728482786488
2932 0.00230904434334988 0.01177575111066992 0.08520893060797297
2933 0.0005877136691992901 0.01198559938605643 0.08620551382551486
2934 0.005564097638692246 0.01063206553154651 0.08321531790176745
2935 0.003982258041815837 0.01131996558689085 0.08223024384687896
2936 0.006933511489319266 0.009794203307440465 0.08421650848710481
2937 0.006936189515750402 0.00979230692950309 0.08224946750611889
2938 0.008103222480205775 0.008850863541840863 0.08523608397136231
2939 0.0006187938524759787 0.01198403497024846 0.03841662221554554
2940 0.002331268046943221 0.01177137159779189 0.03742646073714374
2941 -0.002798321294672525 0.01166916440589395 0.04038418007862689
2942 -0.001089296809605735 0.0119504574163746 0.03940799080716965
2943 0.003989632187518879 0.01131736873165814 0.03446341602404147
2944 0.003991952669601014 0.01131655044099859 0.03247886899273362
2945 0.003989098164532153 0.01131755697285091 0.03644915355305445
2946 0.005570557637192355 0.01062868230829758 0.03546018971853213
2947 0.003994388424914095 0.01131569092503468 0.0384232344316344
2948 0.005562978338928937 0.01063265122161954 0.03206856296387575
2949 0.003983349227866012 0.01131958165873895 0.03107297976709023
2950 0.003982427846764259 0.01131990584966662 0.02954663993500442
2951 0.002329634352075854 0.01177169502602018 0.02995694596386229
2952 0.0006247016029943573 0.01198372846434766 0.02935938479960411
2953 0.006930349359379367 0.009796441076071962 0.03622873420504956
2954 0.00693081160409549 0.009796114051425459 0.03424299667603658
2955 0.006961826581362176 0.009774096922531464 0.03272002941027993
2956 0.006954394779343448 0.009779386138865804 0.03131414018463653
2957 0.008196055032748881 0.008764969018778775 0.03348857389679737
2958 0.005442189519431605 0.01069497887957657 0.03921966354169833
2959 0.008068789684539026 0.008882265084238176 0.0371347323555952
2960 0.006819669549454695 0.009873809155348325 0.03835192539809074
2961 0.006700768955449961 0.009954882993068178 0.04012566169224396
2962 -0.00597985979426949 0.01040390680662218 0.04235250622030885
2963 -0.004437602919523529 0.0111493354209404 0.04135864713416758
2964 0.008884272167589842 -0.008066579699735723 0.03235881130339999
2965 0.008887687901319021 -0.008062816118996358 0.03434683253321158
2966 0.008861110127778854 -0.008092016269346906 0.03625975627897144
2967 0.008866273780406485 -0.008086358219302215 0.03824013247189866
2968 0.006124560287012692 -0.01031938764126763 0.02888090204172637
2969 0.007545923833705936 -0.009330543043998496 0.02981525705390514
2970 0.01000011102986499 -0.006633082193850202 0.03117423011273551
2971 0.008942934419004362 -0.008001495108877285 0.03018457683594723
2972 0.0013578423160445 -0.01192293018702864 0.02940240190485583
2973 0.003047647019209783 -0.01160654331169714 0.02846217121120104
2974 0.003041738545295391 -0.01160809315185161 0.02642643337664305
2975 0.004673359458031698 -0.0110525884468764 0.02746471016769618
2976 0.01086335292939725 -0.005097799832413615 0.04812811267040036
2977 0.01086462919740531 -0.005095079234210996 0.05013461662343613
2978 -0.006838501904900721 -0.009860775410517634 0.03104898860006736
2979 -0.006838986549476915 -0.009860439289203795 0.03263528105017802
2980 -0.006832588966159991 -0.009864873441636682 0.034401093208368
2981 -0.006828421198885284 -0.00986775880991292 0.03638361580421114
2982 -0.005992410982561081 0.0103966826736263 0.054309055716234
2983 -0.005987717102380992 0.01039938670796765 0.05230796093377743
2984 -0.006825390380612854 -0.009869855427119361 0.03837167586544539
2985 -0.006814966395627151 -0.009877055888597204 0.04234250123639315
2986 -0.006818058543703792 -0.009874921655113408 0.04035713547592032
2987 -0.01106852660733044 -0.004635484736553235 0.06820568560208354
2988 -0.01107060555262672 -0.004630517541069284 0.07020379157471879
2989 0.007074806004818595 0.009692632253117971 0.07028598305664926
2990 0.008398018084304567 0.008571656330937065 0.06927189823926799
2991 0.009413105282143614 0.007442677538848503 0.0701191773873447
2992 0.009414390458544435 0.007441051827132204 0.06810260150559107
2993 0.005601756731697974 0.01061227221281458 0.07128091256314029
2994 0.007071233590513037 0.009695238806156355 0.07228340362751265
2995 0.004014990829556015 0.01130839726214909 0.07027718033953424
2996 0.0040108231804582 0.01130987610078462 0.07227460091039764
2997 0.002345046207357048 0.0117686345123536 0.06927234205034549
2998 0.007066630421730604 0.009698594459130228 0.07427869899009276
2999 0.008392467035752868 0.00857709140990123 0.07328376948360174
3000 0.009540046145161525 0.007279252677863897 0.07428626116894751
3001 0.009543500563187274 0.007274723156275032 0.0722909658063674
3002 0.01038670065187155 0.00600969629585481 0.07112166907269048
3003 0.005593970020203533 0.01061637882769186 0.07527570128227995
3004 0.007063089154824269 0.009701173722339158 0.07627606713836904
3005 0.00401003101154064 0.0113101569965444 0.0742647278363702
3006 0.004005901593583889 0.01131162023860959 0.07626209598464648
3007 0.007060496766939802 0.009703060620445108 0.0782754271179521
3008 0.008386101360824693 0.008583315441364965 0.0772784248257649
3009 0.009456347842230898 0.007387657645474311 0.0781602360016784
3010 0.009458321473179394 0.007385130663027812 0.07616087602209534
3011 0.01042598082960506 0.005941289737145283 0.075168072344861
3012 0.005578552602513758 0.01062448826348766 0.07926067317566889
3013 0.007049949339593861 0.009710726765240596 0.08026303086306474
3014 0.00233171353189268 0.01177128336270895 0.07725041787697509
3015 0.003999354106293565 0.01131393683615358 0.07826139132288484
3016 0.003987058122314633 0.01131827581963282 0.08024899506799749
3017 0.008283082669360125 0.008682772684606339 0.0812642214484021
3018 0.009287450090502402 0.007598899316113282 0.08221066141085487
3019 0.009375462811460161 0.007490039857766282 0.08022422476780072
3020 0.008358385867135318 0.008610306945520153 0.05339999722411534
3021 0.00944994541802361 0.007395845563312865 0.05415790789735571
3022 0.009397084154699777 0.007462895509752925 0.05224538363209398
3023 0.008162037302487561 0.008796655448112173 0.02986074814839998
3024 0.006885339753285057 0.009828127821809833 0.0292092817019958
3025 0.005257339327234696 0.01078704701010946 0.02804299961808808
3026 0.003666510011027009 0.01142614127074573 0.02692696581486015
3027 0.009285037942125627 0.007601846513399722 0.03272153712585567
3028 0.01018742274553123 0.006341641570116766 0.03183420928019864
3029 0.009281598955123642 0.007606045019341375 0.03107827878538368
3030 0.009227794438799709 0.007671232612511314 0.02897342030274295
3031 0.009260896466232744 0.007631238211569461 0.03424450439161231
3032 0.0007376939448956073 0.01197730385536179 0.02778644153775378
3033 -0.000979311238485648 0.01195997280507676 0.02871522020558141
3034 0.001662449215242458 0.011884286373474 0.02626051407821848
3035 0.01107772341598465 0.004613463332350808 0.09198221100068235
3036 0.01111482053882864 0.004523357645558561 0.09422062375723453
3037 -0.01198515369918459 0.0005967334471285527 0.02986037425259252
3038 -0.01194676235268042 -0.001129101097589457 0.02886999638394554
3039 -0.0117479006261578 -0.002446800130358251 0.02805580220080664
3040 -0.01130222673548003 -0.004032328213303136 0.02718494259199051
3041 -0.008749057951719983 0.008213037498845683 0.02889084724940529
3042 -0.009834943708948897 0.006875600500451325 0.02987915996656593
3043 -0.006448153673113601 0.0101203416052973 0.02719496409326214
3044 -0.007779514172420711 0.009136693014494102 0.02806792954159446
3045 0.01108916475030411 0.004585894148430913 0.0720207588085974
3046 0.01112782141912866 0.004491279379417566 0.0742953131004452
3047 -0.006853371176401505 -0.009850446868973461 0.02884679403540359
3048 -0.005368143300580798 -0.01073233606930148 0.02964844985832439
3049 -0.008080649726896339 -0.008871476764959155 0.02835593703993453
3050 -0.006738246631604566 -0.009929553480981394 0.02695539829819157
3051 0.01109430236008861 0.00457345111955209 0.06002669880333891
3052 0.01113398525240495 0.004475977256335092 0.06231032306989574
3053 0.006484852570111915 0.01009686521371425 0.1133989694980627
3054 0.007874199929409673 0.009055218134958689 0.1129749460153228
3055 0.003631139384459994 0.01143743095151282 0.1155489087512063
3056 0.005228147327196225 0.01080122564920903 0.1144615696971524
3057 0.009332985042461481 0.00754290330026776 0.1101383901537855
3058 0.009337834328095415 0.007536899233838998 0.1081502060532391
3059 0.009457233279780939 0.007386524127883415 0.1115896081347996
3060 0.008932075485527954 0.00801361513430927 0.112929728386122
3061 0.01032573521867092 0.006113852483818938 0.1106014210881802
3062 0.008182873394778432 0.008777276514103181 0.1050003975983278
3063 0.009284668162484726 0.007602298146780517 0.1060157426473826
3064 0.009181110263721376 0.007727044346021966 0.1038659312463982
3065 -0.000980877840475735 0.0119598444246597 0.1138112974527599
3066 0.0007334070376790265 0.01197756712012431 0.1147915880023016
3067 0.00160820251627366 0.01189174859583952 0.116196097116564
3068 -0.009935360106069048 0.006729681980802036 0.1125519194561962
3069 -0.01073120558901464 0.005370402834639209 0.1100839507876089
3070 -0.01138504586179839 0.003792193392318932 0.1105316881370435
3071 -0.01072142154251397 0.005389909100134932 0.1115164392921949
3072 -0.01079027722695501 0.005250706368238102 0.1129996568056307
3073 0.01086786867170798 -0.005088165733789367 0.09212300391008421
3074 0.01001920789577944 -0.006604201173582683 0.09509590236198316
3075 0.008964518943961237 -0.007977305315917156 0.09609875782775069
3076 0.01086104802463245 -0.005102708673501505 0.09408549538507127
3077 0.007660780449531357 -0.009236473510170326 0.1124177302007727
3078 0.006250749866156751 -0.01024344307890376 0.1134030383088525
3079 0.003217149910976734 -0.0115607070047771 0.1139733625066073
3080 0.00152863585214337 -0.01190223812698863 0.1130122138716168
3081 0.004838303681645571 -0.01098138504398124 0.1149650542711816
3082 0.003218698120128072 -0.01156027605256397 0.1159626856459916
3083 -0.0001907116445312403 -0.0119984844488227 0.1120210545317733
3084 -0.001792116681395016 -0.01186542531055106 0.111005845560739
3085 -7.808793347843427e-05 -0.01199974592542047 0.1100382248907821
3086 -0.005261138923367627 -0.01078519435286292 0.1124104069987212
3087 -0.003464875617176343 -0.0114888918942384 0.1117762212886618
3088 -0.003356890618306279 -0.01152090644770312 0.1097933916476707
3089 -0.006869426084409068 -0.009839257353623813 0.1131108658772499
3090 -0.006598101303576979 -0.01002322598706304 0.1112642262541223
3091 -0.006893953167852874 -0.009822087849304308 0.1146933553791015
3092 -0.008094237468008195 -0.008859081205830109 0.1135471746345027
3093 -0.008072105223694052 -0.008879252066340453 0.1102826494082432
3094 -0.006598096698614551 -0.01002322901842175 0.1095821905297144
3095 -0.005148170524530185 -0.010839572881362 0.1086906910240322
3096 -0.009375929794837702 -0.007489455286085541 0.1132764868039426
3097 -0.01041381604218469 -0.005962586304577642 0.1128537272014757
3098 -0.009338615172802364 -0.007535931704461332 0.1115419255301842
3099 -0.009338611710575035 -0.00753593599489213 0.1098598898057763
3100 0.009976837183849882 -0.006668037177982015 0.03908584460087502
3101 0.01004541287040809 0.006564273018624338 0.03899682392327784
3102 0.008994783532518189 0.007943164936166166 0.04199223995162946
3103 0.008993259867951632 0.007944889989640548 0.04399050798599445
3104 0.009087144524924973 0.007837334009924935 0.04012578630794007
3105 0.007862753326054095 0.009065159134489877 0.04112437719232577
3106 0.009086856829755643 0.007837667571128748 0.03812896116397416
3107 0.007959721465701125 0.008980135532855656 0.04498842366241717
3108 0.00916936211139833 0.007740981751047651 0.04598810081239646
3109 0.0100422875714258 0.006569053229559555 0.0469882616972995
3110 0.01088504766366576 0.005051310459645545 0.04799186099084422
3111 0.009168363126441197 0.007742164915688209 0.04798617737372221
3112 0.006583784881801227 0.01003263557746246 0.04199211533593336
3113 0.006678755677050431 0.009969665120066303 0.04428695235130703
3114 0.009174480042520448 0.007734915380881295 0.03600576997093297
3115 0.01008937307888235 0.006496502972763429 0.1029419448713519
3116 0.009128424498182018 0.007789214734553821 0.1019265998222971
3117 0.009180252739525895 0.007728063123346451 0.0999142429596015
3118 -0.01071735503807477 0.005397990458295869 0.02888668934485074
3119 -0.011776200276467 0.002306752489656958 0.02887367498731484
3120 -0.0113516196146834 0.003891109369258981 0.02753704702551027
3121 -0.00815891475855474 -0.008799551691003221 0.04334279192125747
3122 -0.01106775547587865 -0.00463732560061919 0.0821646794336767
3123 -0.01106961910689314 -0.004632875222613518 0.08017251062288579
3124 -0.01161862524314312 -0.003001257646287227 0.07917767761657221
3125 0.01088268102875309 0.005056407185583226 0.04998941206471801
3126 0.01018485765055864 0.006345760367194558 0.0509948162819798
3127 0.009229054719857079 0.007669716355764649 0.05023690560873943
3128 -0.01108148866807774 -0.004604411895048551 0.05826220148351019
3129 -0.01108258651776967 -0.004601768798641449 0.05626884368571396
3130 -0.01162679964294177 -0.002969432616324047 0.05925063292018322
3131 -0.01181233931104085 0.00211391579795385 0.08019871914741936
3132 -0.01199374705890217 0.0003873389821273575 0.08119055192460864
3133 -0.01181337838991933 0.002108101282336042 0.08218854969079811
3134 -0.01181401954993615 0.002104505185008184 0.08418268239129616
3135 -0.01138671523890962 0.003787177850059769 0.08319084961410686
3136 -0.01192719250221006 -0.001319878409257505 0.08018444719488743
3137 -0.01192654138793163 -0.001325749041845383 0.08217427773826619
3138 -0.01199413107922867 0.0003752594492894495 0.08516930561391278
3139 -0.01181510162955969 0.002098421664769946 0.08617160553722153
3140 -0.01192597898871478 -0.001330798692790795 0.08417328857269651
3141 -0.01192529215662315 -0.001336939407446161 0.0861622117186219
3142 -0.01161611003953016 -0.003010977839428033 0.08316718384297532
3143 0.01014881885494944 0.006403239480873932 0.08324831009157838
3144 0.009126973783000472 0.007790914552504221 0.08627373265208582
3145 0.00919556174296525 0.007709840739685479 0.08428830677217977
3146 -0.01181504903136821 0.002098717795789899 0.08816122665833417
3147 -0.01181320315529962 0.002109083026250764 0.09015890761441643
3148 -0.01199399428171303 0.000379606599303879 0.08915590971592041
3149 -0.01192470946999704 -0.00134212669154705 0.08816600714287652
3150 -0.01192588240719645 -0.001331663925216214 0.09016368809895878
3151 -0.01181286734607363 0.002110963065538447 0.1096919273158354
3152 -0.01180900893839344 0.002132441767773231 0.1111244158204214
3153 -0.01199344621872256 0.000396544825473052 0.1084993084889629
3154 -0.0119862685087908 0.000573905249296348 0.1120218773053512
3155 -0.01177826236754675 0.002296200252859512 0.1128616381265592
3156 -0.01136727014171588 0.003845148830052558 0.1141608495690542
3157 -0.01192675228237916 -0.001323850442747818 0.1098061579017892
3158 -0.01161442533209005 -0.003017469835028161 0.1112093505585739
3159 -0.01192789458308949 -0.001313518486624558 0.111687847655998
3160 -0.0110988640353999 -0.004562369682928665 0.1102234133660412
3161 -0.01110281198964994 -0.004552753663716667 0.11210510312025
3162 -0.01032910150114054 -0.006108163568466079 0.1091198612277827
3163 -0.01112528786454812 -0.004497551548447029 0.1138396643940085
3164 -0.01105759341236234 -0.004661504899373272 0.09412407459530218
3165 -0.01105993561782106 -0.004655945030780879 0.09213239080203808
3166 -0.01161236371719543 -0.00302539400732585 0.09115205498783216
3167 -0.01138833512272185 0.003782303945028746 0.09115640115189648
3168 0.00150254828443596 -0.0119055595690811 0.09312898269076239
3169 0.00897324800343834 -0.007967485190999093 0.09807185773623089
3170 -0.01136996160364061 0.003837182968238324 0.05926710685445383
3171 -0.0001188100906525196 0.004380414614366481 0.121
3172 -0.0001188100906525152 -0.004380414614366482 0.121
3173 -0.004599883298951217 0.007700987179051098 0.121
3174 -0.004599883298951195 -0.007700987179051114 0.121
3175 0.005699528506846995 -0.006191338400046691 0.121
3176 0.005699528506846942 0.006191338400046709 0.121
3177 -0.008070307399950585 -7.155734338404329e-18 0.121
3178 0.007448076211353316 0 0.121
3179 0.0006815377019625296 0.008138578819287494 0.121
3180 0.0006815377019625577 -0.008138578819287494 0.121
3181 0.007476741026311911 0.003273294141942297 0.121
3182 0.007476741026311917 -0.003273294141942292 0.121
3183 -0.007524586559019091 -0.003132519809461881 0.121
3184 -0.007524586559019089 0.003132519809461882 0.121
3185 0.003332717932874925 -0.004507637554712398 0.121
3186 0.003332717932874916 0.004507637554712401 0.121
3187 -0.0039616092428953 -0.004419646405770157 0.121
3188 -0.003961609242895306 0.00441964640577015 0.121
3189 0.003829348620094242 0.008257515162966959 0.121
3190 0.003829348620094284 -0.00825751516296694 0.121
3191 -0.001968794146318662 -0.006783650158777889 0.121
3192 -0.001968794146318676 0.006783650158777878 0.121
3193 -0.007230779475461193 -0.006013837330989175 0.121
3194 -0.007230779475461207 0.006013837330989162 0.121
3195 0.009724038105676656 -0.001511266631655119 0.121
3196 0.009724038105676656 0.00151126663165512 0.121
3197 -0.002356040832130649 0.009214570136263955 0.121
3198 -0.002356040832130615 -0.009214570136263967 0.121
3199 0.01053692250304214 0.002703830131055664 0.121
3200 0.01086201905283833 0.0007556333158275598 0.121
3201 0.01086201905283833 -0.0007556333158275593 0.121
3202 0.01053692250304214 -0.002703830131055657 0.121
3203 0.009724038105676656 4.336808689942018e-19 0.121
3204 -0.006460153699975293 0.0007499999999999964 0.121
3205 -0.006460153699975293 -0.0007500000000000036 0.121
3206 -0.002789137954780987 0.002959823202885075 0.121
3207 -0.004405804621447653 0.002959823202885075 0.121
3208 -0.006187293279509545 0.002316259904730941 0.121
3209 -0.007797446979484837 0.001566259904730938 0.121
3210 -0.005743097900957198 0.003776083107616016 0.121
3211 -0.00440580462144765 -0.002959823202885079 0.121
3212 -0.002789137954780983 -0.002959823202885079 0.121
3213 -0.007797446979484838 -0.001566259904730944 0.121
3214 -0.006187293279509546 -0.002316259904730941 0.121
3215 -0.005743097900957195 -0.003776083107616019 0.121
3216 0.006149038105676658 -0.00075 0.121
3217 0.006149038105676658 0.00075 0.121
3218 0.002474692299770796 -0.003003818777356199 0.121
3219 0.004091358966437463 -0.003003818777356199 0.121
3220 0.006163370513155958 -0.002386647070971146 0.121
3221 0.007462408618832617 -0.001636647070971146 0.121
3222 0.005404729479593421 -0.003890465848327345 0.121
3223 0.004091358966437458 0.0030038187773562 0.121
3224 0.002474692299770791 0.0030038187773562 0.121
3225 0.007462408618832614 0.001636647070971149 0.121
3226 0.006163370513155956 0.002386647070971149 0.121
3227 0.005404729479593413 0.003890465848327349 0.121
3228 0.008473213569534312 0.005321923347109161 0.121
3229 0.009413273963359763 0.003584843886199253 0.121
3230 0.008600389565994283 0.002392280386798709 0.121
3231 0.006131453202158026 0.008118668069598531 0.121
3232 0.007584607309801828 0.006780945476161366 0.121
3233 0.006588134766579427 0.004732316270994503 0.121
3234 0.003387587232891909 0.009945159177119463 0.121
3235 0.005196363258781676 0.009151756451058656 0.121
3236 0.004764438563470592 0.007224426781506834 0.121
3237 -0.0001547072218527368 0.01004879636768377 0.121
3238 0.001813681773826052 0.009885691005279732 0.121
3239 0.002255443161028386 0.008198046991127226 0.121
3240 -0.00358819296398315 0.01010192502806232 0.121
3241 -0.001673496488899326 0.010586792026172 0.121
3242 -0.0008372515650840596 0.008676574477775725 0.121
3243 -0.006363631079230064 0.008264837053564331 0.121
3244 -0.004710114197393434 0.009345133549455889 0.121
3245 -0.003477962065540933 0.008457778657657527 0.121
3246 -0.008892232244969545 0.005862603023717012 0.121
3247 -0.007679079167485059 0.007421262129533363 0.121
3248 -0.005915331387206212 0.00685741225502013 0.121
3249 -0.009680461099925881 0.002553827446415332 0.121
3250 -0.009039135786748486 0.004421944262953371 0.121
3251 -0.007377683017240148 0.004573178570225522 0.121
3252 -0.009953321520391625 -0.0009875675416844169 0.121
3253 -0.00995332152039163 0.0009875675416843876 0.121
3254 -0.009039135786748472 -0.004421944262953396 0.121
3255 -0.009680461099925878 -0.002553827446415354 0.121
3256 -0.007679079167485033 -0.007421262129533387 0.121
3257 -0.008892232244969524 -0.005862603023717043 0.121
3258 -0.007377683017240142 -0.004573178570225529 0.121
3259 -0.004710114197393402 -0.009345133549455906 0.121
3260 -0.006363631079230034 -0.008264837053564355 0.121
3261 -0.005915331387206194 -0.006857412255020144 0.121
3262 -0.001673496488899283 -0.010586792026172 0.121
3263 -0.003588192963983113 -0.01010192502806233 0.121
3264 -0.003477962065540905 -0.00845777865765754 0.121
3265 0.001813681773826098 -0.009885691005279723 0.121
3266 -0.0001547072218526963 -0.01004879636768377 0.121
3267 -0.000837251565084029 -0.008676574477775732 0.121
3268 0.005196363258781729 -0.009151756451058625 0.121
3269 0.003387587232891961 -0.009945159177119446 0.121
3270 0.002255443161028421 -0.008198046991127217 0.121
3271 0.007584607309801877 -0.006780945476161329 0.121
3272 0.006131453202158084 -0.008118668069598501 0.121
3273 0.004764438563470639 -0.007224426781506816 0.121
3274 0.009413273963359768 -0.003584843886199244 0.121
3275 0.008473213569534338 -0.005321923347109129 0.121
3276 0.006588134766579456 -0.004732316270994492 0.121
3277 0.008600389565994286 -0.002392280386798706 0.121
3278 -0.000867738378659591 -0.002940207307183241 0.121
3279 0.0007489282880070756 -0.002940207307183241 0.121
3280 -0.002040209666773908 -0.00440003051006832 0.121
3281 0.001606953921111205 -0.00444402608453944 0.121
3282 0.0007489282880070734 0.002940207307183241 0.121
3283 -0.0008677383786595932 0.002940207307183241 0.121
3284 -0.002040209666773912 0.004400030510068316 0.121
3285 0.001606953921111198 0.004444026084539442 0.121
3286 0.002007127817418723 0.006323108186999948 0.121
3287 0.000281363805655005 0.006259496716826988 0.121
3288 -0.0006436282221780731 0.007461114489032686 0.121
3289 -0.001043802118485598 0.005582032386572179 0.121
3290 -0.002965201694606991 0.005601648282274014 0.121
3291 0.002007127817418741 -0.006323108186999946 0.121
3292 0.0002813638056550212 -0.006259496716826988 0.121
3293 -0.001043802118485588 -0.005582032386572186 0.121
3294 -0.000643628222178052 -0.007461114489032692 0.121
3295 -0.002965201694606981 -0.005601648282274023 0.121
3296 -0.003284338722634946 0.007242318668914488 0.121
3297 -0.004280746270923261 0.006060316792410625 0.121
3298 -0.005596194359178256 0.005216741868379657 0.121
3299 -0.002162417489224662 0.007999110147520916 0.121
3300 -0.003284338722634929 -0.007242318668914501 0.121
3301 -0.004280746270923248 -0.006060316792410635 0.121
3302 -0.005596194359178247 -0.005216741868379666 0.121
3303 -0.002162417489224639 -0.007999110147520928 0.121
3304 0.00451612321986096 -0.005349487977379544 0.121
3305 0.003581033276484604 -0.006382576358839669 0.121
3306 0.004516123219860928 0.005349487977379555 0.121
3307 0.003581033276484579 0.00638257635883968 0.121
3308 0.008586057158514987 0.0007556333158275598 0.121
3309 0.008586057158514987 -0.0007556333158275593 0.121
3310 -0.00485 0 0.1215
3311 -0.003233333333333334 -0.0015 0.1215
3312 0.003233333333333333 -0.0015 0.1215
3313 -0.001616666666666667 -0.0015 0.1215
3314 0.001616666666666666 -0.0015 0.1215
3315 0 -0.0015 0.1215
3316 0.00485 0 0.1215
3317 -0.003233333333333334 0.0015 0.1215
3318 0.003233333333333333 0.0015 0.1215
3319 -0.001616666666666667 0.0015 0.1215
3320 0.001616666666666666 0.0015 0.1215
3321 0 0.0015 0.1215
3322 -0.007181274796217715 0 0.122
3323 0.007181274796217709 0 0.122
3324 -0.007304846224789143 -0.002527946067090804 0.122
3325 0.007304846224789144 -0.002527946067090805 0.122
3326 -0.007304846224789142 0.002527946067090804 0.122
3327 0.007304846224789144 0.002527946067090804 0.122
3328 3.469446951953614e-18 -0.00313125 0.122
3329 5.204170427930421e-18 0.003131249999999999 0.122
3330 -0.006015637398108857 -0.0007499999999999998 0.122
3331 -0.006015637398108857 0.0007499999999999998 0.122
3332 -0.001760833333333331 -0.00313125 0.122
3333 -0.003377499999999997 -0.00313125 0.122
3334 -0.005282500000000001 -0.00313125 0.122
3335 -0.006509923112394573 -0.003645223033545402 0.122
3336 -0.006077423112394571 -0.002013973033545402 0.122
3337 -0.007243060510503429 -0.001263973033545402 0.122
3338 -0.003377499999999997 0.003131250000000001 0.122
3339 -0.001760833333333331 0.003131250000000001 0.122
3340 -0.005282500000000001 0.003131250000000001 0.122
3341 -0.006077423112394571 0.002013973033545402 0.122
3342 -0.006509923112394572 0.003645223033545401 0.122
3343 -0.007243060510503429 0.001263973033545402 0.122
3344 0.006015637398108854 0.0007499999999999998 0.122
3345 0.006015637398108854 -0.0007499999999999998 0.122
3346 0.003377500000000007 -0.00313125 0.122
3347 0.001760833333333342 -0.00313125 0.122
3348 0.005282500000000013 -0.00313125 0.122
3349 0.006077423112394573 -0.002013973033545402 0.122
3350 0.006509923112394586 -0.003645223033545403 0.122
3351 0.007243060510503425 -0.001263973033545402 0.122
3352 0.001760833333333342 0.003131250000000001 0.122
3353 0.003377500000000007 0.003131250000000001 0.122
3354 0.005282500000000013 0.003131250000000001 0.122
3355 0.006509923112394586 0.003645223033545401 0.122
3356 0.006077423112394573 0.002013973033545402 0.122
3357 0.007243060510503425 0.001263973033545402 0.122
3358 -0.008414923112394572 0.003645223033545401 0.122
3359 -0.008414923112394572 0.002057723033545407 0.122
3360 -0.008414923112394572 -0.002057723033545402 0.122
3361 -0.008414923112394572 -0.003645223033545402 0.122
3362 0.008414923112394572 0.003645223033545401 0.122
3363 0.008414923112394572 0.002057723033545407 0.122
3364 0.008414923112394572 -0.003645223033545403 0.122
3365 0.008414923112394572 -0.002057723033545402 0.122
3366 0.0008083333333333362 -0.002315625 0.122
3367 -0.0008083333333333328 -0.002315625 0.122
3368 -0.000952499999999995 -0.003946875000000001 0.122
3369 0.0009525000000000106 -0.003946875000000001 0.122
3370 -0.000808333333333331 0.002315625 0.122
3371 0.0008083333333333362 0.002315625 0.122
3372 -0.000952499999999995 0.003946875 0.122
3373 0.0009525000000000106 0.003946875 0.122
3374 -0.008353137398108858 0.0007937500000000054 0.122
3375 -0.008353137398108858 -0.0007937499999999993 0.122
3376 0.008353137398108853 -0.0007937499999999993 0.122
3377 0.008353137398108853 0.0007937500000000054 0.122
3378 -0.009525 9.151097914067863e-05 0.1247057214663372
3379 -0.009525 9.151097914068037e-05 0.1392942785336628
3380 -0.009525 -0.001846734033914787 0.132
3381 -0.009525 -0.00148720487273847 0.1281008173523339
3382 -0.009525 -0.001487204872738469 0.1358991826476661
3383 -0.009525 0.002227723499613841 0.1274677564697785
3384 -0.009525 0.00222772349961384 0.1365322435302215
3385 -0.009525 0.001787412805736792 0.132
3386 -0.009525 0.002686346895750906 0.1395653044127769
3387 -0.009525 -0.002501638778719558 0.1394386922362658
3388 -0.009525 0.002686346895750906 0.1244346955872232
3389 -0.009525 -0.002501638778719558 0.1245613077637342
3390 -0.009525 0.002136923447875458 0.1232173477936116
3391 -0.009525 0.003724423447875452 0.1232173477936116
3392 -0.009525 0.003724423447875452 0.1252173477936116
3393 -0.009525 -0.003632069389359779 0.1232806538818671
3394 -0.009525 -0.002044569389359778 0.1232806538818671
3395 -0.009525 -0.003632069389359779 0.1252806538818671
3396 -0.009525 -0.003632069389359779 0.1407193461181329
3397 -0.009525 -0.003632069389359779 0.1387193461181329
3398 -0.009525 -0.002044569389359778 0.1407193461181329
3399 -0.009525 0.003724423447875452 0.1407826522063884
3400 -0.009525 0.002136923447875458 0.1407826522063884
3401 -0.009525 0.003724423447875452 0.1387826522063884
3402 -0.009525 -0.0007479945104296604 0.1233528607331686
3403 -0.009525 0.0008395054895703443 0.1233528607331686
3404 -0.009525 -0.00120506389978944 0.1246335146150357
3405 -0.009525 0.001388928937445792 0.1245702085267802
3406 -0.009525 -0.003124852436369235 0.129050408676167
3407 -0.009525 -0.003124852436369235 0.127050408676167
3408 -0.009525 -0.001994421825729014 0.1263310625580341
3409 -0.009525 -0.003304617016957394 0.133
3410 -0.009525 -0.003304617016957394 0.131
3411 -0.009525 -0.001666969453326629 0.130050408676167
3412 -0.009525 -0.003124852436369235 0.1369495913238331
3413 -0.009525 -0.003124852436369235 0.1349495913238331
3414 -0.009525 -0.001666969453326628 0.1339495913238331
3415 -0.009525 -0.001994421825729014 0.137668937441966
3416 -0.009525 0.0008395054895703451 0.1406471392668314
3417 -0.009525 -0.0007479945104296596 0.1406471392668314
3418 -0.009525 -0.001205063899789438 0.1393664853849643
3419 -0.009525 0.001388928937445793 0.1394297914732198
3420 -0.009525 0.003495111749806921 0.1267338782348893
3421 -0.009525 0.003495111749806921 0.1287338782348893
3422 -0.009525 0.002457035197682373 0.1259512260285008
3423 -0.009525 0.003274956402868397 0.131
3424 -0.009525 0.003274956402868397 0.133
3425 -0.009525 0.002007568152675316 0.1297338782348893
3426 -0.009525 0.003495111749806919 0.1352661217651107
3427 -0.009525 0.003495111749806919 0.1372661217651107
3428 -0.009525 0.002007568152675315 0.1342661217651107
3429 -0.009525 0.002457035197682373 0.1380487739714992
3430 -0.009525 -0.0006978469467988956 0.1264032694093356
3431 -0.009525 0.0003702593134376859 0.1277842869110562
3432 -0.009525 0.00115961723937726 0.1260867389680579
3433 -0.009525 -0.0006978469467988947 0.1375967305906645
3434 -0.009525 0.00115961723937726 0.1379132610319421
3435 -0.009525 0.000370259313437685 0.1362157130889438
3436 -0.009525 -2.966061408899746e-05 0.132
3437 -0.009525 0.0001501039664991615 0.130050408676167
3438 -0.009525 0.0001501039664991615 0.1339495913238331
3439 8.926117687985471e-06 0.0047625 0.1389871881549507
3440 1.860683000634578e-06 0.0047625 0.1250388525087178
3441 -0.006072380578242887 0.0047625 0.1319799912089794
3442 0.006106817466436419 0.0047625 0.1323976481225295
3443 -0.005720024235538577 0.0047625 0.1279167345724895
3444 -0.002277852637755041 0.0047625 0.1302614230352545
3445 -0.002262776400946833 0.0047625 0.13371938106012
3446 0.0005642665880611734 0.0047625 0.1317685283271508
3447 -0.005710285565720333 0.0047625 0.1360645932609866
3448 0.005833509632487438 0.0047625 0.1282643696753549
3449 0.00629958874320072 0.0047625 0.1363292714301317
3450 -0.003653479654259125 0.0047625 0.1248613226669577
3451 -0.003683033571480827 0.0047625 0.1391573407669145
3452 0.003668453876505978 0.0047625 0.1252178350959167
3453 0.001331140095607549 0.0047625 0.1283980110162857
3454 0.003805628117349408 0.0047625 0.1389014577267287
3455 0.001992458199242562 0.0047625 0.1349613444742647
3456 0.006693779613912073 0.0047625 0.1248822249177488
3457 -0.006733502771705506 0.0047625 0.1247925733347776
3458 -0.006808295346341529 0.0047625 0.1393264824449125
3459 0.006974043372110031 0.0047625 0.1394461458313721
3460 0.00316563839636703 0.0047625 0.1311579803231171
3461 -0.001992888802322235 0.0047625 0.1366885977829994
3462 -0.002063671149788912 0.0047625 0.127295268759941
3463 -0.008129251385852753 0.0047625 0.1233962866673888
3464 -0.006224251385852753 0.0047625 0.1233962866673888
3465 -0.008129251385852753 0.0047625 0.1253962866673888
3466 0.00620438980695605 0.0047625 0.1234411124588744
3467 0.008109389806956037 0.0047625 0.1234411124588744
3468 0.008109389806956037 0.0047625 0.1254411124588744
3469 -0.008166647673170765 0.0047625 0.1406632412224562
3470 -0.008166647673170765 0.0047625 0.1386632412224562
3471 -0.006261647673170765 0.0047625 0.1406632412224562
3472 0.008249521686055016 0.0047625 0.138723072915686
3473 0.008249521686055016 0.0047625 0.140723072915686
3474 0.006344521686055029 0.0047625 0.140723072915686
3475 -0.004684239827129563 0.0047625 0.1234306613334789
3476 -0.00277923982712956 0.0047625 0.1234306613334789
3477 -0.005193491212982316 0.0047625 0.1248269480008677
3478 -0.0009515696584996795 0.0047625 0.1235194262543589
3479 0.0009534303415003244 0.0047625 0.1235194262543589
3480 -0.001825809485629245 0.0047625 0.1249500875878378
3481 0.002786726938252998 0.0047625 0.1236089175479584
3482 0.004691726938253002 0.0047625 0.1236089175479584
3483 0.001835157279753306 0.0047625 0.1251283438023172
3484 0.005181116745209024 0.0047625 0.1250500300068327
3485 -0.007622512117769289 0.0047625 0.1289583672862448
3486 -0.007622512117769289 0.0047625 0.1269583672862448
3487 -0.006226763503622041 0.0047625 0.1263546539536336
3488 -0.007798690289121444 0.0047625 0.1329899956044897
3489 -0.007798690289121444 0.0047625 0.1309899956044897
3490 -0.005896202406890732 0.0047625 0.1299483628907344
3491 -0.007617642782860166 0.0047625 0.1370322966304933
3492 -0.007617642782860166 0.0047625 0.1350322966304933
3493 -0.00589133307198161 0.0047625 0.134022292234983
3494 -0.006259290456030931 0.0047625 0.1376955378529495
3495 0.00767925481624372 0.0047625 0.1271321848376775
3496 0.00767925481624372 0.0047625 0.1291321848376775
3497 0.006263644623199756 0.0047625 0.1265732972965518
3498 0.00781590873321821 0.0047625 0.1311988240612647
3499 0.00781590873321821 0.0047625 0.1331988240612647
3500 0.00597016354946193 0.0047625 0.1303310088989422
3501 0.00791229437160036 0.0047625 0.1351646357150658
3502 0.00791229437160036 0.0047625 0.1371646357150658
3503 0.00620320310481857 0.0047625 0.1343634597763306
3504 0.006636816057655376 0.0047625 0.1378877086307519
3505 -0.00279401678574041 0.0047625 0.1405786703834573
3506 -0.004699016785740414 0.0047625 0.1405786703834573
3507 -0.005245664458911178 0.0047625 0.1392419116059135
3508 0.0009569630588440008 0.0047625 0.1404935940774754
3509 -0.0009480369411560049 0.0047625 0.1404935940774754
3510 -0.001837053726896421 0.0047625 0.1390722644609326
3511 0.004760314058674718 0.0047625 0.1404507288633643
3512 0.002855314058674712 0.0047625 0.1404507288633643
3513 0.001907277117518697 0.0047625 0.1389443229408397
3514 0.00538983574472972 0.0047625 0.1391738017790504
3515 -0.0009919813423171237 0.0047625 0.1378378929689751
3516 -0.002837961186901531 0.0047625 0.1379229692749569
3517 0.002899043158295986 0.0047625 0.1369314011004967
3518 0.001000692158465275 0.0047625 0.1369742663146077
3519 -2.153015398360936e-07 0.0047625 0.135824971128632
3520 -0.002858575402024019 0.0047625 0.1260782957134494
3521 -0.001030905233394138 0.0047625 0.1261670606343294
3522 0.0006665003893040911 0.0047625 0.1267184317625017
3523 0.002499796986056764 0.0047625 0.1268079230561012
3524 -0.0003662655270906812 0.0047625 0.1278466398881133
3525 -0.004175116607998964 0.0047625 0.1311207071221169
3526 -0.003998938436646809 0.0047625 0.129089078803872
3527 -0.00416757848959486 0.0047625 0.1328496861345497
3528 -0.002270314519350937 0.0047625 0.1319904020476872
3529 -0.003986530983333583 0.0047625 0.1348919871605533
3530 0.004499574014427235 0.0047625 0.129711174999236
3531 0.004636227931401725 0.0047625 0.1317778142228233
3532 0.004049637832839492 0.0047625 0.1336794962983971
3533 0.004146023471221642 0.0047625 0.1356453079521982
3534 0.002579048297804797 0.0047625 0.1330596623986909
3535 -0.002170761893771977 0.0047625 0.1287783458975977
3536 -0.003891847692663744 0.0047625 0.1276060016662153
3537 -0.004686751944898851 0.0047625 0.1263890286197236
3538 -0.0008492549064428295 0.0047625 0.1327439546936354
3539 -0.0008567930248469333 0.0047625 0.1310149756812027
3540 0.0009477033418343623 0.0047625 0.1300832696717183
3541 -0.0004733562710737462 0.0047625 0.1293297170257701
3542 -0.000135159100852135 0.0047625 0.1343403627671924
3543 0.001278362393651868 0.0047625 0.1333649364007078
3544 -0.003851587184021284 0.0047625 0.136376595521993
3545 -0.002127832601634533 0.0047625 0.1352039894215597
3546 0.001864952492214101 0.0047625 0.131463254325134
3547 0.00224838924598729 0.0047625 0.1297779956697014
3548 -0.00469665956860058 0.0047625 0.1376109670139505
3549 0.003582324864047493 0.0047625 0.1283311903458203
3550 0.004750981754496708 0.0047625 0.1267411023856358
3551 0.005052608430275064 0.0047625 0.1376153645784302
3552 8.926117687985471e-06 -0.0047625 0.1389871881549507
3553 1.860683000634578e-06 -0.0047625 0.1250388525087178
3554 -0.006072380578242887 -0.0047625 0.1319799912089794
3555 0.006106817466436419 -0.0047625 0.1323976481225295
3556 -0.005720024235538577 -0.0047625 0.1279167345724895
3557 -0.002277852637755041 -0.0047625 0.1302614230352545
3558 -0.002262776400946833 -0.0047625 0.13371938106012
3559 0.0005642665880611734 -0.0047625 0.1317685283271508
3560 -0.005710285565720333 -0.0047625 0.1360645932609866
3561 0.005833509632487438 -0.0047625 0.1282643696753549
3562 0.00629958874320072 -0.0047625 0.1363292714301317
3563 -0.003653479654259125 -0.0047625 0.1248613226669577
3564 -0.003683033571480827 -0.0047625 0.1391573407669145
3565 0.003668453876505978 -0.0047625 0.1252178350959167
3566 0.001331140095607549 -0.0047625 0.1283980110162857
3567 0.003805628117349408 -0.0047625 0.1389014577267287
3568 0.001992458199242562 -0.0047625 0.1349613444742647
3569 0.006693779613912073 -0.0047625 0.1248822249177488
3570 -0.006733502771705506 -0.0047625 0.1247925733347776
3571 -0.006808295346341529 -0.0047625 0.1393264824449125
3572 0.006974043372110031 -0.0047625 0.1394461458313721
3573 0.00316563839636703 -0.0047625 0.1311579803231171
3574 -0.001992888802322235 -0.0047625 0.1366885977829994
3575 -0.002063671149788912 -0.0047625 0.127295268759941
3576 -0.006224251385852753 -0.0047625 0.1233962866673888
3577 -0.008129251385852753 -0.0047625 0.1233962866673888
3578 -0.008129251385852753 -0.0047625 0.1253962866673888
3579 0.008109389806956037 -0.0047625 0.1234411124588744
3580 0.00620438980695605 -0.0047625 0.1234411124588744
3581 0.008109389806956037 -0.0047625 0.1254411124588744
3582 -0.008166647673170765 -0.0047625 0.1386632412224562
3583 -0.008166647673170765 -0.0047625 0.1406632412224562
3584 -0.006261647673170765 -0.0047625 0.1406632412224562
3585 0.008249521686055016 -0.0047625 0.140723072915686
3586 0.008249521686055016 -0.0047625 0.138723072915686
3587 0.006344521686055029 -0.0047625 0.140723072915686
3588 -0.00277923982712956 -0.0047625 0.1234306613334789
3589 -0.004684239827129563 -0.0047625 0.1234306613334789
3590 -0.005193491212982316 -0.0047625 0.1248269480008677
3591 0.0009534303415003244 -0.0047625 0.1235194262543589
3592 -0.0009515696584996795 -0.0047625 0.1235194262543589
3593 -0.001825809485629245 -0.0047625 0.1249500875878378
3594 0.004691726938253002 -0.0047625 0.1236089175479584
3595 0.002786726938252998 -0.0047625 0.1236089175479584
3596 0.001835157279753306 -0.0047625 0.1251283438023172
3597 0.005181116745209024 -0.0047625 0.1250500300068327
3598 -0.007622512117769289 -0.0047625 0.1269583672862448
3599 -0.007622512117769289 -0.0047625 0.1289583672862448
3600 -0.006226763503622041 -0.0047625 0.1263546539536336
3601 -0.007798690289121444 -0.0047625 0.1309899956044897
3602 -0.007798690289121444 -0.0047625 0.1329899956044897
3603 -0.005896202406890732 -0.0047625 0.1299483628907344
3604 -0.007617642782860166 -0.0047625 0.1350322966304933
3605 -0.007617642782860166 -0.0047625 0.1370322966304933
3606 -0.00589133307198161 -0.0047625 0.134022292234983
3607 -0.006259290456030931 -0.0047625 0.1376955378529495
3608 0.00767925481624372 -0.0047625 0.1291321848376775
3609 0.00767925481624372 -0.0047625 0.1271321848376775
3610 0.006263644623199756 -0.0047625 0.1265732972965518
3611 0.00781590873321821 -0.0047625 0.1331988240612647
3612 0.00781590873321821 -0.0047625 0.1311988240612647
3613 0.00597016354946193 -0.0047625 0.1303310088989422
3614 0.00791229437160036 -0.0047625 0.1371646357150658
3615 0.00791229437160036 -0.0047625 0.1351646357150658
3616 0.00620320310481857 -0.0047625 0.1343634597763306
3617 0.006636816057655376 -0.0047625 0.1378877086307519
3618 -0.004699016785740414 -0.0047625 0.1405786703834573
3619 -0.00279401678574041 -0.0047625 0.1405786703834573
3620 -0.005245664458911178 -0.0047625 0.1392419116059135
3621 -0.0009480369411560049 -0.0047625 0.1404935940774754
3622 0.0009569630588440008 -0.0047625 0.1404935940774754
3623 -0.001837053726896421 -0.0047625 0.1390722644609326
3624 0.002855314058674712 -0.0047625 0.1404507288633643
3625 0.004760314058674718 -0.0047625 0.1404507288633643
3626 0.001907277117518697 -0.0047625 0.1389443229408397
3627 0.00538983574472972 -0.0047625 0.1391738017790504
3628 -0.002837961186901531 -0.0047625 0.1379229692749569
3629 -0.0009919813423171237 -0.0047625 0.1378378929689751
3630 0.001000692158465275 -0.0047625 0.1369742663146077
3631 0.002899043158295986 -0.0047625 0.1369314011004967
3632 -2.153015398360936e-07 -0.0047625 0.135824971128632
3633 -0.001030905233394138 -0.0047625 0.1261670606343294
3634 -0.002858575402024019 -0.0047625 0.1260782957134494
3635 0.002499796986056764 -0.0047625 0.1268079230561012
3636 0.0006665003893040911 -0.0047625 0.1267184317625017
3637 -0.0003662655270906812 -0.0047625 0.1278466398881133
3638 -0.003998938436646809 -0.0047625 0.129089078803872
3639 -0.004175116607998964 -0.0047625 0.1311207071221169
3640 -0.002270314519350937 -0.0047625 0.1319904020476872
3641 -0.00416757848959486 -0.0047625 0.1328496861345497
3642 -0.003986530983333583 -0.0047625 0.1348919871605533
3643 0.004636227931401725 -0.0047625 0.1317778142228233
3644 0.004499574014427235 -0.0047625 0.129711174999236
3645 0.004146023471221642 -0.0047625 0.1356453079521982
3646 0.004049637832839492 -0.0047625 0.1336794962983971
3647 0.002579048297804797 -0.0047625 0.1330596623986909
3648 -0.003891847692663744 -0.0047625 0.1276060016662153
3649 -0.002170761893771977 -0.0047625 0.1287783458975977
3650 -0.004686751944898851 -0.0047625 0.1263890286197236
3651 -0.0008567930248469333 -0.0047625 0.1310149756812027
3652 -0.0008492549064428295 -0.0047625 0.1327439546936354
3653 -0.0004733562710737462 -0.0047625 0.1293297170257701
3654 0.0009477033418343623 -0.0047625 0.1300832696717183
3655 0.001278362393651868 -0.0047625 0.1333649364007078
3656 -0.000135159100852135 -0.0047625 0.1343403627671924
3657 -0.002127832601634533 -0.0047625 0.1352039894215597
3658 -0.003851587184021284 -0.0047625 0.136376595521993
3659 0.00224838924598729 -0.0047625 0.1297779956697014
3660 0.001864952492214101 -0.0047625 0.131463254325134
3661 -0.00469665956860058 -0.0047625 0.1376109670139505
3662 0.004750981754496708 -0.0047625 0.1267411023856358
3663 0.003582324864047493 -0.0047625 0.1283311903458203
3664 0.005052608430275064 -0.0047625 0.1376153645784302
3665 0.009525 -9.151097914067517e-05 0.1392942785336628
3666 0.009525 -9.151097914067517e-05 0.1247057214663372
3667 0.009525 0.001846734033914788 0.132
3668 0.009525 0.001487204872738469 0.1358991826476661
3669 0.009525 0.00148720487273847 0.1281008173523339
3670 0.009525 -0.002227723499613839 0.1274677564697785
3671 0.009525 -0.002227723499613838 0.1365322435302215
3672 0.009525 -0.001787412805736792 0.132
3673 0.009525 0.002501638778719562 0.1245613077637342
3674 0.009525 -0.002686346895750903 0.1244346955872232
3675 0.009525 0.002501638778719561 0.1394386922362658
3676 0.009525 -0.002686346895750902 0.1395653044127769
3677 0.009525 0.003632069389359781 0.1232806538818671
3678 0.009525 0.002044569389359786 0.1232806538818671
3679 0.009525 0.003632069389359781 0.1252806538818671
3680 0.009525 -0.002136923447875451 0.1232173477936116
3681 0.009525 -0.003724423447875452 0.1232173477936116
3682 0.009525 -0.003724423447875452 0.1252173477936116
3683 0.009525 0.003632069389359781 0.1407193461181329
3684 0.009525 0.003632069389359781 0.1387193461181329
3685 0.009525 0.002044569389359785 0.1407193461181329
3686 0.009525 -0.003724423447875451 0.1387826522063884
3687 0.009525 -0.003724423447875451 0.1407826522063884
3688 0.009525 -0.002136923447875451 0.1407826522063884
3689 0.009525 0.0007479945104296674 0.1233528607331686
3690 0.009525 -0.0008395054895703373 0.1233528607331686
3691 0.009525 -0.001388928937445789 0.1245702085267802
3692 0.009525 0.001205063899789443 0.1246335146150357
3693 0.009525 0.003124852436369236 0.129050408676167
3694 0.009525 0.003124852436369236 0.127050408676167
3695 0.009525 0.001994421825729015 0.1263310625580341
3696 0.009525 0.003304617016957394 0.133
3697 0.009525 0.003304617016957394 0.131
3698 0.009525 0.001666969453326629 0.130050408676167
3699 0.009525 0.003124852436369234 0.1369495913238331
3700 0.009525 0.003124852436369234 0.1349495913238331
3701 0.009525 0.001666969453326628 0.1339495913238331
3702 0.009525 0.001994421825729015 0.137668937441966
3703 0.009525 -0.00349511174980692 0.1267338782348893
3704 0.009525 -0.00349511174980692 0.1287338782348893
3705 0.009525 -0.002457035197682371 0.1259512260285008
3706 0.009525 -0.003274956402868396 0.131
3707 0.009525 -0.003274956402868396 0.133
3708 0.009525 -0.002007568152675315 0.1297338782348893
3709 0.009525 -0.003495111749806919 0.1352661217651107
3710 0.009525 -0.003495111749806919 0.1372661217651107
3711 0.009525 -0.002007568152675315 0.1342661217651107
3712 0.009525 -0.00245703519768237 0.1380487739714992
3713 0.009525 -0.0008395054895703373 0.1406471392668314
3714 0.009525 0.0007479945104296674 0.1406471392668314
3715 0.009525 -0.001388928937445789 0.1394297914732198
3716 0.009525 0.001205063899789443 0.1393664853849643
3717 0.009525 -0.001159617239377257 0.1379132610319421
3718 0.009525 -0.0003702593134376842 0.1362157130889438
3719 0.009525 0.0006978469467988973 0.1375967305906645
3720 0.009525 -0.0003702593134376842 0.1277842869110562
3721 0.009525 -0.001159617239377257 0.1260867389680579
3722 0.009525 0.0006978469467988973 0.1264032694093356
3723 0.009525 -0.0001501039664991615 0.1339495913238331
3724 0.009525 2.966061408899833e-05 0.132
3725 0.009525 -0.0001501039664991615 0.130050408676167
3726 0.006786590616901485 -4.164343770184792e-05 0.142
3727 -0.006786590616901487 -4.164343770184879e-05 0.142
3728 1.214306433183765e-17 0.001643407672475243 0.142
3729 -0.003574929014476605 0.001598661508351881 0.142
3730 0.003574929014476621 0.001598661508351888 0.142
3731 0.004183761806388964 -0.00208091482860714 0.142
3732 -0.00418376180638895 -0.002080914828607143 0.142
3733 1.214306433183765e-17 -0.00194124559394615 0.142
3734 0.007121051206955617 -0.00257626144834673 0.142
3735 0.007025303926275627 0.00253390361413001 0.142
3736 -0.007121051206955619 -0.002576261448346742 0.142
3737 -0.007025303926275619 0.002533903614130008 0.142
3738 -0.008323025603477811 -0.003669380724173371 0.142
3739 -0.008323025603477811 -0.00208188072417337 0.142
3740 -0.00641802560347781 -0.003669380724173371 0.142
3741 -0.008275151963137811 0.002060701807065009 0.142
3742 -0.008275151963137811 0.003648201807065004 0.142
3743 -0.00637015196313781 0.003648201807065004 0.142
3744 0.006370151963137826 0.003648201807065004 0.142
3745 0.008275151963137812 0.003648201807065004 0.142
3746 0.008275151963137812 0.00206070180706501 0.142
3747 0.008323025603477809 -0.003669380724173365 0.142
3748 0.006418025603477822 -0.003669380724173365 0.142
3749 0.008323025603477809 -0.002081880724173365 0.142
3750 -0.008155795308450745 -0.0008145717188509241 0.142
3751 -0.008155795308450745 0.0007729282811490806 0.142
3752 -0.006953820911928553 -0.001308952443024295 0.142
3753 -0.006905947271588553 0.001246130088214079 0.142
3754 -0.004644964507238303 0.00318058075417594 0.142
3755 -0.002739964507238299 0.00318058075417594 0.142
3756 -0.005300116470376112 0.002066282561240944 0.142
3757 -0.0009524999999999915 0.003202953836237621 0.142
3758 0.0009525000000000141 0.003202953836237621 0.142
3759 -0.001787464507238296 0.001621034590413562 0.142
3760 0.002739964507238318 0.003180580754175944 0.142
3761 0.004644964507238324 0.003180580754175944 0.142
3762 0.001787464507238316 0.001621034590413566 0.142
3763 0.005300116470376124 0.00206628256124095 0.142
3764 -0.003044380903194472 -0.003421707414303572 0.142
3765 -0.004949380903194476 -0.003421707414303572 0.142
3766 -0.005652406506672284 -0.002328588138476942 0.142
3767 0.0009525000000000141 -0.003351872796973075 0.142
3768 -0.0009524999999999915 -0.003351872796973075 0.142
3769 -0.002091880903194469 -0.002011080211276647 0.142
3770 0.004949380903194495 -0.00342170741430357 0.142
3771 0.003044380903194489 -0.00342170741430357 0.142
3772 0.002091880903194487 -0.002011080211276645 0.142
3773 0.005652406506672291 -0.002328588138476935 0.142
3774 0.008155795308450743 0.0007729282811490814 0.142
3775 0.008155795308450743 -0.0008145717188509233 0.142
3776 0.006953820911928551 -0.001308952443024289 0.142
3777 0.006905947271588558 0.001246130088214081 0.142
3778 0.003879345410432793 -0.0002411266601276265 0.142
3779 0.005485176211645225 -0.001061279133154494 0.142
3780 0.005180759815689053 0.00077850903532502 0.142
3781 -0.005485176211645218 -0.001061279133154496 0.142
3782 -0.003879345410432777 -0.0002411266601276309 0.142
3783 -0.005180759815689046 0.0007785090353250165 0.142
3784 -0.001787464507238296 -0.0001712920427971347 0.142
3785 1.214306433183765e-17 -0.0001489189607354535 0.142
3786 0.001787464507238316 -0.0001712920427971313 0.142
3787 -6.505213034913027e-19 0 0.03279734953703704
3788 2.168404344971009e-19 0 0.1092042672199992
3789 -5.749804052917334e-06 -1.599461823969389e-06 0.0642164664985274
3790 5.122923069818264e-07 2.015316354572055e-06 0.0463487528579745
3791 6.686560210438473e-06 -2.379816502297467e-05 0.07822986994805123
3792 -3.397352855878666e-06 2.243028268704081e-07 0.09413626297912385
3793 -0.002642704061760129 0.0008947618873694253 0.05528186538299769
3794 -0.0008281023800211932 0.003336838284218034 0.08617748321552789
3795 -0.001895897846784534 -0.003209943035985311 0.1016706443958782
3796 -0.002572003603863362 0.003218845237281913 0.07123698720434131
3797 0.001627172353044323 -0.003793758237278468 0.07120923036986337
3798 -0.004128098235085451 -0.0008962284677750949 0.03957334069806417
3799 0.003689424727647699 0.001979744603696191 0.03957261746282369
3800 0.0007689284729190064 0.004248258146731704 0.1011579471420019
3801 0.001806745280022057 -0.004005814793051567 0.08716031300335206
3802 0.0050453855498208 -2.168404344971009e-19 0.1141200945851523
3803 0.005044869175466832 0 0.02788036692442652
3804 0.004448417122253278 0.0009299381568431114 0.0524743243158679
3805 0.002624113461030836 -0.003701084139979347 0.05816774112486259
3806 -0.005001163729120659 0 0.1141382770782959
3807 -0.005000119553487043 -2.168404344971009e-19 0.0278619699390765
3808 0.0002151344384074534 0.005087117695985452 0.02797154715421271
3809 -0.0005239848059517072 -0.004953609395542808 0.05159102443906372
3810 0.002623817364461701 0.004226052560527845 0.05896311627920092
3811 0.004685989183272524 -0.001189556965882922 0.1038426283982805
3812 -0.004181067961644099 -0.002429821833182788 0.08353555500626858
3813 0.001758928369309883 -0.004835709297562226 0.03913285906157194
3814 -0.001230054953305994 -0.00543865702099821 0.1145490873123623
3815 -0.001181967196848896 -0.005475674442334729 0.0275081917533533
3816 -0.0001900297797408885 0.005118789357092967 0.1140132717828557
3817 0.004979131731526301 0.0008030455655571181 0.08313069652696085
3818 0.004218933689933381 0.002529284712378991 0.06931770554477351
3819 -0.004716417080658495 0.002232366908023124 0.10475079983736
3820 -0.001868626200074767 0.005024247065042024 0.03702820498070904
3821 -0.004552414119509952 -0.002719874621887875 0.06851934919379807
3822 -0.005323500665641672 -0.0002082700452798848 0.08987859993272665
3823 -0.0004177169606208584 0.005301004798524455 0.05059765480140533
3824 -0.003861636371497185 -0.00371046347384611 0.06008100150906004
3825 -0.004885905717742453 0.002419727733830436 0.09804784854876379
3826 0.003560257032857552 -0.004107569790383118 0.09796993260012946
3827 0.004846015214333765 0.002193690616027001 0.08983180439925949
3828 -0.005699797627443268 -0.0001728090182696145 0.04958177668934646
3829 -0.004127137685144609 -0.003933882913770547 0.07495653242722619
3830 -0.004403566101274338 0.00361762787193475 0.06097613511946032
3831 0.00240041794896203 0.005170373685206606 0.07503201300426396
3832 -0.00378906341287384 0.004395019144671275 0.0433704034800981
3833 0.005692598541413106 -0.0004587711472926288 0.07506631112821208
3834 0.0007404242602588471 -0.005782121584220564 0.08104879279281847
3835 -0.004654179286906358 0.003475272000245228 0.08098890093623985
3836 0.005321100745987773 0.002045105887400011 0.09715180590891533
3837 -0.0002626666113872834 0.005988189060108624 0.1072004282438685
3838 0.0001021771924730689 0.005895552927736254 0.09187532779030909
3839 -0.001796670955587999 -0.005638709314085982 0.0442486265438338
3840 -0.001763767511219115 -0.00565332225942649 0.09205301777355526
3841 0.001172575917262544 -0.00562439327888915 0.1066164126814086
3842 -0.003535613339228259 -0.004793087103009797 0.03471414336913192
3843 0.005287104212031969 -0.002442979703098486 0.04383234607427124
3844 0.005983264007974638 0.0009371038629357362 0.03388970089975927
3845 0.005859385125391778 -9.144292142148732e-05 0.0620940613684393
3846 -0.006018525458051295 0.0008125013755551102 0.03389427897396113
3847 -1.463721668265821e-05 0.005892131826571728 0.06622758139333981
3848 0.003635302815901174 -0.004909820858143689 0.06531898688766402
3849 0.001561221174961076 0.005929917983497079 0.08110503075384291
3850 -0.004652662391578708 -0.003583456643325604 0.1072127746882958
3851 0.005371508799559176 0.002972912637179485 0.04674664506439827
3852 0.003621243771494322 -0.004971375938492208 0.03325487547345073
3853 -0.005107475001220184 -0.003428650538281287 0.09656199186857829
3854 0.005045856176774416 -0.003340237025260515 0.09218865123839237
3855 0.005081461327728559 0.003181475981453884 0.1080790087072793
3856 -0.006160012166484792 0.001563590662332001 0.07561603570846356
3857 0 2.168404344971009e-19 0.02589831757350201
3858 0.002566854607636569 0.005629187936233172 0.03328465870062518
3859 -2.168404344971009e-19 0 0.116100992144703
3860 0 0 0.1264510918337042
3861 -0.005851548755555708 0.002561023144962669 0.0664951779612173
3862 0.00179099261381108 0.005986951312742119 0.04331594340226447
3863 0.003768245822164139 -0.005072250692827912 0.1117220189944002
3864 -0.004842091206591516 0.004164378498780869 0.1101699138289869
3865 0.004796819355050209 -0.004014950180752224 0.04941819803968282
3866 -2.168404344971009e-19 0 0.01555558165062148
3867 -0.001898845145445027 -0.006152432747241839 0.06483393626004093
3868 -0.003811281260149533 0.005500210261962328 0.031816278462494
3869 0.003559988838174716 -0.00553668532552385 0.0761918501971672
3870 -0.005140882098247864 -0.004077650876718559 0.05463979374115863
3871 -0.001606795287435001 0.006358598486677854 0.05597060223748489
3872 -0.006203705001064791 -0.00230559433667283 0.04450303357583945
3873 -0.002901449297549496 0.005962028964723725 0.07637533373243868
3874 -0.00511087441741966 0.004403397576601814 0.09290271476003394
3875 -0.001638436025292565 0.006576709055009814 0.09693265039975273
3876 0.006481061291528372 -0.002406375273619904 0.0692079990003855
3877 0.005073195215195458 0.004897072379061408 0.02603273677846037
3878 0.004897824889194539 0.004655829805875788 0.06442688156441716
3879 -0.001025633107441147 -2.563420226260604e-08 0.01062177485274627
3880 -0.001052574564335344 8.673617379884035e-19 0.1313841831151038
3881 0.004301839337583006 0.005449498395450525 0.08564916139526919
3882 0.006720048165534781 -0.001835607255809494 0.1087109628286289
3883 -0.001076022804496372 -0.006657703798625023 0.09773433508133715
3884 0.006361693002408922 -0.002374263332710213 0.03805002788787983
3885 0.005959761724163239 0.003496598538349292 0.07863352960166596
3886 0.005350762176358432 -0.004465645365584684 0.0832686867742773
3887 -0.005313961612934188 0.004329853616120202 0.05230135217686794
3888 0.004245950590999977 -0.005282568323048988 0.02641023009682394
3889 0.006768655247544027 -0.0006800592899536442 0.05693063040509178
3890 -0.006095990421420128 0.003334348674632519 0.08605515556251475
3891 0.004966171654664037 0.005135338446638172 0.1130897789213799
3892 0.005807240604074181 0.003922817207297554 0.1028547196966123
3893 0.003503431649901255 0.005850295828392541 0.05404729749671489
3894 -0.003653937868446615 0.006182241203516108 0.02541581203412799
3895 -0.006716802489788501 -0.001202782738655997 0.1013491246463214
3896 -0.005223784349199407 0.005058673785962728 0.1152654898933744
3897 -0.006917725699439152 3.947174920751196e-05 0.05813926219051206
3898 -0.002952211049700586 -0.006117780333484044 0.08700279435574391
3899 -0.006831069475313124 -0.002262837802231743 0.07906809528652063
3900 -0.007121945028358027 -0.001310303451591318 0.06330451395095781
3901 -0.001108422684308608 -0.006810424181619957 0.05638549090048214
3902 -0.004662393386194693 -0.005103092824680936 0.04853709253335985
3903 0.003877060164072085 -1.122437272328691e-07 0.008511490391680976
3904 0.003862178415521856 -8.673617379884035e-19 0.133455454856267
3905 -0.003815525128490339 -0.005938578914865198 0.03962691942317973
3906 -0.002225851594510147 -0.006885874428110181 0.07016886243813127
3907 0.006637656618847074 -0.001991519691189454 0.08753671039046926
3908 0.001900099595460207 -0.00694360655067415 0.1017999307213003
3909 -0.005723232307797419 -0.004443817290605803 0.02568182869704479
3910 0.003808663499737255 -0.006108183359674654 0.05389807268845899
3911 -0.006439571155224179 0.00336905144357082 0.03828158122123212
3912 -0.005766901927576389 -0.004406220863658852 0.1163491916281165
3913 0.004788220559057544 0.005505214320859594 0.09357970009464014
3914 -0.004915966712337937 -2.569268100680554e-09 0.004633056984503393
3915 0.00261176073554621 0.006726683381298072 0.03844241471755597
3916 -0.004912982271277198 6.776263578034403e-20 0.1373639226457371
3917 -0.003675508789496166 0.00631368937390852 0.1020806463813164
3918 -0.0007409185190440759 0.006976101409965893 0.06141276062212075
3919 0.00109515660203474 0.0006425413528724418 0.07341375606259024
3920 0.0003554608979082791 0.00722444527287771 0.07099830637583095
3921 0.001267575157859204 -0.007371977911386997 0.06121565732382517
3922 0.002912723846754559 -0.006433919392154423 0.04553644497509885
3923 0.005731004783675791 -0.004464340075489381 0.1162942673854253
3924 6.273135992532122e-05 0.00049303745482661 0.1042891854383407
3925 -0.006004650750066604 -0.003973762561858747 0.03055599452188531
3926 0.0003242216785641731 -6.875474374730406e-09 0.00483242036024765
3927 -0.004097368754360592 -0.006151774440527278 0.08029672794598569
3928 0.0003668521914633865 2.168404344971009e-19 0.1371787259338211
3929 0.0008345125686334 -0.0001482232354570163 0.09897223017853476
3930 -0.007108961431174892 0.0007418784160041944 0.07087389922844864
3931 -0.0004338047740649912 -0.00739812975680037 0.03195435127964261
3932 -0.0007992447662995901 -0.007520854300842167 0.07516887419689958
3933 0.0005943657204703738 -0.001383197269198213 0.08320265934511147
3934 -0.003518467152740661 0.006569987904846366 0.08866421669514991
3935 -0.0001448591303755673 -0.0001089177860395175 0.05121904091968335
3936 -6.350439984387918e-05 0.0001835937796767628 0.05935069270444653
3937 0.0003062885850580828 -0.0008865029274161928 0.04157508554032509
3938 -0.002226848173654684 -0.006879889031547049 0.109948562426452
3939 0.00241777823232108 -0.006903771962764112 0.09417278262844878
3940 -0.0005081751263182784 -0.0003368075446036518 0.08932573839769327
3941 -0.007229331040609116 0.0002836493506733908 0.09429828665336182
3942 -0.007380386592354137 0.0003284200603317358 0.1084232239609861
3943 -0.004343897995918813 0.006011229543458724 0.0478833571608134
3944 0.006962649926927329 -0.001800058921019345 0.07955101283012363
3945 0.007172150536418232 -0.001520370665791762 0.09976124094022923
3946 -0.002818193083056546 -0.006954822161104206 0.1044287754302328
3947 -0.00244439999869204 0.006862217796690579 0.08345658642901554
3948 0.003021820392554148 0.006953713833580743 0.04778849215460049
3949 -0.004622351166312343 0 0.1280436595947326
3950 0.003699815830542329 0.006399588846581271 0.09811001045002958
3951 -0.004604547268675526 4.650663461974736e-09 0.01393926171785267
3952 -0.0005245747105265761 -0.0003094388154510909 0.06888595775188182
3953 0.00749910719920251 0.001112226038780018 0.06630323334535866
3954 0.007190731872140196 0.001656615645014365 0.04264936324603241
3955 0.004481708627530242 6.380440345076649e-08 0.01343329872338522
3956 -0.007068301499463008 0.002098142953736607 0.04575169173873909
3957 0.00449314649960647 -8.673617379884035e-19 0.1285405649602229
3958 -0.006185049942928551 -0.004203808347320035 0.09210225911336001
3959 0.005510611323448882 -0.005603302576642386 0.1049875846409926
3960 0.005468248548689895 0.00373865807326754 0.03038224380335921
3961 -0.005308534067318304 -0.003958123725073677 0.1117722460932655
3962 -0.006243268295603619 0.004408653607690514 0.0568197513777007
3963 0.004853001701566007 -0.0002544017182875271 0.1378879220970703
3964 0.007400060198682424 0.0004941487927060154 0.09330846858836245
3965 -0.007698684925803029 0.0006332799208432914 0.05364533798558392
3966 -0.004091052881940099 0.006410867737987927 0.06829413520160936
3967 0.004792731094203979 -0.0001774751875821946 0.004072227677131958
3968 -0.0004450017895634428 0.0006676221739153252 0.03731928124080736
3969 -0.007131017757711798 -0.002694125593425158 0.03662075312480079
3970 0.001844947495826773 -0.002771970291069763 0.02964375027204777
3971 0.007435567203331349 -0.0002786984214573586 0.04922206877242962
3972 0.005861785063827982 -0.00462351904143108 0.06130328602312856
3973 -0.007666700268283012 -0.0009350289530072444 0.08604767212546201
3974 0.0008148100075938461 0.007515703339603363 0.08769450541834478
3975 0.006968695074623716 -0.002621856243445461 0.0311398071687415
3976 0.002805779159759594 0.007157722843185501 0.1040277120996064
3977 -0.00168133008938166 0.007496364636163774 0.04082325493951437
3978 0.001984035404611856 -0.007495360837451752 0.06863909414611516
3979 -0.0005255686517038514 -0.007670996699740497 0.03646126833364989
3980 -0.005313650400634225 -0.0003558699398166351 0.009149354668809388
3981 0.0007421726716707023 -0.007874197971696043 0.08506347278900658
3982 0.003233333333333333 0.002570965123097643 0.1171926978103787
3983 0.006387096435138624 0.003713522001104808 0.07321721432982155
3984 -0.0005932340944209452 -0.007741400378137708 0.0480496879739881
3985 0.005977970798167235 0.004849260869652358 0.03611675589684053
3986 -0.002194272437035504 0.0076323106462122 0.1168222159082524
3987 0.007421465899267566 -0.002876604508376081 0.05297916270026916
3988 -0.005322419301735887 -0.000378407868544004 0.132863624599468
3989 -0.007888179735946488 0.0006115793495851953 0.04152453040573931
3990 0.001877671324422103 -0.007647391957923321 0.08978088062257139
3991 -0.007105654835475961 0.003035019028918643 0.0302545502759422
3992 0.007048994383647363 0.00338291145770204 0.05512953972380519
3993 0.007017533393472136 0.003497165103071721 0.059631638806362
3994 0.007938987873946377 -0.001180444459041129 0.02503135315343559
3995 -0.006144334249427234 0.005165724812208994 0.07301817274008733
3996 0.001891130913783471 0.00737945512967603 0.11081728890686
3997 0.007939262413202461 0.001180363746840429 0.1169689592670071
3998 0.005578081414057906 -0.005471806311905508 0.07226067317391885
3999 -0.004793104720102959 -0.006114548822936095 0.1000478420638686
4000 0.005757226486651799 0.005604410105565722 0.04131682385920902
4001 0.003845520445746627 0.006747920234831091 0.06814530360030699
4002 -0.004559172585719355 0.006362845721004378 0.106380558042785
4003 0.005693720837851013 -0.005653325967277894 0.04087834208614832
4004 0.001482804446857124 -0.000572649933624764 0.05532428712281641
4005 0.006395663314815151 0.004638821465477958 0.05080847761481316
4006 -0.005966204642372797 -0.005500647903728348 0.06343941681238464
4007 -0.004248323706297137 0.00676426907248095 0.06396720510307255
4008 -0.0004864872798240611 0.003306346084050152 0.04076935311588422
4009 -0.003233333333333334 0.002184332130029386 0.02468875070185211
4010 0.0002821088102511501 -0.008185040457691053 0.04143722388970821
4011 -0.007826165763321907 0.0007208227396812506 0.08204745356503089
4012 0.001603032652617776 0.003454813178752448 0.02453973398680267
4013 0.003533173212210644 2.168404344971009e-19 0.0243167301549715
4014 -0.0006776192658887077 0.004266265179451435 0.04641320641734147
4015 -0.007099796364176566 0.003758648198570527 0.1014974907711145
4016 0.003582770873074047 -0.0006873760127816165 0.06651262227724149
4017 0.0001029340042129039 -0.003136168369112323 0.07524385314792656
4018 0.007347508271271934 0.002470451749038685 0.08632788876417596
4019 0.007885127771746157 0.001198242202490856 0.1054719211305374
4020 0.00264363094615207 -0.007497906453385996 0.1152751169742325
4021 0.007552738873876516 -0.003038389748058165 0.06498912498819674
4022 0.001370958286766885 0.003815547138143262 0.09557646222361915
4023 0.002895629241540767 -0.001479485759750074 0.0356622961469972
4024 0.0023067428491682 0.006840331481909488 0.1171580576458535
4025 -0.006069523404697295 -0.005486545438853636 0.07146108522587377
4026 -0.002048842868639363 0.003554398444268947 0.1174458349553445
4027 -0.003239910975055268 -0.007369745516571783 0.02470455833153393
4028 0.007253439479399973 -0.003383358894759037 0.09588264275880028
4029 0.0076411695986401 0.001583482494486466 0.1111111242363688
4030 -0.002348515973688099 0.007460296441649093 0.111188830880663
4031 0.001974582703575459 0.00769106421399385 0.02505981839034892
4032 0.002413367428640656 -0.002125207552998969 0.1174657442636666
4033 -0.00209341037918611 0.002193843232012183 0.02991767610766272
4034 -0.003222998655575318 -0.00089113765587206 0.07212352418934577
4035 0.0005941831644314739 0.008070537998489268 0.0775616881406769
4036 0.002830749382091214 9.770343759066963e-05 0.08673056777403858
4037 0.0056321743834649 -0.005898941832392493 0.08885361779185527
4038 -0.003070941058876555 -0.007854381919282998 0.1174006624467195
4039 0.007717837998916703 0.001640393766260301 0.03828152514310403
4040 -0.0009919304015576589 0.007771382404721749 0.03396256389887242
4041 -0.003006945563030985 -0.007726547960425999 0.06107372321679461
4042 -0.000632392208151953 0.002358862692102743 0.08166366585190175
4043 0.007839590212531141 -0.002929117698407586 0.1130030622673194
4044 4.156742073550751e-05 -0.003355179932599272 0.06165151236667099
4045 0.00201022591444902 0.008057400566386414 0.0573143037717775
4046 0.002698662207416242 0.001883372669600911 0.04367122034108355
4047 0.0007772196084584403 -0.002271647100916322 0.1126526296823511
4048 0.002131029093882949 0.002214197036004653 0.1120641670037667
4049 -0.007937721957586377 -0.002187035217649079 0.07502503989539994
4050 -0.002259175766993627 -0.002212418731192965 0.03008561592676199
4051 -0.007178250493842705 -0.00368963908501306 0.04068064329529063
4052 0.00481862820875727 -0.006601856738156881 0.0369074489435228
4053 0.006499060464644124 0.005088292597278852 0.1169265466170397
4054 -0.002064012511895068 0.007923481381371212 0.0449571011578044
4055 -0.002828975219978633 0.0008355063307027323 0.1013077925509531
4056 0.0014759467140808 -0.003325698685891909 0.02445825145041411
4057 -0.005652260149436415 0.006262995312466577 0.03543744416358538
4058 -0.008296367297294877 -0.001446516969592513 0.06727734415558427
4059 0.005943084294477022 -0.005892160691891133 0.1008665767602311
4060 -0.003105603604329375 0.000308695322760111 0.04361339275625556
4061 -0.006615317714801051 -0.004445012295692747 0.08798636298922155
4062 0.002944425216113082 -0.002777212086306843 0.0792270293217
4063 -0.003449055704575604 -0.007502395377814558 0.05303977229119512
4064 0.00439624921788058 0.006670751719842247 0.0896151713032787
4065 -0.006430417387139018 -0.004694337321360119 0.1036091410609325
4066 0.001940968735893508 0.001857407101343886 0.02971020056105664
4067 0.0009487561561950764 -0.00369737876084694 0.04793621446290491
4068 0.0003699573009091487 0.008240621410560096 0.1001453273503882
4069 -0.005181954720844508 -0.006660535121855098 0.0673115318814751
4070 -0.003233333333333334 -0.00167522767680821 0.1174669586830127
4071 0.001251868638647297 0.003653088889909712 0.06280119172295776
4072 -0.003233333333333333 -0.001696190600888892 0.02452602258124119
4073 -0.007976605533519964 -0.0009643365265927397 0.02507589370770966
4074 -0.007041240436441329 0.003733071055972989 0.02625197888283626
4075 0.003113473686519685 -0.007250268956790699 0.02985423645963782
4076 0.003364744561141551 -0.0002366769484578131 0.048689998091223
4077 -0.003365658914998592 -0.002325705318462943 0.064610167630736
4078 0.003336249310587859 0.007226496532490263 0.06165259431843259
4079 0.007954088021645343 0.001230411806939614 0.07036771201718164
4080 -0.001639636247038125 -0.002775509585937484 0.05677860279323384
4081 -0.007770834146550703 -0.002966990504368497 0.05172066907277736
4082 -0.002022105355076708 0.001973495731415344 0.112156260917551
4083 0.004559100382662598 -0.006724884769463306 0.07996489657459672
4084 0.002866412651181312 -0.00751985314449728 0.05019267398244361
4085 0.005569293070278687 0.006002304910567444 0.08181927926703554
4086 -0.007845397694443547 0.002682573394605538 0.06294472921948481
4087 0.0004857862469328116 0.003117172027308746 0.05391549705617547
4088 -0.002122284293628526 0.002070764538672724 0.07546135251249304
4089 0.001033605873589099 0.008095455835505572 0.03050701900049398
4090 0.006359920664769131 -0.004768082982757375 0.05682804591485174
4091 0.001674319327451723 -0.008018800626268837 0.1098627428400398
4092 0.001259029293154882 -0.007956436896177924 0.02515649507169921
4093 -0.005669542657698602 -0.006321315604880594 0.04334232484870272
4094 -0.00657248261633646 0.004971437651315713 0.07775665585502431
4095 -0.008310193056355438 -0.0007639688234539715 0.02996585472481747
4096 -0.004183677886849894 0.007126883819939975 0.05898606552534202
4097 0.002333758298883697 -0.007841522702730889 0.07264492814017166
4098 0.0003127172180739368 -0.003964150370430373 0.06740021887818833
4099 0.002927676174720141 -0.002071837222080443 0.1073621572477419
4100 -0.003138126861212128 0.007902395385530937 0.09317145847948415
4101 -0.00745625132497088 0.00321241660135441 0.08984797551710538
4102 0.003695556373048765 -0.001122813248167547 0.09526841952123763
4103 -0.002434492734367981 0.003200446023220564 0.06446348590136809
4104 -0.003500235795002834 -0.0002980695300263761 0.08018856753779893
4105 -0.002328518742854991 0.003105395246835058 0.09031241840196545
4106 -0.003265458796600639 0.0001632584838387836 0.0864557127126708
4107 -0.003946101590120548 -0.007454825500113993 0.02981920869837191
4108 -0.003145534931075728 0.007683325089580717 0.0287433906501062
4109 0.004383854471923231 0.007101467931858346 0.1077021542593767
4110 -0.004586254988198864 -0.006880789498081863 0.0946086622753827
4111 -0.003693609798651757 -0.001334459684284457 0.09335490796759627
4112 0.0003225380167689452 0.009178718961841206 0.09605756199645905
4113 -0.0007681294164097478 0.006236130991373034 0.09440398909503091
4114 0.001192844625651762 0.008838140898204425 0.09352890069173724
4115 0.002991663944686392 0.009090158857626934 0.09664624202159748
4116 0.001900996511507699 0.006147570887158763 0.09499266912016933
4117 0.001030689902624882 0.006488148950795542 0.09752133042489115
4118 -0.001337050533886326 0.009155520005059033 0.05463608243556524
4119 -0.00101225612402793 0.005829801642601154 0.05328412851944511
4120 -0.0007425113704792551 0.008626723160982334 0.05194960871752546
4121 0.001218062934781802 0.008901368675916378 0.05367443006518024
4122 0.001542857344640198 0.005575650313458498 0.0523224761490601
4123 0.0009483181812331267 0.006104447157535197 0.05500894986709989
4124 0.005992470973179136 0.00716392892781168 0.07324777373191262
4125 0.004393757192050327 0.004441947843155707 0.07412461366704276
4126 0.003999131730090838 0.007892354769862577 0.07415517306913383
4127 0.004721682978483137 0.008681128044674821 0.07071181836715534
4128 0.003122969197354329 0.005959146960018849 0.07158865830228547
4129 0.005116308440442626 0.00523072111796795 0.07068125896506428
4130 -0.00492558186456033 0.00075 0.117569138539148
4131 -0.006262875144069874 0.001566259904730941 0.117569138539148
4132 -0.005036892174599704 0.003279336892981364 0.1181327449466872
4133 -0.006374185454109248 0.004095596797712305 0.1181327449466872
4134 -0.005112474039160033 0.002529336892981364 0.1147018834858351
4135 -0.002555436177038031 -0.001714213117727208 0.09534912742385107
4136 -0.003091748902858278 -0.005043177168453155 0.09714816347495772
4137 -0.0005397100786761254 -0.003328739747899076 0.0959352990302305
4138 0.0004155576078887606 -7.399946631507296e-05 0.0965542465788293
4139 -0.0001207551179314861 -0.00340296351704102 0.09835328262993595
4140 -0.002136481216293392 -0.001788436886869152 0.09776711102355654
4141 0.0009836528232013396 0.008530801438511565 0.05095579539408061
4142 0.002944227128462396 0.008805446953445607 0.05268061674173539
4143 0.0007578453883611137 -0.005255754160799652 0.05727661601267237
4144 0.001818618200441411 -0.008916081347268982 0.05681928277121799
4145 0.003684886273111134 -0.007361411326448677 0.05771040788340821
4146 0.00194584430944502 -0.005536531025683172 0.05969169922434388
4147 0.003006617121525318 -0.009196858212152503 0.0592343659828895
4148 7.957623677529797e-05 -0.007091201046503477 0.05880057411215366
4149 0.004277161292464343 -0.00856496093629633 0.05557557366520641
4150 0.003216388480384046 -0.004904633749827001 0.0560329069066608
4151 0.001350120407714323 -0.006459303770647306 0.05514178179447057
4152 0.008734124274344947 0.001869329036633768 0.02969112190167961
4153 0.005256558862078363 0.00186932903663377 0.02913130536389286
4154 0.008522434587733416 -1.469576158976824e-18 0.02844018346221327
4155 0.009484347537311859 -0.001310928121722732 0.03006990358437076
4156 0.006006782125045273 -0.001310928121722731 0.02951008704658401
4157 0.006218471811656806 0.0005584009149110392 0.03076102548605035
4158 0.002445198875765307 0.005700383624297924 0.09272751394247461
4159 0.003535866308944 0.008642971594766095 0.09438108684390276
4160 0.004244018194799937 0.005952401583720433 0.09584485527233486
4161 0.001778429840000837 -0.002053672743778124 0.09605309778962665
4162 0.00124211711418059 -0.005382636794504071 0.0978521338407333
4163 0.001207190439732601 -0.003451773829968621 0.09415452280378631
4164 0.000670877713912354 -0.006780737880694568 0.09595355885489296
4165 0.002989017632589316 -0.005505670876573615 0.09607135761428912
4166 -0.001419895157857744 -0.006155513029025757 0.0948936764274462
4167 -0.0008835824320374969 -0.00282654897829981 0.09309464037633955
4168 0.0003270053605509825 -0.006278547111095301 0.09311290020100202
4169 0.006784911821846424 -0.006077542232379849 0.07667980648342014
4170 0.004626293689793911 -0.002997728236408239 0.07562908066268964
4171 0.007851216673465619 -0.003538585143264238 0.07611703694894258
4172 0.007793958109788019 -0.006045102725570678 0.07471421797179596
4173 0.005635339977735507 -0.002965288729599068 0.07366349215106546
4174 0.004569035126116311 -0.005504245818714679 0.07422626168554303
4175 0.001622211469042128 0.001323683388805758 0.03844594935181553
4176 0.001060926409036563 0.003148405055074249 0.03530196997071627
4177 0.003128139667642134 0.003804466269964682 0.03642863808172444
4178 0.003292526984594233 0.000250129421973058 0.03761745680491044
4179 0.002731241924588667 0.002074851088241549 0.03447347742381119
4180 0.001225313725988662 -0.0004059317929173747 0.03649078869390228
4181 -0.001021750987466892 -0.009709897604012294 0.05215949082615014
4182 -0.002278739194442107 -0.007156409779717257 0.05471263159583863
4183 0.000148565522666606 -0.009363912005914993 0.05383235013079365
4184 0.002135983190411566 -0.009718626487353653 0.05073594167177438
4185 0.000878994983436352 -0.007165138663058618 0.05328908244146287
4186 -0.000291321526697146 -0.007511124261155919 0.05161622313681936
4187 -0.006344460329836221 -0.001814851832370971 0.1100977350271258
4188 -0.002654267033659152 -0.001979061862536839 0.1104882566566323
4189 -0.003690193296177069 0.0001642100301658679 0.1088137455904927
4190 -0.004701245973715422 0.00115095789587354 0.1102897424392686
4191 -0.001011052677538354 0.0009867478657076718 0.1106802640687751
4192 -0.003665319711197506 -0.0009923139968291668 0.1119642535054082
4193 0.005260482521686696 0.004673730465732131 0.05683946815153844
4194 0.007714871783703908 0.0060274468865415 0.05946799730166311
4195 0.005957820911918467 0.00720401224920191 0.05667582664683955
4196 0.002756828782175137 0.006953848197389478 0.05568080063424619
4197 0.00521121804419235 0.008307564618198846 0.05830932978437086
4198 0.004513879653960578 0.005777282834729068 0.05847297128906975
4199 -0.006016524491966423 -0.001627518291496934 0.107817999324641
4200 -0.002326331195789354 -0.001791728321662802 0.1082085209541475
4201 -0.004980598229448506 -0.00377079018419964 0.1094925103907806
4202 -0.004501259234872525 -0.003894057175282334 0.05736039762510933
4203 -0.007724932294453588 -0.005109854582118736 0.05694819163974703
4204 -0.007085309431078248 -0.004926260880682511 0.05966879552369773
4205 -0.005389681035468169 -0.001835495862319299 0.05911013184978605
4206 -0.008613354095049233 -0.0030512932691557 0.05869792586442375
4207 -0.006029303898843508 -0.002019089563755524 0.05638952796583535
4208 0.004272412702901901 0.005239224402942765 0.03470070729873286
4209 0.004833697762907467 0.003414502736674274 0.03784468667983211
4210 0.004436800019854001 0.001684887554951142 0.03588952602191886
4211 0.008484260241297918 0.003582786465796756 0.03069340990447991
4212 0.009234483504264828 0.0004025293074402553 0.03107219158717105
4213 0.005961434500506922 0.007200457104497312 0.05467990949304598
4214 0.007718485372292363 0.006023891741836903 0.05747208014786953
4215 -0.002053224287475044 0.009182037800697379 0.07112071856599558
4216 -0.001272994199820609 0.006593237118800718 0.07368682005413482
4217 -0.003681679385203931 0.008550829646620385 0.07380923224429944
4218 -0.0053031218611428 0.00815267757036302 0.07213065174812378
4219 -0.004522891773488365 0.005563876888466359 0.07469675323626301
4220 -0.002894436675759477 0.006195085042543352 0.07200823955795914
4221 -0.002418971417949541 0.008228620433409606 0.05094769391683901
4222 -0.003013510581356613 0.008757417277486305 0.05363416763487879
4223 -0.004867093744106206 0.007743044842207479 0.05179954260457031
4224 -0.003460378450184595 0.005344226051399028 0.05413597720717642
4225 -0.002865839286777523 0.004815429207322328 0.05144950348913663
4226 0.00848956586576315 0.0004015227827785576 0.08206534826348046
4227 0.00546944672784477 0.002149822051953205 0.08088211306431341
4228 0.00897988086208162 0.001748299269174644 0.07981676480083301
4229 0.009481324963463664 -0.0009000294605096739 0.08027550641506184
4230 0.006461205825545284 0.0008482698086649735 0.07909227121589479
4231 0.005970890829226815 -0.0004985066777311133 0.08134085467854224
4232 -0.009355396764437722 -0.0004115368498254723 0.1022314370706271
4233 -0.005716609785223498 0.0005147920846835631 0.1030499622418407
4234 -0.008355204059872719 0.001306037973514088 0.1039322746661464
4235 -0.009687188815720539 0.0003540645496683943 0.1057684867279595
4236 -0.006048401836506316 0.00128039348417743 0.1065870118991731
4237 -0.007048594541071319 -0.0004371813391621308 0.1048861743036537
4238 0.005276213016774309 0.004616603643047291 0.05458841861026004
4239 0.007734215867379977 0.005966764919152062 0.05522103060659113
4240 0.00703326388855975 0.003440038280386881 0.0573805892650836
4241 0.000146938791790869 -0.009364103639551964 0.05581501908901317
4242 0.00213435645953583 -0.009718818120990626 0.0527186106299939
4243 0.005980617403070937 0.002893182366294047 0.0350032283982999
4244 0.004275059307805603 0.003283145899584454 0.03358717980019223
4245 0.004439446624757702 -0.0002711909484071691 0.03477599852337823
4246 -0.003262170871517509 0.004498218394420125 0.09749024947425826
4247 -0.004566636239453406 0.007974168932002141 0.09703912804302389
4248 -0.00619037108567835 0.005895678271412451 0.09759672711752942
4249 -0.004280707253619309 0.004366708553869478 0.1000642474650401
4250 -0.005585172621555206 0.007842659091451494 0.0996131260338057
4251 -0.002656972407394365 0.006445199214459167 0.09950664839053454
4252 0.0008321795930365092 -0.003658756413184215 0.09982028849800383
4253 0.004123123108065038 -0.00264856337813302 0.100906280499205
4254 0.001395045668243995 -0.002199750000934117 0.1027566363970794
4255 2.100874337836612e-06 -0.005076774793329731 0.1017352875585893
4256 0.003293044389366365 -0.004066581758278536 0.1028212795597904
4257 0.002730178314158879 -0.005525588170528634 0.09988493166071488
4258 0.005214831632780805 0.008304009473494248 0.05631341263057729
4259 0.002760250875952962 -0.0006688901006699693 0.1014074292884077
4260 -0.0005306926390755669 -0.001679083135721164 0.1003214372872065
4261 0.002197384800745476 -0.002127896512920067 0.09847108138933211
4262 0.00848956586576315 0.0004015227827785576 0.08406534826348046
4263 0.008240705615016688 -0.001308562473738195 0.08307219473681458
4264 0.009318828309423537 -0.0009957598455947287 0.08626835519523465
4265 0.009069968058677073 -0.002705845102111481 0.08527520166856878
4266 0.005808394175186688 -0.0005942370628161681 0.08533370345871505
4267 -0.0002812880454982129 0.002596043506242469 0.05090834786054434
4268 -0.002922328378909417 -0.000140863402154566 0.05040040880451491
4269 -0.003058757294032063 0.00256409789012742 0.05008971574537589
4270 -0.000547668113254783 0.004783634988987945 0.0485054306093734
4271 -0.003188708446665988 0.00204672808059091 0.04799749155334396
4272 -0.0004112391981321375 0.002078673696705959 0.04881612366851241
4273 -0.001986520255263656 -0.006228002386678683 0.05231539836512941
4274 -0.0008162037451301578 -0.005882016788581383 0.05398825766977293
4275 0.001171213922614803 -0.006236731270020043 0.05089184921075366
4276 0.001377939423435154 0.006197409479042158 0.07301515969004746
4277 0.002976653204563963 0.008919390563698131 0.07213831975491732
4278 0.002100490671827453 0.006986182753854401 0.06957180498806897
4279 0.008239783840296701 0.002114704981305986 0.08306404012501201
4280 0.00873009883661517 0.003461481467702073 0.08081545666236456
4281 -0.004998390067581057 0.003411562655216125 0.09547528165439886
4282 -0.006302855435516954 0.00688751319279814 0.09502416022316451
4283 -0.003374655221356112 0.005490053315805814 0.09491768257989333
4284 -0.006640730680669328 -0.006447083860381977 0.055949035660667
4285 -0.006001107817293989 -0.006263490158945752 0.05866963954461771
4286 -0.004624500973699701 -0.007813470512832675 0.05682188424032876
4287 -0.002485029527902897 -0.005260443827733033 0.05823324620477109
4288 -0.003124652391278236 -0.005444037529169258 0.05551264232082039
4289 0.002521229411959269 -0.001670006361216822 0.09316245710875812
4290 0.00164104433277765 -0.004496779642343502 0.09212083450597382
4291 -0.0002557862395870785 -0.0001682916208883907 0.09173100068840856
4292 -0.001135971318768697 -0.002995064902015071 0.09068937808562427
4293 0.002268840525228069 -0.001838522284932084 0.09075719481804281
4294 -0.007235725642102515 -0.004301495237275013 0.08334837043253848
4295 -0.006142652586772242 -0.005639878125883715 0.08434223453640886
4296 -0.006100802983130488 -0.00750085442955596 0.08272282100626742
4297 -0.004139218358002345 -0.004290798136855034 0.08191614147612714
4298 -0.007193876038460762 -0.006162471540947258 0.08172895690239704
4299 -0.005573762413060889 -0.008271532402235696 0.05916600039848499
4300 -0.003434290967264085 -0.005718505717136054 0.06057736236292732
4301 -0.002057684123669797 -0.007268486071022978 0.05872960705863838
4302 -0.0008883424849591881 -0.004814398200286011 0.03692350121535193
4303 -0.003831855787156855 -0.002844657785392446 0.03714374203359805
4304 -0.001184584932887784 -0.00286596888266866 0.03935309987981805
4305 0.00065696328987322 -0.00208404356182345 0.03822607015118965
4306 -0.002286550012324447 -0.0001143031469298849 0.03844631096943577
4307 -0.001990307564395851 -0.002062732464547236 0.03601671230496964
4308 -0.003566639505672342 -0.004273801083333416 0.08526917468100625
4309 -0.005528224130800485 -0.007483857376034343 0.08607585421114652
4310 -0.003524789902030589 -0.006134777387005661 0.08364976115086481
4311 0.005164946953942366 -0.001831299900013783 0.08319969165061908
4312 0.008426520837432753 -0.003942907939309096 0.08314118986047281
4313 0.005994209397602753 -0.003228582528387069 0.08540269858237329
4314 -0.006535735564535622 -3.577867169202165e-18 0.117569138539148
4315 0.008486242366222731 -0.004209229030127597 0.07835938779989834
4316 0.005261319382551023 -0.003668372123271597 0.07787143151364542
4317 0.006327624234170218 -0.001129415034155987 0.07730866197916786
4318 -0.00599285104095951 0.003089187966200481 0.09977266965993914
4319 -0.007297316408895406 0.006565138503782496 0.09932154822870479
4320 -0.005387652576836367 0.005036168786239524 0.1017890685762154
4321 -0.00157025744887077 -0.009318557193966593 0.05482508158154664
4322 -0.002740573959004268 -0.009664542792063894 0.05315222227690312
4323 -0.00502184781168104 0.002919210262594555 0.04873256692507993
4324 -0.002380807478269836 0.005656117170991589 0.04924050598110936
4325 -0.00251075863090376 0.005138747361455079 0.04714828178907743
4326 -0.0001337388692628399 0.005196128096576538 0.09625455631168595
4327 0.002535387058654607 0.005107567992362267 0.09684323633682437
4328 0.0007365677396199768 0.004855550032939758 0.09372589500696413
4329 0.005725756278332266 0.002337880968101638 0.03213597235155924
4330 0.008741767970940289 0.002182009360630854 0.03244713845267994
4331 0.006475979541299177 -0.0008423761902548626 0.03251475403425039
4332 -0.00346164196534438 0.008997517047315809 0.08133808809082577
4333 -0.004956003027288767 0.008127779522151645 0.08233201682730912
4334 -0.007020044336110977 0.007182389449464211 0.07948205154031349
4335 -0.00450844130751425 0.005916827724003146 0.08060662114201993
4336 -0.00552568327416659 0.008052126974628376 0.07848812280383015
4337 0.002605481883813801 -0.009012983228579314 0.0545713099830016
4338 0.003337538075459284 -0.006814018252085966 0.0520453733354513
4339 -0.004921627467856088 0.002082189249390434 0.1121540954536414
4340 -0.008110110990270824 0.003988634901047532 0.1110670452353082
4341 -0.008189647251535394 0.001906445651657098 0.1130512268599627
4342 -0.008300957561574769 0.004435782544638462 0.1136148332675019
4343 -0.005032937777895461 0.004611526142371798 0.1127177018611806
4344 0.008597335371223785 -0.001939819369660513 0.07503937875865382
4345 0.008540076807546187 -0.004446336951966952 0.07363655978150721
4346 -0.003549289642799199 0.005168744898467904 0.08222274368262769
4347 -0.006060892671395926 0.006434306623928969 0.08109817408092126
4348 -0.005613330951621409 0.00422335482578047 0.07937277839563209
4349 -0.007366300206798567 0.004639244407429324 0.09659783022606985
4350 -0.007478784556637171 0.005631079328815014 0.09402526333170494
4351 2.148888440147117e-05 -0.004829568526239029 0.08960666538845366
4352 0.003426300728398237 -0.003673025909156041 0.08967448212087221
4353 0.0006492850768518895 -0.002171311168827609 0.08824302570052267
4354 0.008505214842575642 -0.004515869597628112 0.1040028380745811
4355 0.008505151222762112 -0.004516082979644996 0.1060019241657962
4356 0.009692473066724279 -0.001115097208061491 0.1042450063193535
4357 0.009692409446910751 -0.001115310590078375 0.1062440924105686
4358 0.00669786954759752 -0.002202530187075765 0.105229752885765
4359 -0.009379258683152134 0.002070655681822966 0.1101937003013078
4360 -0.006190775160737398 0.0001642100301658679 0.111280750519641
4361 -0.006111238899472827 0.002246399279556302 0.1092965688949865
4362 -0.00805684516580079 0.002993825755099371 0.104915349486253
4363 -0.009388829921648609 0.002041852331253678 0.1067515615480661
4364 0.008092903772487463 -0.00230899679224838 0.1034303599532251
4365 0.005098300253360702 -0.003396429771262654 0.1044151065196366
4366 0.00628555847750934 4.342618303966898e-06 0.1046572747644089
4367 -0.001028298379590228 -0.005387144106213712 0.03937988924237584
4368 -0.003675569233859299 -0.005365833008937497 0.03717053139615582
4369 -0.003971811681787896 -0.003417403691320146 0.03960013006062195
4370 0.0092324647127172 -0.002610114717026426 0.08128235288839597
4371 -0.009355348976925155 -0.0004100333298067887 0.1002427559162855
4372 -0.009163458326810233 -0.002118399040929269 0.09923815413848072
4373 -0.009611613252335461 0.0003331827148579054 0.09671733691980573
4374 -0.009419722602220541 -0.001375182996264574 0.09571273514200095
4375 -0.006973066765198809 -0.0004595666939913032 0.09782370564984158
4376 0.001203552254586234 0.002573287760091816 0.07663094147615759
4377 0.0007839538675857574 0.002953059909237052 0.07966745035094708
4378 0.001980819561961553 0.005550145834351842 0.07806852187905344
4379 0.0001390668276667519 0.003620569111939665 0.07524668275837851
4380 -0.0002805315593337248 0.004000341261084901 0.07828319163316798
4381 -0.001057798866709044 0.001023483186824875 0.07684561123027214
4382 -0.001848503575753818 -0.0006671176907287934 0.09374558547336007
4383 -0.002384816301574065 -0.00399608174145474 0.09554462152446672
4384 -0.002728688654935436 -0.003493890971855474 0.09270396287057577
4385 0.003092138474010775 0.009344479192170404 0.07741737878561657
4386 0.003276972444297356 0.00578356826841928 0.07809760887117143
4387 0.005774927753876658 0.007057509462100416 0.0779532995161111
4388 0.005579693426934382 0.008310362648209491 0.07954617434879588
4389 0.005764527397220963 0.004749451724458368 0.08022640443435075
4390 0.00308173811735508 0.007036421454528356 0.07969048370385623
4391 -0.001678472247050872 -0.005966948012373921 0.08067276036940207
4392 -0.002045341097075077 -0.003087786302775127 0.07926329894701846
4393 0.0003735554102346428 -0.002902959874621769 0.07963933137043486
4394 0.0004216791322358755 -0.004459144976666444 0.07814632297037252
4395 5.481028221167121e-05 -0.001579983267067649 0.07673686154798889
4396 -0.001997217375073844 -0.004643971404819801 0.07777029054695613
4397 -0.008383502213703216 -0.00352486712581631 0.05595380358492179
4398 -0.00927192401429886 -0.001466305812853274 0.0577035378095985
4399 0.001871796817880104 -0.008823651653826058 0.09740170589507144
4400 0.004189936736557066 -0.007548584649705105 0.0975195046544676
4401 0.003359858017858393 -0.008966603029850622 0.09943450371505302
4402 0.0004120383954819174 -0.006800655174649587 0.09976713290131874
4403 0.002934985981999751 0.002207927331062082 0.1035719525674765
4404 0.00257209634382694 0.001837256718140247 0.10618409707281
4405 0.00544435096590137 0.003552146594375719 0.1054668642019458
4406 0.004306509881916888 0.005540270025241528 0.1034412158981094
4407 0.003943620243744077 0.005169599412319693 0.1060533604034429
4408 0.001434255259842458 0.003825380149006056 0.1041584487689736
4409 -0.003685873532410604 0.008549147874081335 0.07580371269661373
4410 -0.002057418434681716 0.009180356028158327 0.07311519901830986
4411 0.004820675378966919 0.003861608831799783 0.05929737754278146
4412 0.003063624507181478 0.005038174194460193 0.0565052068879579
4413 0.00231702163945536 0.00614172656345713 0.0581387100254892
4414 -0.008439900590902129 0.001401221906436428 0.09859211786750671
4415 -0.005801354103765477 0.0006084724975872191 0.09969848659754257
4416 -0.006057618379175785 0.001351688542251913 0.09617306760106281
4417 -0.003036031146914385 -0.008994091876770176 0.07873037677742944
4418 -0.0006171346396046658 -0.008809265448616819 0.07910640920084583
4419 -0.001386969152883884 -0.00967863180692762 0.07616644990288639
4420 -2.941025302037153e-05 -0.006651487942531365 0.07810883349485903
4421 -0.002448306760330091 -0.006836314370684722 0.07773280107144263
4422 0.006115329744491832 -0.00371945491622594 0.1068492737348108
4423 0.009109869643805061 -0.00263223531922855 0.1078636132596144
4424 0.007302587968640469 -0.0003186825266593192 0.1070914419795831
4425 0.002409397358170638 0.004584832520781255 0.1076397184755739
4426 -9.99676257309811e-05 0.003240613257467617 0.1057448068411046
4427 0.001271556274186156 0.006572955951647062 0.1056140701717374
4428 -0.00067011406129421 0.005945973474110402 0.0787401822431408
4429 -0.0002505156742937332 0.005566201324965166 0.07570367336835132
4430 -0.002511866795589011 0.004016396751698225 0.07591834312246587
4431 0.005764229581517288 -0.00711267123016123 0.109368776537458
4432 0.00690727201405112 -0.005817584334324854 0.1103668162782698
4433 0.00663541233215966 -0.007378197172068467 0.1060015593607543
4434 0.007778454764693491 -0.006083110276232091 0.106999599101566
4435 0.00463942857280651 -0.005337776634735149 0.1083548018176964
4436 0.005246614893673352 0.001366630120707316 0.1033486740474464
4437 0.005564170675030978 0.002983961547348782 0.1000032628027638
4438 0.005003544964630149 0.0004277744607585445 0.1004972171535979
4439 0.003077806657310586 0.0009484413259714975 0.09806201804372505
4440 0.003320876586353791 0.001887296985920269 0.1009134749375735
4441 0.0003491142037809006 0.005326717500637598 0.03515643184066711
4442 0.001283427303818284 0.002814593968116586 0.03304100411883111
4443 -0.0009343131000373841 0.002512123532521012 0.03491277725887304
4444 -0.002839953730112151 0.005262228663502176 0.03442224172160152
4445 -0.001905640630074767 0.002750105130981164 0.03230681399976552
4446 -0.0006222133262564823 0.00556469909909775 0.03255046858155959
4447 0.003995255866276053 0.007894397035529074 0.07615254121741009
4448 0.004180089836562635 0.004333486111777949 0.07683277130296495
4449 0.001497300556696752 0.006620455841847937 0.07629685057247043
4450 -0.0006127708912889332 -0.008809991808738473 0.08110001906908493
4451 -0.003031667398598652 -0.008994818236891831 0.08072398664566854
4452 -0.005491790699927606 -0.002510383462718714 0.06169275773000892
4453 -0.008715463759508669 -0.003726180869555115 0.06128055174464662
4454 -0.00701983536389859 -0.0006354158511919028 0.06072188807073493
4455 0.003079589422912215 0.004660380729501428 0.09457808115912965
4456 -0.001746774617396198 -0.0001609338475246754 0.07920921874292508
4457 -0.003798802274681713 -0.003224921985276827 0.08024264774189231
4458 -0.001698650895394965 -0.00171711894956935 0.07771621034286275
4459 -0.003009262729025648 0.0004062506877775551 0.03334581425549909
4460 -0.003943575829063031 0.002918374220298567 0.03546124197733509
4461 -0.004914903359100414 0.003156355818758719 0.03285527871822757
4462 -0.0003128528239707573 0.001167532263539884 0.07994676789997648
4463 0.0004644144834045616 0.004144390337799911 0.08138434830287233
4464 -0.001377338250890239 0.002214813615387733 0.0785625091821974
4465 0.00361869733628883 -0.008946685735895602 0.09562092966862726
4466 -0.00440054239993597 -0.002381555111282872 0.09495844991808727
4467 -0.004996690359481319 -0.0005044614022254258 0.09730492020867104
4468 -0.002444651535299166 0.001209976018328653 0.09609205576394382
4469 -0.002025696574554527 0.00113575224918671 0.09851003936364927
4470 -0.005912138745504342 -0.002315716638468642 0.09895555825744982
4471 -0.008358794582526075 -0.003231332940741913 0.09684458774960919
4472 -0.00616840302091465 -0.001572500593803948 0.09543013926097005
4473 0.004478685070078185 -0.008292154745432219 0.06022893025208853
4474 0.007024857823533149 -0.006990207281117408 0.05803512454760182
4475 0.003813747911314168 -0.006070030447072186 0.05902185161933846
4476 0.005552789874980282 -0.007894910747837691 0.05704056027840279
4477 -0.005506068718478611 -0.002346329817707266 0.08130182514639461
4478 -0.008560726398937029 -0.00421800322179949 0.08111464057266451
4479 -0.006003616862483003 -0.0008544995467507689 0.08279150428564974
4480 -0.009058274542941419 -0.002726172950842993 0.08260431971191964
4481 -0.007328617619317516 -0.0007710075312752464 0.08055777442577576
4482 0.0071875 -0.0007042445104296603 0.01864713926683138
4483 0.008353137398108855 4.575548957033975e-05 0.01864713926683138
4484 0.007003354313765121 4.578739177206513e-05 0.01536378862852399
4485 0.005831491711873976 3.190220172538324e-08 0.01671664936169261
4486 0.004665854313765121 -0.0007499680977982746 0.01671664936169261
4487 -0.0003759738190632378 0.009586618972771032 0.07212183211087984
4488 -0.008452850518680992 -0.005309090468529992 0.08557377442401497
4489 -0.005398192838222574 -0.003437417064437768 0.08576095899774507
4490 -0.007359777463350718 -0.006647473357138695 0.08656763852788535
4491 0.007090447698620016 -0.005805158810788542 0.06821264502481855
4492 0.005058182053714773 -0.003658098065881796 0.06726349294402476
4493 0.005667568460806417 -0.007056881603050434 0.0662681389684578
4494 0.006638957759884784 -0.007337874329931344 0.06973898211158522
4495 0.004606692114979541 -0.005190813585024598 0.06878983003079144
4496 0.006029571352793139 -0.003939090792762705 0.07073433608715218
4497 0.004492017062899983 -0.004234583561368362 0.05749789351985717
4498 -0.007853589540756045 0.004934075490139129 0.04860409626953828
4499 -0.0048289298044265 0.005170541579789463 0.05009235466884067
4500 -0.008338621349263732 0.004093387526469868 0.05081309377756555
4501 -0.009215791292528142 0.002977532195278071 0.04753826355850112
4502 -0.006191131556198598 0.003213998284928404 0.04902652195780351
4503 -0.00570609974769091 0.004054686248597665 0.04681752444977624
4504 -0.00565182036664196 -0.0008376138384041085 0.1192334793415063
4505 -0.004041666666666667 -8.761383840410488e-05 0.1192334793415063
4506 -0.004117248531226997 -0.0008376138384041049 0.1158026178806543
4507 0.002809669110256515 -0.00620259084779772 0.06697904051688959
4508 0.004841934755161759 -0.008349651592704465 0.06792819259768337
4509 0.003781058409334881 -0.00648358357467863 0.070449883660017
4510 -0.008178740893613781 0.001938687710999056 0.1152478997873874
4511 -0.009440452308562997 0.003504947615729997 0.1186787612482395
4512 -0.008290051203653155 0.00446802460398042 0.1158115061949267
4513 -0.002004428916792126 0.00895541081869404 0.07481034578918372
4514 -0.008260305041002818 -0.004217167803183683 0.04591282776151535
4515 -0.008917471666406071 -0.002628796395139323 0.04690949813763111
4516 -0.009701036239149027 -0.002959494478987156 0.05051831588610007
4517 -0.006987269573807747 -0.002636292420520664 0.04811185132430841
4518 -0.009043869613745774 -0.004547865887031516 0.04952164550998431
4519 -0.008978541795421973 -0.003554098797187241 0.08460442899213519
4520 -0.005923884114963555 -0.001682425393095016 0.08479161356586529
4521 -0.00774643301580246 -0.0001071031066629969 0.08404756284524645
4522 -0.006933752227589653 0.006396897918763746 0.03982719037589826
4523 -0.006934509176021666 0.00639630124566375 0.03785152818895772
4524 -0.004555388643100407 0.008459957841960226 0.03912236504809885
4525 -0.004060450622302919 0.005432708039867297 0.03955241808037325
4526 -0.004554631694668394 0.008460554515060222 0.04109802723503939
4527 0.00524414699384946 -0.003453928974318703 0.1102164909115145
4528 0.008383173185736441 -0.004199262615815645 0.1088612881953842
4529 -0.0007257193809316363 0.008964580707373809 0.1061669528052596
4530 -0.001969087700441725 0.006150939217008572 0.1046405373125924
4531 -0.002432140469986078 0.009127330864273756 0.1036070618739836
4532 0.0008085035046418027 0.009549347598912246 0.1045805947331286
4533 -0.000434864814868286 0.00673570610854701 0.1030541792404614
4534 -0.001766920752850725 0.004160445828413233 0.07901949979217021
4535 0.008653620302037163 0.003675322253748795 0.1009273598483062
4536 0.008410550372993958 0.002736466593800024 0.09807590295445767
4537 0.009336075268209188 0.0009537283172041371 0.09938062047011463
4538 0.006246625641203003 0.0002623676108041246 0.09845652342457228
4539 0.006489695570246206 0.001201223270752896 0.1013079803184208
4540 -0.008489154162843647 0.0003701375801424073 0.1139486883448925
4541 -0.009678765594460386 0.0005343476103082752 0.1110911617862376
4542 0.008353137398108855 -4.575548957033758e-05 0.1233528607331686
4543 0.0071875 0.0007042445104296624 0.1233528607331686
4544 0.004671573249803235 0.0007499999999999996 0.1252702824801115
4545 0.007009073249803235 -4.575548957033802e-05 0.1266231432132801
4546 0.005837210647912089 -4.336808689942018e-19 0.1252702824801115
4547 -0.001962570385670532 -0.001763434847084673 0.05971584710675329
4548 -0.002233535250559109 0.001900610825805756 0.06016341391195343
4549 -0.004132601236385761 -4.641780095568002e-05 0.06052856831426018
4550 -0.003613647643247888 -0.003018084396154527 0.06234558456989802
4551 -0.003884612508136465 0.0006459612767359031 0.06279315137509817
4552 -0.001714581657421235 -0.00107105576939309 0.06198043016759126
4553 0.007391817053955625 0.006143314251992018 0.07225284422542158
4554 0.006121029059259626 0.007660513368855159 0.06971688886066431
4555 0.0002017153135070091 0.007207999526532134 0.05664245300463119
4556 0.000471460067055684 0.01000492104491331 0.05530793320271155
4557 0.003627906702953159 -0.002615191519275333 0.09661917606068354
4558 0.001846079510096443 -0.0005612944726703384 0.09470234125018073
4559 0.003056667302684923 -0.004013292605465829 0.0947206010748432
4560 0.00859716089066111 -0.001940405920729791 0.07303873335579054
4561 0.006086829916470739 -0.001432573210456266 0.0721371550642988
4562 0.008991392265718743 -0.002914207983893428 0.07010957729187725
4563 0.00853990232698351 -0.00444692350303623 0.07163591437864393
4564 -0.001379905767371994 -0.00304009555712347 0.08061868016530871
4565 0.006156706051642881 -0.003132852143302015 0.08140984980220047
4566 -0.006918604663763487 -0.002203110431829429 0.1186745958140583
4567 -0.005384032828348524 -0.002203110431829426 0.1152437343532062
4568 -0.004500117630454862 -0.003040724270233531 0.1169080751555646
4569 0.008653838276570642 0.003674590802176204 0.1029286679867746
4570 0.009336293242742667 0.0009529968656315461 0.1013819286085831
4571 -0.0003199920488437462 -0.003136286431379936 0.03518821975806456
4572 0.002327278805425325 -0.00315759752865615 0.03739757760428457
4573 0.001348532119542913 -0.009643265199218175 0.06220866418568408
4574 -0.0003156349937929114 -0.006762205329314418 0.06302479679193304
4575 -0.0002346780321092027 -0.009033492617145596 0.06401780365379195
4576 0.001706762242919239 -0.00970495666225055 0.06592038259682907
4577 4.259512958341418e-05 -0.006823896792346795 0.06673651520307805
4578 0.00162580528123553 -0.007433669374419374 0.06492737573497016
4579 -0.005506879620188728 0.002078522298925294 0.0509415644331072
4580 0.002929282550267534 -0.003406975122386036 0.1052295205398446
4581 -0.0003616609647609946 -0.004417168157437231 0.1041435285386434
4582 0.001536337756361376 -0.00628399991478165 0.1042081717013544
4583 0.008353137398108855 -0.001253952735925794 0.01871934611813289
4584 0.0071875 -0.002003952735925794 0.01871934611813289
4585 0.008414923112394572 -0.002517925769471196 0.01871934611813289
4586 0.0071875 0.0007957554895703398 0.01864713926683138
4587 0.004665854313765121 0.0007500319022017254 0.01671664936169261
4588 0.003819370076226397 0.009327752733221156 0.05730893606181529
4589 0.005883586057187164 0.003805867051328721 0.04877756133960572
4590 0.002988973177097146 0.004969913132001206 0.05070306620810924
4591 0.002476895919469159 0.00413695871785197 0.0486721499329018
4592 0.004368126680350364 0.001368117844360836 0.04771832157781064
4593 0.001473513800260346 0.002532163925033321 0.04964382644631417
4594 0.004880203937978351 0.002201072258510072 0.04974923785301807
4595 -0.009161166958210665 -0.002127140390746476 0.1032063819807754
4596 -0.009492959009493485 -0.00136153899125261 0.1067434316381078
4597 -0.004289757758197106 0.0005426340247729892 0.09570137825818004
4598 0.002983224142186839 0.001736400186663159 0.07843169977485859
4599 0.003760491449562158 0.004713258260923186 0.07986928017775444
4600 -0.008414923112394572 -0.002514792422905181 0.1232806538818671
4601 -0.0071875 -0.002000819389359779 0.1232806538818671
4602 -0.008353137398108858 -0.001250819389359779 0.1232806538818671
4603 0.008353137398108855 0.001250819389359781 0.1232806538818671
4604 0.0071875 0.002000819389359781 0.1232806538818671
4605 0.008414923112394572 0.002514792422905183 0.1232806538818671
4606 -0.008353137398108858 -0.001250819389359779 0.01871934611813289
4607 -0.0071875 -0.002000819389359779 0.01871934611813289
4608 -0.008414923112394572 -0.002514792422905181 0.01871934611813289
4609 0.0071875 -0.0007957554895703376 0.1233528607331686
4610 0.004671573249803235 -0.0007500000000000004 0.1252702824801115
4611 0.005703018674403653 -0.001512582110846208 0.1062767956134547
4612 -0.005951751314254029 -0.001239201677471222 0.04704240513259295
4613 -0.008665517979595309 -0.001562403735937715 0.04944886969438461
4614 -0.006735315886996985 -0.001569899761319056 0.05065122288106191
4615 0.003012119883723681 -0.009194485615216212 0.06322137396788861
4616 0.003370350007100006 -0.009256177078248589 0.06693309237903361
4617 -0.009713312729028745 0.001938687710999053 0.1186787612482395
4618 -0.007489649233567769 -0.005615917047187736 0.04792985724027556
4619 -0.005433049193629742 -0.003704343580676883 0.04652006305459965
4620 -0.006216613766372698 -0.004035041664524716 0.05012888080306861
4621 -0.006540853673127785 0.007843273180111628 0.03642945966013435
4622 -0.006045915652330296 0.004816023378018699 0.03685951269240875
4623 -0.003666795119409037 0.006879679974315175 0.03813034955154988
4624 0.001642339346892774 -0.005530896377608731 0.05274454856376135
4625 0.004302741427393732 -0.005061566770213439 0.05165813536407091
4626 0.002136417274549251 -0.004484279788147516 0.05050461123937327
4627 0.0004794098204527085 -0.002763129664583786 0.05345765578094006
4628 0.003139811900953666 -0.002293800057188494 0.05237124258124962
4629 0.002645733973297189 -0.003340416646649709 0.0546111799056377
4630 -0.004518009159591503 0.007891163129969805 0.05464439553638353
4631 -0.006371592322341097 0.006876790694690978 0.05280977050607505
4632 -0.007369172693104036 0.004635116871411568 0.09858700085715305
4633 -0.008476118016321092 0.005304577103781614 0.1003118219683284
4634 -0.004675290401022047 -0.00847041600371806 0.08172388452714305
4635 -0.004102711548692043 -0.008453418950196443 0.08507691773202217
4636 -0.002255519688006399 -0.009331627769302443 0.08410725694865349
4637 -0.001105019189014942 -0.006995989152590043 0.08603313357237524
4638 -0.001677598041344945 -0.00701298620611166 0.08268010036749614
4639 -0.009272601025895281 -0.001463654977086108 0.05968635730109678
4640 -0.009374710690354719 -0.002138542577485523 0.06226898318131965
4641 0.002325980112337321 -0.002061933983395871 0.05031861947968309
4642 -0.0003344219681636373 -0.002531263590791163 0.05140503267937353
4643 0.0006689726582407784 -0.0003407838598321408 0.05327166402124988
4644 -0.004783764382250818 -0.005281396314588396 0.08749457867248273
4645 -0.001616666666666667 0 0.122
4646 -0.0008083333333333334 -0.00075 0.1242255459168521
4647 -0.0008083333333333334 0.00075 0.1242255459168521
4648 -0.003119508916489505 0.00075 0.1250218297973663
4649 -0.002311175583156171 0 0.1272473757142184
4650 -0.003119508916489505 -0.00075 0.1250218297973663
4651 -0.002557135885137769 0.002201810939714342 0.09351948886957889
4652 -0.001757473715487784 0.003117637435986849 0.09681215538619148
4653 -0.001869958065326388 0.004109472357372538 0.09423958849182654
4654 0.0006837804669555031 0.001907885720485066 0.09485636260137151
4655 -0.0004094074247834202 0.01009079688259954 0.1026394023585195
4656 -0.001652775744293509 0.007277155392234308 0.1011129868658523
4657 0.001587868230334371 0.007699172126872799 0.1020865197249973
4658 -0.008464842422379201 0.003818887570213046 0.0710494903773525
4659 -0.006480255093365301 0.001651450780483432 0.06868453859483298
4660 -0.007836136084569609 0.004728459934692283 0.06886012974373684
4661 -0.007982528831505372 0.006030810768315445 0.07212162713317186
4662 -0.005997941502491471 0.003863373978585831 0.06975667535065232
4663 -0.006626647840301063 0.002953801614106594 0.07194603598426799
4664 -7.217341903429274e-05 -5.345123484247274e-05 0.04878389688882893
4665 -0.002849642667568143 -8.53968509575212e-05 0.04796526477366048
4666 -0.0003385534867908629 0.002134140247903003 0.04638097963765798
4667 -0.004684539736118602 -0.0006755448676512401 0.1059817872628279
4668 -0.002358208540329248 0.001116183454011562 0.1069775335286796
4669 0.002941082016765859 0.00880608389937473 0.05467471145462002
4670 0.002194479149039742 0.009909636268371666 0.05630821459215132
4671 -0.005420339862845566 -0.002125229947494087 0.05211078521525254
4672 -0.002832433452099786 -0.004515630136130684 0.05311540909011117
4673 -0.003111891216697488 -0.002563209206906211 0.05058640056420509
4674 -0.002642870614311716 -0.002093284331379038 0.05292941733042099
4675 4.281521613303126e-05 -0.004882231520751002 0.03398450942129132
4676 0.001810621885747161 -0.002485687969246104 0.03302611250524388
4677 -0.00176780666961413 -0.002396543551504898 0.03375574645308448
4678 0.001447814620770383 -0.0007397428798750372 0.03422982284201712
4679 0.003258436506517544 -0.003225430849121141 0.03445858581022396
4680 -0.002421045603295758 0.002082189249390434 0.1096870905244931
4681 -0.004779254143625006 0.003198372703401996 0.1074603568331734
4682 -0.008613708537271229 0.003190329625927365 0.06785900956352434
4683 -0.009242414875080821 0.002280757261448128 0.07004837019714001
4684 0.00872988086208169 0.003462212919274673 0.07881676480083301
4685 0.004195983712744666 -0.007963407088594558 0.06527303874980804
4686 0.002451438986880189 -0.006140899384765343 0.06326732210574459
4687 -0.0041122532197526 -0.005042828677148913 0.07762663018660594
4688 -0.002012101840465852 -0.003535025641441435 0.07510019278757638
4689 -0.003813686740073722 -0.002115976221898461 0.07757254998251256
4690 0.001100824554021849 -0.008846411788151912 0.08010487352790674
4691 0.0003309900407426309 -0.009715778146462713 0.07716491422994728
4692 -0.0002169023870324959 -0.003699064878400185 0.03237585040833982
4693 -0.001984709056646625 -0.006095608429905084 0.03333424732438726
4694 0.001593719498714665 -0.006184752847646289 0.03260461337654667
4695 -0.0001313333056936416 0.002994094530054312 0.1082023477319338
4696 -0.002489541846022889 0.004110277984065874 0.1059756140406142
4697 -0.0025523789089894 0.005076283779444747 0.1086851710364277
4698 -0.009224226669925815 -0.002634448520248538 0.08011813414753281
4699 -0.009721774813930207 -0.001142618249292041 0.08160781328678794
4700 -0.003449421434319682 0.002527199222134473 0.1192229174776722
4701 -0.003636313608919385 0.004306536115115837 0.1163556624243594
4702 -0.003525003298880011 0.001777199222134473 0.1157920560168202
4703 0.003731817204547748 -0.005122004494012313 0.09318071693342057
4704 0.00201535008081621 0.003115471477683783 0.05153598955863661
4705 0.005422040218534215 0.002784379811160535 0.05164140096534053
4706 0.003906580841697415 0.0003466306041926492 0.05058216120354544
4707 -0.009248534807559824 0.003756966400373073 0.1032886949531303
4708 -0.009546893701631753 0.00206917861878779 0.1023056201330237
4709 -0.00590810672241753 0.002995507553296826 0.1031241453042372
4710 0.009586075268209116 -0.0007601853328958825 0.1003806204701146
4711 -0.005181095506818981 -0.002637950921475275 0.04905943461135315
4712 -0.002330940546943856 -0.002550538754163182 0.04744292269566718
4713 -0.002375520735624096 -0.001935093889558277 0.04875899557612569
4714 0.0004746342242510291 -0.001847681722246184 0.04714248366043971
4715 -0.001856818614999809 -0.004400235792763938 0.04823665349813239
4716 -0.003101596354378905 -0.001151789510159129 0.04542589321690697
4717 -0.002672924648120768 0.006412123380707152 0.07991596008072711
4718 -0.003690166614773108 0.008547422631332381 0.07779746174253734
4719 -0.001942350383782623 0.009601677148215153 0.07839063894665645
4720 -0.001153633066559011 0.007016283481606496 0.07696851093655779
4721 -0.0009251084171302832 0.007466377897589924 0.08050913728484622
4722 0.004196664596056662 0.004963313235380113 0.04726756860949938
4723 0.001302051715966645 0.006127359316052599 0.04919307347800291
4724 0.00470874185368465 0.00579626764952935 0.04929848488470683
4725 0.001616666666666666 0 0.122
4726 0.003233333333333333 0 0.122
4727 0.0008083333333333332 0.00075 0.1242255459168521
4728 0.002425 -0.00075 0.1242255459168521
4729 0.0008083333333333332 -0.00075 0.1242255459168521
4730 0.0004019485129097546 -0.001903148273443228 0.04957762769129413
4731 0.003150592731596955 0.004353213992497131 0.03900751609018983
4732 0.002589307671591389 0.006177935658765623 0.03586353670909058
4733 0.001083379472991384 0.003697152777606699 0.03788084797918167
4734 -0.008531539356518273 0.00184205620927496 0.04945330603380481
4735 -0.006384049563453138 0.0009626669677334962 0.04766673421404277
4736 -0.00240362625828513 -0.002606005305360227 0.04987806672652161
4737 -0.002030590995466055 -0.006232041901375147 0.0355877058513909
4738 0.001547837559895235 -0.006321186319116353 0.03485807190355031
4739 0.001185030294918458 -0.004575241229745286 0.03606178224032354
4740 -0.006908299426982533 0.001277932729957265 0.1014233077087179
4741 0.002849642550811772 -0.0002412846561578017 0.07664809053813165
4742 0.004046508245187568 0.002355801268956988 0.07504916206623802
4743 0.005826180132788173 0.001518913695528332 0.07684992036493901
4744 -0.004971300818747903 0.004485945441475298 0.06739465658141333
4745 -0.006955888147761805 0.006653382231204912 0.06975960836393287
4746 -0.005117693565683666 0.00578829627509846 0.07065615397084835
4747 0.005767294472548056 -0.007110070976198137 0.1113635669550189
4748 0.008272434587733414 0.001713913650100266 0.02744018346221327
4749 0.008484124274344945 0.003583242686734036 0.02869112190167961
4750 0.0002127191373382677 -0.009281700264333431 0.09840052114696422
4751 0.001700780337316557 -0.009424651640357995 0.1004333189669458
4752 0.003564680110843594 -0.005997748476409039 0.06125947167347687
4753 0.006775790023062575 -0.006917925310454261 0.06027274460174023
4754 0.006110852864298556 -0.004695801012094228 0.05906566596899015
4755 -0.002729410371654877 0.002110467915040342 0.05176019654827564
4756 -0.001740043237158082 -0.004603924961107377 0.1069145936848522
4757 0.0005862879586312724 -0.002812196639444575 0.1079103399507039
4758 0.0006176536385939329 -0.00256567791203127 0.1054527990598746
4759 3.136567996266072e-05 0.000246518727413305 0.10674672632917
4760 -0.002294965515826693 -0.001545209594249497 0.1057509800633183
4761 -0.003274280119181621 -0.003396699839655458 0.104441709542087
4762 -0.0009165832434296062 -0.00135845279057935 0.1029799149171094
4763 0.00249290914586837 0.0003896237002670717 0.08068028323750603
4764 0.002173369761687174 0.00158095412882993 0.0823971811894313
4765 0.002663684758005643 0.002927730615226017 0.08014859772678386
4766 0.008930753675448884 -0.002901356706299545 0.04052602473304647
4767 0.005824398607220446 -0.002408621517904349 0.04094118698107553
4768 0.008393459280260408 -0.002935714891493682 0.04341718382624217
4769 0.009345273110314523 -0.0008859172174372563 0.04282569241212276
4770 0.006238918042086082 -0.0003931820290420606 0.04324085466015182
4771 0.006776212437274559 -0.0003588238438479243 0.04034969556695612
4772 -0.008119387145731689 0.005147747411726722 0.04082929100982708
4773 -0.005114317284049009 0.003882035294121048 0.04082599235066511
4774 -0.00679413327455652 0.00566073126227695 0.04337370213926006
4775 -0.008843691436092843 0.00376901136473391 0.04245076560208067
4776 -0.005838621574410164 0.002503299247128235 0.0424474669429187
4777 -0.007163875445585333 0.001990315396578008 0.03990305581348572
4778 0.004717266334161081 -0.008585946196881692 0.1084391384602778
4779 0.003592465325450302 -0.006811051601455611 0.1074251637405162
4780 0.002721282574807931 -0.006545525659548374 0.11079238091722
4781 -0.001046705189593055 0.001096921616006092 0.03135751282234988
4782 0.0002367221142252293 0.003911515584122678 0.03160116740414395
4783 -0.002952345819667822 0.003847026746987256 0.03086697728507836
4784 0.008414923112394572 -0.00130972852311574 0.1233528607331686
4785 -0.008414923112394571 0.001309728523115741 0.1233528607331686
4786 -0.0071875 0.0007957554895703393 0.1233528607331686
4787 -0.008353137398108858 4.575548957033932e-05 0.1233528607331686
4788 -0.008353137398108858 4.575548957034018e-05 0.01864713926683138
4789 -0.0071875 0.0007957554895703402 0.01864713926683138
4790 -0.008414923112394571 0.001309728523115742 0.01864713926683138
4791 -0.007556345290214529 0.005628483889355893 0.0498254461814889
4792 -0.007071313481706842 0.006469171853025155 0.04761644867346163
4793 0.002374360271598922 -0.0003482597555281562 0.1040659069183106
4794 -0.001616666666666667 0 0.02
4795 -0.0008083333333333335 0.00075 0.01777779082531074
4796 -0.0008083333333333335 -0.00075 0.01777779082531074
4797 -0.003110606967671096 -0.000749997674668269 0.01696963085892634
4798 -0.002302273634337763 2.325331730987368e-09 0.01474742168423708
4799 -0.003110606967671096 0.000750002325331731 0.01696963085892634
4800 0.005084292082253193 -0.005438133171216015 0.05536305930165536
4801 0.004991468386951622 -0.00367281963560121 0.03565245168066528
4802 0.008156552613728649 -0.00454009284742915 0.03569924623403405
4803 0.006786327998271348 -0.005838649150320147 0.0333016700268195
4804 0.005294969423059018 -0.003796616090968835 0.03219734132109611
4805 0.008460053649836045 -0.004663889302796775 0.03224413587446488
4806 0.006665194038516319 -0.002498059788077837 0.03459491752831066
4807 0.004696236306002864 0.0017729966352871 0.05794687334214635
4808 0.006314020186467903 -0.0003857511056875658 0.05951234588676554
4809 0.00424160124492674 0.002067304819553179 0.0605285888238201
4810 0.001280156482308911 0.002204823170102304 0.05915690449182372
4811 0.00289794036277395 4.607542912763776e-05 0.06072237703644291
4812 0.003352575423850074 -0.0002482327551384407 0.05814066155476916
4813 -0.004681961495148962 -0.00846716272982375 0.07773705844504167
4814 -0.004696845960540971 -0.007358216966445385 0.0750669606856619
4815 -0.002463191225722099 -0.005727368607306356 0.07506270331206288
4816 -0.003032899501118461 -0.009151702659981194 0.0751731315704986
4817 0.002649762321460723 -0.006253503176841935 0.0805068446837076
4818 0.001879927808181504 -0.007122869535152737 0.07756688538574816
4819 0.003010162615223725 -0.009317793380773282 0.07956292541879587
4820 0.009232361063980897 -0.002610463256523871 0.07728172960960961
4821 -0.005608498356414485 0.006909881769313973 0.04237160150533124
4822 -0.00273519675112775 0.005945691890417524 0.04209682920980623
4823 0.008414923112394572 0.001309728523115742 0.01864713926683138
4824 0.009727905630777228 -0.001095814443613669 0.07068943380027533
4825 0.006823343281529224 0.0003858203298234928 0.07271701157269686
4826 0.007217574656586857 -0.0005879817333401449 0.06978785550878358
4827 -0.00843351523347894 0.004512628558164096 0.04655061596242448
4828 -0.006573609938463759 -0.002948560030008058 0.1024791328536269
4829 -0.009017974406885924 -0.003872917682098537 0.1043363901880809
4830 -0.006905401989746577 -0.002182958630514192 0.1060161825109593
4831 -0.007291236984194961 0.00453162345085118 0.1059124634307086
4832 -0.008623221740042783 0.003579650027005486 0.1077486754925217
4833 -0.004637794833188925 0.004297606314513751 0.1055656789400725
4834 -0.005969779589036746 0.003345632890668057 0.1074018910018856
4835 -0.007212614736725392 0.006596862857341807 0.1067273425334212
4836 -0.00612187834126595 -0.006386231446557022 0.07606605327616445
4837 -0.006106993875873942 -0.007495177209935388 0.0787361510355442
4838 -0.008138438234005101 0.003097043334172151 0.09758891236387737
4839 -0.008538012868231899 0.003571205215850802 0.09472304927836887
4840 -0.009310150895438431 0.002029004142593628 0.09571413141617638
4841 -0.003018545827232799 0.008755419626281612 0.05563526241733537
4842 -0.007726396605752639 -0.00510739551219979 0.05495483384195081
4843 0.008643552106015985 -0.001221489851549244 0.04441617303713565
4844 0.009595365936070098 0.0008283078225071808 0.04382468162301624
4845 0.006361335707681659 -0.001360839062277922 0.04652720742335043
4846 0.007313149537735772 0.000688958611778503 0.04593571600923101
4847 0.009717783601665675 -0.0001393492107286807 0.04711103438621485
4848 0.008393776939098957 -0.002934649029499708 0.0454096690840999
4849 0.005041961783541089 -0.003228964941925355 0.04662527205697703
4850 0.008148634510608075 -0.003720634268326577 0.04820259506680569
4851 0.009468008434748647 -0.001852508388679145 0.0481045304331791
4852 0.006116193279190779 -0.002146824301104791 0.04932013340605622
4853 0.007683061837392296 0.004304987800629621 0.09907720967808309
4854 0.0079261317664355 0.005243843460578393 0.1019286665719316
4855 0.006872419379669573 0.006482229280220251 0.09955631194864023
4856 0.004753528217308255 0.005161203026939412 0.100482365073321
4857 0.004510458288265051 0.004222347366990641 0.09763090817947245
4858 -0.005762755564816183 0.001153662210171716 0.06214032453520907
4859 -0.005243801971678309 -0.001818004385027131 0.0639573407908469
4860 -0.004000187978326395 -0.003972151825379406 0.04437583005983663
4861 -0.0008980793316405087 -0.002818346998865705 0.04529868970090416
4862 -0.003229532170891346 -0.00537090106938346 0.04639285953859683
4863 -0.0002225008947817217 0.0003338110869576626 0.03505831538892221
4864 -0.006170102729014388 0.002343523463637602 0.09360050070669787
4865 0.005394406228250543 0.006875724034665871 0.07515553892522289
4866 0.007174078115851148 0.006038836461237215 0.0769562972239239
4867 0.001380372035937563 -0.006528769813183008 0.07568036219703339
4868 0.002510606842979784 -0.008723693658803554 0.0776764022300811
4869 0.004059544610418657 -0.006130785047493578 0.07807837338588197
4870 0.004622618238651744 -0.001542506011954556 0.05094626117777536
4871 0.002151778995938856 0.0004105101854017969 0.05184668261777563
4872 0.002965610784555201 0.0001786441116091737 0.05389930571934215
4873 -0.004276481177399233 0.008775249033252486 0.06976863297888479
4874 -0.00186779599201591 0.006817656505432819 0.06964622078872015
4875 0.00114727866899407 -0.003252811083682726 0.1192328721318333
4876 0.0005916562376673312 -0.003781932286998589 0.1160074157880144
4877 -0.0006744325219792546 -0.004909535817682346 0.1177745436561811
4878 -0.001676071711992925 -0.003027821145587346 0.1192334793415063
4879 -0.002231694143319664 -0.00355694234890321 0.1160080229976874
4880 -0.0004099829523463386 -0.001900217614903589 0.1174663514733396
4881 -0.003872960382675858 0.003182204066594021 0.04608244907804028
4882 -0.005086952551896192 0.001203419138248359 0.04468254224749732
4883 -0.004402700615886322 6.794315224524828e-05 0.04659758472280101
4884 -0.001891611435109041 0.002287480251105773 0.04501329958679851
4885 0.005929069859845378 -0.001354963815837342 0.1018019346692549
4886 0.004003331552525816 -0.0008342969506243892 0.099366735559382
4887 0.007385020216902822 -0.006653889550152484 0.03512795676185554
4888 0.004219935990125796 -0.005786616338324544 0.03508116220848677
4889 0.005590160605583096 -0.004488060035433547 0.03747873841570132
4890 0.008991632003987319 0.0004685519314678666 0.03344485044987965
4891 0.009484347537311859 -0.001310928121722732 0.03206990358437076
4892 0.004836405874054532 0.003804482009114942 0.05704632800150305
4893 -0.006793288232030559 0.005661926478967075 0.04138642478022653
4894 -0.008118542103205728 0.005148942628416847 0.03884201365079354
4895 0.001206683714320328 -0.001062603776499485 0.1167833682041848
4896 -0.0006150274766529971 -0.002719328510499105 0.1153250397285326
4897 -0.001616666666666667 -0.0008376138384041049 0.1167839754138578
4898 0.009180846501204461 -0.001187131666355108 0.03952501394393994
4899 0.009595365936070098 0.0008283078225071808 0.04182468162301622
4900 -0.0006118966855830055 -0.009856030002476212 0.08310735906717898
4901 0.005059032195331145 0.002448536189530704 0.02695655185144345
4902 0.008286597607597727 0.00416244983963097 0.0265163683892302
4903 0.006491928524706604 -0.0005902222295205647 0.02645586003893105
4904 0.009719493936973186 0.001123691420579701 0.0260156765767178
4905 0.006506091544570917 0.001858313960010139 0.02553204496594798
4906 0.003233333333333333 0 0.02
4907 0.001616666666666666 0 0.02
4908 0.0008083333333333331 0.00075 0.01777779082531074
4909 0.0008083333333333331 -0.00075 0.01777779082531074
4910 0.002425 0.00075 0.01777779082531074
4911 0.006163320001399117 0.001636748657297902 0.08472929264556842
4912 0.009673754135635967 0.001235225874519341 0.08566394438208802
4913 0.006992582445059504 0.0002394660289246156 0.08693229957732261
4914 -0.007833442393630392 0.004732292945363751 0.06686698165662339
4915 -0.006953194456822587 0.006657215241876379 0.0677664602768194
4916 -0.001552545656011197 0.0001553553195573415 0.04498107280711503
4917 0.004128540310995267 -0.002589122601415771 0.05318619850216344
4918 0.002727458828095765 0.001529350590424391 0.1025002877701412
4919 0.003288084538496594 0.004085537677014629 0.1020063334193071
4920 0.0008017205207762031 0.002050017455637344 0.1000650886602684
4921 0.008846299270706553 -0.0002293855736463159 0.07403315556410607
4922 0.009977044010822672 0.0006152059034698057 0.07168385600859085
4923 -0.005307316008349472 0.00815099579782397 0.07412513220043805
4924 0.001262410427749778 -0.005939160533876239 0.1181375584871163
4925 0.0007067879964230382 -0.006468281737192103 0.1149121021432974
4926 0.002528499187396363 -0.004811557003192482 0.1163704306189496
4927 0.001077702169696275 0.007000227990993173 0.07933335944725992
4928 0.003565257122619882 0.005966111447032262 0.08146215501043923
4929 -0.003201910783782811 -0.008789419336709795 0.05781378000388308
4930 -0.004151172223144 -0.009247481226112816 0.06015789616203931
4931 0.0006166798588030158 -0.006253352998651361 0.03779706369761092
4932 -0.0071875 -0.0007042445104296607 0.1233528607331686
4933 -0.0071875 -0.0007042445104296598 0.01864713926683138
4934 -0.008467853309664295 -0.00161713476563051 0.08952619272932077
4935 -0.008658578639945957 9.092972267008399e-05 0.09051609530236465
4936 -0.009089353278589396 -0.001906839428349991 0.09162792489268134
4937 -0.005754275304285112 -0.00220603919629996 0.09099042952304333
4938 -0.008898627948307734 -0.003614903916650585 0.09063802231963744
4939 0.006846184187910169 0.002560529704894205 0.1041633204135748
4940 0.009692781860406629 0.002312303299772855 0.1042372687037371
4941 0.007528639154082195 -0.000161064231650453 0.1026165810353833
4942 0.001747787275498385 0.002906457519039524 0.0742228845334271
4943 0.0005509215811225894 0.0003093715939247336 0.07582181300532073
4944 0.003393877571723923 9.188510278990652e-05 0.07424003359540116
4945 0.002421308930738943 0.001096957459426935 0.09198403368919167
4946 0.00494593569555409 -0.0005732732046167574 0.09101022781882592
4947 0.002168920044007743 0.0009284415357116744 0.08957877139847638
4948 0.00184220830222208 -0.005826603375487445 0.08847059681296172
4949 5.695190660149393e-05 -0.006650357108674906 0.09091694919806333
4950 0.003461763750598259 -0.005493814491591918 0.09098476593048188
4951 -0.003891793080003997 -0.001591444494674567 0.05496082956207816
4952 -0.004171250844601699 0.0003609764345499054 0.05243182103617207
4953 -0.001393781596067848 0.0003929220506649539 0.05325045315134052
4954 -0.005464219114836858 -0.004207306121379511 0.07968241161625317
4955 -0.001156813994819105 0.002845934619478675 0.0371737431107582
4956 -0.003231763623807369 0.0007400617747352177 0.03560678010738424
4957 -0.001485960325640453 -0.004933823417305166 0.09970248973860768
4958 -0.003501686424002359 -0.003319296787133299 0.09911631813222824
4959 -0.006276415853125394 3.768965269675305e-05 0.09208844329304423
4960 -0.009611493827429679 0.0003368894206467218 0.09272593866268225
4961 -0.006707190491768834 -0.001960079498323322 0.09320027288336091
4962 -0.00129332041027301 0.00455548853192682 0.06873228429884057
4963 0.002102148236625362 0.004210708269475359 0.06777264346905666
4964 0.0008234650430350098 0.002874064974830452 0.0702773463745574
4965 -0.001548289157194969 0.001454703210915411 0.07006147247811156
4966 0.001847179489703403 0.00110992294846395 0.06910183164832767
4967 -0.0002696059636046172 0.002791346505560319 0.06755676957261081
4968 0.002150206549216782 -0.005659403454872206 0.07862032149499285
4969 -0.003968225110599409 -0.001296572103789277 0.0989348922097657
4970 -0.003857440468860543 0.001627617032266584 0.09967782054985846
4971 -0.0009972313256726166 0.000343641547622858 0.1001400113647439
4972 0.007633315289440434 -0.004553495759908636 0.0445583675928067
4973 0.007388172860949554 -0.005339480998735505 0.04735129357551249
4974 -0.003004989350288632 0.007698405669890032 0.023207906017064
4975 -0.002811366007382646 0.006482945681146993 0.023207906017064
4976 2.894278628391657e-06 0.007237357186385864 0.02302990919517446
4977 -0.0008396775824355781 0.006936652708754979 0.02523781521223845
4978 -0.0001907290642775949 0.008452817175128902 0.02302990919517446
4979 -0.004777069398639778 -0.001990292863727343 0.03430421117154653
4980 -0.007354074047161472 0.005497629246230052 0.1086220204265221
4981 -0.004700631896155436 0.005263612109892624 0.1082752359358859
4982 -0.00235798928045985 -0.005885551296455268 0.08952790606464958
4983 -0.004137855857671129 -0.003163025189381964 0.08844069714423528
4984 -0.003543634088430394 -0.002930796152353188 0.09096580885314096
4985 -0.002915837895979975 -0.0002725387949417683 0.08960216916520997
4986 -0.001730193088009432 -0.003227293939043848 0.08816426637671859
4987 -0.005073311846568373 -4.186354610999235e-05 0.03673380983601265
4988 -0.003435621256219649 -0.004540986398853889 0.09430750482106678
4989 -0.003439755282616696 -0.005231672837436327 0.1085806685573739
4990 -0.001113424086827342 -0.003439944515773524 0.1095764148232256
4991 -0.003767691120486494 -0.005419006378310363 0.1108604042598587
4992 -0.009420926244871224 -0.001370569584886008 0.09371430555155562
4993 -0.008898785696030941 -0.003614298433882721 0.09261629178155471
4994 0.0003886098042292203 -0.001135823550458161 0.1109284484511752
4995 -0.0007248142825981216 -0.004575768066231685 0.1113005960544015
4996 -0.002265657229429932 -0.003114885412995 0.1122124378878083
4997 -0.005154848898219482 -0.001979061862536839 0.1129552615857807
4998 -0.003511634542098683 0.0009867478657076718 0.1131472689979235
4999 -0.007967539190129661 0.005102008690608481 0.08462296411261969
5000 -0.005375084854163242 0.003404810337438874 0.08352202824937729
5001 -0.007246633622872777 0.005172470353414836 0.08208983679948224
5002 -0.006141743978765618 0.006865943251637511 0.08332367954587008
5003 -0.004270195210056085 0.005098283235661549 0.08475587099576515
5004 -0.0025931890960732 -0.005028351110111872 0.05006405848621179
5005 -0.004901637742221279 -0.004590371850699748 0.05158844313725924
5006 -0.004382061935598518 0.008583732805876741 0.04959054509654304
5007 -0.001108271352977541 0.005221645255079812 0.07111764679008613
5008 0.0001704118406128105 0.00655828854972472 0.06861294388458539
5009 0.00228719729392083 0.004876864992628351 0.07015800596030222
5010 -0.007557089325186108 0.005627431176978261 0.05181206360611171
5011 0.005349997490730877 6.145471937954341e-05 0.0692628522725795
5012 0.004955766115673244 0.001035256782543181 0.07219200833649279
5013 0.002657045145984061 0.001585913032625716 0.07136573080368187
5014 0.003788108946781556 -0.0008819169603737312 0.07131087753148788
5015 0.002931530256272041 0.005689708189473802 0.08337709607455605
5016 0.003308376994651906 0.008612048454499296 0.0844306860841228
5017 0.001938067913340942 0.008852258248522572 0.08215862076340966
5018 0.001188015591277461 0.006722810661550221 0.08439976808609384
5019 0.001564862329657327 0.009645150926575714 0.0854533580956606
5020 0.002558324672588426 0.006482600867526944 0.08667183340680698
5021 -0.0003629625937740621 0.004616195605977144 0.08902640550291849
5022 0.002474096203403417 0.004044621771881627 0.09085356609478429
5023 0.002008956417156286 0.002765264450122517 0.08800464380739369
5024 -6.646186213673513e-06 0.005426270811910699 0.08693599431693633
5025 0.002830412610963806 0.004854696977815182 0.08876315490880213
5026 0.0004584936000334575 0.006705628133669809 0.08978491660432694
5027 0.00147555588816176 -0.001400505125664909 0.07872844963487562
5028 0.003961778473819691 -0.0009870832603748627 0.08117886292433044
5029 0.00445209347013816 0.0003596932260212242 0.07893027946168299
5030 -0.002124749674597565 0.00362668018702364 0.05562623381024129
5031 -0.00300518069435467 0.004988113179306302 0.05847336867847261
5032 -0.003523135081517234 0.002256194879652088 0.05812900025122901
5033 -0.001353104230802004 0.0005391778335230941 0.05731627904372211
5034 -0.0008351498436394403 0.003271096133177308 0.05766064747096571
5035 0.009942563885873078 0.0005991211012454265 0.1032359605652687
5036 0.008534864509672894 0.00471433465381115 0.08240833149504934
5037 0.005274212400902494 0.003402675238062281 0.0824749878969982
5038 -6.474267348561668e-05 0.009318408155119322 0.08333439860099598
5039 -0.0004415894118654821 0.006396067890093829 0.08228080859142922
5040 -0.0008147949955490971 0.007188960568146972 0.08557554592368016
5041 0.006446125106801729 -0.006548965604436605 0.04541041704322051
5042 0.004099914029393264 -0.004438449547626454 0.04468439552468505
5043 0.003854771600902384 -0.005224434786453323 0.04747732150739084
5044 0.00304501460945339 0.003146682017065857 0.09915487652545864
5045 0.0009812826662636913 0.009453435760865964 0.04855185125344201
5046 -0.0007384860103238119 0.008627081243337819 0.04995643257684443
5047 -0.001561633785960917 0.009938319534761198 0.04713615575504396
5048 -0.001240864736257963 0.006612243089947833 0.04777737797960487
5049 0.0004789039403295401 0.007438597607475977 0.04637279665620245
5050 0.007833949908882809 0.004061621426321659 0.09699185550704628
5051 0.007023307451160088 0.006238862905912289 0.0974709577776034
5052 -0.008137593566516055 -0.00582135309562363 0.06134800317536004
5053 -0.006544074835365413 -0.003405475677659833 0.06337196538167122
5054 -0.004913920506934991 -0.004605555688787229 0.06176020916072234
5055 -0.005588096108612108 0.007840319575245159 0.1016020958300504
5056 -0.007300239895952308 0.006562798987576163 0.1013105180249494
5057 0.0003715672677357213 0.005875465223170048 0.03773530984913251
5058 -0.00850058186456033 -9.923352956913091e-18 0.1158605799529263
5059 -0.01003515369997529 -1.350122012611526e-17 0.1192914414137784
5060 -0.008883450963788194 -0.002203110431829436 0.1169660372278367
5061 0.001258748235739387 0.002649542931431029 0.09007211140061247
5062 -0.001578310561438092 0.003221116765526546 0.08824495080874667
5063 -0.001113170775190961 0.004500474087285656 0.09109387309613727
5064 0.0007874621030394548 0.006700285170477461 0.0336236112997488
5065 -0.001430278300816213 0.006397814734881886 0.03549538443979073
5066 -0.002401605830853596 0.006635796333342039 0.03288942118068321
5067 -0.003306157463721514 -0.0004887880639810936 0.1032107221166191
5068 -0.004306350168286517 -0.002206362887320654 0.1015098845210998
5069 -0.005684732440683604 -0.002393119690990801 0.1042809496673086
5070 -0.008414923112394571 0.002607146481420855 0.01878265220638842
5071 -0.007003441520946909 0.003645223033545402 0.0185628200341461
5072 -0.008113518408552338 0.003724423447875453 0.01734547224053453
5073 -0.008113518408552338 0.00242700548957034 0.01720995930097749
5074 -0.001129587883496814 -0.001106209365596483 0.03144148273189951
5075 -0.002897394553110943 -0.003502752917101381 0.03239987964794695
5076 -0.001346490270529309 -0.004805274243996668 0.03101998360320229
5077 -0.001517974834369529 0.006898974156633595 0.09252339313489662
5078 -0.0004273074011908364 0.009841562127101766 0.09417696603632476
5079 -0.002388281443252346 0.007239552220270376 0.09505205443961844
5080 0.007002599680142382 0.003645223033545402 0.01856201818077979
5081 0.00811267656774781 0.00242700548957034 0.01720915744761117
5082 0.00811267656774781 0.003723901223447785 0.01734467038716821
5083 0.008414923112394572 0.002606624256993186 0.01878265220638842
5084 0.008109389806956037 -0.002427005489570338 0.124793973192043
5085 0.006999312919350608 -0.003645223033545403 0.1234411124588744
5086 0.008414923112394572 -0.002607146481420854 0.1232173477936116
5087 0.008109389806956037 -0.003724423447875452 0.124658460252486
5088 -0.002326842860366587 0.001362702181424867 0.1045199926378503
5089 0.0002531309307658615 0.005118223603420164 0.1041791876929352
5090 -0.001973744303869744 0.003240312527377414 0.102954373489681
5091 0.0004158299164221638 0.002370647800779157 0.1027235662901713
5092 -0.009214624398457823 0.001933337924221189 0.03685151628415705
5093 -0.009214838200156039 0.001928132070078947 0.03883606479082174
5094 -0.009560347699701632 -0.0010982505942768 0.03602110223594138
5095 -0.009560561501399847 -0.001103456448419042 0.03800565074260608
5096 -0.006785294456467988 0.0003374629250728308 0.03745116717301646
5097 0.00437070627491159 -0.002231525136714031 0.093728535379815
5098 0.004054116822286347 -0.003100066755449186 0.07020861468512443
5099 0.003659885447228714 -0.002126264692285548 0.07313777074903773
5100 0.001361164477539532 -0.001575608442203013 0.0723114932162268
5101 0.005270721881942676 0.004317865226164474 0.02820749029090979
5102 -0.004195962935077331 0.004273028140965821 0.1034157231093382
5103 -0.00145329015828858 0.005280973760320112 0.1016192967616592
5104 0.0017873538163393 0.005702990494958602 0.1025928296208042
5105 -0.006784996632286574 0.006361300494029045 0.08562461411693344
5106 -0.004959201420922529 0.008125235055058076 0.08432532955018383
5107 -0.003233333333333334 0 0.122
5108 -0.004736175583156171 -0.00075 0.1250218297973663
5109 -1.887129313905811e-05 -0.005237209305824104 0.04169074280270287
5110 0.0005580264455832798 -0.006036314353120202 0.04489253575946633
5111 0.002335826108032221 -0.005634814344858324 0.0423346520183354
5112 0.001032608477183983 -0.002861106112489209 0.04035397230094852
5113 0.001609506215906321 -0.003660211159785308 0.04355576525771197
5114 -0.0007451911852649582 -0.003262606120751087 0.04291185604207945
5115 0.004696384354287431 -0.002190571714966495 0.05754918576497719
5116 0.004241749293211307 -0.001896263530700417 0.06013090124665095
5117 0.001280304530593478 -0.001758745180151292 0.05875921691465456
5118 -0.004654654302697083 -0.0009984495069563597 0.04405821316604751
5119 -0.003432098280834112 0.003068937115098106 0.111163087373269
5120 0.0008682288352280733 -0.005531126802692764 0.06507646157385247
5121 0.005741835916590419 0.0001010854624187731 0.08868425739486438
5122 0.009318828309423537 -0.0009957598455947287 0.08826835519523465
5123 0.008423007607166882 0.001096845308013499 0.08941590219962978
5124 0.006123037706508095 0.001343919704366508 0.09157013649381096
5125 0.009700030099341212 0.0002470743963530063 0.09115423429418125
5126 0.007018858408764749 -0.0007486854492417195 0.09042258948941585
5127 0.00254073066386428 0.001590737990726942 0.1086416379636393
5128 0.002703421499788843 0.009357155956039708 0.0495512140706782
5129 0.003262626021227701 0.006402004830986642 0.05091789482565769
5130 0.0009224737479133861 -0.001385985145534882 0.03122054990454241
5131 0.0007055713608808908 -0.005085050023935066 0.03079905077584519
5132 0.002733095633660547 -0.003871673114780985 0.03144931287274925
5133 -0.002451137279958687 -0.002665006995662936 0.04393100965004468
5134 -0.006103945725002335 -0.007497974442476763 0.08073033597257295
5135 0.003523016290670926 -0.003639344500330356 0.04148260256792159
5136 0.002796696398545026 -0.001664741315257339 0.04270371580729816
5137 0.002346944766835234 0.00361958890831546 0.04657992574086987
5138 0.001343562647626422 0.002014794115496811 0.04755160225428223
5139 0.005859020444567946 0.001820755375579504 0.06781046944506608
5140 0.006198466044198525 0.002884027922327903 0.06536505745488791
5141 0.00455837928956396 0.003592557259127389 0.06687229355459534
5142 0.004032227067840005 0.004638602473605041 0.06873150457254025
5143 0.004371672667470583 0.00570187502035344 0.06628609258236207
5144 0.005672313822474568 0.003930073136805555 0.06722426847283283
5145 0.0001614110816691911 -0.009362382941685501 0.05780739816683177
5146 0.001349410002753098 -0.009643159806569022 0.06022248137850329
5147 0.002991632003987318 0.0004685519314678681 0.03334352521839816
5148 0.009717783601665675 -0.0001393492107286807 0.05111103438621485
5149 0.007428516551299457 -0.00157765146491672 0.05110061573634939
5150 0.009710732949633783 -0.001438302254188042 0.05298958135013462
5151 0.009524497191823682 0.001691455728851019 0.05406476986190265
5152 0.007235230141457464 0.0002531534746629796 0.05405435121203718
5153 0.007242280793489356 0.001552106518122341 0.05217580424811741
5154 -0.009245383557222157 0.003766503566542197 0.09931373347505272
5155 -0.009546845914119187 0.002070682138806474 0.1003169389786821
5156 0.00897988086208162 0.001748299269174644 0.07781676480083301
5157 0.008846299270706553 -0.0002293855736463159 0.07603315556410606
5158 0.009481324963463664 -0.0009000294605096739 0.07827550641506184
5159 0.009335984449060317 -0.0024744036422028 0.1013896662241994
5160 0.006341380929933557 -0.003561836621217074 0.1023744127906109
5161 0.003104361586334719 0.009256461134658649 0.06571325417489113
5162 0.001915441614531985 0.00632002603070141 0.0671864424968234
5163 0.001174282755120077 0.008828566930528968 0.06475439307140754
5164 0.002849726018755335 0.009495749283488234 0.06246689953395394
5165 0.0016608060469526 0.006559314179530995 0.0639400878558862
5166 0.003590884878167243 0.006987208383660677 0.06489894895936979
5167 -0.005316481657413187 0.008637012097262701 0.0951585320828896
5168 -0.004124500639315894 0.006152896481066376 0.09303708661975904
5169 -0.003391915430489057 -0.008038058931552627 0.1144030669671055
5170 -0.001728451563480339 -0.00615927302627263 0.1122488248694071
5171 -0.003890312040663402 -0.008758674936827048 0.1121028045241504
5172 -0.005431154987495212 -0.007297792283590361 0.1130146463575571
5173 -0.003269294510312149 -0.004698390373035943 0.1131606667028139
5174 -0.001514316850926903 -0.009248888020053688 0.09541565948454447
5175 -0.001858189204288274 -0.008746697250454422 0.09257500083065354
5176 0.0002325836674818236 -0.009371922102123233 0.09363488325810029
5177 0.005067437934172062 -0.007735373368205314 0.08421848338063882
5178 0.003046467424014567 -0.006169921668640364 0.08416607978164195
5179 0.002763143181828197 -0.009439649671260993 0.08511587638800347
5180 0.005208144037725296 -0.008452021601609218 0.08701094888942781
5181 0.003187173527567801 -0.006886569902044268 0.08695854529043093
5182 0.005491468279911666 -0.005182293598988589 0.08606115228306629
5183 0.004125729847200575 -0.0006263546117892041 0.0561274587639541
5184 0.002053310905659413 0.00182670131345154 0.05714370170100866
5185 0.0007096500235066225 -0.0001945280769740006 0.05733748991363147
5186 -0.005660338917624254 -0.007521840852882948 0.1153031191249826
5187 -0.003498478440441192 -0.004922438942328531 0.1154491394702394
5188 -0.005537717997447346 -0.004182172294366264 0.114060718860691
5189 -0.008900160754448883 0.003616710456839587 0.03983118876309009
5190 -0.009624465044810036 0.002237974409846774 0.04145266335534368
5191 -0.001105893394720869 -0.005949950958852304 0.08402579357428119
5192 -0.001720321850692626 -0.004105971708701676 0.08229217389954352
5193 -0.001793351120586862 -0.001906509551190501 0.08336910717569002
5194 0.0006673949903646104 -0.003582659426709389 0.08212572606896497
5195 -0.001178922664615106 -0.003750488801341129 0.08510272685042769
5196 -0.002058488622411724 0.00333399294028107 0.09960289784538287
5197 0.001102735427700142 0.001833661951343123 0.09727434620107696
5198 0.001069943379842946 0.004031902642437483 0.09836720468281054
5199 0.004621132216107172 0.004432221167934624 0.0897234878512691
5200 0.002249213205176825 0.006283152323789251 0.09074524954679389
5201 0.002605529612737213 0.007093227529722804 0.08865483836081174
5202 0.004720331225191848 -0.0085833459429186 0.1104339288778387
5203 0.009673754135635967 0.001235225874519341 0.08766394438208801
5204 0.00609676174280285 0.002332071182532843 0.08807984658171772
5205 0.003117930184113523 -0.003070179231972713 0.04588428026858807
5206 0.001930740001474817 -0.005065649076500681 0.04673632971900188
5207 0.0006275223706265796 -0.002291940844131566 0.04475565000161501
5208 0.009231324963463733 0.0008138841895903544 0.07927550641506184
5209 -0.0003794957364409203 -0.00873395835825197 0.1058285125203401
5210 0.001340889988732868 -0.008764555480791974 0.1048310794875581
5211 -0.002374880236600466 -0.009399172799359496 0.1047346938947522
5212 -0.0006544945114266771 -0.009429769921899502 0.1037372608619702
5213 -0.0008228085828970008 -0.006289607719996678 0.1055225940558207
5214 -0.001826739827129563 0.00238125 0.1256562072503309
5215 -0.002635073160462896 0.00313125 0.1234306613334789
5216 -0.004137915410285734 0.00238125 0.1264524911308451
5217 -0.004727273634337763 -0.000749997674668269 0.01696963085892634
5218 -0.005892911032446621 2.325331730987368e-09 0.01696963085892634
5219 -0.007064773634337763 4.575781490207117e-05 0.01561677012575772
5220 0.003900852281503714 0.0009209543497986873 0.06791516391100749
5221 0.001784066828195694 0.002602377906895055 0.06637010183529066
5222 0.002735401164290339 0.003091186801144351 0.06605944863386563
5223 0.0006186157109823193 0.00477261035824072 0.06451438655814878
5224 0.002417319755860672 0.001482856438564048 0.06465690700009963
5225 -0.0005271361281960695 -0.0062521411552181 0.1082824875539303
5226 -1.019351036778777e-05 0.002945266182373879 0.0652220239459336
5227 0.001788510534510565 -0.000344487737302793 0.06536454438788444
5228 0.0006230594172971898 0.001825744714042872 0.06350882911074257
5229 0.009423972110169517 0.00294840807304677 0.08466263624361955
5230 0.004729559052564459 0.008676966842816186 0.06671707719744316
5231 0.004474923484985075 0.008916254991645771 0.06347072255650596
5232 0.004270785793691265 0.0005354386839297267 0.09255011196024857
5233 -0.007073675583156172 4.575548957033932e-05 0.1263746905305349
5234 -0.005901812981265029 0 0.1250218297973663
5235 0.005940682868141988 0.007589049517832841 0.09846794146099086
5236 -0.004055967918618703 0.001503172303783647 0.03190597754081193
5237 -0.009076783558402111 0.0009784165747209069 0.07740837854484672
5238 -0.008771222820541743 0.002681809028243938 0.07640887954237721
5239 -0.009909860356820668 0.0005570326133955315 0.08062408747313038
5240 -0.0096042996189603 0.002260425066918562 0.07962458847066087
5241 -0.00699308896490335 0.001142206701006626 0.07883174463674722
5242 -0.002873972368097672 0.009151909037821686 0.1057570177047179
5243 -0.002410919598553319 0.006175517390556501 0.1067904931433267
5244 -0.004117340687607761 0.006338267547456449 0.1042306022120507
5245 0.00117210056333272 0.005609989506516089 0.04710084928597098
5246 -0.005541539889358862 -0.004138896982342861 0.1054109578746142
5247 0.002923053021488852 -0.0006322367624497385 0.07026346795731844
5248 0.005590573339275134 0.007876441969913359 0.04738725432170983
5249 0.006765417542777648 0.00588604137171273 0.04686633077660872
5250 0.005564367643105488 0.004288661371372604 0.04403173446180365
5251 0.006958276386323959 0.007201790105905848 0.04415142017401409
5252 0.004389523439602974 0.006279061969573232 0.04455265800690476
5253 0.0007412984659647746 -0.006828159777958303 0.08305613279091253
5254 -0.0002071141355834269 -0.002492194511131364 0.02986468309940488
5255 -0.003233333333333334 0 0.02
5256 -0.005969409190221361 -0.002326641170486316 0.0889324814609741
5257 -0.004189542613010083 -0.005049167277559619 0.09001969038138841
5258 0.000668269196070538 -0.004628697620447128 0.08413306606705903
5259 -0.005660645900356745 0.001828549810571131 0.0595576986549862
5260 -0.003490615049641516 0.0001115327644421374 0.05874497744747929
5261 0.004242949262429409 -0.004162301590705214 0.05973551357399558
5262 0.004259226938252989 -0.00313125 0.1236089175479584
5263 0.002642560271586322 -0.00313125 0.1236089175479584
5264 0.001834226938252989 -0.00238125 0.1258344634648104
5265 -0.0005284734608190515 0.008919719851243922 0.09252813905655988
5266 -0.00214862548766165 0.009923141080141265 0.09317620440114741
5267 0.007793408830131859 -0.006045933320236985 0.07272817445093062
5268 0.008721451328089713 -0.004660298655252484 0.1019423341342004
5269 0.006557617415447628 -0.003706265678841447 0.1003139088502302
5270 0.005726847808962952 -0.00574773163426676 0.1029270807006119
5271 -0.0004347537761867791 0.005412483600870759 0.09904529877087734
5272 0.00888884728205616 0.003652507769010785 0.06762655699951323
5273 0.007588206127052174 0.005424309652558671 0.06668838110904246
5274 0.007062053905328218 0.006470354867036322 0.06854759212698738
5275 -0.008977458045467578 0.004385732522735794 0.07747918961565758
5276 -0.006366247391410626 0.003267514156823857 0.07668634578174394
5277 -0.007199324189829184 0.002846130195498482 0.07990205471002759
5278 0.004294865766856722 0.005787972125475215 0.03727958530719826
5279 -0.002701576527972789 0.008982193615804953 0.04859928375654846
5280 -0.00320395525390694 0.006967355462414968 0.0464202291593089
5281 -0.009687093803777327 0.0003570423457765665 0.1075685929698493
5282 -0.008482926625953997 0.005294764096124882 0.1042858088975859
5283 0.007248760527421596 0.004361037105810272 0.06913379309922064
5284 0.004751670663667287 -0.004999865241137125 0.09941825468018028
5285 0.005381350367366801 -0.008440880100459113 0.09896782673451843
5286 0.003921591944968614 -0.006417883621282641 0.1013332537407657
5287 -0.0004239573996964613 -0.004668044037466461 0.04609242050336936
5288 0.008358514867330196 0.003899494293966939 0.02498503080324645
5289 0.009791411196705655 0.0008607358749156706 0.02448433899073406
5290 0.009466394547201516 0.001579217691334058 0.05010727732162019
5291 0.009273108137359523 0.003410022630913757 0.05306101279730797
5292 -0.005829484474947961 0.005060746959787452 0.1039390244069497
5293 0.001345626321221881 -0.008763953123970653 0.1068155328069779
5294 0.003257289156926218 -0.009499661985964029 0.10943626487639
5295 -0.009530983005698154 0.002245100678831413 0.05148508668192354
5296 -0.006506323269368609 0.002481566768481746 0.05297334508122593
5297 -0.006699241276623148 0.0002302354512868385 0.05161355733746519
5298 -0.003269432942778149 -0.009360430869782109 0.09385282308156725
5299 -0.00317501124970899 -0.006267055878754177 0.09333084002446898
5300 -0.002831138896347618 -0.006769246648353443 0.09617149867835992
5301 -0.007072057516678422 0.006468119140647522 0.04960306609808444
5302 0.001167640029326253 0.008829897335052666 0.06675069840361961
5303 0.003097718860540897 0.009257791539182346 0.0677095595071032
5304 0.001704651827831699 -0.009424162116684474 0.1024228385075039
5305 -0.0004590467437981696 -0.006949214355889178 0.1031143530757666
5306 -0.007473844236350208 -0.00555070889078762 0.07812183470581166
5307 -0.005479103580228867 -0.003098360358001145 0.0770123138568734
5308 -0.008027170477486835 -0.005512807598496289 0.07610030701025132
5309 -0.006032429821365493 -0.003060459065709813 0.07499078616131306
5310 -0.00738439571644975 -0.002224936509940411 0.07704656759096029
5311 0.005490412524941491 -0.00404815283518819 0.04235534408020978
5312 0.00859676759316993 -0.004540888023583385 0.04194018183218072
5313 0.006027706920129968 -0.004013794649994054 0.03946418498701408
5314 -1.98025984091525e-05 -0.009392899992137346 0.1014314229071278
5315 -0.001507863798387442 -0.009249948616112783 0.0993986250871462
5316 -0.002378948937667529 -0.009398507797352374 0.1027458452615941
5317 -0.001947107943776459 -0.006806262979864614 0.101081555255785
5318 0.009560287772888424 0.003087605175407384 0.02246866241401627
5319 0.006274968120753685 0.004085183260501853 0.02351636838923019
5320 0.007707864450129144 0.001046424841450584 0.02301567657671779
5321 -0.005428682456168424 0.003246581049203941 0.04456104760941859
5322 -0.008433752317851104 0.004512293166809615 0.04456434626858057
5323 -0.007478240617704748 0.001354861151660901 0.04363811107223919
5324 -0.002641088100986348 0.0009395853837303684 0.1174563968191786
5325 0.006235060661973367 -0.006620511966830947 0.04835102820680241
5326 0.005293012907825542 -0.007829996572532047 0.04641015167451042
5327 -0.001822288483549233 -0.00238125 0.0163392879164088
5328 -0.002630621816882566 -0.00313125 0.01856149709109806
5329 -0.004124562117886995 -0.002381247674668269 0.01553112795002439
5330 -0.00182226557115417 0.00238125 0.01633922260073287
5331 -0.002630598904487504 0.00313125 0.01856143177542213
5332 -0.004124539205491932 0.002381252325331731 0.01553106263434846
5333 -0.001826739827129563 -0.00238125 0.1256562072503309
5334 -0.002635073160462896 -0.00313125 0.1234306613334789
5335 -0.004137915410285734 -0.00238125 0.1264524911308451
5336 -0.0006681387531697358 0.001500015369807191 0.08775161080661058
5337 -0.001418346934586635 0.001384293851115703 0.08981907839982936
5338 -0.005998719491298491 -0.006265694180738378 0.06065985625211762
5339 -0.009662403627480798 -0.001169401727035384 0.05545657570713443
5340 -0.006419783512025446 -0.001722185477937634 0.05414256586337128
5341 -0.00730820531262109 0.0003363758350254017 0.05589230008804799
5342 0.004166459993264543 -0.008273320597619354 0.07669223016116108
5343 0.001986843191027389 -0.009265405085278513 0.07618074216102727
5344 -0.007141008991542032 -0.002690020624349996 0.08701701755734179
5345 -0.0007384235009143108 0.001930693295077177 0.07232537163346578
5346 0.0007253087499715097 0.003933493312875076 0.0722060312192106
5347 0.008930846501204459 -0.002901045316455376 0.03652501394393994
5348 0.009234347537311855 -0.003024841771823001 0.03306990358437077
5349 0.005934941510760423 -0.0009733331757664848 0.05272674350806852
5350 0.005941992162792314 0.0003256198676928764 0.05084819654414876
5351 0.005748705752950321 0.002156424807272576 0.05380193201983655
5352 -0.007209682150511233 0.006601094604159316 0.1047410929641862
5353 -0.008479994039739838 0.005298995842942391 0.1022995593283509
5354 0.003270176453243689 0.003366481774527098 0.08211786364040188
5355 0.0009748977628604924 -0.003948020189902736 0.1096345211818798
5356 -0.009004101549871382 0.000655062890213334 0.03465786516052155
5357 -0.006229048306637737 0.002090776409562965 0.03608793009759663
5358 -0.006574771607881546 -0.0009408121089350241 0.03525751604938096
5359 -0.0003481553810433431 -0.005328511334977245 0.07520636367241307
5360 -0.003772696150318564 0.001533936619362928 0.1030292961941565
5361 -0.004772888854883567 -0.0001836382039766325 0.1013284585986372
5362 -0.002362436533381584 -0.001187218352641289 0.1014892184734157
5363 -0.003205419719290747 -0.008787692387197654 0.0558243740668929
5364 -0.009698478237854635 -0.002969536939641278 0.05449424125073115
5365 -0.006455858122399283 -0.003522320690543528 0.053180231406968
5366 -0.007734759536176866 -0.001166855291762603 0.05268300352918064
5367 0.004883725255500541 0.000995959507785481 0.1059608185527799
5368 0.004259226938252989 0.00313125 0.1236089175479584
5369 0.002642560271586322 0.00313125 0.1236089175479584
5370 0.002425 0.00075 0.1242255459168521
5371 0.001834226938252989 0.00238125 0.1258344634648104
5372 0.009345583910603646 0.002541490021034617 0.04482337348454779
5373 0.009468001576199224 0.001573832987798756 0.0481097262477464
5374 -0.001398780069701868 0.009260297914880703 0.0950568003612817
5375 0.004318511878763094 -0.001617991616799736 0.07714667022495604
5376 0.009969493936973189 -0.0005902222295205662 0.0270156765767178
5377 -0.004727273634337763 0.000750002325331731 0.01696963085892634
5378 -0.001785328523536363 0.009404624300957324 0.08233983281107134
5379 -0.0002660369419746058 0.01000878440185667 0.07939238366690202
5380 0.005388962266488668 0.00805514394806392 0.04538966149530783
5381 0.006756665313537493 0.00738049208405641 0.0421538273476121
5382 -0.0002566126858016404 0.01000966533557681 0.07540352299330283
5383 0.0004748220311698765 0.00764749163568349 0.07427999725825393
5384 0.007626286489794088 -0.006121166048007672 0.06610320801872416
5385 0.007016900082702443 -0.002722382510839034 0.06709856199429112
5386 0.005594020844888845 -0.003974105303100927 0.06515405593793039
5387 0.005653469905267935 -0.00663605796491422 0.0985111020154178
5388 0.005643426269316927 -0.006644528895081922 0.09653800210693758
5389 0.00426394666391033 -0.00313125 0.01838835751716289
5390 0.002647279997243663 -0.00313125 0.01838835751716289
5391 0.002425 -0.00075 0.01777779082531074
5392 0.00183894666391033 -0.00238125 0.01616614834247363
5393 0.002648503956865712 0.00313125 0.01838765086374562
5394 0.004265170623532379 0.00313125 0.01838765086374562
5395 0.001840170623532379 0.00238125 0.01616544168905636
5396 0.006281120335849686 0.002314764141096924 0.04469800415521534
5397 0.008435972374313136 0.003199638517117178 0.04687201439373073
5398 0.006403538001445263 0.001347107107861063 0.04798435691841395
5399 -0.004402242108035709 0.001534468946158678 0.09312881136381509
5400 -0.008918400287139696 -0.002625132675655898 0.04492423022923066
5401 -0.003366404756190736 -0.008978371128268318 0.100555378578412
5402 -0.002934563762299666 -0.006386126310780559 0.0988910885726029
5403 -0.003805648901579753 -0.00653468549202015 0.1022383087470507
5404 -0.007688099851849382 -0.004818890173628315 0.09782828957418571
5405 -0.00849276359613354 -0.00370595627381567 0.1002218559630572
5406 -0.004736175583156171 0.00075 0.1250218297973663
5407 -0.006941608587793822 -0.00662253988581158 0.1157394278822354
5408 -0.00671242465766478 -0.006398491316518993 0.1134509551148098
5409 0.004817117886695655 0.003849452468443297 0.09170575224694982
5410 0.007455693291891573 0.005974466469735576 0.09115860598599822
5411 0.007484590619529683 0.004318704617319279 0.08928465813830788
5412 0.007259707621303091 0.006557235169226903 0.0891763415903175
5413 0.004592234888469063 0.006087983020350921 0.09159743569895942
5414 0.005072186869048691 -0.008042629981272418 0.09463942712109724
5415 0.008930698683468834 -0.002901541151311844 0.0385257992371337
5416 0.002130191642718863 -0.009220944052694524 0.03266001549130331
5417 0.004157715915498519 -0.008007567143540444 0.03331027758820737
5418 0.002084309703899433 -0.009357377524164587 0.03491347401830695
5419 -0.0004796867128844213 -0.007534563228270433 0.03420780980664625
5420 -0.003079503190479559 0.008846331759814086 0.0980435614603772
5421 -0.00409803957258136 0.008714821919263437 0.100617559451159
5422 0.00291130257913962 -0.001135823550458161 0.1133863621337517
5423 0.001454124351170695 -2.872503245583431e-05 0.1123583983430589
5424 0.003588207321851875 0.001107098518002326 0.1130921307944595
5425 0.003986530862270471 -0.001035918611040221 0.1107411259164471
5426 0.002529352634301545 7.117990696210524e-05 0.1097131621257543
5427 0.001852447891589291 -0.002171742161498382 0.1100073934650465
5428 0.007171784669774531 0.006041077212074753 0.07895565720350696
5429 0.006976550342832255 0.007293930398183829 0.08054853203619175
5430 0.004666015765508483 -0.008867420319589082 0.07857875334987585
5431 0.00777658944914005 -0.006085963868791748 0.105007594838969
5432 -0.003777814292227927 0.004718650482484476 0.07868211733433927
5433 -0.001546479055972641 0.004702594991871154 0.08104696584504138
5434 0.004425538629708865 0.0001892948900975793 0.1103875649161978
5435 0.005882716857677791 -0.0009178036279047473 0.1114155287068906
5436 0.004823862170127461 -0.001953722238944969 0.1080365600381854
5437 -0.004312358483274338 -0.009245921380695021 0.1158288545342841
5438 -0.004418921493226472 -0.006130301391470925 0.116874927037418
5439 -0.002150498006091275 -0.006646519470140604 0.1159748748795409
5440 0.004570648149559318 0.00822171477861668 0.05168669167915847
5441 0.004329842520885765 0.008773423781210781 0.04855728900810127
5442 0.003806832678996332 -0.001630697093981682 0.1056023928230112
5443 0.002050126045991343 -0.003848115250484796 0.1069892849645753
5444 0.001495203767322731 -0.0007893998836269163 0.1058256713430413
5445 0.00146383808736007 -0.001035918611040221 0.1082832122338706
5446 -0.004066480704396327 0.005203124344065 0.04562688032045575
5447 -0.007071550566079006 0.006468836461670674 0.04563017897961771
5448 0.006908824815595695 0.001351426083874198 0.05603008506444849
5449 0.004265899415252244 0.001405130762038638 0.05522691342331081
5450 0.003748633886996611 -0.002053627178362908 0.11068179625549
5451 0.001554801805697256 0.003671612293918295 0.05643930666768819
5452 0.0009842953468949679 0.001272261046841991 0.05461989208949594
5453 0.003767390315290087 0.003250041742505393 0.05452251838999034
5454 0.004756408134129994 -0.008822807543372779 0.03513656432324341
5455 0.00214652977852671 -0.007136426718948688 0.03668435863858634
5456 0.003309675819447706 0.003849829198792798 0.07217485927451874
5457 -0.005629557996398625 -0.001795177030600127 0.03809704691143248
5458 -0.005333315548470028 -0.003743606348217477 0.03566744824696635
5459 -0.007212708085521923 -0.005046935784269048 0.07507215963669298
5460 -0.009118000221742806 -0.004173511936208314 0.07510641337077983
5461 -0.003974408727073833 -0.004928565303373263 0.09207763844345764
5462 -0.006400183828864801 -0.004324410321506392 0.09004431105129078
5463 0.003108486750550325 0.003004618877085131 0.09270413331143931
5464 0.002533257329907825 0.001346366944987857 0.09542244087242839
5465 -0.009939142490517194 0.0005493960230861344 0.04045753938307534
5466 -0.007509598746829143 -0.001041273121919982 0.03907264176527005
5467 0.004060310685859402 -0.00360498631513622 0.03859144347472589
5468 0.003333990793733502 -0.001630383130063203 0.03981255671410246
5469 0.005025558865028311 -0.0001972593645070114 0.03881132267535176
5470 0.004488264469839834 -0.0002316175497011476 0.04170248176854746
5471 0.001997856656352891 0.0005466208381399989 0.04057385150157439
5472 -0.005614982148293339 0.007466118860946329 0.03065134742081498
5473 -0.005458468047812747 0.004267614645440485 0.0310354143692181
5474 -0.007262168935956553 0.006233523244424486 0.02987048332753908
5475 -0.005282108983756436 0.008557676274755522 0.02911490351462108
5476 -0.005125594883275845 0.00535917205924968 0.0294989704630242
5477 -0.003478408095612631 0.006591767675771522 0.0302798345563001
5478 -0.003596214558921716 0.00238124871536595 0.006439077507812745
5479 -0.002295872516886882 -4.72237123770548e-09 0.004732738672375522
5480 -0.0009761203634706607 0.002381246562262813 0.006538759195684874
5481 -0.00379505640306986 0.002203315030091683 0.008697226349965743
5482 -0.002494714361035026 -0.0001779384076455049 0.006990887514528519
5483 -0.005114808556486081 -0.0001779362545423679 0.00689120582665639
5484 -0.0003507057144384871 -1.625483831866822e-08 0.00772709760649696
5485 -0.001651047756473321 0.002381237182898869 0.009433436441934184
5486 -0.003169641754037686 -0.0001779477870094488 0.009885564760777829
5487 0.004573927275958385 0.003821594505738763 0.08774048289726434
5488 0.001736868478780906 0.00439316833983428 0.08591332230539854
5489 0.004349044277731793 0.006060125057646385 0.08763216634927395
5490 -0.008309099282079268 -0.001503703897174947 0.1136146586955393
5491 -0.009498710713696007 -0.001339493867009079 0.1107571321368844
5492 0.004241888466053154 0.002191200536346023 0.09442405980793889
5493 -0.001566729570650149 -0.008643369624829882 0.1137688812570462
5494 0.0003701133790788834 -0.009672994341023776 0.1141318960879813
5495 -0.0001145424302712904 -0.009933441427465196 0.1114257090208849
5496 0.002158975136801897 -0.007758353539827416 0.1125689299071361
5497 0.0002221321870728644 -0.006728728823633523 0.112205915076201
5498 -0.005571374087065391 -0.008273736424028323 0.0611562171059849
5499 -0.001383121930026656 0.0006642718927646711 0.1027984889946469
5500 0.001959619655746994 -0.009404734346402975 0.09661974492052003
5501 0.0004486219642793606 0.0001724071096847968 0.1016307078084377
5502 0.0002103341337171467 -0.009282000558534852 0.09642170564655053
5503 0.001957234652125873 -0.009405034640604397 0.09464092942010635
5504 0.006537187776000443 -0.006824821061047636 0.08521742772691882
5505 0.006677893879553677 -0.00754146929445154 0.08800989323570781
5506 0.00645840067077531 0.004236378329803065 0.08407358401560575
5507 0.003938302779432815 -0.001621266793834923 0.08945960950621548
5508 0.003838382298212489 0.001145697026808835 0.08828118608664903
5509 0.001161287127886468 -0.0001195520535064911 0.08802815308586592
5510 0.001712059299133181 -0.009704318740702329 0.06792992933213966
5511 -0.008462784451178091 -0.003482765759711786 0.1124316432030241
5512 0.004640485534554654 0.003126271980503822 0.08438992896111502
5513 0.002075514675752554 0.002069941924887576 0.08465408987124437
5514 -0.0007302472940865731 0.002847850488160389 0.08392057453371482
5515 0.001834723564715526 0.003904180543776634 0.08365641362358547
5516 -0.009664047807176536 -0.001162955173140069 0.05346764990982146
5517 -0.009700122417550371 -0.002963090385745963 0.05250531545341818
5518 -0.0002540476904347949 -0.00875305819286498 0.1078197143005782
5519 -0.00224943219059434 -0.009418272633972508 0.1067258956749903
5520 0.005665066064153144 -0.007058973902052832 0.06427447722317522
5521 0.00448120223513216 -0.008290052428674487 0.06222281244125581
5522 -0.003325762019449105 0.008900907111405319 0.02477506568118551
5523 -0.002676813501291122 0.01041707157777924 0.02256715966412152
5524 -0.0005115017334380678 0.00965531861664419 0.02459706885929597
5525 0.005314536738874773 -0.003540858828887028 0.1023546025792558
5526 0.005303015062536003 0.0031214033567419 0.07126745993729752
5527 -0.005607701992968643 0.006910509298966006 0.04437312785631262
5528 -0.005885119284491129 0.007718614498359731 0.04662960469667027
5529 0.003942103860999747 0.008888451712057755 0.08251574502000597
5530 0.004935566203930847 0.005725901653008985 0.08373422033115237
5531 0.002643808252169476 -0.001220482193371957 0.04509054946612287
5532 0.0001534004386825323 -0.0004422438055308104 0.0439619191991498
5533 0.005168828513418052 0.008072469820548229 0.09338909313691071
5534 0.003541247739680822 0.00864192593661401 0.09238769915491643
5535 0.00497284284282957 0.008655238520039556 0.09140682874122999
5536 0.00334526206909234 0.009224694636105335 0.09040543475923571
5537 -0.004163157616961776 -0.003952140178672715 0.1026398927284054
5538 0.008741632003987317 -0.001245361718632402 0.03444485044987965
5539 0.006172478505191779 -0.0007185797348872385 0.03596986439381955
5540 0.001198226056388584 0.008837095240052339 0.09153551300275091
5541 -0.00467848264050209 -0.008468860527654441 0.07973100697125102
5542 -0.003029420646471589 -0.009153400457811885 0.07716708009670795
5543 -0.008180927063812416 -0.001932272863064056 0.1155923944752035
5544 -0.008563796163040281 -0.004135383294893482 0.1166978517501138
5545 0.001200555500246216 -0.00269450603112489 0.08518148617423177
5546 -0.0005727328848392642 -0.005061797563267805 0.08708155367954798
5547 0.00127445897584638 -0.005940006382373805 0.08611189289617932
5548 -0.001953759735893409 -0.00938080606919393 0.1094857891730999
5549 -0.002522520628355615 -0.006917355596325628 0.1071886689283424
5550 -0.009412312212816278 -0.0009347976575609655 0.07913440833387525
5551 -0.006495540820898957 -0.000349623569949871 0.07734206549749209
5552 0.008242321828695155 -0.004517110533069614 0.06919765627628957
5553 0.007790831889959922 -0.006049826052212415 0.07072399336305624
5554 -0.007462971739459685 -0.004892522401430461 0.107166665608072
5555 -0.008129096909105769 -0.00331747734308128 0.1061382070017626
5556 -0.008826833839847399 -0.002936584049601791 0.1077718902444172
5557 -0.005668038820317314 -0.008134548228986929 0.07331923708498569
5558 -0.003434384085498442 -0.006503699869847901 0.07331497971138667
5559 -0.005098330544920952 -0.004710214176312091 0.07320880882654998
5560 -0.0006224428733091337 -0.000149075684750489 0.1124044452999511
5561 0.007387745471338841 0.006147298192614973 0.07424813958800169
5562 0.006173429079650931 0.00360506026972705 0.07592537196574375
5563 0.00691561525907325 0.0021800615220103 0.05001527319362139
5564 0.008946442602943416 0.004037977634801716 0.05090048174281196
5565 0.006722328849231257 0.004010866461589999 0.05296900866930918
5566 0.004671607037324145 -0.008864993070144624 0.08256658828079853
5567 0.004954931279510515 -0.005595265067523995 0.08161679167443701
5568 0.00265063652716665 -0.007299541370579674 0.08251418468180166
5569 0.00244159383625594 0.005273980816223758 0.06532723147887848
5570 0.003074846763920918 0.00415445934789275 0.06361403664368745
5571 0.003003078920071016 -0.008303928738582621 0.105824435397372
5572 0.003366840759169847 -0.008963535374475119 0.1034161944173179
5573 0.004240297881134293 0.001984226896547086 0.06546975192082932
5574 0.004567679840023675 0.008223293501646061 0.05368598284270341
5575 0.002406406503182614 0.006470332573161431 0.04555221777843248
5576 0.003581250706685128 0.004479931974960803 0.04503129423333137
5577 0.00377410955023144 0.005795680709153921 0.04231638363073675
5578 -0.002021144899498275 -0.007621897877976133 0.05054473013259161
5579 0.0004061598176104376 -0.009829400104173868 0.04966444866754663
5580 0.001136589278380184 -0.007630626761317493 0.04912118097821586
5581 -0.008898105506106591 0.003622742115705911 0.03586269670267993
5582 -0.008687582657520149 0.002344467081698056 0.03366904557904443
5583 -0.00850445000321271 0.005069714050153789 0.03444062817385656
5584 -0.005835392803743854 0.003537748344010844 0.03466586156877326
5585 -0.004294479731121155 -2.250578072055057e-05 0.08816715632269873
5586 -0.003108834923150612 -0.00297726092482263 0.08672925353420735
5587 -0.001886816961459459 -8.677453038243412e-05 0.08789072555518204
5588 -0.009041372629904058 -0.004552065326024759 0.05349527150776017
5589 0.002369471972747042 0.008470152776309796 0.07514156777150034
5590 0.001346993447220167 0.009497188570145348 0.07312471445728383
5591 0.0002123856751216846 -0.004325494078194873 0.04976361945098431
5592 0.009180846501204461 -0.001187131666355108 0.03752501394393994
5593 0.008991632003987319 0.0004685519314678666 0.03544485044987966
5594 0.006850551003445671 0.001288748814598019 0.03608561302143165
5595 0.009858918999458351 0.0008201968831301488 0.03764076257155204
5596 0.007039765500662812 -0.0003669347832249563 0.03816577651549193
5597 0.00205345895394398 -0.002136867036802056 0.05674601412383951
5598 0.004961597607597729 0.003198536189530704 0.02351636838923019
5599 0.004191586606105322 0.0007500000000000001 0.02265836507748575
5600 0.004303184213703051 0.002448536189530704 0.02517473346671593
5601 0.005504957119261277 0.001636647070971149 0.02265836507748575
5602 0.006109142627158887 -0.003445777344564152 0.05119868036997599
5603 0.00561506469950241 -0.004492393934025367 0.05343861769436407
5604 -0.004519498802959781 0.007889988383398817 0.05663499032496395
5605 -0.006836245663675812 0.006916190690476135 0.05506897010649144
5606 -0.006837735307044089 0.006915015943905148 0.05705956489507186
5607 -0.00392503179151931 0.005383626047184184 0.0563951768075928
5608 -0.005778614954268903 0.004369253611905358 0.05456055177728432
5609 0.008644001123254686 0.001315494107416243 0.07518173991869465
5610 0.008777582714629752 0.003293178950237203 0.07696534915542158
5611 0.00868055473233295 -0.001756739960270969 0.06055220826465862
5612 0.009135189793409073 -0.002051048144537048 0.05797049278298487
5613 0.008681754701551051 -0.004022778020275766 0.06015682059200325
5614 0.006315220155686005 -0.002651789165692362 0.05911695821411017
5615 0.00586058509460988 -0.002357480981426284 0.06169867369578393
5616 -0.007690394281746095 -0.004815092450470051 0.09583990830471661
5617 -0.008751322301440561 -0.002958942505992712 0.09470805569710838
5618 0.003009403597684374 -0.009195657596495387 0.06122787516142119
5619 -0.003719696580137326 0.003754396411718436 0.09160756658099969
5620 -0.001165958047855435 0.001552809774830964 0.09222434069054465
5621 -0.0004787802280440531 0.00346047119248916 0.09294444031279231
5622 0.007707321984232769 0.004770334969631685 0.04586841510018601
5623 0.007900180827779081 0.006086083703824803 0.04315350449759138
5624 0.006571978503233958 0.007059046188833017 0.09239648412363211
5625 0.006375992832645476 0.007641814888324343 0.09041421972795138
5626 -0.002736726450706429 0.004590437101002818 0.07380616046839
5627 -0.004358168926645298 0.004192285024745453 0.07212757997221432
5628 0.002467101684593045 0.002023555092075929 0.05319491068602168
5629 0.007500061128539145 -0.00627395251710218 0.09746745709475321
5630 0.005406848256128763 -0.003745464342571078 0.09692628767946487
5631 0.007490017492588138 -0.006282423447269881 0.095494357186273
5632 -0.001081810526494916 -0.003864559490740146 0.05418481361614878
5633 -0.003390259172642995 -0.003426580231328022 0.05570919826719624
5634 -0.0008922476887068462 -0.001442213685988501 0.05399882185645859
5635 0.008193731048363937 0.002739632867382886 0.0902888173615486
5636 0.009470753540538267 0.001889861955722393 0.09202714945610008
5637 0.001423447622357134 -0.006821596952578993 0.1082395777607242
5638 -3.175985340205813e-06 -0.009950261866554823 0.1094428793798938
5639 -0.0002762644231014804 -0.007449344828907942 0.1099056526332459
5640 0.00493151468197244 0.008041542533249346 0.08541576013901128
5641 0.005565241548320281 0.008317945790807805 0.08350081907489446
5642 -0.004251739827129563 0.00313125 0.1234306613334789
5643 -0.003502540281567141 -0.008224082678282148 0.09158588746509935
5644 -0.00186079618180579 -0.008746266729906438 0.09059353665714472
5645 -0.002455017951046526 -0.008978495766935215 0.08806842494823905
5646 -0.004096762050807876 -0.008456311715310924 0.08906077575619369
5647 -0.001774978144728214 0.006260305850602899 0.0389257299601117
5648 -0.004154098677649473 0.004196649254306422 0.03765489310097059
5649 -0.003760443174755591 0.0056436211887543 0.03623282457214722
5650 0.007891455366979744 0.003961537963038114 0.09518519879322115
5651 0.005054660652522658 0.003775160104129802 0.09536575300177774
5652 0.007625015273514629 0.005691592179767906 0.09339914588608356
5653 0.008930935093327069 0.003186059415691116 0.09326353013294472
5654 0.006094140378869984 0.002999681556782804 0.0934440843415013
5655 0.006360580472335098 0.001269627340053013 0.09523013724863888
5656 0.007653912601152739 0.004035830327351609 0.09152519803839324
5657 0.00573608054307851 -0.0005902222295205646 0.02467404165420354
5658 0.008332841900024217 0.00495315575017318 0.07108354749174467
5659 0.009444477576833022 0.002878013433888728 0.08853685954400684
5660 0.008929692562695889 -4.572146071074513e-05 0.06154703068421969
5661 0.009384327623772015 -0.0003400296449768236 0.05896531520254593
5662 -0.002141170154399127 -0.0009403738492840294 0.05603023408811576
5663 0.00577517656774781 0.00313125 0.01856201818077979
5664 0.005591030881512931 0.002381281902201726 0.01527866754247239
5665 0.007453841474285046 -0.001901150351243295 0.02808558016108854
5666 -0.008229181752600279 -0.005202671354989425 0.09361004192710748
5667 -0.005646262472074367 -0.003816229442800662 0.09433212549096914
5668 -0.009830178441266626 -0.0002724497311935958 0.08860063139873234
5669 -0.009639453110984965 -0.001980514219494189 0.08761072882568845
5670 -0.006495100466962342 -0.0005716494991435646 0.08796313602909434
5671 0.00159649802631647 -0.009961156797660495 0.1084386978862935
5672 0.007836623602349956 -0.006158668891998341 0.04308136559874524
5673 0.004303222342302786 -0.006043622679716159 0.04320739353062358
5674 0.006778307188116549 -0.006915822993696528 0.0622666267909075
5675 0.004748543939864578 -0.004766669949787384 0.06331113645539629
5676 -0.00235704546492054 -0.005082382598544759 0.1030497099130555
5677 -0.003735427737317627 -0.005269139402214905 0.1058207750592643
5678 -0.0006098669131223112 -0.009856366738143014 0.08510271926049358
5679 -0.006799150301215136 0.007284946667586277 0.07312419973818518
5680 -0.001792167238017605 0.009403975659527988 0.08433098181853788
5681 -0.0001625622348746617 0.009730718430984379 0.08644994131320249
5682 0.000468994231391501 -0.009659731437505344 0.03365923134524595
5683 0.000423112292572071 -0.009796164908975407 0.0359126898722496
5684 0.008778160619869226 -0.004833117770288744 0.06708821927019518
5685 -0.0004022114594439775 0.003579847594821328 0.06038172666328364
5686 -0.002572242310159207 0.005296864640950322 0.06119444787079054
5687 -0.001575848731313521 0.003635358380922231 0.06188866342120904
5688 0.0002554750598016105 0.005314595149937803 0.06210697617253925
5689 0.0005941821194017089 0.001918341334793238 0.06107594221370215
5690 0.002147724778371591 -0.007275581960343717 0.09197683162551008
5691 0.004406815685992469 -0.002536125346413956 0.1129210567897763
5692 0.00227273271531129 -0.003671948896872117 0.1121873243383756
5693 0.006386225841275359 -0.00626086251252062 0.09364736142606905
5694 0.006385545019247426 -0.006261435365716308 0.09166806145701138
5695 0.005071506047020758 -0.008043202834468107 0.09266012715203958
5696 0.0009414494227088125 0.005601076985246868 0.06018793845066083
5697 0.001937843001554499 0.003939570725218779 0.06088215400107934
5698 -0.009384857520343263 -0.002808288784990631 0.03502810489641402
5699 -0.006567834253889201 -0.003333944077641952 0.03358837382334305
5700 -0.008821674016520667 -0.003448107269207426 0.03199572559495628
5701 -0.009974445169665083 -0.001843210400005038 0.03170065569642236
5702 -0.00715742190321102 -0.002368865692656359 0.03026092462335139
5703 -0.007720605407033618 -0.001729047208439565 0.03329330392480913
5704 0.00074984928806387 0.009337521922145018 0.03793755876646168
5705 0.0004652153230822751 0.007111524008730923 0.03963283482853518
5706 -0.001396696124400065 0.009722362549577869 0.03912797887744088
5707 -0.001051996280488065 0.009859871433856856 0.0356976333571199
5708 -0.001336630245469659 0.007633873520442761 0.03739290941919339
5709 0.0008099151669942756 0.007249032893009911 0.03620248930821419
5710 0.005771889806956036 -0.00313125 0.1234411124588744
5711 0.005593463056759271 -0.002381250000000001 0.1267113949389858
5712 -0.003075801972951334 0.009316320508889133 0.04010416814889811
5713 0.006092469232473178 -0.003231506391045059 0.02572079162512977
5714 0.006394493936973188 -0.001340222229520565 0.02301567657671779
5715 0.004547975295499988 -0.003391284161524494 0.02370511504841197
5716 0.003889561901605311 -0.002641284161524494 0.02536348012589772
5717 0.004191586606105322 -0.0007499999999999999 0.02265836507748575
5718 -0.002643285747529155 0.002917067346173985 0.0813262833940708
5719 0.001994608948417033 0.004483733927850644 0.05398139727644518
5720 -0.0009479621047417233 -0.00238125 0.1354490534969706
5721 -0.0003428611864359789 5.421010862427522e-19 0.1342814545244624
5722 -0.001657675482641089 -0.00238125 0.1325517820876119
5723 -0.00379259785134136 -0.002570453934272002 0.133291502829794
5724 -0.003187496933035616 -0.0001892039342720015 0.1321239038572859
5725 -0.00247778355513625 -0.0001892039342720019 0.1350211752666445
5726 -0.003587879336112015 -0.00238125 0.1355416518529286
5727 -0.002273065039906905 1.423015351387225e-19 0.1372713242897791
5728 -0.005117700786506542 -0.000189203934272002 0.1351137736226025
5729 -0.003159709834448964 0.008084161703107271 0.03623525762138138
5730 -0.003169450028297888 0.008080261723328258 0.03820664316949544
5731 -0.005051526809129788 0.008703535826819549 0.03543987721281956
5732 -0.005061267002978711 0.008699635847040536 0.03741126276093362
5733 0.005547808285865595 -0.0003143322277307658 0.09428844405480004
5734 0.0005085110385133497 0.005292325523602849 0.0574668592583429
5735 -0.0005605045202510949 0.004737885256993301 0.05494304964683018
5736 0.0002111409235444662 0.001650382903492755 0.056633094880311
5737 -0.006562090146763629 0.001923760202236877 0.03207441462495167
5738 -0.009231147346232482 0.003455725908379823 0.03184918123003497
5739 -0.006378957492456188 0.00464900717069261 0.03284599721976379
5740 -0.0002742586256717181 -0.006788617920142852 0.1177745436561811
5741 0.001662584324057314 -0.007818242636336745 0.1181375584871163
5742 0.002988174439513497 -0.006002772004049197 0.1181375584871163
5743 0.002873042680757791 -0.003316422553855683 0.1192328721318333
5744 -0.008170508682911368 -0.005034811938961234 0.03100056589187142
5745 -0.008733692186733965 -0.00439499345474444 0.03403294519332915
5746 0.007632863317817302 0.005348950047394387 0.0647541523981086
5747 0.008933504472821287 0.003577148163846502 0.06569232828857935
5748 0.006679246162297144 0.0005103915586792654 0.06419864735689898
5749 0.005378605007293159 0.00228219344222715 0.06326047146642823
5750 0.005957679141333338 0.004076497454473755 0.06202926018538958
5751 0.006438459259431957 0.001702861090825117 0.06086285008740065
5752 0.007258320296337323 0.002304695570925869 0.06296743607586033
5753 -0.004247288483549233 -0.00313125 0.01856149709109806
5754 -0.00424726557115417 0.00313125 0.01856143177542213
5755 0.006648661567285415 0.006613017854615969 0.06584110196096576
5756 0.00612250934556146 0.00765906306909362 0.06770031297891067
5757 -0.008731386873427848 -0.004398899054639483 0.0360154975981519
5758 0.009858918999458351 0.0008201968831301488 0.03964076257155204
5759 0.007454284935528449 0.001648504705637333 0.04046544419456822
5760 0.008660550372993887 0.001022552943700004 0.09707590295445769
5761 0.009586075268209116 -0.0007601853328958825 0.09838062047011464
5762 0.002318747331056636 -0.001954055677730449 0.08694544038869531
5763 -0.002065126180824493 -0.009363985630104302 0.111468618814091
5764 -0.001078458907413659 0.002005966957339086 0.05459868121958658
5765 -0.004251739827129563 -0.00313125 0.1234306613334789
5766 -0.008116881629116262 0.005151289380061274 0.0368567768448181
5767 -0.007723226126222379 0.006598261314509152 0.03543470831599473
5768 -0.0005586094501863262 -0.006347504886840258 0.0498203562065259
5769 0.004452135173062345 -0.001724627221000422 0.05415172491154278
5770 -0.001594875574764535 -0.00611739826682474 0.1192003312233598
5771 -0.001194701678456999 -0.007996480369285245 0.1192003312233598
5772 -0.002457058773807955 -0.008978157919037014 0.08607238004386225
5773 -0.001030023373529813 0.002541882238717218 0.1012328698464775
5774 -0.008563206775940743 -0.004213864778380742 0.07912247176187361
5775 -0.007196356415464476 -0.00615833309752851 0.07973678809160614
5776 -0.006389875995306276 0.001502073278037263 0.08986328772491602
5777 -0.00972495396961056 0.001801273045987231 0.09050078309455403
5778 -0.007561475796626946 0.001138693824173583 0.08794782382128369
5779 0.004835608855860526 -0.005143565428761574 0.09502771269362453
5780 -0.00811700725239391 0.003967930719476685 0.1096345567307222
5781 -0.009386154945275222 0.002049951500252118 0.1087612117967218
5782 0.003975924386077266 0.003390116992617826 0.05326081090629139
5783 0.004949547482358202 0.00524455864693525 0.05242788755576402
5784 0.009700030099341212 0.0002470743963530063 0.09515423429418124
5785 0.007286105367550328 -0.0005131109365428733 0.09653485476429584
5786 -0.001910904825013684 -0.0008913656975956439 0.04057421311919464
5787 -6.935660225268004e-05 -0.0001094403767504338 0.03944718339056623
5788 0.006016763982016267 0.007615977597159388 0.05006728173820761
5789 -0.004138850612522461 -0.0006999586778189276 0.03198994745036156
5790 0.005314044762624351 0.007766974616459658 0.02834770525834637
5791 0.005511571429371569 0.007187767463562724 0.03052245877079578
5792 0.003294250091821172 0.00936616634468174 0.03058484636936317
5793 0.003250927211139497 0.005917056954386556 0.0304446314019266
5794 0.003053400544392279 0.00649626410728349 0.02826987788947718
5795 -0.001650928012818415 -0.002381262817101131 0.009433482354465048
5796 -0.0009760006198157546 -0.002381253437737187 0.006538805108215737
5797 -0.003794936659414954 -0.002559184969908318 0.008697272262496607
5798 -0.009686734072308273 0.0003679223768603394 0.1093539394800997
5799 0.003444908335646802 -0.001385985145534882 0.02876205859823715
5800 0.003914105751900705 -0.0009174332140670135 0.03176672558590352
5801 0.005514066591720735 0.0004685519314678681 0.03088503391209289
5802 0.00349291895568017 0.0009287035506719428 0.02879528374274158
5803 0.003962116371934073 0.001397255482139811 0.03179995073040795
5804 0.00189295811586014 -0.0004572815948629388 0.0296769754165522
5805 -0.00333152824290173 0.00481485648763492 0.06976556120297533
5806 -0.00359609481526681 -0.00238125128463405 0.006439123420343609
5807 0.007284467594090365 -0.006671641954349578 0.07856632967213489
5808 0.005760875154794964 -0.004262471845241325 0.07975795470236018
5809 0.001609942715382992 -0.0001727973672486653 0.04995451950545318
5810 -0.0005527956287178919 0.008921219034356579 0.06574779095710397
5811 -0.002234196150633031 0.008517512441041189 0.06674103005104295
5812 -0.000557159487323269 0.008920819046914094 0.06774195633232538
5813 0.00360903684448761 -0.002798598435462653 0.06591580458245275
5814 0.004721077999232912 -0.0003894094671015519 0.06430334182284039
5815 0.004747343970646476 -0.002500631889782588 0.06370652412805167
5816 0.001838435118318341 -0.00413250039537148 0.06348524962716751
5817 0.002950476273063643 -0.00172331142701038 0.06187278686755514
5818 0.001812169146904777 -0.002021277972690444 0.06408206732195623
5819 -0.002595367319951989 0.009180187002622194 0.06877523323646015
5820 -0.002052845049311379 0.006151499782279827 0.06726085829747458
5821 -0.004272403983261751 0.008776880396749289 0.06777430695517772
5822 0.005172096623164184 -0.008293383387459238 0.105010021377164
5823 0.003341593620355713 -0.005613847927765768 0.1058019986612006
5824 0.003253950625165605 -0.009501132412272463 0.1074476004766876
5825 -0.003442286472393811 0.002018336808743072 0.03780043123101974
5826 0.008092357730783688 0.004888773798125054 0.07990209716595972
5827 0.007897123403841414 0.00614162698423413 0.08149497199864451
5828 -0.008845213653585284 0.00015066082133487 0.04845854965130166
5829 -0.008845339215599761 0.0001474638032280584 0.05044614257994924
5830 -0.001511637432258675 -0.009249329274802263 0.0974069784217356
5831 0.004269366110121078 0.008805170061809069 0.0466857830105997
5832 0.005637069157169904 0.008130518197801558 0.04344994886290396
5833 -0.008691968381307133 -0.003706814329004373 0.1147201159704496
5834 -0.009442638478761632 -0.003498532767794997 0.1190232559360555
5835 -0.00971549889922738 -0.00193227286306406 0.1190232559360555
5836 -0.00664574424329774 -0.003769370336560367 0.1186745958140583
5837 -0.004102000404843061 0.008713209506309536 0.1026079116762431
5838 -0.004543832302954656 0.008737787679857464 0.1047578675069775
5839 -0.00984478286477964 0.0005505082727845114 0.05247792322806798
5840 0.004289021193838737 1.084202172485504e-19 0.02609854853969901
5841 0.006893094320508082 0.001408552906559038 0.05828113460572689
5842 -0.003516275150885928 -0.006137014162526577 0.1192003312233598
5843 -0.002519867602597608 -0.007319016039030443 0.1192003312233598
5844 -0.005165901618075121 -0.001600911402223963 0.04203818713695182
5845 -0.002962384595336725 -0.003267468890930538 0.04191098362094899
5846 -0.002806098042039169 -0.00578864411447559 0.04193777298350677
5847 -0.005009615064777566 -0.004122086625769014 0.04206497649950959
5848 -0.0009159362798986007 0.009463203826053663 0.06334038057149444
5849 -0.000377777867863367 0.00643411661826881 0.06382017100773028
5850 0.0008111421039393678 0.009370551722226051 0.06234698268579801
5851 0.002446309777870945 0.008700824030859731 0.03436851927959449
5852 0.004068956880493279 0.008128803690875826 0.03337955544507216
5853 0.002468762841825766 0.00924957175339218 0.03694739728805989
5854 0.0040914099444481 0.008677551413408275 0.03595843345353756
5855 -0.008688691458960091 0.002341215623272573 0.03565379147269321
5856 -0.008899214307546532 0.003619490657280428 0.0378474425963287
5857 0.00334796099844214 -0.003572043957454177 0.1095420881210711
5858 0.00639463120660123 -0.0001598181265797855 0.1189844796335036
5859 0.006835133598439127 -0.001641988164324476 0.1166316133262162
5860 0.005290502391837896 -0.00298217003774469 0.1186471336927127
5861 0.003631683714320328 -0.001812603776499485 0.1192328721318333
5862 0.004072186106158224 -0.003294773814244175 0.1168800058245459
5863 0.005176314920921559 -0.0004724219030792701 0.1172173517653368
5864 0.002760321783459285 -0.009440875323583528 0.08312195020799118
5865 0.004668785638955232 -0.008866218722467159 0.08057266210078624
5866 0.001326734679869802 0.01001067513961635 0.09766390047177681
5867 0.002034886565725739 0.007320105128570684 0.09912766890020891
5868 -0.0006342393621917079 0.007408665232784955 0.09853898887507048
5869 -0.006124287402641047 -0.006384017953383068 0.07407265894456846
5870 0.006534925422994612 -0.006826722717359309 0.08322248287620476
5871 0.006139094526146694 -0.007956342419298622 0.08157058777636447
5872 -0.009144839902732316 0.001935372832018327 0.05969941317006036
5873 -0.006580496997521385 0.002224062678449013 0.05747950678410638
5874 -0.008807611200814549 0.004119963761259828 0.05903965776365468
5875 -0.009608675900234512 0.003256923654717339 0.06210214668454674
5876 -0.007044332995023583 0.003545613501148026 0.05988224029859275
5877 -0.007381561696941349 0.001361022571906525 0.06054199570499844
5878 0.001065514546941474 0.001107098518002327 0.110634217111883
5879 0.0009341812412478327 0.004101193048056639 0.1096322976238176
5880 0.003606245210805754 0.002697836508729269 0.110071587855523
5881 0.003095210722802632 -0.009261594928183599 0.03613578017718605
5882 0.00684488353607767 -0.007528353415668227 0.09995942409546862
5883 0.003188000016977861 0.009074645005325763 0.08643843215054908
5884 0.002056139127813812 0.009586050666691801 0.1124832955904264
5885 0.003428651284223754 0.0062573967881571 0.11195353391412
5886 0.003593659498254095 0.008463992325172873 0.1136195405976863
5887 0.002263945095506177 0.009316488842808531 0.1156536799599231
5888 0.003636457251916118 0.00598783496427383 0.1151239182836167
5889 0.002098936881475835 0.007109893305792758 0.1139876732763567
5890 -0.002427619804880593 0.009127779186505331 0.1016186483841213
5891 -0.0004048867596779347 0.01009124520483112 0.1006509888686573
5892 0.006086510855789363 0.001879848259659303 0.06984270878097758
5893 0.008680449973126638 -0.001757092024433235 0.06255288607487984
5894 0.00868164994234474 -0.004023130084438031 0.06215749840222447
5895 -4.007676398518133e-05 -0.009743301579154854 0.08945746808165278
5896 -0.0005372698626392414 -0.006882586145703683 0.08839183748915766
5897 0.00859671260118988 -0.004541072468595684 0.03993995633626795
5898 -0.001886373979549568 0.005281327908941294 0.023207906017064
5899 0.0009278863064614698 0.006035739414180166 0.02302990919517446
5900 -0.004041666666666667 -0.001587613838404105 0.1192334793415063
5901 -0.009309161547295504 0.002031987366372666 0.0937234322001623
5902 0.008134380016631044 -0.004572763913298883 0.03761216997979391
5903 0.007362847619805218 -0.006686560616022217 0.03704088050761539
5904 0.00906254487198976 -0.002730614320443397 0.08934117876421352
5905 0.005841756397810744 -0.002665878358224985 0.08986268081443081
5906 0.00826664465095343 -0.003404972987478927 0.09166714918817508
5907 0.009443746661907435 -0.001487780078495662 0.09222705786316011
5908 0.00622295818772842 -0.00142304411627725 0.09274855991337741
5909 0.0003276956893002216 -0.009716181378181627 0.0751673582548211
5910 0.00100132350103501 0.001717270860904352 0.08645402549478323
5911 0.00356629435983711 0.002773600916520597 0.08618986458465389
5912 0.003904940556808757 0.0004503745015738939 0.08493063215049972
5913 0.007567509815417695 0.00579167564305145 0.09520580259990868
5914 0.0003477362124927642 0.009659869957992583 0.1115030050408847
5915 0.0008505505670212913 0.006249122243384499 0.1124152803448578
5916 -0.0006928441342694154 0.008529537071701052 0.1131009964788825
5917 -0.001772087231243021 0.009700290613979114 0.1116887760277862
5918 -0.001269272876714494 0.00628954289937103 0.1126010513317593
5919 -0.0002286925299523139 0.007419875785662561 0.1110030598937615
5920 -0.005791751385852753 -0.00313125 0.1233962866673888
5921 -0.007019174498247325 -0.003645223033545402 0.1233962866673888
5922 -0.008129251385852753 -0.003632069389359779 0.1246769405492559
5923 0.003653952220749544 0.008321788801389757 0.04444950863443169
5924 -0.005170694493781579 0.0007640209041063584 0.0544636016842908
5925 0.001390994523022011 0.005358152816109312 0.03062810292741895
5926 -0.00179807341087104 0.00529366397897389 0.02989391280835336
5927 -0.0009391379703893283 0.003640480463998817 0.02894461163093771
5928 -0.008249933235700776 0.004091861479336878 0.09302564625349835
5929 -0.009529465589595155 0.001286136807337981 0.04654350717599798
5930 0.001015558781051633 0.00845571778040027 0.1140812870284242
5931 -0.0004779050697267825 0.008547165140928086 0.1147235727567331
5932 0.0005626752770353971 0.009677498027219617 0.1131255813187353
5933 -0.001754618271716128 -0.003412540921140695 0.04060100248175241
5934 -0.005807940102667226 0.008274131050029878 0.05814272196889252
5935 -0.002895236587142448 0.006742741153308914 0.05747833388141346
5936 -0.005213473091226757 0.005767768713815244 0.05790290845152136
5937 -0.007051003626736297 -0.007160786395679498 0.06233906390377992
5938 0.002705855767349687 0.009356661767478356 0.0475596574240635
5939 0.0001629393151250788 0.00984154554137359 0.04614396192566546
5940 -0.00520198143753283 -7.942573846260307e-05 0.06750726357750769
5941 -0.004211776179709535 0.002889934191122291 0.06886608258277931
5942 -0.003562208861686657 0.0002494853076970187 0.0698781681990697
5943 -0.002538494415018264 -0.001514656718669483 0.06870265347283994
5944 -0.003188061733041142 0.001125792164755789 0.06769056785654956
5945 -0.003616850919707413 -0.0002937665725074919 0.04159336672715987
5946 -0.002504348612473296 0.005149475252169034 0.09238902127517151
5947 0.006149647828087195 -0.003361797960009776 0.09403564699859632
5948 0.002690086070402102 -0.004903542618027217 0.03619386726751134
5949 0.002709681799667113 0.00935588291119673 0.04556575064200169
5950 0.0001667653474425048 0.009840766685091965 0.04415005514360364
5951 -0.001950209291095201 -0.008992163123240023 0.06502056727371316
5952 -0.003589952532393532 -0.008463943309173591 0.06601962274153367
5953 -0.003753455756926092 -0.008830664149607762 0.06868708583057884
5954 -0.002062348369977587 -0.00651915358767601 0.0675013993490861
5955 -0.002113712515627761 -0.009358883963674194 0.06768803036275833
5956 0.00336339811822152 -0.008965049117640261 0.1014263593232356
5957 0.005384890467729928 -0.008439326188248754 0.100959682342701
5958 -0.00579720671746865 -0.008157248853057469 0.05315984135837813
5959 -0.004055724545385149 -0.006302744101247747 0.05078843241227748
5960 -0.006403875558278194 -0.006957597576490658 0.05090850147946051
5961 -0.0079580959384562 -0.005889546416334438 0.05250028974916926
5962 -0.005609944925563153 -0.005234692941091527 0.05238022068198624
5963 0.002926817660669431 -4.652119162272836e-05 0.06315526393348335
5964 1.790880834129509e-05 -0.001678389697211621 0.0629339894325992
5965 0.007212795007909103 -0.0024518647802754 0.09782194184951476
5966 0.009626719739699988 -0.00169167944737952 0.09644132137940016
5967 0.007326749839041198 -0.001444605051026511 0.09459555567358136
5968 -0.009142845865127145 0.001941281367314838 0.05770695587490553
5969 -0.008805617163209378 0.004125872296556339 0.05704720046849984
5970 0.002470410869713341 -0.005348321985858531 0.1091692158379044
5971 -0.005859921627339571 -0.006784549382490052 0.0340670305232499
5972 -0.00585621297076426 -0.00678800502995554 0.03604955311909304
5973 -0.00693368466418608 -0.005448379809431803 0.03506219272031745
5974 -0.005830687775342422 -0.0009889981029418404 0.06969662421112335
5975 -0.004840482517519127 0.001980361826643053 0.07105544321639498
5976 0.002094267910295579 0.008872501650777419 0.04332947626583368
5977 -0.000136509949041994 0.006955216347056666 0.04413652228003444
5978 0.008086776902194377 0.003637068692710357 0.03368358426021494
5979 0.007829269172552005 0.005037845797876259 0.03192985571201491
5980 -0.002111972060331109 -0.001135823550458161 0.1133954533803235
5981 -3.746978646766502e-05 -0.009743732099702838 0.0914389322551616
5982 0.003764738506814351 0.00916397053392588 0.02786124606429064
5983 0.003523888959385458 0.006294068296527629 0.02554627758440465
5984 0.001504094288582279 0.007893260024749712 0.02778341869542145
5985 -0.005323417198438978 0.004013140739812632 0.05889794324858051
5986 -0.004442986178681874 0.00265170774752997 0.05605080838034919
5987 -0.005776018408552338 0.00313125 0.0185628200341461
5988 0.00894294420923462 -0.004746017837114692 0.1110073379147294
5989 0.00580391801734764 -0.004000684195617749 0.1123625406308598
5990 0.007279819189032961 -0.00238236247710854 0.1108570125479742
5991 -0.008796840497362105 -0.004233714803554038 0.06233643461203307
5992 -0.004950289860661572 -0.004771599680608691 0.09830491696622347
5993 -0.00753091471129077 -0.006161839315955719 0.09957121467183089
5994 -0.00575495360494573 -0.003658665780796046 0.100698483355095
5995 -0.0002136550563622424 -0.007676144186334497 0.116337889710476
5996 0.002604971613059184 -0.002240567125030042 0.06886092632355242
5997 0.005031916082301209 -0.00154687564320076 0.0678603106388135
5998 -0.005283834695154815 0.001236411487897862 0.03892746095964815
5999 -0.002110537084661571 -0.009359420267291967 0.06967834340370246
6000 -0.00765391518000603 -0.005738524275163221 0.03700285799692749
6001 0.009508766696736068 0.001748582551535859 0.06031581940318104
6002 -0.00835184923723984 -0.005447962740447718 0.1053648487943904
6003 0.000428871105995905 -0.009795499420641578 0.0378999251473983
6004 -0.0001217299207263506 -0.007928018578715775 0.03894924611167905
6005 0.0008327098369734058 -0.01005252129961686 0.04038790292542746
6006 0.003100969536226466 -0.009260929439849769 0.03812301545233476
6007 0.00255036850950421 -0.007393448597923967 0.0391723364166155
6008 -0.003978332837347158 0.002612307751744813 0.05379160877993282
6009 -0.001142385983231995 0.003980842395761984 0.1096783445807097
6010 0.005289919728530662 -0.007832567408453511 0.04441766213060327
6011 0.00668041822407889 -0.007442270696015246 0.04208861068612801
6012 -0.003933397688934888 -0.003421707414303572 0.1405786703834573
6013 -0.004298007921379013 -0.00238125 0.1382606317063258
6014 -0.004548372038833074 -0.001040457414303572 0.1396819613228686
6015 -0.001908454807462782 -0.001040457414303571 0.1395893629669105
6016 -0.00165809069000872 -0.00238125 0.1381680333503678
6017 -0.004780214880599641 0.0004671168182884686 0.05671056378675488
6018 0.007390843562340845 -0.005335478081021344 0.0493437156432775
6019 0.002246573249803235 -4.336808689942018e-19 0.1274958283969636
6020 0.004080800188056224 0.00238125 0.1268792000280698
6021 0.004080800188056224 -0.002381250000000001 0.1268792000280698
6022 0.007533750120607995 -0.004970370406260614 0.09264450596030152
6023 0.002240854313765121 3.190220172538324e-08 0.01449444018700335
6024 0.004079800977675451 -0.002381218097798275 0.0151050068788555
6025 0.007001923795573963 -0.003645223033545403 0.01856137440072837
6026 0.005774500683179391 -0.00313125 0.01856137440072837
6027 0.008112000683179391 -0.003635202735925794 0.01728072051886126
6028 0.0040810249372975 0.002381281902201726 0.01510430022543823
6029 0.001084513626349565 -0.00444184647280607 0.05533833774084641
6030 -7.841590009050048e-05 -0.001674079759781124 0.05605144495802512
6031 -0.007846303204218683 -0.004986180151464216 0.1114457060104914
6032 -0.008460170590636277 -0.003492826668271326 0.1105499534488153
6033 -0.007790907577329483 -0.005079855942304498 0.1094464013105569
6034 0.004090908422089055 0.008677814264355019 0.03794417098255054
6035 0.006890693282018349 -0.003822343745566728 0.05490360430756044
6036 0.003921362555813128 -0.00267036645819107 0.05607616651883407
6037 -0.003887706387542635 -0.001805506138879968 0.07032143669157193
6038 -0.005165980043375105 -7.462961993393279e-05 0.07149871170889721
6039 -0.00289750112971934 0.001163853790704926 0.07168025569684354
6040 -0.002503248169115672 0.003209645630251238 0.0678502365528547
6041 -0.001479533722447279 0.001445503603884736 0.06667472182662496
6042 -0.001224564975525319 0.004546288924896146 0.06534553364735396
6043 0.007095060573405797 -0.001778331899164863 0.05495489655268047
6044 0.009384327623772015 -0.0003400296449768236 0.05496531520254594
6045 -0.004940388255700845 -0.002140876905926982 0.08722103785094618
6046 -0.007003422820594374 -0.003645223033545402 0.01856280222206031
6047 -0.005775999708199803 -0.00313125 0.01856280222206031
6048 -0.008113499708199804 -0.003632069389359779 0.0172821483401932
6049 -0.008828611370513013 -0.001054975300500497 0.03366486782099419
6050 -0.007164359257203367 2.426627605056934e-05 0.0319300668493893
6051 0.004406821285225244 -0.002696913267257612 0.03039177872039463
6052 -0.006011588104058949 -0.001580630593151818 0.03222513674792322
6053 -0.008493635935176625 0.004921685067218866 0.02927491419780841
6054 -0.00846142873565931 0.005270711080746038 0.02727362850125544
6055 -0.007073447635958645 0.003384045042445816 0.02825326457938923
6056 -0.007229961736439237 0.006582549257951658 0.02786919763098611
6057 0.001297665395771891 0.007101298971228078 0.06153267747027667
6058 0.004953537571520205 -0.002288635503663094 0.07938902107591181
6059 0.006999312919350608 0.003645223033545402 0.1234411124588744
6060 0.008109389806956037 0.003632069389359781 0.1247217663407415
6061 0.005771889806956036 0.00313125 0.1234411124588744
6062 -0.006406198500733975 -0.006955449257290412 0.04892015533291087
6063 -0.007960418880911979 -0.005887398097134192 0.05051194360261963
6064 0.0009704843679467537 0.0009287035506719428 0.03125377504904684
6065 0.002265034470841083 -0.0006355182418122817 0.0971203248498862
6066 0.00201108000383321 0.004796826082840341 0.1114407279553133
6067 0.0008142321511980938 0.006683822094892327 0.1090088585753642
6068 -6.548722064661841e-05 0.004676475430545687 0.1114867749122055
6069 5.446186940312047e-05 0.002093846383709999 0.1121102139606589
6070 0.0006243701559982764 0.006591286765745512 0.02923928307735335
6071 0.001800230240612834 0.006862321885869372 0.03189583885055958
6072 -0.001388837693280217 0.006797833048733951 0.03116164873149399
6073 -0.007064773634337763 -0.001250817064028048 0.01568897697705923
6074 -0.00709548026241739 -0.007160349215924613 0.07232493534389225
6075 -0.001399657509635646 -0.0002889038023280409 0.04259423914829033
6076 0.00408078195809588 -0.002125813564605018 0.04905409806545291
6077 -0.004508555232146714 -0.0007713648647821711 0.09161675395016146
6078 -0.002100892462485018 -0.0008356336144440546 0.09134032318264476
6079 0.006598261886938498 -0.004637759793325084 0.0983746097595157
6080 -0.001873786683050947 -0.0006002882356615754 0.07050474097061379
6081 -0.003937939597815091 -0.003421707414303572 0.001412201732709419
6082 -0.004549864259363443 -0.001040458698937623 0.002316528492251696
6083 -0.004304042050789585 -0.00238125128463405 0.003728730224961116
6084 -0.00168394785533853 -0.002381253437737187 0.003828411912833244
6085 -0.001929770063912388 -0.00104046085204076 0.002416210180123825
6086 0.001099178586969631 0.001228283064846706 0.08419711681297017
6087 0.001225769467955082 -0.005145223863592579 0.1112576862611954
6088 -0.00226020473536937 0.00907545905647511 0.02627904448892953
6089 0.000554055550641667 0.009829870561713982 0.02610104766704
6090 -0.003840651878323467 -0.001363945681604582 0.08186206127203376
6091 0.009116337693277576 0.003711600653090583 0.06965879633542471
6092 0.007726597610423927 0.001171318922859816 0.06833547268127016
6093 0.001020518589780517 -0.006510374877626639 0.04028504147564008
6094 -0.0007572810726684245 -0.006911874885888517 0.04284292521677101
6095 0.001597416328502854 -0.007309479924922738 0.04348683443240353
6096 0.006013795672480623 0.007617556320188769 0.05206657290175254
6097 0.001466354580481764 0.009920234932951126 0.07640640533970681
6098 -0.004306987126940245 0.009139562292912672 0.05714299406126393
6099 0.004610348723138277 0.008527079524189777 0.09958165332030197
6100 0.005664061109904204 0.007288693704547917 0.1019540079435934
6101 0.00416333038774691 0.00890614652249189 0.1025405041450904
6102 0.003252797495150962 0.006778655844883385 0.101068861274818
6103 -0.001192151108388196 0.006375550001652583 0.1154177438455541
6104 -0.00148002639837409 0.009803925785487701 0.1161280448194315
6105 -0.001557148166700388 0.009717918683206149 0.1133113523056368
6106 -0.002271394205361801 0.007546303543930646 0.1140055233944577
6107 -0.007073675583156172 -0.001250819389359779 0.1263024836792334
6108 -0.009965638453952902 -0.0008968963652696332 0.07711288063831491
6109 -0.007048867062035584 -0.0003117222776585387 0.07532053780193175
6110 -0.002170546890097095 -0.006804787807302847 0.03804409387841481
6111 0.005160870816986877 0.008076612807343082 0.09532124416952073
6112 0.00461666845272927 0.008523800070203919 0.09758639934721546
6113 0.0002174820632901953 0.008938474394360574 0.08116405497348503
6114 -0.009830511492488356 -0.0002829727686125241 0.08660295044265008
6115 -0.00972528702083229 0.001790750008568303 0.08850310213847176
6116 -0.004436810060110393 -0.007770222077572443 0.03504820605425002
6117 -0.0059961688653953 -0.007360750935883242 0.03850594114611695
6118 -0.004576765954741433 -0.008342967983500144 0.03750459408127392
6119 0.0005512988212588732 -0.002051598526364779 0.0700475940608726
6120 0.0002852909457540821 0.0001665512687106755 0.07114985690723602
6121 -0.001312663153926939 -0.009784045292225468 0.05065718011829962
6122 0.00237028836868377 -0.002125728025409919 0.03265302320952249
6123 -0.005143574925814701 -0.001185146125719273 0.07528628406784488
6124 -0.003124710989386568 -0.0009315591875489113 0.07520894246985962
6125 -0.004141148230056658 0.001817177600502363 0.07553869411047831
6126 -0.004830123980743813 0.0006327605661528127 0.07790230162313125
6127 -0.00281126004431568 0.000886347504323174 0.07782496002514599
6128 -0.001305591292537691 0.006724242750878859 0.1091946295622657
6129 -0.002185310664382403 0.004716896086532219 0.111672545899107
6130 -0.002885905777528759 -0.00907274340446773 0.03366831000950536
6131 -0.002931787716348189 -0.009209176875937792 0.035921768536509
6132 0.003705355459454544 -0.006273454563658268 0.1033937576811465
6133 0.002089086780601145 -0.009355344570430312 0.03690134051182486
6134 0.004761185210831706 -0.008820774589638505 0.03712443081676131
6135 0.001529098081273735 -0.0004984074141163537 0.06769929001456165
6136 -0.006370125196358024 0.006877946937427416 0.05082116589720611
6137 -0.005885093387850338 0.007718634901096678 0.04861216838917884
6138 0.005900754746631671 0.000672934362822195 0.1083949857679541
6139 0.00400456875122435 0.0005548193796867209 0.1077205829775106
6140 0.002951676242281745 -0.003989349487015176 0.06147739919489978
6141 -0.004989530787193618 -0.007930510982233577 0.04792339035213594
6142 -0.003556669571890271 -0.008198319226936101 0.04577915735737291
6143 -0.005493105422945573 -0.008539622372333407 0.04532600650980737
6144 -0.003733106806643301 -0.005980012459483288 0.04379547569626827
6145 -0.005165968021946648 -0.005712204214780765 0.04593970869103128
6146 0.004932162158082241 -0.002050671001597768 0.03340105165786934
6147 -0.006240172525114132 0.002098047369963239 0.08151817725063537
6148 -0.00883262686108055 0.003795245723132847 0.08261911311387776
6149 -0.006961078092371018 0.002027585707156884 0.08405130456377283
6150 -0.005378959946176213 -0.002403873743135046 0.1192334793415063
6151 3.403464315597662e-05 0.0042090884129166 0.05225657592879041
6152 -0.0002993396207329124 -0.005339816332694324 0.07068904640399731
6153 -0.003176494639827378 -0.005409878670940364 0.07256269743267874
6154 -0.001249982666050143 -0.003863820575524507 0.07308288139854478
6155 -0.0007979131512654979 -0.002342447946575264 0.07166637727960457
6156 -0.003675068170359964 -0.002412510284821303 0.07354002830828599
6157 -0.002724425125042733 -0.003888506041991121 0.07114619331373852
6158 -0.009113761834243984 -0.003735505890836941 0.08858007425756823
6159 0.002841691493548674 0.004412887884626496 0.02917689547878596
6160 0.002644164826801455 0.00499209503752343 0.02700214196633655
6161 -0.005231507320093273 -0.00871799449648022 0.06725842055225076
6162 -0.003540399933144768 -0.006406483934548468 0.066072734070758
6163 -0.003703903157677328 -0.006773204774982639 0.06874019715980317
6164 0.005306508550668763 -0.00782142816151743 0.06127168951107288
6165 -0.001106067567408798 0.003546142544254156 0.1130847663502033
6166 0.00656428795615658 -0.00272407113635551 0.05687933815997176
6167 -0.008446733780143224 0.004988774487924972 0.03085879604469972
6168 -0.007720036437123452 0.006602762629698939 0.03345024298852131
6169 0.009548309813383195 0.002097030399759681 0.06480744215190287
6170 0.00824766865837921 0.003868832283307566 0.06386926626143211
6171 0.00930752291051801 0.003289499931905532 0.06147164488240453
6172 -0.001374029465673367 -0.00479296688377872 0.05658204684685799
6173 0.002063881625064679 0.008878615905193527 0.04135824250899409
6174 0.0003277202734683091 0.009633322566904353 0.04011189827761903
6175 0.0003581065586992088 0.009627208312488245 0.04208313203445863
6176 5.483126221470999e-05 0.006741657974452947 0.04206959917088943
6177 -0.003399736399761172 0.006932783146548412 0.02707960134211709
6178 -0.002006003266683927 0.009826000999507414 0.02794283379691864
6179 -0.0005854761137501347 0.007687194651787283 0.02690160452022756
6180 -0.008339577449101934 0.00409056836274136 0.05280374329052523
6181 -0.009531939105536354 0.002242281515102904 0.05347573619488322
6182 0.0008650531786286133 -0.003464963303195396 0.07322654175889497
6183 -0.001061458795148622 -0.005011021398611253 0.07270635779302892
6184 -0.001560032325681207 -0.002013653012492192 0.07368368866863617
6185 -0.001194952525004472 -0.006690054846111845 0.04614915725891095
6186 -0.002954951141306744 -0.009249664758961964 0.04767968807245006
6187 -0.002627813740307819 -0.006422246601409322 0.04829339025367398
6188 -0.0003721104300278003 0.009586975770067086 0.07012731882357096
6189 0.003726324603580448 -0.00524451763242006 0.04000560057386013
6190 0.005023816491196298 0.004158407214046029 0.1105843938143296
6191 0.006627864667649787 0.006905964783196732 0.1121081780608925
6192 0.006685509504182048 0.005929033550604588 0.1096027929538422
6193 0.004732657899825896 0.005141471956656115 0.107890581483328
6194 0.006336706076279384 0.007889029525806819 0.1094143657298909
6195 0.004675013063293634 0.006118403189248259 0.1103959665903783
6196 0.007802966667731557 -0.006038504478987974 0.1120040885914786
6197 0.0003005261403404061 -0.0007034977171105941 0.08071626464658135
6198 -0.00145293503726623 -0.0008406333996122948 0.08169561344145521
6199 0.006039847488275865 0.00162737542690609 0.07414176272901682
6200 0.008991250070117444 0.003401640681614962 0.07425719151949939
6201 0.003578753728190245 -0.004235730079318125 0.08521449988881469
6202 0.003719459831743478 -0.00495237831272203 0.08800696539760366
6203 -0.003266753524109921 -0.009360872124530684 0.09584414201875838
6204 0.00196309168280607 -0.009404295450535307 0.09266083589910482
6205 0.001693038228856581 -0.009776105448114912 0.09046488489616614
6206 -0.005713181497421859 -0.00749932572222892 0.09161050813500174
6207 -0.004913784020057016 -0.008837816297609834 0.09286370971601307
6208 -0.005385652465563708 -0.00554229892270095 0.09335546069437135
6209 0.007170592228391984 0.002471966904022211 0.0717924631735016
6210 0.002474265685932244 0.009248481939471503 0.03892147816663984
6211 0.002201376674678645 0.006356817347020096 0.04087917905991022
6212 -5.593585100569908e-06 -0.009664163471962754 0.06891345925769442
6213 -8.769016066759519e-06 -0.009663627168344978 0.06692314621675027
6214 -0.001316292824179107 -0.009783420486010306 0.04867157980439818
6215 0.002499082132793499 -0.009609739205426866 0.04137712129513822
6216 0.002987914824051081 -0.006919183212484473 0.04115778298792826
6217 0.00520488814659343 -0.008343881960220286 0.04109768039335827
6218 0.004767341832046559 -0.00881814734565978 0.03911223382204551
6219 0.005256174523304142 -0.006127591352717387 0.03889289551483556
6220 -0.002669638873525131 0.00935728765731119 0.06461760281197033
6221 -0.00435103939544027 0.0089535810639958 0.06561084190590932
6222 -0.002131480461489898 0.006328200449526339 0.06509739324820618
6223 0.00845719151663009 0.002571407827768867 0.0961872308729287
6224 0.009496671242977416 0.001795929280421869 0.09426556221265225
6225 0.005366203784637892 -0.00281397022808744 0.09886558677017934
6226 0.001332840440883172 -0.00352813203628931 0.05990962674576679
6227 -1.096848955418584e-05 -0.001585793076461255 0.06050110253555877
6228 -0.0007293567582892907 -0.001921278154606392 0.08680801285801143
6229 0.008637541771920772 -0.004991931341009875 0.09449150172050547
6230 0.0009704996570710301 0.00366649319654881 0.1130387193933112
6231 0.002253911671765038 0.003743297518788529 0.03149742963084091
6232 0.001328060202768994 0.007914821516640672 0.02302990919517446
6233 0.0004922386069963554 -0.003238296862958416 0.05747317195904822
6234 -0.004378029452084468 0.008585328835185245 0.04759899139489339
6235 0.008741632003982806 0.002182465581583268 0.03444485044987966
6236 0.0003665593974699415 0.004633378133857557 0.0836412569846854
6237 -0.002744203629256437 -0.00966391798584873 0.05116662196300169
6238 0.001352689086621722 0.009496054058205656 0.06913606089486518
6239 0.001347817817755843 0.009497024718868706 0.07113458753131127
6240 0.004628661121974844 -0.001926874546230144 0.03685616201743851
6241 -0.005936623829381696 -0.004313454970776712 0.04392267921227108
6242 -0.00474253389309447 -0.006129947259872896 0.04148462213594123
6243 -3.462710194839826e-05 9.099715892639672e-05 0.06178357960148696
6244 -0.005799529659924431 -0.008155100533857223 0.05117149521182851
6245 0.003513908405944443 0.00238125 0.1323067175896921
6246 0.001404801925593256 0 0.1324198189856854
6247 0.001056531916015842 0.002381250000000001 0.1312710817191104
6248 0.00382939244798675 0.00238125 0.12984927264167
6249 0.001720285967635563 0 0.1299623740376634
6250 0.004177662457564163 -8.673617379884035e-19 0.130998009908245
6251 0.003513908405944443 -0.002381250000000001 0.1323067175896921
6252 0.001056531916015842 -0.00238125 0.1312710817191104
6253 0.00382939244798675 -0.002381250000000001 0.12984927264167
6254 -0.004778218881363004 0.000945071285814623 0.06388399992616295
6255 -0.003419029417821159 0.003409036947577657 0.06271981051041421
6256 -0.002900075824683286 0.00043737035237881 0.06453682676605205
6257 0.002860948652540389 -0.004304133504470449 0.02543424077361903
6258 0.0031629733570404 -0.002412849342945955 0.02272912572520706
6259 0.002504559963145722 -0.001662849342945955 0.02438749080269281
6260 0.007708001719757189 -0.001046465197550932 0.1189844796335036
6261 0.007693669312277889 0.0005901818734202145 0.1189844796335036
6262 -8.579282745066604e-05 0.004194609461244259 0.07313450010430264
6263 -0.007106781367122027 0.005264387913656278 0.06211420937505824
6264 -0.005917951585269568 0.006519449925110252 0.06112070658446526
6265 -0.00710187843241103 0.005271336896110525 0.06012808290531305
6266 0.0003997584896950961 -0.009830151599358183 0.04568338386908398
6267 0.001159744876166807 -0.007087659885146065 0.04679306647454348
6268 0.002152737460282848 -0.009176411106366541 0.04442676236963936
6269 0.0008374299420311437 -0.01005197163913486 0.04237715182694403
6270 -0.0001555626420848976 -0.00796322041791438 0.04474345593184816
6271 0.004219143749084511 -0.003837569899361414 0.1061748709443673
6272 -0.003238086710072596 0.00954145475414149 0.04613586339338889
6273 -0.009611531140411911 0.0003357389202349599 0.09471585169733468
6274 -0.009076523993782866 0.0009861796470206131 0.07540417299093882
6275 -0.009965378889333659 -0.000889133292969927 0.07510867508440701
6276 -0.009496096853154194 -0.00134955477556862 0.1088754423826756
6277 -0.00356067121483992 -0.008196339725206019 0.04378887346330804
6278 -0.001921779848737123 -0.008731423805791578 0.04478155052267978
6279 -0.002750636309267655 -0.003242986529891797 0.05842980215114694
6280 -0.0008515703234410021 -0.001295957903130361 0.05806464774884018
6281 -0.004278680973238639 -0.001368018918364986 0.05745893249187295
6282 0.00779021600592128 0.001381923120663447 0.1140400417516879
6283 0.006303670626652068 0.003359410470562319 0.1121004515788744
6284 0.006452717033933249 0.003157851096739301 0.1150293690941935
6285 0.007219161438923293 0.00313432817205964 0.1169477529420234
6286 0.005732616059654081 0.005111815521958512 0.1150081627692098
6287 0.007070115031642113 0.003335887545882659 0.1140188354267043
6288 0.002786748725998337 -0.0002900758518205477 0.08316667793603616
6289 -1.901324384078959e-05 0.0004878327114522645 0.08243316259850661
6290 -0.009605863827707886 0.002255733268707674 0.08162208523931985
6291 -0.008979022254215163 0.004381040724524905 0.07947668638431657
6292 -0.005473271443101068 -0.004316352254145178 0.03812383627399026
6293 -0.004592696796047357 0.004739160095866439 0.1181327449466872
6294 -0.003005226055767334 0.003987022425019549 0.1192229174776722
6295 0.008615502391837664 -0.003946083687845731 0.1156471336927127
6296 0.009719631206600998 -0.001123731776680827 0.1159844796335036
6297 0.009669795106265339 -0.003178472499304834 0.1140015311336597
6298 0.0078894263128668 -0.0008743769757835787 0.1149860107671633
6299 0.006785297498103466 -0.003696728886948484 0.1146486648263724
6300 -0.001320061418153596 -0.009782769337817441 0.04668208123775693
6301 -0.0008823899658175482 -0.01000458937759411 0.04337584919561698
6302 -0.009162298645052126 -0.002122829823042329 0.1012212217008123
6303 0.008687419651570156 -0.003683128142181759 0.1171784712786968
6304 0.00979154846633349 -0.0008607762310168541 0.1175158172194877
6305 0.001682628426724266 -0.0001173308160516205 0.04751937547459875
6306 -0.009214525926568295 0.00298125621192248 0.04356624402184357
6307 -0.006362381767942545 -0.006231356209112593 0.1079066941860656
6308 -0.006690317605812343 -0.00641868974998663 0.1101864298885504
6309 0.006567937339398592 0.007062963024427393 0.09439215936231465
6310 0.006023734975140985 0.007510150287288232 0.09665731454000938
6311 -0.007242724829391618 0.005178061950315988 0.08009738987324823
6312 -0.00801987058950011 0.003632957898989663 0.08109280892492433
6313 0.009234347537311623 -0.003024841771823777 0.02906990358437075
6314 0.009719493936972953 -0.002304135879621611 0.0260156765767178
6315 -0.00140395578805438 0.009259793360316543 0.09704940927031325
6316 0.003602626883551114 -0.004632782274591988 0.07173495177189111
6317 0.001069613187191046 0.002381237182898869 0.01071771869987677
6318 0.001425713528315469 -6.893896474773759e-08 0.009566632622213623
6319 0.003520959822947662 0.002381193878136384 0.009662576469344122
6320 0.003823284054676741 0.002381281902201726 0.01212348063519624
6321 0.004179384395801164 -2.421966189105132e-08 0.0109723945575331
6322 0.001728037760044547 1.908510059408022e-08 0.01202753678806574
6323 0.003520868704972039 -0.002381306121863617 0.009662780457804184
6324 0.001069522069215423 -0.002381262817101131 0.01071792268833683
6325 0.003823192936701118 -0.002381218097798275 0.0121236846236563
6326 0.004508328559518269 0.0004611463196162321 0.09621011271507648
6327 0.008559803754298673 -0.004684325391044916 0.08999963246490653
6328 0.006134915501155987 -0.003945230761790973 0.08819516409116226
6329 0.005339015280119657 -0.004619589428826504 0.09052113451512382
6330 0.0001704635582786222 0.001504127120634614 0.05256726898792941
6331 -0.001938057301420118 0.009603402390964105 0.07639688990073285
6332 0.00872844877647783 0.001495195919658928 0.06270285616344318
6333 0.005329306505795573 0.0002649664670404995 0.04528949556933476
6334 -0.005149478738367347 -0.007879568694663252 0.1109566237795515
6335 -0.006690321685199157 -0.006418686041426567 0.1118684656129583
6336 -0.003152137196104945 -0.004764804798045604 0.1174338105648661
6337 -0.005677926969008924 -0.00238125 0.1264181164647551
6338 0.007683367656341589 -0.005537375683291088 0.08421003332652321
6339 0.00832681487758591 -0.004300312846093472 0.08634404513461919
6340 -0.007830772694262713 0.004736085550170238 0.06487373079593672
6341 -0.007031829869001106 0.006833915909122891 0.065602995227551
6342 -0.007029160169633427 0.006837708513929378 0.06360974436686435
6343 -0.005049936230926423 0.00466264610872181 0.06523119153214493
6344 -0.00549623499794684 0.007979120109135969 0.08692914468325103
6345 -0.004807228787080394 0.004952168289739442 0.08735968612883233
6346 -0.002981433575716351 0.006716102850768473 0.08606040156208272
6347 -0.004169688294118618 0.006587568405234438 0.06613067015234095
6348 0.001769395468291728 -0.002080204677752529 0.08121484433340573
6349 -0.00802172952957567 0.005666849763988407 0.05804989103443323
6350 -0.008822794228995633 0.004803809657445919 0.06111237995532529
6351 -0.0002651622572897467 -0.0001555191386375301 0.06655121212520461
6352 -0.001220121269210449 0.001599423280698297 0.06433997619994775
6353 0.006678704122592668 -0.007540787769282297 0.09000054473374283
6354 0.00402497630789299 -0.006401356897578302 0.09151320021015202
6355 0.001309921998046403 -0.007760794964809681 0.08742217670578899
6356 0.003330892508203897 -0.009326246664374632 0.08747458030478586
6357 0.003754922853943501 -0.006773166895157907 0.08931724920721333
6358 -0.008135998214555948 -0.005824029193440736 0.06333709079648962
6359 -0.004731770704792974 0.005881602787214453 0.03362686131303969
6360 0.005607322832811847 -0.003952212283247224 0.02877501863278272
6361 0.004645409883233404 -0.002641284161524494 0.02714529851062523
6362 0.005634809420077456 -0.007366211876663262 0.07569388349398129
6363 0.006643855708019052 -0.007333772369854091 0.07372829498235711
6364 -0.001636251189356617 0.005099528040454307 0.08481703482227171
6365 0.003346029516377329 0.002930326512771636 0.09636413406626723
6366 0.009570584799320051 0.002505654897343491 0.1130555621181844
6367 0.009719631206601232 0.002304095523520472 0.1159844796335036
6368 0.008999530232322063 0.004258059948739684 0.1159632733085199
6369 -0.002414087683000688 0.003723512821714474 0.05310842461652171
6370 -0.006298969222700544 0.006890618499729825 0.09303175924631681
6371 -0.005312595444596777 0.008640117404194386 0.09316613110604191
6372 -0.005653174364464078 -0.002292933776394077 0.04012699199667741
6373 -0.006690977747453748 -0.002997616710842945 0.04259183843556504
6374 -0.005496887811166522 -0.004814108999939129 0.04015378135923518
6375 -0.005653273342537566 -0.002381247674668269 0.01553243308098665
6376 -0.005497107065895221 -0.008537642870603325 0.04333572261574249
6377 0.001523679610162993 -0.002956690227709583 0.07723544123481328
6378 0.001842424738185964 -0.004279666835263703 0.08013791105725923
6379 -0.004143020744961845 0.002880734584091616 0.0654793319312927
6380 -0.001252823176907796 -0.009608960657270075 0.03267094920450372
6381 -0.001298705115727226 -0.009745394128740138 0.03492440773150736
6382 0.007652004916974306 0.004733169455292963 0.1086146059072227
6383 0.007594360080442044 0.005710100687885107 0.111119991014273
6384 -0.007622702324384461 0.005829606827822157 0.1146503134315032
6385 0.005723109673428565 0.004293959471459949 0.03324949985009987
6386 0.008084130297290677 0.005593147196068668 0.03479711175875558
6387 0.00823308582733202 0.004281582873419344 0.11404488946069
6388 -0.00516565263515798 -0.00128045366612906 0.07962833141215978
6389 0.007180608882087441 -0.0001260623806615143 0.1099110435324989
6390 0.00636131546318433 0.002382479237970175 0.1095950664718241
6391 0.004886099346261524 0.001898839765245559 0.1115876456200677
6392 -0.009003848365527966 0.0006610899442513161 0.03267288903727168
6393 0.008929692562695889 -4.572146071074513e-05 0.06354703068421969
6394 0.009776369436938258 -0.001519194874029084 0.06499456249409841
6395 0.009776369436938258 -0.001519194874029084 0.06299456249409841
6396 0.006706061999634147 -0.001564916334739826 0.06354159317831802
6397 -0.004443779271621427 -0.007766754965714426 0.03328239389606004
6398 -0.002892874989039793 -0.009069276292609712 0.03190249785131538
6399 0.006287270112693873 -0.000669126503679513 0.0965172243338578
6400 0.00634327757423045 0.0007917412472432328 0.1126156094107606
6401 8.573391255610062e-05 -0.008699552864363733 0.02746604308675061
6402 -0.0008078859854569436 -0.00643690209956755 0.02973127151649795
6403 0.000459815123948053 -0.009660780521596555 0.02968912284989526
6404 0.002233454354240391 -0.009586850121591719 0.02863906543989286
6405 0.001339834456227347 -0.007324199356795535 0.03090429386964021
6406 0.0009657532448353943 -0.006362971699562714 0.02868121410649556
6407 -0.004745972905925098 0.008674112887663942 0.0431649503441844
6408 -0.002926537962384454 0.006159250263021243 0.04416375231895125
6409 -0.004745176542479256 0.008674740417315974 0.04516647669516577
6410 0.004482381774295817 0.008912300716273079 0.05947808133514283
6411 0.005874229742261769 0.007892112601250771 0.06047847505769841
6412 0.002673237612518439 0.007641948549438339 0.05948344904510505
6413 -0.01014968216468004 -0.0001271451552532247 0.03070867691269984
6414 0.0106839363125708 0.002206591420263795 0.02246866241401627
6415 0.008831512989811517 0.000165411086306995 0.02301567657671779
6416 0.007869626316667747 -0.006108708494669771 0.04093785960809519
6417 -0.008827697163706631 0.004796860674991672 0.06309850642507048
6418 -0.006124481897858943 0.003150100633270144 0.06196043216947257
6419 0.006935391086216418 0.006404923467339233 0.1028526529469779
6420 0.005881678699450492 0.007643309286981093 0.1004802983236865
6421 -0.006363601729400759 -0.006230246840091341 0.1061316112077187
6422 -0.005446367075139678 -0.007915929598980641 0.1047396115786872
6423 -0.005445147113681464 -0.007917038968001895 0.1065146945570341
6424 0.007970249267240145 0.005175326917633349 0.1038679979960327
6425 0.007607359629067334 0.004804656304711514 0.1064801425013662
6426 0.007258556201164669 0.006764652279913744 0.1062917152774148
6427 0.005095547537998706 0.00551214256957795 0.1052784369779945
6428 0.007147113638224515 -0.005921228355129813 0.02770511287105335
6429 0.008508485880036384 -0.004590872315328049 0.03006990140701213
6430 0.008993632279697714 -0.003870166423125884 0.02701567439935917
6431 0.003555626882019538 0.001780822984244112 0.06244762654569853
6432 0.00308059399969017 0.009350540797743181 0.07940498253072922
6433 0.001459541725311025 0.009921584456711874 0.07840570067794517
6434 -0.003388231790267442 0.002773018269458976 0.07822512672436645
6435 -0.002487172623435429 -0.009851232073972276 0.1151946688242248
6436 -0.007073675583156172 0.001343173447875453 0.1262391775909779
6437 -0.007073675583156172 0.00111386174980692 0.1277557080322556
6438 0.001058356534713656 0.005979560419501227 0.1155856647143546
6439 -0.001872671300638364 0.007709923008767492 0.04289017804865938
6440 -0.004939329870790155 -0.002769134015802246 0.09272858354047814
6441 0.004725593818581512 0.008679063682358407 0.06871439779629193
6442 -0.003958580823979646 0.00174939533844809 0.04147187208908114
6443 -0.002307292757454756 0.001205058808137529 0.0401713469069742
6444 -0.002137775346348951 0.003850682614360714 0.04206987829799116
6445 -0.00346302921752412 0.003337698763810486 0.03952546716855818
6446 -0.003344501283443746 -0.004662245929460703 0.1008592432298734
6447 -0.002521281331920345 -0.009469505297008554 0.04238317213624523
6448 -0.001766708159119595 -0.007061809686278125 0.04053207165644397
6449 -0.004570098301291089 -0.008346274525595627 0.041478019902981
6450 -0.002693716923723726 -0.007253178031285824 0.04238977436920546
6451 0.008630792315758723 0.004873459118390235 0.05847311045192129
6452 0.01068393631257059 -0.002206591420264628 0.1195313375859842
6453 0.009560287772888219 -0.003087605175408215 0.1195313375859842
6454 0.008831650259439558 -0.0001654514424073449 0.1189844796335036
6455 -7.622082164630102e-05 0.002025625166678035 0.02981393833435968
6456 0.008646522810846338 0.004816332295705395 0.05622206091064288
6457 0.005568148952613776 0.008316424253782269 0.08153377809390855
6458 -0.003115609341213327 -0.002719328510499105 0.1143436821953291
6459 -0.0002264176724237768 -0.003855152060957266 0.1136008584973567
6460 0.003486296120756015 0.005280465555564957 0.1094481488070697
6461 -0.001228056862437447 -0.001973437388862266 0.1150597941826819
6462 -0.0003997591249535234 0.01009174953809168 0.09865574774563099
6463 -0.005840330387780967 0.008092770525383351 0.06261624157627138
6464 -0.004325944903785737 0.00519094847220785 0.06247167011126643
6465 0.001104924305360071 -0.008845907391273677 0.08209692407909525
6466 0.003814389651045203 -0.008734178672658553 0.04342673183783353
6467 -0.002347143948745944 0.002644804887977318 0.07334916985841718
6468 -0.001945116812762584 -0.001317572066957017 0.06674806269130891
6469 -0.00460860383527715 0.0001176589132498628 0.06555267279597665
6470 -0.0056532920428901 0.002381252325331731 0.01553245089307244
6471 -0.001538396103421997 0.004610540244396661 0.08256012614045866
6472 0.005608536184898653 0.0001249394334447336 0.05470247736047984
6473 0.008635104921201644 -0.004995628277751232 0.09648704340027797
6474 0.0006669172732738308 0.00977192126510402 0.03470747187871811
6475 0.003564113004954971 0.008280230790247086 0.08117665383731223
6476 0.00811267656774781 0.003492500627668575 0.01582813994589053
6477 0.007003354313765121 0.0011112825298703 0.01398277112680335
6478 0.003288778289033577 -0.005718783017859554 0.03802015400254737
6479 0.002759447577753358 -0.008394837129845789 0.08111461020989712
6480 -0.001173856903239539 0.006667349948321874 0.05869168142980282
6481 -0.004293621994062117 0.005372255845937362 0.05998110032240117
6482 -0.002462298202946985 0.007051492614952934 0.06019941307373138
6483 -0.009042222483758789 -0.004550636911516066 0.05151207492065862
6484 0.001943060730575826 0.008851274449215778 0.08017737198452818
6485 -0.002494621112670607 0.006870185241223421 0.06268998286259665
6486 0.008710217486481415 -0.003467352201373912 0.04924565100965089
6487 -0.0005241853213610859 0.008920134450436906 0.09053411847005874
6488 -0.004985977516626152 -0.007932265581654522 0.04991259328577971
6489 -0.002951397870739278 -0.009251419358382907 0.04966889100609384
6490 -0.008201876494106669 0.00592614477585123 0.07848126733264046
6491 -0.0003669991394430851 -0.009601935705312602 0.06321142780560528
6492 -0.00250425949988818 -0.009779220729832103 0.06314046075209
6493 -0.0008696852025858904 -0.007549262935906497 0.06114469027030989
6494 -0.002452895354238006 -0.006939490353833918 0.06295382973841777
6495 -0.008113518408552338 0.003495111749806921 0.01582894179925684
6496 0.008948049631941124 0.004032592931266414 0.04890293066893817
6497 0.007303201489071641 0.006693165430495193 0.1084261786832714
6498 -0.0008074029918330161 0.00313125 0.1235194262543589
6499 9.303415003172888e-07 0.00238125 0.125744972171211
6500 -0.002397364018022265 0.008549731740202526 0.1071572778571251
6501 -0.004545617005188301 0.008737060070650404 0.1067473427565834
6502 0.005744006942332814 -0.007664611652288928 0.05258434229769612
6503 0.006238084869989292 -0.006617995062827712 0.05034440497330804
6504 0.00755040814209797 -0.006048822226639641 0.05212488730360121
6505 -0.006848473224999627 0.002621798269784103 0.06471995359035106
6506 -0.006046860700370342 0.004723421233543244 0.06345596716127869
6507 0.001105798511065998 -0.009891945585011417 0.08410426407718931
6508 0.008931859052430076 0.003934172711809254 0.1101306636717674
6509 -0.0007299389027043487 0.008964159130980122 0.1081548662437905
6510 0.008109389806956037 -0.00349511174980692 0.1261749906937636
6511 0.007009073249803235 -0.00111386174980692 0.1280041607150007
6512 -0.003597471288114317 -0.003047437041289184 0.1192334793415063
6513 -0.002334507493967951 0.009257351938991963 0.08892856292247914
6514 -0.001708144980133796 0.00623277041629131 0.0902697722427295
6515 -0.002144337348203684 0.009923555679334249 0.09118218381464627
6516 -0.003328297006976394 0.007236191645188651 0.09091783758731703
6517 -0.002828844806474304 0.004709633104856649 0.04019930423040357
6518 -0.003452935536799716 -0.00238125 0.1370262602143682
6519 -0.000813018305429424 -0.00238125 0.1369336618584102
6520 -0.003452935536799716 0.00238125 0.1370262602143682
6521 -0.003587879336112015 0.00238125 0.1355416518529286
6522 -0.0009479621047417233 0.00238125 0.1354490534969706
6523 -0.000813018305429424 0.00238125 0.1369336618584102
6524 0.00799282593465412 -0.006230392926416122 0.1029470908985883
6525 -0.002233341339381274 0.004330642162061355 0.04489180494871978
6526 -0.003447333508601607 0.002351857233715693 0.04349189811817683
6527 -0.009880857475153479 -0.001249626939821383 0.0515155887716647
6528 0.00130623215755799 -0.009939934091285331 0.02629019474592356
6529 0.002186251489837283 -0.007603352926484312 0.02750536576566852
6530 3.853104815299295e-05 -0.006716055669256327 0.02633234341252626
6531 0.008616933520523277 0.004112186473549125 0.04381977419100307
6532 0.006473979179395998 0.003630512875290043 0.04198309355262071
6533 0.002593580595609519 -0.004665221781401159 0.07370054028351529
6534 0.002897766272813005 -0.001797469758202476 0.07515508213806932
6535 0.00183146142119381 -0.004336426847318086 0.07571785167254688
6536 -0.0006078260903608817 -0.009856704586041213 0.08709876416487038
6537 0.005861345808655948 -0.00427793123249564 0.02370511504841197
6538 0.007707864450129148 -0.002226869300491711 0.02301567657671779
6539 -0.003440288699172673 0.00928578543097276 0.1091514791755224
6540 -0.001772863583854756 0.009700212821750357 0.1101490675621878
6541 -0.003470510637119558 0.008993940845840589 0.08532484169653945
6542 -0.001840905633976614 0.009320683617296981 0.08744380119120407
6543 -0.002935750312586953 -0.008880570299116505 0.04047983757323081
6544 -0.0008869333432162086 -0.01000380107052943 0.04138498980649506
6545 -0.003043111961524296 0.00932933162432077 0.04207773392478384
6546 -0.003234453172781 0.00954288999692449 0.04414465703392885
6547 -0.004379308675816608 -0.009131916858221333 0.05216393316469735
6548 -0.0001678689138006973 0.009730209656370462 0.08844370728407658
6549 -0.001351828572573408 0.007042845622224864 0.08817936105674734
6550 -0.004770132044647431 -0.004383424832434271 0.03263506894550861
6551 -0.004131913258530115 -0.003093090646525856 0.03032080522432365
6552 0.001710425277305255 -0.004884776777151159 0.1139638733282918
6553 0.001595293518549548 -0.002198427326957645 0.1150591869730088
6554 -0.003036521128349965 -0.009149932230441119 0.07317947126989263
6555 -0.001391016132890089 -0.009677955218202078 0.07417222817571754
6556 -0.002104319546995368 -0.009360465281836086 0.07167222229633338
6557 -0.003749824542455244 -0.008832442294075125 0.07067946539050847
6558 -0.001512548180404869 -0.007203364364476173 0.07266886831751543
6559 -0.0002441539881370855 0.002381250000000001 0.1315763557211273
6560 0.002213222501791515 0.00238125 0.1326119915917089
6561 -0.0002441539881370855 -0.00238125 0.1315763557211273
6562 0.002213222501791515 -0.002381250000000001 0.1326119915917089
6563 -0.004007544214143868 0.008847825899918484 0.08792865682960663
6564 0.007696116532641242 0.005538243387601676 0.1125712089952871
6565 0.009033615504629274 0.003762315411525823 0.1115818816527815
6566 -0.0003765027817193315 -0.009600320142495591 0.0592368912551775
6567 -0.001564501702803238 -0.00931954327761207 0.05682180804350599
6568 -0.002513763142164427 -0.009777605167015091 0.05916592420166222
6569 0.004017551578163232 0.004683923004750356 0.0318334512519922
6570 0.006846021941388067 0.006238802411740357 0.03117392521719996
6571 0.005395324970861404 0.007184067343223173 0.03262513266583295
6572 0.007100883066126737 0.006794103809932766 0.03404118126394062
6573 -0.001462620883232815 -0.003256816429583172 0.06986428978183072
6574 -0.003389132857010049 -0.004802874524999028 0.06934410581596467
6575 -0.003959036517254272 -0.002522789970175409 0.06656475841226703
6576 0.00038860980422922 -0.001135823550458161 0.114376810913527
6577 -0.00250058186456033 0 0.1151196346114994
6578 -0.003071560550763661 0.009651449054437622 0.02643885498917461
6579 0.002234372151730668 0.005323923496656487 0.09963397879601577
6580 -0.00272136193519041 0.009457729372947135 0.03470243708046307
6581 -0.003322095275497037 0.007017188858594163 0.0347000040312289
6582 -0.008183900945298266 -0.005823267046810592 0.07332443603601677
6583 -0.007342791182789998 0.0017480329760139 0.0920731310852336
6584 0.002533682843541179 0.009471340237410253 0.1035876983906779
6585 0.001315771914115956 0.01001278952109755 0.1016465060160688
6586 -0.009246913695271945 0.00376187934217847 0.1013015582748458
6587 -0.006423896575770653 -0.005005477344946828 0.04201148407199667
6588 0.0009928395502208326 0.00888783997671428 0.1071627189261498
6589 0.002527062435794271 0.009472606868252718 0.1055763608540188
6590 -0.0002313069707753173 0.002381237182898869 0.01040445807445902
6591 0.002220039664981299 0.002381193878136384 0.00934931584392637
6592 -0.0002312030677821591 -0.002381262817101131 0.01040455701625186
6593 0.002220143567974457 -0.002381306121863617 0.009349414785719212
6594 0.009384327623772015 -0.0003400296449768236 0.05696531520254593
6595 0.009524497191823682 0.001691455728851019 0.05606476986190263
6596 -0.008713868407548564 -0.003728856967372221 0.0632696393657762
6597 -0.004417623624275228 0.0005227250835312201 0.08226222797125421
6598 -0.003723263379122369 -0.001133281674672002 0.08499563385946969
6599 -0.005545812279961273 0.0004420406117600171 0.08425158313885084
6600 -0.003959819041753498 0.001819265242042006 0.08372230682445533
6601 0.007700694941317034 0.005229428405775322 0.06286793837288078
6602 0.008760549193455834 0.004650096054373288 0.0604703169938532
6603 -0.001630727433505816 -0.008647061599832494 0.02846345716289249
6604 -0.001256646222113863 -0.009608289257065316 0.03068653692603714
6605 -0.007993223869319725 -0.006225028437287564 0.04533247339794699
6606 -0.006991934325198807 0.007025964870113138 0.05913304810825389
6607 -0.005808007478057346 0.008274077899112863 0.06012567178740612
6608 -0.0032522420047374 0.003574597852305626 0.1016942194661347
6609 -0.001559105919351375 0.009938543008383554 0.04515454924946474
6610 0.008329492011814514 -0.004296252121232037 0.08834624385815074
6611 0.007826750894123427 -0.006249963191833557 0.08900469755884374
6612 0.00960891899945384 0.002534110533245551 0.03664076257155204
6613 -0.008769474654377399 0.002687037409765732 0.07441205266101433
6614 -0.009243949286722449 0.002276181286601828 0.07204098442100687
6615 -0.009550998626127917 0.0005753235238567095 0.07303310475093136
6616 -0.006634486798829842 0.001152734539168098 0.0732449674684561
6617 0.004187317864913931 -0.005981123264437688 0.1157846921798289
6618 0.003254112196067116 -0.003367993588202852 0.1144734485338882
6619 -0.0007878503576919972 -0.009820444831088522 0.06015151432498801
6620 0.005626946482437089 -0.007115554767837555 0.03231201675003122
6621 0.007300672134001786 -0.005940794920314182 0.0312544825976766
6622 0.00537306143994977 -0.008255001276986801 0.03061169724312476
6623 0.0050410843805717 -0.00493606260011808 0.03049702181418966
6624 0.003367358729007003 -0.006110822447641454 0.03155455596654427
6625 -0.0008074029918330161 -0.00313125 0.1235194262543589
6626 9.303415003172888e-07 -0.00238125 0.125744972171211
6627 0.004734203000469144 -0.0009469081267993924 0.08713363908225391
6628 -0.0007887282409021816 -0.009820550223737675 0.0621376971321688
6629 0.001078051587150481 0.003472262398664669 0.02884087385763467
6630 0.004222200949434565 -0.002998667242120511 0.08734851169691066
6631 -0.008129251385852753 0.003724423447875453 0.1246136344610004
6632 -0.008129251385852753 0.003495111749806921 0.1261301649022781
6633 -0.005677926969008924 0.00238125 0.1264181164647551
6634 -0.001910034475380839 -0.003532821703222691 0.06086625693786551
6635 -0.001662045747131542 -0.002840442625531108 0.0631308399987035
6636 0.0001392827656361025 -0.00238125 0.1298910970656947
6637 0.0001392827656361025 0.002381250000000001 0.1298910970656947
6638 0.001554542463948973 0.009647170445985894 0.08944510181676876
6639 -0.002939849220092361 -0.008879856023746031 0.03849249146933584
6640 -0.0008910322507216166 -0.01000308679515896 0.03939764370260008
6641 0.009942563885873078 0.0005991211012454265 0.1052359605652687
6642 0.005434660364059124 0.008022376285283208 0.1034391491484749
6643 0.005590354996944512 -0.002381218097798275 0.01527802376242098
6644 -0.007016728074851148 0.007185023932118133 0.07748774156335493
6645 -0.002510449536005978 -0.009778170244384992 0.06114835257910722
6646 0.0004678323751338262 0.01000459599648241 0.05730205544089228
6647 0.0006346536977024719 0.007516750988176154 0.05936353219694912
6648 -0.0009077398416127215 0.00946394641827215 0.05935128386606391
6649 -0.002629119525515631 0.009539337623259193 0.05813793631767454
6650 -0.001086725986200437 0.007592142193163195 0.05815018464855976
6651 -0.004573464820973101 -0.008344606329810971 0.03949265414250817
6652 0.00937043630226621 -0.003426533922228188 0.09351414494837904
6653 -0.003454883592077853 -0.00238125128463405 0.004952808266481709
6654 -0.0008347893966267985 -0.002381253437737187 0.005052489954353838
6655 -0.003454883592077852 0.00238124871536595 0.004952808266481709
6656 -0.0008347893966267968 0.002381246562262813 0.005052489954353838
6657 -0.005149474658980533 -0.007879572403223315 0.1092745880551437
6658 0.006586534769302016 0.00687550004597302 0.02689431322210981
6659 0.005037228513492017 0.008272495963439241 0.02640785402805408
6660 -0.0008068911824687141 -0.00313125 0.01847348943009169
6661 1.442150864619236e-06 -0.00238125 0.01625128025540244
6662 -0.001340678225808184 0.009155194956628133 0.05663020467374598
6663 -0.0008067006509713413 0.00313125 0.01847332095815849
6664 1.632682361991998e-06 0.00238125 0.01625111178346923
6665 -0.007584919837777213 0.006280317194819654 0.02645071079344462
6666 0.009068828309421666 -0.002709673495701263 0.08726835519523465
6667 0.004801452593071269 -0.008415012832047711 0.09046417614910089
6668 -0.00326277280815404 0.004805656880604245 0.06637881055148873
6669 0.001601468723911819 0.002643045343873171 0.04017098528935396
6670 -0.000465744534693752 0.001986984128982739 0.03904431717834579
6671 0.001062636727861074 0.005016514732674112 0.0396058839167201
6672 0.009274497191823725 0.003405369378951138 0.05506476986190263
6673 0.008703166834449523 -0.004766305244833273 0.05112419797357066
6674 -0.001177556739949414 0.004165296574546088 0.03889877904829663
6675 -0.003011064270753374 0.0008854677812753001 0.09183366318478087
6676 -0.002119848450718007 -0.003342012496159124 0.0679597840359932
6677 -0.0009565671882181052 -0.005425012399270276 0.0687845406581598
6678 0.0009699447855591297 -0.00387895430385442 0.06930472462402584
6679 0.005593463056759271 0.00238125 0.1267113949389858
6680 -0.0003731891755608828 -0.009600885219865492 0.0612193196326225
6681 0.003903830873011201 -0.009147013652689689 0.03160995808130092
6682 -0.008741928976027736 0.003559030113049528 0.08562006893855983
6683 -0.009607016646978625 0.002252267145573894 0.08361621793981791
6684 0.00291214329760701 0.00238125 0.1284692879882543
6685 0.00291214329760701 -0.002381250000000001 0.1284692879882543
6686 -0.004649023397067572 -0.009097624164266524 0.03083492656068004
6687 -0.00218995318209277 -0.007426477628457181 0.03088677998900726
6688 -0.003740857464674404 -0.006123956301561895 0.03226667603375191
6689 0.007989735406554063 -0.006235113093146477 0.1009496269533996
6690 -0.001024048967146167 -0.00238125 0.01511592451042122
6691 -0.00332632260148393 -0.002381247674668269 0.01430776454403682
6692 -0.001023998089159799 0.00238125 0.01511579800755781
6693 -0.003326271723497562 0.002381252325331731 0.01430763804117341
6694 0.009527126847369005 -0.003230565437751573 0.06400041788475856
6695 0.006707261968852249 -0.003830954394744623 0.06314620550566265
6696 -0.001031835574894456 -0.00238125 0.1268731802968226
6697 -0.003343011158050627 -0.00238125 0.1276694641773368
6698 -0.001031835574894456 0.00238125 0.1268731802968226
6699 -0.003343011158050627 0.00238125 0.1276694641773368
6700 -0.008349571044808799 -0.005451733565167731 0.1013518641703628
6701 -0.005611761053620989 -0.005404443072148107 0.1018284915624006
6702 0.002872787755622642 -0.003856164470799582 0.04867720625129387
6703 0.002087503434113851 -0.009699896172674059 0.1151230554278249
6704 0.001602847624763677 -0.009960343259115479 0.1124168683607285
6705 -0.009836117808140813 0.001186559568649774 0.06825009266070783
6706 -0.007702664364234885 -0.0003523192767941594 0.06907562169201645
6707 -0.007073958026425292 0.0005572530876850779 0.06688626105840079
6708 -0.005181211415457665 0.007680319588822138 0.07679708050206212
6709 -0.004736965956942978 0.005466733308019719 0.0770659947937315
6710 -0.009055416758077913 0.001281163873565207 0.1012273752124492
6711 0.006784061436049234 0.006296292893076086 0.02906906673455923
6712 0.008462560937631286 0.005514720462922017 0.114489592843117
6713 0.00829073066386393 0.003304651640828374 0.1075395043536397
6714 0.009009192851076132 0.00381303941523 0.1051765987129952
6715 0.006483294549737359 0.00218985909197237 0.1067754649189084
6716 0.009692563885872731 0.00231303475134686 0.1062359605652687
6717 0.008738985399079104 0.004138544084941579 0.03555837794842029
6718 0.005216043677396951 0.007909105489883396 0.1125322015436324
6719 0.006203870437122835 0.007274659969809226 0.1139565468758102
6720 0.003886329274649033 0.008761602007519053 0.1145663409058692
6721 0.004874156034374916 0.008127156487444883 0.115990686238047
6722 0.005440078299893947 0.001818180124355278 0.04111099035442805
6723 0.002156485709209765 -0.009175971919970664 0.04641843755905641
6724 0.0004035067386220131 -0.009829712412962306 0.04767505905850103
6725 0.008930822502021625 -0.004095059990938913 0.05791920053786484
6726 0.000153093615376552 -0.002381262817101131 0.01209788234091711
6727 0.0001532632927296123 0.002381237182898869 0.01209763137344134
6728 -0.007094440332758743 -0.006374887111914527 0.0319879560996266
6729 -0.006065165752785716 -0.008115418581042149 0.0316195631878699
6730 -0.004975376170093576 -0.00571429403098637 0.03018760161012861
6731 0.00870936486185396 0.004497529449295652 0.08582692210853962
6732 0.007820257261357337 0.006263456030060031 0.0835726173599694
6733 2.083773601572027e-05 0.007933419120113661 0.0322347914496832
6734 -0.001294870981699117 -0.009746064916183681 0.03690966592457092
6735 0.008776951424776244 -0.004834942117549056 0.06510334122656333
6736 0.001094858570991456 0.006389090954989651 0.02651568277228081
6737 0.00639463120660123 0.001340181873420214 0.1189844796335036
6738 -0.00691765720305898 0.008016412610738322 0.1190906790972326
6739 -0.005602209114803985 0.008859987534769291 0.1190906790972326
6740 -0.004911833824075312 0.006379830482506912 0.1181327449466872
6741 -0.00591415963992808 0.007538830838225105 0.1162234240439197
6742 -0.006227281912330306 0.005536255558475945 0.1181327449466872
6743 -0.003453844279703727 0.006911571081326735 0.108784694461724
6744 -0.00952931626956325 0.001289883415568525 0.04455657512150973
6745 -0.009350698536338804 -0.0004232640304511791 0.04554855931068048
6746 -0.0001059287462263196 -0.002136794592940732 0.06814308831503507
6747 -0.007252479227180914 -0.006785687179108599 0.104329794394037
6748 -0.004624305235097782 -0.005824579741232162 0.1040189582455827
6749 0.002448723560045335 0.008700346650248518 0.03238397224828664
6750 0.001682099193021601 0.009933480599884716 0.03099515239822104
6751 0.00167968541084721 0.009933957980495931 0.03297969942952889
6752 -0.004680724609010384 0.001748803579235651 0.08625543413759278
6753 0.006603872904993854 -0.003868817108715837 0.1186471336927127
6754 -0.004486575102701892 -0.006613597932077173 0.06225657001458963
6755 0.001600107514322291 -0.009960695178730501 0.1104580883509281
6756 -0.009294439006890406 -0.003808068979422392 0.06724136174511297
6757 -0.007182945350996086 -0.003466531204223074 0.06936921469072901
6758 -0.008181017060591616 -0.005828083214052954 0.06933323228025771
6759 -0.007737232718665222 -0.006415078055553684 0.06725845560805838
6760 -0.005625739062770902 -0.006073540280354367 0.06938630855367443
6761 -0.006739161009069693 -0.004053526045723805 0.06729443801852969
6762 -0.00600813898551597 -0.0001423245590949498 0.04054893555190174
6763 -0.000262375651701207 0.01000912842294832 0.07739936894936199
6764 0.002906764482862247 -0.002381218097798275 0.01350364427623658
6765 0.002906934160215307 0.002381281902201726 0.01350339330876081
6766 -0.00955667450235783 -0.0004280885871125971 0.06128266835374631
6767 -0.009454564837898392 0.0002467990132868177 0.05870004247352344
6768 -0.00991840083540059 0.001568349835985831 0.06110277598800981
6769 -0.007483671361400787 0.00068613497150711 0.06312462158522131
6770 -0.003462046400720661 0.003335593479425277 0.08611631938902131
6771 -0.002741140833463775 0.003406055142231632 0.08358319207588387
6772 -0.002046780588310916 0.001750048384028409 0.08631659796409935
6773 0.003333834051142804 -0.009324966988193465 0.08946670793005804
6774 0.005211085580664202 -0.008450741925428051 0.08900307651469996
6775 0.00734628727709829 0.006654190539310073 0.05114797528683339
6776 -0.008830366863074311 0.004793068070185185 0.06509175728575714
6777 -0.005525044087186496 -0.00748676736901704 0.0880691116274977
6778 -0.004099727233071681 -0.008454870998078387 0.08706937373317303
6779 -0.005407095726695574 0.002519431331288615 0.07830246832235171
6780 -0.00566320077916237 0.0002113766048274372 0.0811180105514149
6781 -0.004077207540954596 0.001588601235109426 0.0805887342370194
6782 0.007979927328740168 -0.006250029176317279 0.0989790104009934
6783 -0.005593628153443906 -0.008346620413623652 0.1162651632915369
6784 -0.00664311991430478 -0.00644487660250947 0.05395985208335989
6785 -0.004294968901411734 -0.005790023127266558 0.05383978301617687
6786 0.0008092636748336505 -0.00313125 0.1235194262543589
6787 0.007693532042649847 -0.0005902222295205647 0.02301567657671779
6788 0.003606834038017852 -0.008951873267889064 0.09364646009295484
6789 0.003336780584068364 -0.009323683265468669 0.09145050909001615
6790 -0.007967968054786825 0.005101394367184356 0.08661609488900131
6791 -0.006679206420447091 0.006719213982291279 0.0879206254553189
6792 0.007711610348688548 0.006030650420830174 0.06145408792473153
6793 0.006651756096549749 0.006609982772232207 0.06385170930375911
6794 0.00587096830724641 0.007895316135539444 0.06246456568076682
6795 0.004117037099891198 0.005941163169183025 0.06303973794142487
6796 0.005176891352029997 0.005361830817780992 0.06064211656239729
6797 -0.005499429120325755 0.007976575486722251 0.08892129971107465
6798 -0.00431467078508016 0.005486692740724089 0.09078346572759192
6799 -0.006295632752665254 0.006893280322599974 0.09104054874351666
6800 -0.007468321206440864 0.006297789834976273 0.08951317912205239
6801 -0.00628356287119527 0.003807907088978112 0.09137534513856965
6802 -0.005487359238855771 0.004891202253100388 0.08925609610612764
6803 -0.003382847295801737 -6.740552309379626e-05 0.08332214012523487
6804 -0.001948925502376296 0.001261060587970763 0.08405968928228627
6805 0.003205938384158105 -0.006285078573106954 0.1134985679843163
6806 0.004749625302919966 -0.004768295384158646 0.1140081431899127
6807 -0.001370815888891888 0.006094873280411323 0.04568515378757293
6808 -0.004846864994709524 -0.005154720018181575 0.0955853270719805
6809 0.008074843615174259 -0.006044998897328525 0.0229057232675554
6810 0.00896344987490672 -0.004585976768276326 0.0229057232675554
6811 0.00734805465725075 -0.005590613858829674 0.02561083831596738
6812 0.004972739548923487 -0.005736953361547839 0.02370511504841197
6813 -0.00747670844595837 0.005634057949203249 0.09203224318863726
6814 -0.00864939689973398 0.005038567461579547 0.09050487356717299
6815 0.008159437667748688 0.004776861848496388 0.0778381083998374
6816 0.00837310502323638 0.004885323579874147 0.07512995076391518
6817 -0.007138245188524571 -0.006532722148398949 0.09261044836565863
6818 -0.007141463533800478 -0.006529781375935036 0.09061884400630574
6819 0.0005694428869140775 0.0062444397786459 0.1006516372461951
6820 0.008489248652559985 -0.004204677751052541 0.08036348426671994
6821 0.00728747388042762 -0.006667090675274521 0.08057042613895649
6822 -0.007523341694380634 -0.0007225784008224423 0.07294946956192429
6823 -0.005461470419630437 -0.0005254051668055332 0.09382659731047904
6824 -0.004020455464595622 -0.008879337086609252 0.103742250697057
6825 -0.005007911283118829 -0.008459200417525195 0.1015517840138749
6826 -0.008183783453386197 -0.005823463461465726 0.07133133825289296
6827 -0.009297205399684989 -0.003803449226835165 0.06923946771774822
6828 0.009749553599601255 0.0005561130193900075 0.06565161667267937
6829 0.007525923036539513 -0.0009630818546390733 0.0656461791667777
6830 -0.007344763524716112 0.005511037719399576 0.1106193078858736
6831 0.007003354313765121 -0.0007592372669975823 0.01366624068552566
6832 0.007003354313765121 -0.001253920833724068 0.0154359954798255
6833 -0.001685704359525755 -0.001163652390143456 0.0644133170646317
6834 0.009194573298723949 -0.003539551926825745 0.0249213998442732
6835 -0.009640767200176755 -0.001975462426905941 0.08560693340143383
6836 -0.009115075923435773 -0.003730454098248693 0.08657627883331359
6837 -0.002066314001577394 0.001030396581038183 0.08092611669485034
6838 0.0003469598598810285 0.009659792165763825 0.1099632965752863
6839 0.00206973831280621 0.009583473011497982 0.1089711492576456
6840 0.003552266419667601 0.008373212877456702 0.04215467161905802
6841 0.003962650480535165 0.008743078911734679 0.03971790727670377
6842 -0.003152152020376013 -0.008729432315217294 0.09840735468943493
6843 -0.005010692978179306 -0.008457854827372831 0.09956410818070069
6844 -0.004147687499603721 -0.006186209933481908 0.07081497383200253
6845 0.009468865743981807 -0.001849628191577269 0.05011103438621485
6846 0.009461815091949915 -0.00314858123503663 0.05198958135013462
6847 0.003741126518586682 0.002178031676988625 0.0733154851962059
6848 -0.0005128165537205738 -1.281710113130302e-08 0.01308867825168387
6849 -0.001536865520866741 -0.002381262817101131 0.01264902111148362
6850 -0.002815090188058336 -1.049176940031565e-08 0.01228051828529947
6851 -0.001536814642880373 0.002381237182898869 0.01264889460862021
6852 -0.001083908684602861 0.005401355360106963 0.04079630402769929
6853 -0.0005262872821676722 4.336808689942018e-19 0.128917637474404
6854 -0.001558122857062128 0.002381250000000001 0.1293397259375224
6855 -0.002837462865323844 4.336808689942018e-19 0.1297139213549182
6856 -0.001558122857062128 -0.00238125 0.1293397259375224
6857 0.00298661644182904 0.009091134994472259 0.09863925434859896
6858 0.00132168717701245 0.01001165127646167 0.09965691279877831
6859 -0.00102545260791442 0.004818527191134278 0.02497777301046533
6860 0.0007421112809826283 0.003917613896559464 0.02276986699340133
6861 0.001788807678096618 0.005572938696373149 0.02479977618857579
6862 0.0005990453031238221 -0.001246813508119941 0.0743288046052584
6863 0.0008092636748336505 0.00313125 0.1235194262543589
6864 -0.009045156569056915 0.001851716045207357 0.08660669216117645
6865 -0.009422059427803111 0.003498064076410474 0.08751647891585515
6866 -0.006776120873195504 0.003273382637993465 0.08795156553981007
6867 0.006641401015557373 -0.007335829248106281 0.07173385741084398
6868 0.001558991734347547 0.009646302060356035 0.08745007793065715
6869 -0.005309258974561488 0.008642779227064537 0.09117492060324177
6870 0.006818233395788572 -0.005770657672591818 0.06526827217629698
6871 0.009155164907690895 0.001302357959254208 0.05783751641521261
6872 0.00927960398065495 0.003390970155766891 0.05918802061584771
6873 0.007243947055820854 0.006219271661026643 0.1139113292466095
6874 0.008010391460810899 0.006195748736346983 0.1158297130944394
6875 0.001712557551280794 -0.0006427469158037719 0.08496661355957502
6876 -0.004074246570869411 -0.008853001775638823 0.1056231950513518
6877 -0.001679360532853892 -0.005875080065469133 0.02285227916576697
6878 -0.0008819821304872338 -0.005347722101231847 0.02458140489097402
6879 0.0006785683117141425 -0.003853056650129196 0.02272912572520706
6880 -0.001676071711992924 -0.003038302607627687 0.0227630112906206
6881 -0.0008786933096262665 -0.002510944643390401 0.02449213701582765
6882 -0.0032366221541943 -0.004532968058730338 0.02461529045638756
6883 0.0008099660156953253 0.00313125 0.01847332095815849
6884 0.0008097754841979526 -0.00313125 0.01847348943009169
6885 0.003678523306956668 0.009031163831402324 0.1113959565363725
6886 -0.007677531548071484 -0.006236281020957172 0.0390328030821724
6887 -0.007154634125777251 -0.003191882339219109 0.03865069821004571
6888 -0.005768946656681628 0.007910340020792354 0.06876898193460906
6889 -0.006795587340425195 0.007287768557902887 0.07113100070384806
6890 -0.009547413054240299 0.001772348770933083 0.03085302468826221
6891 0.004134701016059716 0.003575126996490717 0.06121641526465987
6892 -0.005496891670137932 0.0004601373361726532 0.04256896158099743
6893 -0.006424390708402414 -0.002083195795740194 0.06789834667469116
6894 -0.005310968762103623 -0.004103210030370756 0.06999021720983592
6895 -0.00486718442017723 -0.004690204871871486 0.06791544053763658
6896 0.003631683714320328 -0.0003126037764994846 0.1192328721318333
6897 -0.00688134534485157 0.001199659860812637 0.08605141384398837
6898 -0.006589242417936094 -0.002372333511424721 0.07116749222716121
6899 -0.002663371856259722 0.002189087681020785 0.02730321340475741
6900 -0.002873674123816363 0.004188042217764146 0.02766674407089535
6901 -0.003443635600889975 0.004183286666772748 0.02505228136799005
6902 -0.005137286884887331 0.002958701593001187 0.02547036479234419
6903 -0.005347589152443972 0.004957656129744548 0.02583389545848213
6904 -0.004567325407813719 0.002963457143992586 0.02808482749524949
6905 0.006913453683177912 0.007510012664062149 0.02270855858622139
6906 0.005978363739801562 0.008543101045522274 0.02270855858622139
6907 0.0038370556052112 0.006941201307020279 0.02302990919517446
6908 0.00290196566183485 0.007974289688480404 0.02302990919517446
6909 0.00505098078154217 0.008259875571035719 0.02473846778139585
6910 -0.0004102291885039267 -0.009887442826754092 0.02728760882206544
6911 0.0006655700478037747 0.00238125 0.1274245514249949
6912 0.0006655700478037747 -0.00238125 0.1274245514249949
6913 -0.006338847711159727 -0.007871212723779863 0.09386364994666999
6914 -0.003012794630141642 -0.009636637128722127 0.02961896563540179
6915 -0.002564034393484722 -0.006465249971224361 0.02866370022586261
6916 -0.00876163569584862 0.004488104484704228 0.07311312117682622
6917 9.303415003198909e-07 0.003946875 0.1235194262543589
6918 2.602085213965211e-18 0.001565625 0.1242255459168521
6919 0.009232303812201378 -0.002610655743884111 0.07928126809143002
6920 0.003302332513469545 0.009361937640512026 0.03199073559500656
6921 9.303415003190235e-07 -0.003946875000000001 0.1235194262543589
6922 1.734723475976807e-18 -0.001565625 0.1242255459168521
6923 -0.008450634368760101 -0.00531278168403335 0.0875685511660407
6924 0.007623784093140816 -0.00612325834701007 0.06410954627344159
6925 0.006580875185984369 -0.006905078672000669 0.02942711605246029
6926 0.003679712138759831 -0.006266418639919844 0.02813223327823088
6927 0.00376082112682812 0.004440941183201817 0.06169499892180903
6928 -0.009019106093727384 -0.003868607114394389 0.1023512299081179
6929 -0.006850034829544015 -0.006704376321456713 0.02607318499988365
6930 -0.005863941528932012 -0.004208789926232274 0.02811891160946505
6931 -0.006990744050678607 -0.006469348957083185 0.02851026791230391
6932 -0.005961469470705579 -0.008209880426210807 0.02814187500054721
6933 -0.004834666948958984 -0.005949321395359898 0.02775051869770835
6934 0.007009073249803235 0.00125081938935978 0.1265509363619786
6935 0.007009073249803235 0.0007436024363692345 0.1283206911562784
6936 -0.006408231154599342 -0.006953567539019114 0.04693339714293539
6937 -0.006911805790351297 -0.007562678929118943 0.04433601330060682
6938 0.007706474303141467 0.004771630842414295 0.04786649166151177
6939 0.008218551560769454 0.005604585256563532 0.04989740793671921
6940 0.0004818553258217888 0.002381237182898869 0.008817153072112345
6941 0.002933201961578405 0.002381193878136384 0.007762010841579699
6942 0.0004818908744426804 -0.002381262817101131 0.0088172729155798
6943 0.002933237510199296 -0.002381306121863617 0.007762130685047153
6944 0.007744538774030202 0.005428024200410756 0.02556420193010691
6945 -0.002604352560686965 -0.007076697837674836 0.02285227916576697
6946 0.0005701096012511833 -0.006168425755272203 0.02307824753584961
6947 -0.00035488242658189 -0.007370043527477907 0.02307824753584961
6948 -0.0009904408409501929 -0.007663091206374853 0.02493052670161657
6949 0.006223698020140942 0.007994248829619629 0.1052763702283601
6950 0.003594816815841412 0.007129595387521923 0.1058649331794916
6951 -0.005671660447548818 -0.008132777799446853 0.07132557678437973
6952 -0.005502385151776823 -0.001986881280929373 0.02920898223048091
6953 -0.005509322505769168 0.000406250687777555 0.03087812445651882
6954 -0.003629647660240334 -0.001106209365596483 0.02897379293291924
6955 0.005388195166748296 -0.002232170037744691 0.1152071809852888
6956 0.003729376489230728 -0.001062603776499485 0.1157929194244095
6957 0.009608771181722726 -0.0008942126018265871 0.0386415478647458
6958 0.008735337147998767 0.004457085183825122 0.08753270032076613
6959 0.002927318307382209 -0.002381250000000001 0.1342083996652658
6960 0.000469941817453609 -0.00238125 0.1331727637946842
6961 0.001179655195352974 -0.00238125 0.1360700352040429
6962 0.002114515303492622 -3.252606517456513e-19 0.1353170903950441
6963 0.002927318307382209 0.00238125 0.1342083996652658
6964 0.000469941817453609 0.002381250000000001 0.1331727637946842
6965 0.001179655195352974 0.00238125 0.1360700352040429
6966 0.003820088031462883 -0.008731739735748286 0.04541803635632702
6967 -0.004298007921379013 0.00238125 0.1382606317063258
6968 -0.00165809069000872 0.00238125 0.1381680333503678
6969 -0.001373928797746741 0.009724437815437796 0.04110326686924315
6970 -0.005139945214405764 0.002941509708913051 0.06370410756042645
6971 0.001156782718824449 0.002381246562262813 0.005922475825863036
6972 0.002100640921318129 -5.955960080379977e-08 0.006671955375964313
6973 0.001156818267445341 -0.002381253437737187 0.00592259566933049
6974 -0.008129357679429367 -0.00583513444649031 0.06532239807351314
6975 -0.008793713746915684 -0.004245915760876341 0.06433536484063793
6976 -0.009958795074376723 -0.002218850293808424 0.06625432851223773
6977 -0.007131285969833838 -0.003473582436660431 0.06535838048398446
6978 -0.003595303590139807 0.005812337470214981 0.1106793723548249
6979 0.0006659101690971255 -0.00238125 0.01456478573985471
6980 -0.009384041989834474 -0.002811532815677117 0.0370106641807177
6981 0.0006660798464501859 0.00238125 0.01456453477237894
6982 -0.00665515630492124 -0.0003819844117269859 0.02891391233194698
6983 -0.0006825443432313381 0.010586792026172 0.02254521101233024
6984 0.001482767424621716 0.009825039065036945 0.02457512020750469
6985 0.005255711274288415 0.007630921628338534 0.06485786617949824
6986 0.002060593930267974 0.006544828495983485 0.1074512912516226
6987 0.00649232398151163 0.0005901818734202144 0.1155445269260797
6988 0.005005778602242418 0.002567669223319086 0.1136049367532661
6989 0.0004139637933723662 -0.005657306269060317 0.07318905228338148
6990 0.003338113933906617 0.004175942778906928 0.02528623538263152
6991 0.003226516326308888 0.002477406589376224 0.02276986699340133
6992 0.00256810293241421 0.001727406589376224 0.02442823207088708
6993 0.002686010545933079 0.001487463976767028 0.04654769896118639
6994 -0.006596324272350038 -0.006148002320184529 0.0968289171044103
6995 0.003831616003115761 -0.005767401662624752 0.04980543601106321
6996 0.005269857310038919 -0.008372963448703474 0.0487382661781828
6997 0.002889568248967936 -0.006976886268325851 0.04786455947877123
6998 0.006691086420977013 0.005923698536289433 0.1076146088532958
6999 0.006342282993074349 0.007883694511491663 0.1074261816293445
7000 -0.003600760108975284 -0.00589469596117097 0.02285227916576697
7001 -0.004304042219863906 0.00238124871536595 0.003728731330202565
7002 -0.001683948024412851 0.002381246562262813 0.003828413018074694
7003 -0.003076732427091211 0.008847457752717888 0.09604825245463119
7004 -0.003826577845050992 0.00951030091797845 0.0941676564944969
7005 0.005433853454733499 -0.001321591956979655 0.09751483023073343
7006 -0.006767850252399638 0.006576516430611388 0.1025911371334519
7007 0.005871878744576257 0.004570601734440466 0.08797153003372733
7008 0.009345365936067496 0.00254222147261617 0.04282468162301624
7009 -0.009527283899459178 0.001424341299229647 0.08561632722003346
7010 -0.007993359559162682 0.004225479059481081 0.07541360672325161
7011 -0.004128222231187115 0.008323266803353218 0.03164515460998547
7012 -0.002718546801891177 0.009458852874732929 0.03271829732817468
7013 -0.005048711675830556 0.008704659328605344 0.03345573746053116
7014 -0.001796045442076718 0.001807520703405132 0.04219137293606989
7015 -0.005794817483833198 -0.008159456110929976 0.05514902493568524
7016 0.001269095434429072 -0.005255453856913061 0.1131355531533812
7017 0.008112000683179391 -0.003140519169199308 0.01551096572456142
7018 -0.001841516785740407 -0.003351872796973075 0.1405786703834573
7019 0.0001834260957316993 -0.0009706227969730749 0.1395893629669105
7020 -0.009956857429109497 -0.002226358252666845 0.06824166801255485
7021 -0.006439139131791426 -0.007490951462511932 0.09857184220205548
7022 -0.009556946749273456 -0.0004353951056823927 0.06327891534214418
7023 -0.009918673082316216 0.001561043317416035 0.06309902297640768
7024 -0.006799546992480011 0.006221370104446814 0.03163966013797562
7025 1.442150864621947e-06 -0.003946875000000001 0.01847348943009169
7026 2.49366499671666e-18 -0.001565625 0.01777779082531074
7027 1.632682361994708e-06 0.003946875 0.01847332095815849
7028 2.49366499671666e-18 0.001565625 0.01777779082531074
7029 -0.005574079681608652 -0.006080591512791723 0.06537547434692986
7030 -0.005843952723446991 0.008089910644048121 0.06461112290576332
7031 0.002156750358668314 -0.001967027854652376 0.04831310627706396
7032 -0.008067980950056348 -0.005204150354039878 0.02670542642135039
7033 -0.006849918920658692 -0.002704076908599271 0.02537886120237723
7034 -0.009194667562917619 -0.003464409972033346 0.02640245892668282
7035 -0.009361461324335357 -0.003364226120463962 0.02884743943523672
7036 -0.008143399294937702 -0.0008641526750233555 0.02752087421626356
7037 -0.007016712682076429 -0.002603893057029887 0.02782384171093113
7038 -0.008804230790436648 0.004129968358526516 0.0550629428909416
7039 -0.006970976610703323 0.002520966764266903 0.05523254468164231
7040 -0.005765317311268472 0.007913209976801609 0.06677458795503172
7041 -0.009215219844008523 0.002979214980872735 0.04555332890504177
7042 -0.003595711964764879 -0.008902384162217626 0.1102561649010228
7043 -0.0086480985065622 0.005040428330545303 0.08851250486629662
7044 -0.003546764966336576 0.001096921616006091 0.02888982302336961
7045 -0.002176293073089869 -9.287749590391027e-06 0.03000164601721235
7046 -0.007558944599358852 0.005624804114147449 0.05380196281550301
7047 -0.008023597940693567 0.005664204109932605 0.05606116241591939
7048 -0.00558779816957606 0.007840558137505428 0.1035989319153879
7049 -0.006029630067687654 0.007865136311053358 0.1057488877461222
7050 0.002631237584472748 -0.004351789547711078 0.0682641086287637
7051 0.001974010016987555 -0.00443698561428703 0.06635960288292617
7052 0.003396889254801154 -0.003185262822025138 0.06830410893928691
7053 0.00215162943991927 0.009731474411889676 0.0267452122610627
7054 0.00168114102492609 0.009933670222645536 0.02946881256613523
7055 0.007824073759894823 -0.006254023916694992 0.08700249883531219
7056 0.003789334261937451 -0.004895102938880693 0.02370511504841197
7057 0.002404332323477862 -0.003916668120302154 0.02272912572520706
7058 0.008604268527524666 -0.004049218080096792 0.1003969590433987
7059 4.309529707604773e-05 -0.0008600024069009327 0.08626419887140237
7060 -0.001335546538065133 -0.0006099693926797149 0.08482918602889114
7061 -0.00184605869462061 -0.003351872796973075 0.001412201732709419
7062 0.0001621108392820926 -0.0009706262347102623 0.002416210180123825
7063 -0.009421964586352522 0.003498349497590416 0.0895061000369678
7064 0.00982058479932005 0.0007917412472432314 0.1120555621181844
7065 0.009969631206601231 0.000590181873420213 0.1149844796335036
7066 0.009919795106265571 -0.001464558849203795 0.1130015311336597
7067 0.007740379905585621 -0.0006728176019605602 0.1120570932518441
7068 -0.007985520600633903 0.006026546134419577 0.07411467523906348
7069 -0.006152173207956012 0.003364657737270497 0.07431710422427545
7070 -0.005617890286401779 0.007463830036944596 0.03263574055752645
7071 -0.00653837973104522 0.007845222562196722 0.03444632340807213
7072 0.005272881518054844 -0.00837044654470024 0.05073164294468843
7073 0.004060874458844906 0.00813303239504554 0.03197366621942877
7074 0.0053863618610212 0.005544205389554058 0.02351636838923019
7075 0.00660028703735217 0.006862879653569499 0.02522492697545158
7076 -0.002593305131941023 0.009061106978471479 0.06233969956054543
7077 -0.004347007725567554 0.008955190809729008 0.06361692180102133
7078 -0.009406663021960054 -0.003313238500432963 0.04102694774446392
7079 -0.009584177869465301 -0.001601213194212993 0.040035595827851
7080 -0.009407658357899928 -0.003309289561471068 0.03904060926596262
7081 0.00689924093859433 -0.006378378399779448 0.05357101752506693
7082 0.008705642138359485 -0.004762588974130161 0.05311156253097201
7083 -0.003450101902033692 0.00238125 0.1291525413149935
7084 -0.001665213601045193 0.002381250000000001 0.1308228030751791
7085 -0.003800135969745464 0.002192046065727998 0.1315625238173612
7086 -0.004972385234024115 -0.000189203934272002 0.1304536420971003
7087 -0.0077079239459157 0.001135525102732336 0.03011020250037984
7088 -0.005347365872277614 0.00238125 0.130011825401856
7089 -0.005697399939989387 0.002192046065727998 0.1324218079042237
7090 -0.005791751385852753 0.00313125 0.1233962866673888
7091 0.008946311679588429 0.004616135081851201 0.02304783354087672
7092 0.009570584799319701 0.002505654897344665 0.1090555621181844
7093 0.007763148685193129 0.001390862348488661 0.1082915226834531
7094 0.006701030082036043 -0.001033090268631519 0.009255745195840489
7095 0.004991335147185659 -0.002381306121863617 0.009044966959297041
7096 0.007815305065149616 -0.003414284146767903 0.009789221763456554
7097 0.007003354313765121 -0.001033002244566177 0.01171664936169261
7098 0.005293659378914737 -0.002381218097798275 0.01150587112514916
7099 -0.007003622681141836 -0.003836790328251357 0.07324306256063685
7100 -0.002589653667145986 0.009062562000259924 0.06034182723890248
7101 -0.004311033351048895 0.009137953205246964 0.05912847969051312
7102 -0.001657675482641089 0.002381250000000001 0.1325517820876119
7103 -0.004646261030136307 -0.003188841547362848 0.07179230470760978
7104 -0.005580360306580847 -0.001539086436760569 0.07357428204237285
7105 -0.008208690171190939 -0.00496912298966635 0.02914250933377065
7106 0.006693589207760928 0.0009233670169573934 0.1327277274281335
7107 0.004984497940979138 0.00238125 0.1329265514893982
7108 0.00781590873321821 0.003304617016957394 0.1321988240612647
7109 0.007009073249803235 0.0009233670169573934 0.1302702824801115
7110 0.005299981983021444 0.00238125 0.1304691065413762
7111 -0.0093715839399083 -0.002150743534807826 0.06426791340992449
7112 -0.007709156162826452 -0.001378410210591915 0.06529092905327104
7113 0.00540015588223645 -0.0002576876849575858 0.04895603343182631
7114 0.00432592438658676 -0.001339828325778149 0.04626117208274712
7115 -0.002153801206014162 0.009922636525577105 0.09516881331017896
7116 0.005630866993568703 -0.007112320363997774 0.03430003797984281
7117 0.006229559212200178 -0.00792756076383011 0.03612632471487884
7118 -0.001565270009003445 0.009937996188041516 0.04317018997838816
7119 0.005746648270900918 -0.007662410652326354 0.05457736728263825
7120 0.007022276853416856 -0.006992360463867715 0.05604235389583463
7121 -0.003435222428514842 0.002381252325331731 0.01282251737846492
7122 -0.005337311247174752 0.002381252325331731 0.01195992635282148
7123 -0.003789773994494191 0.002203315030091683 0.01042756385394327
7124 -0.005691862813154102 0.002203315030091683 0.00956497282829984
7125 -0.004959098834654875 -0.0001779326445765866 0.01154430819333103
7126 0.008250143663837937 0.003723901223447784 0.002494851354454927
7127 0.007000295626975751 0.003648201807065005 0.001277503560843352
7128 0.008275151963137814 0.002609603030512788 0.001217347793611575
7129 0.007158865547101989 0.001253913629656686 0.003253461632177553
7130 0.005909017510239803 0.001178214213273908 0.002036113838565979
7131 0.005884009210939926 0.002292512406208903 0.003313617399409331
7132 0.001817291545910051 -0.009728460184733015 0.1167837785559346
7133 0.0008362449238152943 -0.01004879636768376 0.1196462200688184
7134 -0.001039994456604262 -0.009906697917681517 0.1178465512921781
7135 -0.006486746891956868 0.0006253598466856757 0.06489984595608755
7136 0.007826909223953236 -0.006249722809826603 0.09097698923703296
7137 0.00304559321830864 -0.005123883474902623 0.08215873978354789
7138 0.008109389806956037 0.003124852436369235 0.1264915211350413
7139 -0.001665213601045193 -0.00238125 0.1308228030751791
7140 -0.003450101902033692 -0.00238125 0.1291525413149935
7141 -0.003466000027511367 0.008995761756664953 0.08333280009108976
7142 0.0004642223252675268 -0.009660278607691747 0.03166763033460317
7143 -0.009761627643011946 -0.001162629283133835 0.04144889129968825
7144 -0.007533215114894597 -0.001539029867713932 0.04110258685051497
7145 -0.0009115566502548204 0.009463602027977518 0.06134592713290908
7146 -0.001645765347897652 0.002381237182898869 0.01116377394591172
7147 0.004531861358275358 -0.004485988815100889 0.1186471336927127
7148 0.006642606139394949 -0.006894088878757526 0.1150623064356665
7149 0.005661226658639123 -0.007198044187426792 0.112776182240154
7150 0.007696898853822624 -0.006126477690216629 0.1134167038766136
7151 -0.008166647673170765 0.003724423447875453 0.1394458934288447
7152 -0.006916799636308574 0.003648201807065004 0.1406632412224562
7153 -0.008275151963137811 0.002610125254940457 0.1407826522063884
7154 -0.007218991135638599 0.001343173447875453 0.138464613529257
7155 -0.005969143098776409 0.001266951807065004 0.1396819613228686
7156 -0.005860638808809363 0.00238125 0.1383452025453248
7157 -0.007064773634337763 0.001113864075138651 0.01423575262403707
7158 -0.008199594784088516 0.005929402553972937 0.07648391679653198
7159 0.005774013453399568 0.007739103008532163 0.03678134157219282
7160 0.007073101594332169 0.006820082050270091 0.03556414852969728
7161 0.005774514975758612 0.007738840157585418 0.03479560404317984
7162 0.001947744045573992 -0.002325763191605995 0.06695642057771491
7163 -0.001645662020302175 -0.002381262817101131 0.01116386970018559
7164 -0.003435119100919364 -0.002381247674668269 0.01282261313273879
7165 -0.004216000796573516 0.006945576446210463 0.06147663531420729
7166 -0.0005135638457968928 0.001356652945772583 0.07443755428754165
7167 0.007901440154217591 0.006084157188817486 0.04115523646322639
7168 0.007901199196074495 0.006084525930950088 0.03915841131926048
7169 0.008881504952206947 0.004102517761297378 0.03764076196120798
7170 0.006737532242784251 0.003622401935913011 0.03979917450115653
7171 0.008881745910350042 0.004102149019164775 0.0396375871051739
7172 -0.0003892416323706281 -0.009399134090376047 0.07067263458241453
7173 0.001890563314326294 -0.009876958227686399 0.07191066743343473
7174 0.0001754853997015544 -0.00983828941914644 0.07291025514735358
7175 5.3953352186775e-05 -0.007363698565420535 0.07140689528915146
7176 -0.002075306527378703 0.009678287937589226 0.09964989993569495
7177 -0.008919390275571096 -0.002621216126262848 0.04293814288473832
7178 -0.00704594236850564 -0.0008470074935438176 0.04301378199078938
7179 -0.009760637654580545 -0.001166545832526885 0.04343497864418059
7180 -0.009550818373081645 0.0005805452606746885 0.07103882290081118
7181 -0.008275151963137811 0.001312707296635344 0.1406471392668314
7182 -0.007218991135638599 4.575548957034022e-05 0.1383291005896999
7183 -0.003628981292978716 0.003180580754175941 0.1405786703834573
7184 -0.004243955642876902 0.0007993307541759405 0.1396819613228686
7185 -0.001604038411506609 0.0007993307541759406 0.1395893629669105
7186 -0.009454465149148149 0.0002494162331170607 0.05671417100013979
7187 -0.009844944762330088 0.0005463203189349504 0.05446720889767572
7188 -0.0005334276317865504 -0.005082802057109615 0.05901850163357657
7189 -0.001482689071147739 -0.005540863946512636 0.0613626177917328
7190 0.004274409397715782 -0.008566145012595937 0.05358447458195285
7191 -0.008275151963137811 0.001312707296635343 0.001352860733168615
7192 -0.008275151963137811 0.002610125254940457 0.001217347793611575
7193 -0.007220483356168969 4.575420493628898e-05 0.003669389225420312
7194 -0.007220483356168969 0.001343172163241402 0.003533876285863271
7195 -0.005970635319306777 0.001266950522430954 0.002316528492251696
7196 0.005867598642409517 0.00522683548760904 0.03871678987802478
7197 0.008011571351832213 0.005706951312993406 0.03655837733807624
7198 0.006847904398541969 0.003244827317956329 0.03719914051997228
7199 0.007683304777275538 -0.00553747097333521 0.08222232123879678
7200 0.009499553599601758 0.002270026669488582 0.06665161667267937
7201 -0.009550642332165215 0.0005855222173002975 0.06904858157807225
7202 -0.01014434526522521 -0.0005086754754980562 0.06725030404164006
7203 0.007628874413042719 0.005621660349838171 0.02811184385909352
7204 0.007826401079789937 0.005042453196941236 0.03028659737154293
7205 0.000654571289297356 -0.005363578921993135 0.06143358484524808
7206 0.009439081604257117 -0.001503150681721951 0.09418954933814716
7207 0.009365771244615892 -0.003441904525454477 0.09547663642336608
7208 0.003992883209724105 -0.0002798035167487875 0.04375178320767739
7209 0.001502475396237162 0.0004984348710923589 0.04262315294070432
7210 0.00319404346753197 0.001931558636648551 0.04162191890195362
7211 -0.003597471288114317 -0.003057918503329525 0.0227630112906206
7212 0.001349587249861612 0.0009426939929777414 0.04500998659952903
7213 0.003704608642291701 0.002798032587305713 0.03004622218220792
7214 -0.006170693672674461 0.006766219496496507 0.1096285663173224
7215 -0.00602923436223838 0.007865453107608261 0.1077338884242214
7216 0.004035085503487709 0.002428142653390198 0.04520893270274091
7217 0.001010521470763767 0.003074818924526173 0.04504221337921251
7218 -0.008262835488259408 -0.004212904127315521 0.04392799528338991
7219 -0.007995754316576315 -0.006220764761419403 0.04334764091982154
7220 -0.008162470044396908 0.003724423447875453 0.002582245384957593
7221 -0.006912622007534716 0.003648201807065004 0.001364897591346018
7222 -0.005857953400565876 0.00238124871536595 0.003681426083597715
7223 -0.003077940839965405 0.006025978525991176 0.1189111079541262
7224 -0.00339707786799336 0.007666648912631649 0.1189111079541262
7225 -0.003709028393117455 0.006345492216087463 0.1160438529008134
7226 0.0006693310554482218 0.009771443884492807 0.03272292484741025
7227 0.004827240797710266 -0.00805081953974069 0.1024188903944476
7228 0.006632496661704602 -0.007380667552724807 0.1040127173542938
7229 0.0004640155664917274 0.01000425160618778 0.05929669870773746
7230 -0.004910793391786054 -0.00883926733950725 0.09485391096364215
7231 -0.00424544786340727 0.0007993294695418892 0.002316528492251696
7232 -0.003633523370933239 0.00318058075417594 0.001412202837950869
7233 -0.001625353667956215 0.0007993273164387522 0.002416210180123825
7234 0.006701030082036043 0.0008280682225149699 0.009255745195840487
7235 0.007003354313765121 0.0008281562465803118 0.01171664936169261
7236 -0.0001168683297754097 0.0009768205075099106 0.08469007128031968
7237 0.001109981081806177 -0.009891428045815795 0.08612013882125838
7238 0.001677730408181877 -0.009778025038929434 0.0884788427380408
7239 0.001600958913299425 -0.001182994343583134 0.03861869084366115
7240 -0.008350587816293904 -0.005450051395474663 0.1033141787455128
7241 -0.00377857411616848 -0.008815535210860245 0.1083830885494614
7242 0.008594460449710774 -0.004064134163267594 0.09842634249099244
7243 -0.008729442674330637 -0.004402187631470376 0.03799944119865487
7244 -0.008753059042396091 -0.004899944377264327 0.04002938628389978
7245 -0.01014415788374188 -0.0005035018646829905 0.06526533044445741
7246 -0.009918860463799542 0.001555869706600969 0.06508399657359035
7247 -0.008070882495869212 0.0006180282125065122 0.06511103668753454
7248 -0.009363154496049504 -0.001132160559868492 0.07003994554898703
7249 -0.009363198469070952 -0.001131990617493939 0.07203214227765137
7250 0.002522434587733416 1.084202172485504e-19 0.02688934224896427
7251 0.0009224737479133864 -0.001385985145534882 0.02777103392277489
7252 0.001766586606105322 2.168404344971009e-19 0.02510752386423676
7253 0.002689060354018709 -0.001385985145534882 0.02698024021350964
7254 -0.009965198636287387 -0.0008839115561519481 0.07311439323428681
7255 0.004780176701885038 -0.006360927619228161 0.1186471336927127
7256 0.003236489783123177 -0.007877710808176468 0.1181375584871163
7257 -0.004116726443410188 0.001092166065014693 0.02627536032046431
7258 -0.006020679994964186 0.001866535527986494 0.02705697441095638
7259 -0.004375736229424245 -0.009133677985294953 0.05415151476224939
7260 -0.008155795308450745 -0.001271641108210703 0.1407193461181329
7261 -0.008323025603477811 -0.00253895011353315 0.1407193461181329
7262 -0.007218991135638599 -0.001250819389359779 0.1384013074410014
7263 -0.006017016739116409 -0.001288130724173371 0.1396819613228686
7264 -0.005849786444089343 -2.082171885092436e-05 0.1396819613228686
7265 0.0093360752682085 -0.002474098982998209 0.09938062047011463
7266 -0.008155795308450745 -0.001271641108210704 0.001280653881867112
7267 -0.008323025603477811 -0.002538950113533151 0.001280653881867112
7268 -0.005851278664619711 -2.082300348497517e-05 0.002316528492251696
7269 -0.006018508959646779 -0.001288132008807422 0.002316528492251696
7270 -0.007220483356168969 -0.001250820673993829 0.003597182374118808
7271 0.009135134432773157 -0.002051234204796039 0.05597431463557818
7272 0.009461539758634927 -0.003149506814007257 0.05399858078316687
7273 0.006442487881175971 -0.001464558849203793 0.1135615784262359
7274 -0.009533325478309084 0.002238185453132728 0.05545999377244146
7275 0.0001469897586159521 -0.004400686564113319 0.02598322160188371
7276 -0.002210939085952082 -0.006422709979453257 0.02610637504244362
7277 -0.002207650265091115 -0.003585932521611811 0.02601710716729724
7278 0.005090344297209504 0.00802802312471566 0.1109719330536325
7279 0.003137492692853351 0.007240461530767187 0.1092597215831184
7280 -0.009225467056255196 -0.002629646671951502 0.07812763875556003
7281 -0.009778793297391822 -0.00259174537966017 0.07610611105999968
7282 0.005715266645261393 -0.005327839237768036 0.1186471336927127
7283 -0.001676071711992927 0.003282373372197934 0.02284437535092606
7284 -0.0008151503403577788 0.002819572654390917 0.02461424234432739
7285 -0.004907268112227258 -0.008840975164945714 0.09684451828645771
7286 -0.004689679854150912 -0.006497669160508979 0.09732825216962568
7287 -0.009422621689476385 0.003496370991713176 0.09149827663203408
7288 -0.00709400897582068 -0.006375289342065854 0.03040166364951593
7289 -0.006064734395847652 -0.008115820811193476 0.03003327073775923
7290 -0.000591312047860342 0.003426767456565138 0.06363233881216293
7291 -0.00124899856710593 0.001692019901448663 0.06190708930290731
7292 0.003045449043413375 -0.004027269307059376 0.02802699018443586
7293 0.002479210591173229 -0.005011119623930232 0.02974899336584279
7294 0.006693589207760928 -0.0008937064028683964 0.1327277274281335
7295 0.007009073249803235 -0.0008937064028683964 0.1302702824801115
7296 0.007407550332963871 0.006594719923040021 0.05306049955209512
7297 -0.0066360032502639 -0.0001037256914681118 0.04512736265728927
7298 0.004302539403313156 -0.00802714179786488 0.1123488750630987
7299 0.003255576155956948 -0.009500416764585341 0.1114192369859185
7300 0.0007672567662920536 -0.007681188501786528 0.07390690116853563
7301 0.007277494800405635 0.006718995785861966 0.04889724705181617
7302 0.00331610009187609 0.00944447941258914 0.1074135819339039
7303 -0.000769782568400462 -0.00987813390562256 0.1161858281640684
7304 8.356713564848723e-05 0.01003206637246984 0.02882464797211253
7305 -0.001055964528743314 0.007889390462543144 0.02962520482530009
7306 -0.006413302766759982 0.0002678317367036302 0.02303794685385483
7307 -0.005604969433426648 0.0006099978017183234 0.02488232220478089
7308 -0.004041666666666667 0.001842166065014693 0.02284437535092606
7309 -0.005945620218220664 0.002616535527986494 0.02362598944141813
7310 -0.007508922984980647 0.001384367264690124 0.02566393629527296
7311 -0.004399403683846129 0.00882564926834984 0.1170017870513588
7312 -0.006964673276648574 -0.003669380724173371 0.1406632412224562
7313 -0.008166647673170765 -0.003632069389359779 0.1393825873405891
7314 -0.005860638808809363 -0.00238125 0.1383452025453248
7315 0.009700030099341212 0.0002470743963530063 0.09315423429418124
7316 -0.008105102382493699 -0.005158504899837173 0.1154687400516754
7317 -0.007875918452364655 -0.004934456330544586 0.1131802672842498
7318 -0.008612172815061887 0.003194897325785436 0.06586638258409611
7319 -0.006358408432881847 0.005068581231762353 0.07538741429755583
7320 0.003252207027143899 -0.004156948705915347 0.0777094397594336
7321 -0.004599532607331036 0.002614431130465413 0.03008611319180246
7322 -0.006052887194481502 0.001517509514459322 0.02905826010750935
7323 0.002253991742476568 -0.001040460852040758 0.002416210180123825
7324 0.002067110839282096 -0.002381253437737187 0.003976106785914466
7325 0.003996880903194491 -0.003421707414303571 0.00155989660579064
7326 0.004488246450296472 -0.001129195008094668 0.002036113838565979
7327 0.004301365547101999 -0.002469987593791097 0.003596010444356619
7328 0.002558476386384076 -8.874103152828469e-05 0.004452324018689804
7329 -0.009609097284505805 0.003255672450606871 0.06409115821322986
7330 0.0007379733570404001 -0.001662849342945955 0.02517828451195806
7331 0.001660447104953787 -0.003048834488480836 0.02705100086123094
7332 0.004978719622121227 0.008652169195445206 0.08739876509301603
7333 0.001616666666666666 0 0.021
7334 -2.168404344971009e-19 0 0.021
7335 -0.0008083333333333334 -0.0007499999999999999 0.02344915878675101
7336 0.0008083333333333332 0.0007500000000000001 0.02344915878675101
7337 0.0008083333333333332 -0.0007499999999999999 0.02344915878675101
7338 0.008249521686055016 -0.003724423447875451 0.1395057251220745
7339 0.007047547289532824 -0.003669380724173365 0.140723072915686
7340 0.008323025603477809 -0.002631304172048816 0.1407826522063884
7341 0.007189000850783004 -0.001470374307019215 0.1387266132549236
7342 0.005987026454260812 -0.001415331583317129 0.1399439610485352
7343 0.005913522536838019 -0.002508450859143764 0.1386670339642212
7344 -0.009939255387804991 0.0005466016134928196 0.04244299445500985
7345 -0.007356597419736728 -0.006650383350121391 0.08856089594423651
7346 0.005852246094457916 -0.007341554292914786 0.02733579308901126
7347 0.005286007642217769 -0.008325404609785642 0.02905779627041819
7348 -0.00696049554284857 -0.003669380724173371 0.001364898108617683
7349 -0.00816246993937076 -0.003632069389359779 0.002645551990484795
7350 -0.005857953295539728 -0.00238125128463405 0.00368142660086938
7351 0.009969631206601231 0.000590181873420213 0.1169844796335036
7352 0.006970314842112879 0.007251137045129566 0.1158749307236401
7353 0.004402901656906162 0.005964312039594169 0.1170423021314466
7354 -0.004691505411030055 0.0003362265032299707 0.07386977994890467
7355 -0.002672641474601922 0.0005898134414003321 0.07379243835091941
7356 0.00616320960049167 0.007185862231932924 0.08643533562326879
7357 0.007186530395009497 0.005987052772501572 0.08548755842408623
7358 0.007686044067336133 0.005696338908727004 0.08677469930772216
7359 0.00582467380442747 0.003959975072244605 0.08598852507972257
7360 -0.004012055678628148 0.008846000387914754 0.08992148155942187
7361 -0.003821885532863881 0.00951220412825704 0.092175102451589
7362 0.002945419458321687 0.009447595806179189 0.1005993117704813
7363 0.003260407944773816 -0.001662849342945955 0.02616930918742032
7364 0.009717783601665675 -0.0001393492107286807 0.04911103438621485
7365 -0.003807773555670961 0.005300943804643129 0.023207906017064
7366 0.0008150581978756468 0.009369763751214063 0.06035215451607616
7367 0.002190630414622194 0.009910413329424324 0.05830292609090454
7368 -0.007429784275235435 -0.006541161930370338 0.09486324350811882
7369 -0.006335714265839378 -0.007874071800084816 0.09585225230781251
7370 0.005170102752717285 -0.008243220427963011 0.07073787197685015
7371 0.00337307974799426 -0.009254997690736132 0.06892708246294831
7372 0.00354794119513018 -0.009428078623375701 0.07092999945997655
7373 0.002158896851747776 -0.00766844177009132 0.07064201114314342
7374 0.003955919856470802 -0.006656664507318198 0.07245280065704526
7375 0.001616666666666666 0 0.121
7376 -2.168404344971009e-19 0 0.121
7377 0.0008083333333333331 0.00075 0.1185504960723515
7378 -0.0008083333333333335 0.00075 0.1185504960723515
7379 0.0008083333333333331 -0.00075 0.1185504960723515
7380 0.002972563948414403 -0.002924421317391449 0.08323567305969438
7381 0.004090755779224823 -0.002183970963997007 0.08499962727415794
7382 -0.009978554775010523 -0.0001402898087977644 0.02667257155615625
7383 -0.009510872226471206 0.0022084139824851 0.02726061414371955
7384 -0.01014534853642826 -4.01059572283803e-05 0.02911755206471014
7385 -0.007675716746398383 0.001484551116259509 0.02810891680382686
7386 0.003187000807396485 0.009075167455854988 0.08845184266245591
7387 0.004977720412539853 0.008652691645974431 0.08941217560492287
7388 -0.002406730084898026 -3.547957054002293e-05 0.08259961042908517
7389 0.003031703384278896 0.0008233478605715488 0.04618060921615327
7390 0.00110608746379609 0.002594859376825531 0.04222028672848389
7391 -0.0005820532728563844 0.003786305631750793 0.04359127976661284
7392 -0.0002034706984565665 0.001096033996180511 0.04364230654866956
7393 0.002237861555559865 -0.009586348207686911 0.03061757292460078
7394 -0.003593542701283846 -0.008462182280098308 0.06402858069325834
7395 0.003323950914042304 0.001727406589376224 0.02621005045561459
7396 0.001772000694255642 0.002656110140048167 0.02712496727392965
7397 0.003507081975544483 0.003377239740202647 0.02787146866975851
7398 -0.001009675144707811 -0.0005327019152197995 0.07535260283020981
7399 0.004163749232386981 -0.008274494948166941 0.07469760098234923
7400 -0.003102638678557088 -0.004833622115653479 0.02995241231256695
7401 -0.006802653891396534 0.007282167512564773 0.07511850000588643
7402 0.001805603878828089 -0.005644559537365109 0.06992416225798927
7403 0.001148376311342896 -0.005729755603941062 0.06801965651215175
7404 -0.005564363200926397 -0.008884731559111774 0.1193073212319003
7405 -0.006879811289181395 -0.008041156635080805 0.1193073212319003
7406 -0.003835412178913875 -0.007777684549167056 0.1192003312233598
7407 -0.005150860267168874 -0.006934109625136086 0.1192003312233598
7408 -0.004799892080889077 -0.008961428929227716 0.1175076524552601
7409 0.008275151963137814 0.001312707296635344 0.001352860733168615
7410 0.007158865547101989 -4.2982104220758e-05 0.003388974571734594
7411 0.002086240154406397 -0.00238125 0.1380400918302749
7412 0.002275306998926175 -0.00104045741430357 0.1395893629669105
7413 0.003994694961869186 -0.00342170741430357 0.1404507288633643
7414 0.004329314909457708 -0.002508450859143764 0.1383946899118995
7415 0.004518381753977485 -0.001167658273447334 0.1399439610485352
7416 0.002609926946514697 -0.0001272008591437635 0.1375333240154457
7417 -0.0007990344131513087 -0.003065344759268378 0.05921505757995241
7418 0.001367488003617841 -0.005641067791034917 0.02480737326105666
7419 0.006848733147218673 -0.007525096610349181 0.101952213413913
7420 -0.002854061033543748 -0.009780507889595221 0.117132132957337
7421 0.008991467180021272 -0.002913956171401089 0.06810962409015929
7422 0.009240530645764185 -0.001203187636809954 0.06910399950019279
7423 0.009500490133858341 -0.001154655515201128 0.06665724126264587
7424 0.009749553599601255 0.0005561130193900075 0.06765161667267937
7425 0.00699008424536544 -0.0006470746174199431 0.06775561617287208
7426 -0.005311633918498765 0.00238125 0.1367142579533618
7427 -0.00379259785134136 0.002192046065727998 0.133291502829794
7428 -0.00551635243372811 0.002192046065727998 0.1344641089302273
7429 0.003823653217068593 -0.008730210273623393 0.04741069038068535
7430 0.00380049761928197 -0.009273177149794821 0.04973880488435772
7431 0.002133330111423142 -0.009718938796142091 0.04874655206272879
7432 -0.005340598688656311 0.00238124871536595 0.005258257910680473
7433 -0.005539440532804455 0.002203315030091683 0.007516406752833471
7434 -0.005259309380941374 -0.004110261262808112 0.06597938300309136
7435 -0.004347383454982493 0.003521101094994219 0.07660900418375868
7436 -0.004923906056222752 0.008414178467930619 0.1101380248431604
7437 -0.009323279836055784 -0.003429915069758847 0.03070549599333749
7438 0.008618192846961789 0.004110259958541806 0.04182150615663809
7439 0.00937671973969937 -0.003405593097481847 0.09744132137940015
7440 0.0005566866739611862 0.005126608246096777 0.04486457490980297
7441 -0.001719401715019581 0.00563467944975078 0.02669367959417035
7442 -0.00150909944746294 0.003635724913007419 0.02633014892803241
7443 0.002737070974052076 0.000928703550671943 0.02701346535801407
7444 -0.001011052677538354 0.0009867478657076718 0.114128626531127
7445 0.007931474519751975 -0.005627506764235514 0.06326042174402925
7446 -0.004041666666666666 -9.809530044444588e-05 0.0227630112906206
7447 -0.003233333333333334 0.0002440707645702473 0.02460738664154665
7448 -0.005604969433426648 -0.001330263563740816 0.02480095814447543
7449 0.004456841672078754 -0.008168767109148585 0.02591960121498107
7450 0.004037649605547131 -0.006770041743007963 0.02370511504841197
7451 0.004248540686625907 -0.00965624052910756 0.0232144861665691
7452 0.002963381023156206 -0.009505701395713053 0.0252927337024187
7453 0.002544188956624584 -0.008106976029572431 0.02307824753584961
7454 0.002752489942077429 -0.006619502609613456 0.02578336258426158
7455 0.009360024082767392 -0.0009178036279047487 0.1088554814143145
7456 0.009110328282536441 -0.002630696388739009 0.1098588469435952
7457 0.00982058479932005 0.0007917412472432314 0.1100555621181844
7458 0.009570888999089101 -0.0009211515135910285 0.1110589276474651
7459 0.003553344723619033 -0.009425739286222874 0.07491876913266332
7460 0.003550633962741471 -0.009426913636770461 0.07292413995385147
7461 0.002946873568529207 -0.006689104014127369 0.07441838916866944
7462 0.009345583910603647 0.002541490021034614 0.04082337348454777
7463 0.009609136973991902 0.002533379081657582 0.03863945443308359
7464 0.006693589207760928 -0.00111386174980692 0.1349938491932443
7465 0.005080883579361288 -0.002381250000000001 0.1348923631431994
7466 0.00791229437160036 -0.003495111749806919 0.1364307574801766
7467 0.007189000850783004 -0.001241062608950683 0.1372100828136459
7468 0.005576295222383364 -0.002508450859143764 0.137108596763601
7469 0.004357590058543932 -0.000127200859143764 0.1356716884766687
7470 -0.00544235867195391 0.006098039267252635 0.023207906017064
7471 -0.006561811990601676 0.006776396877896051 0.02491646460328566
7472 -0.008350232794108972 0.006692194941632579 0.02270855858622167
7473 -0.007136009955951268 0.004873454193481076 0.02362598944141813
7474 -0.008255463274599034 0.005551811804124492 0.0253345480276398
7475 -0.005235097488983587 -0.008716233467404938 0.06526737850397543
7476 0.005019239457970268 -0.008520687443518972 0.07192598489397038
7477 -0.004041666666666666 -0.001598095300444446 0.0227630112906206
7478 -0.006413302766759982 -0.00123216826329637 0.02303794685385483
7479 0.002244827410613661 0.003935161991171515 0.04349358187167401
7480 0.005406401973233149 -0.0004367975097947932 0.1064170391891397
7481 -0.005337298309299304 -0.002381247674668269 0.01196000363979059
7482 -0.005691849875278654 -0.002559184969908318 0.009565050115268946
7483 -0.003789670666898714 -0.002559184969908318 0.01042765960821715
7484 -0.008750108234648366 -0.004904926501485635 0.0420168001431155
7485 0.003647280345826422 0.008877309526173157 0.1170532864371367
7486 0.006701030082036043 0.001111194505804957 0.006989623430729747
7487 0.00508924840122571 0.002381193878136384 0.00708336639426661
7488 0.007913218319189667 0.003492500627668573 0.005561499433315381
7489 0.007158865547101989 0.001022513033877476 0.004769992073455238
7490 0.005547083866291656 0.002292512406208903 0.004863735036992101
7491 0.004334895629138032 -8.879371565471376e-05 0.006291859034406467
7492 -0.009762293279509546 0.001566259904730931 0.02270855858622162
7493 -0.01003515369997529 -1.350122012611526e-17 0.02270855858622162
7494 -0.008023456466735274 -0.0004821682632963734 0.02303794685385483
7495 -0.009988302766759983 -0.0004821682632963798 0.02474650544007645
7496 -0.007750596046269527 0.001084091641434571 0.02303794685385483
7497 -0.005347365872277614 -0.00238125 0.130011825401856
7498 -0.003800135969745464 -0.002570453934272002 0.1315625238173612
7499 -0.005697399939989387 -0.002570453934272002 0.1324218079042237
7500 0.0008015163263088881 0.001727406589376224 0.02521902578015234
7501 0.000970484367946754 0.000928703550671943 0.02780425906727933
7502 0.000187889154575686 -0.00238125 0.1380829570443859
7503 0.000187889154575686 0.00238125 0.1380829570443859
7504 0.005021694150431947 -0.008518630565266782 0.07392042246548353
7505 0.005978363739801562 0.008543101045522274 0.1192914414137786
7506 0.006913453683177913 0.007510012664062149 0.1192914414137786
7507 0.005164204542369183 0.006672903880122906 0.1189632733085199
7508 0.006099294485745533 0.005639815498662781 0.1189632733085199
7509 0.007313219662076504 0.006958489762678221 0.1172547147222985
7510 -0.001156541263844012 0.006006362630289341 0.1189111079541262
7511 -0.00208153329167709 0.007207980402495039 0.1189111079541262
7512 0.0001689743514247622 0.006811990820343683 0.1190790288229267
7513 5.62352060663482e-05 0.007236321064060844 0.1169901367770529
7514 0.00109396637925784 0.005610373048137985 0.1190790288229267
7515 0.0001674079676675768 0.002381246562262813 0.003913401357076593
7516 0.0001674071338455835 -0.002381253437737187 0.003913383684632307
7517 0.003092847591675017 0.009258762199845397 0.06970808614354929
7518 0.009670099306034621 -0.003177451610038054 0.1120048966629404
7519 0.008249521686055016 0.00363206938935978 0.1394424190338189
7520 0.008275151963137814 0.002517771196424786 0.1407193461181329
7521 0.006999673649192829 0.003648201807065005 0.140723072915686
7522 0.005913522536838019 0.002254049140856237 0.1386670339642212
7523 0.005939152813920818 0.001139750947921242 0.1399439610485352
7524 0.007189000850783004 0.001123618530216017 0.138663307166668
7525 0.009295334475742564 0.00333384333308205 0.05693697107456931
7526 0.0008362449238152512 0.01004879636768377 0.02254521101233024
7527 0.008323025603477809 -0.001333886213743703 0.1406471392668314
7528 0.007189000850783004 -0.0001729563487141011 0.1385911003153665
7529 0.005772223007232463 0.002544146298639426 0.115523320601096
7530 -0.003487859302210212 0.009319285626587929 0.1157203714193393
7531 -0.005002615258292164 0.008032467196463193 0.1149420084119003
7532 -0.00356498107053651 0.009233278524306375 0.1129036789055446
7533 -0.003786150161443753 0.00625948511380591 0.1132271603870187
7534 0.009942563885873078 0.0005991211012454265 0.1072359605652687
7535 0.001715701867190373 -0.00970387729504683 0.06990775043640649
7536 -0.0001209080949491459 -0.007190617632780966 0.06940397829212322
7537 -0.008232297018591322 -0.00519750481062394 0.09161835813384338
7538 0.009234091136245473 -0.003025701735504425 0.0310713510368942
7539 0.002388070937461574 0.005127063901865569 0.1135515253521178
7540 0.002853642112691614 0.009494961312476249 0.06047207136423208
7541 0.005586297873267897 0.001875664434969036 0.1170808285386929
7542 0.004041666666666666 0.002035482561548821 0.1190963489051894
7543 0.002823350380986995 0.0002228787850493369 0.1173292210370227
7544 -0.004665931778685695 -0.003913176611095645 0.06402479222156032
7545 -0.005831013106146734 -0.001886111144027728 0.06594375589316014
7546 -0.005501424839668317 0.004076358730871569 0.02362598944141813
7547 0.004147593696235757 -0.003621428725945764 0.08124785804798865
7548 -0.009625158962250262 0.002235933178797029 0.04343974823854187
7549 0.006134365192321398 -0.007960311598632992 0.07758040668269606
7550 -0.005989641624789665 -0.007366818688158461 0.04049140075659188
7551 -0.007671004307465847 -0.006242348773232393 0.04101826269264733
7552 -0.001465200246334137 0.006385221392783084 0.02835746890215946
7553 -0.002619472655130919 0.00493858416079645 0.02933053337888446
7554 0.006929191821592363 -0.006646513501783462 0.1169385751064913
7555 0.005978363739801609 -0.008543101045522241 0.1192914414137786
7556 0.005385504902830502 -0.008163296690731769 0.1164289999008949
7557 -0.001616666666666667 0 0.021
7558 -0.0008083333333333334 0.0007500000000000001 0.02344915878675101
7559 4.463058843998807e-06 -0.003351872796973075 0.1404935940774754
7560 0.00422794434703402 0.003743891387583316 0.04249402210014629
7561 -0.009623518597907688 0.002240754610287615 0.03946891718858229
7562 0.006673009141619189 -0.007448414378059627 0.04009214747911882
7563 0.006235462827072318 -0.00792267976349912 0.03810670090780606
7564 -0.006147872515238994 -0.007237348401415643 0.1169819170459586
7565 -0.006498840701518791 -0.005210029097324013 0.1186745958140583
7566 0.006913453683177964 -0.007510012664062117 0.1192914414137786
7567 -0.006436020069655789 -0.007493793387316581 0.1005621581623163
7568 -0.007254676403173818 -0.006783687636528593 0.1023428076608482
7569 -0.005826567616636857 -0.007749094666737208 0.1033324335124068
7570 -2.168404344971009e-19 0 0.122
7571 -0.007064773634337763 0.0008937087282001265 0.01196963085892633
7572 -0.00779753761283699 0.003274956402868396 0.009990295493895145
7573 -0.007419325200317113 0.000715771432960078 0.009574677334404693
7574 -0.009777578732276693 -0.002596447434320576 0.07410771261112702
7575 5.29629456350305e-06 -0.003351872796973075 0.001497173504508482
7576 0.005703631363282201 0.001810069184978245 0.03892707130296386
7577 -0.005466079532441825 -0.0003858852345842304 0.08625169241906641
7578 -0.008155795308450745 2.493377071941579e-05 0.1406471392668314
7579 -0.007073675583156172 0.0008937064028683959 0.1300218297973663
7580 -0.007798690289121444 0.003274956402868396 0.1319899956044897
7581 -0.007423709650867943 0.000704502468596394 0.132431812299734
7582 -0.00178300144839431 0.003180580754175941 0.1404935940774754
7583 -0.008155795308450745 2.493377071941449e-05 0.001352860733168615
7584 -0.001616666666666667 0.001092166065014693 0.02529353413767706
7585 0.0001075672192037267 0.002543558847992726 0.02693493236385736
7586 -0.001046705189593055 0.001096921616006092 0.02790799684058237
7587 -0.004864255585235844 -0.004412933634714504 0.1186745958140583
7588 -0.001616666666666667 0 0.121
7589 -0.0008083333333333335 -0.00075 0.1185504960723515
7590 0.01086201905283833 -0.0007556333158275605 0.02300000000000001
7591 0.01086201905283833 0.0007556333158275582 0.02300000000000001
7592 0.009969493936973189 -0.0005902222295205662 0.0250156765767178
7593 0.008831512989811517 -0.001345855545348124 0.02301567657671779
7594 -0.0007568543676305724 0.005310549293219211 0.08900346191015512
7595 0.002410150382881158 -0.01010826453952349 0.1196462200688184
7596 0.005098919220633089 -0.008410872067705834 0.1145527312300701
7597 0.00613671810866136 -0.007958337907643338 0.07957605745964869
7598 0.003465155614081798 0.009309979809889311 0.02524157194414636
7599 -0.009906608729400777 -0.001468907607079934 0.02585837737301735
7600 -0.01007340249081851 -0.00136872375551055 0.02830335788157125
7601 4.463058843998807e-06 0.003202953836237622 0.1404935940774754
7602 0.0001834260957316993 0.0008217038362376218 0.1395893629669105
7603 -0.0005799498074515025 0.0001610559768723306 0.05530307625290705
7604 -0.006173863034626352 0.006763680606543756 0.1116147710631405
7605 -0.006364709605930297 0.007210828250134685 0.1141625590953343
7606 -0.007535610096020056 0.005958185362990506 0.1131670959180674
7607 0.005306733620228735 8.045400325511307e-05 0.03697191064505061
7608 0.004944697039778219 0.001769994157307638 0.04316029179355798
7609 -0.001782167378852811 0.00318058075417594 0.001497191176952767
7610 0.009727044010823175 0.002329119553568381 0.06868385600859087
7611 0.007929320644431631 -0.005630752802419096 0.06125814053976503
7612 0.008178388444902205 -0.005703034773082243 0.05902052048562662
7613 0.005535383356087961 0.008181942273868502 0.04115511184753029
7614 0.004184493611099005 0.006165546743431897 0.0398796192883825
7615 0.003548600374273493 0.003674767741321413 0.1125769729625733
7616 -0.002706907064470148 0.005088731571527848 0.114639380838115
7617 -0.003622944852138058 0.003516084758689036 0.1137108754054627
7618 5.297128385496272e-06 0.003202953836237622 0.001497191176952767
7619 0.0001621108392820926 0.0008217003985004343 0.002416210180123825
7620 0.01086201905283833 0.0007556333158275582 0.119
7621 0.01086201905283833 -0.0007556333158275608 0.119
7622 0.008831650259439558 0.001345815189247774 0.1189844796335036
7623 -0.00728291349773021 0.003432795432717435 0.02362598944141813
7624 0.008250143663837937 0.003492500627668573 0.004011381795732611
7625 0.004479015531646732 0.008914087113185922 0.06147370258156877
7626 0.007048163354087054 -0.003669380724173366 0.001277513898757656
7627 0.008250137750609244 -0.003635202735925794 0.002558167780624768
7628 0.008323025603477811 -0.00254208346009916 0.001280653881867112
7629 0.005956891150579799 -0.001376868317964463 0.002036113838565979
7630 0.007158865547101989 -0.001342690329716891 0.003316767720433091
7631 0.005884003297711233 -0.002469987593791097 0.003313627737323635
7632 0.004156449797225256 0.008909706207314093 0.1045921297056189
7633 0.004945487453307074 0.008881578751650517 0.106429350785504
7634 0.007679254816243719 0.003304617016957394 0.1301321848376775
7635 0.005163328066046954 0.00238125 0.1284024673177889
7636 -0.003444222254884819 0.009284179389427953 0.1111371118342282
7637 -0.004314684815843932 0.009136498183458519 0.06112635201215606
7638 0.0009090835455126148 0.00427096543736895 0.02625564057050769
7639 0.008943933448990096 -0.004744503042809113 0.1130015333110184
7640 -0.007064773634337763 -0.0007436001110375039 0.01391922218275939
7641 -0.008350232794108972 0.006692194941632579 0.1192914414137783
7642 -0.008497136335887914 0.005251536180868939 0.1192914414137783
7643 -0.007346735230978072 0.006214613169119362 0.1164241863604655
7644 -0.008447430904527573 -0.005318106784810296 0.08956041007177415
7645 -0.0002173547072547124 0.0001304809607147266 0.08659314024335468
7646 0.004003135678007571 0.006515834940978098 0.1190790288229267
7647 0.003068045734631221 0.007548923322438224 0.1190790288229267
7648 -0.007622512117769289 0.003274956402868396 0.1299583672862448
7649 -0.00517118770092546 0.00238125 0.1279801970836111
7650 -0.008129251385852753 -0.003124852436369235 0.1264466953435558
7651 -0.007073675583156172 -0.0007436024363692349 0.1280722384735332
7652 -0.007594988609279927 0.003274956402868396 0.01201565271104795
7653 -0.00513476224361769 0.002381252325331731 0.01398528356997429
7654 0.00781590873321821 -0.003495111749806919 0.1344649458263755
7655 0.004984497940979138 -0.002381250000000001 0.1329265514893982
7656 -0.003932524893908912 -0.005826540325485094 0.06413667653621279
7657 -0.005627222449747732 -0.008136289858341562 0.0633313209694302
7658 0.006913453683177965 -0.007510012664062116 0.02270855858622138
7659 0.006186664725254455 -0.007055627625563265 0.02541367363463335
7660 -0.009830318264963247 -0.0002767967848533571 0.08461402729672471
7661 -0.009910051012482693 0.0005511290614908904 0.08261391801650914
7662 0.009527305971195343 -0.003229963408620219 0.06600018708406491
7663 0.007679156966331572 -0.003414284146767903 0.01185890455273256
7664 0.005157511280096692 -0.002381218097798275 0.01357555391442517
7665 -0.002173284766380927 0.0049534130945322 0.0874208499553389
7666 0.004334561456073616 -0.00961912607553702 0.118977188705283
7667 0.003741702619102509 -0.009239321720746548 0.1161147471923992
7668 0.004303056604815984 -0.003723903407821817 0.09507929191926091
7669 0.008686123779143727 0.004750476973149729 0.05406641701456977
7670 0.00835945824472762 0.005378431977037688 0.05190588596007376
7671 -0.008356807215636815 -0.00668373254441278 0.1194482098593587
7672 -0.007624868441694412 -0.005879924310747619 0.117122805673417
7673 -0.001129587883496813 -0.001106209365596483 0.027991966750132
7674 -0.0001591035155500593 -0.0001775058149245399 0.02989790824390931
7675 -0.008113499708199804 -0.003124852436369235 0.01551239354589336
7676 -0.005311633918498765 -0.00238125 0.1367142579533618
7677 -0.00551635243372811 -0.002570453934272002 0.1344641089302273
7678 -0.009720499947696202 -0.001147536580561694 0.08360682412121827
7679 -0.004147592910076825 -0.009249239886690389 0.06214847417163519
7680 0.009977044010822672 0.0006152059034698057 0.06968385600859087
7681 0.005540939036138278 0.0002124250129992008 0.06640792781130007
7682 0.007815477459078454 0.003492500627668573 0.007522683826250978
7683 0.004991507541114496 0.002381193878136384 0.009044550787202206
7684 -0.00534059684038839 -0.00238125128463405 0.00525826895167606
7685 -0.005539438684536534 -0.002559184969908318 0.007516417793829057
7686 -0.003991204037395523 -0.003328118010899384 0.02788372231190339
7687 -0.005361675930642231 -0.002221908645302901 0.02677189931806064
7688 -0.004116726443410188 -0.000848095300444446 0.02619399626015884
7689 -0.004478282820565376 -0.003070003945747347 0.02510392563914299
7690 -0.00274625455016348 -0.001954304666040929 0.02730581925400159
7691 -0.009975231566618226 -0.001840074989954936 0.02971829904405286
7692 0.00198046532596401 -0.005817640470004678 0.07192707925501751
7693 0.008090581753588634 -0.005181499735049912 0.1167414104251572
7694 0.003422729950404285 0.002254049140856237 0.1364246332856675
7695 0.003740231965307123 -0.00923996967814392 0.1141254240530149
7696 -0.004126910583698917 0.006941614191283603 0.023207906017064
7697 0.004202956574035186 0.004702354966886904 0.02351636838923019
7698 0.002467875292746346 0.003981225366732425 0.02276986699340133
7699 0.008155795308450743 0.001229997670508856 0.1407193461181329
7700 0.005819796159233746 -0.0001480225779946875 0.1399439610485352
7701 -0.006852336885253303 0.008058866128022736 0.02245910039387666
7702 -0.005063916081746008 0.008143068064286208 0.02466700641094065
7703 -0.002121557652837433 0.005593354545240573 0.1171340254317985
7704 0.00791229437160036 0.00363206938935978 0.1378839818331987
7705 0.005576295222383364 0.002254049140856237 0.137108596763601
7706 -0.009116533017077369 -0.00417596348608941 0.07710094406631327
7707 -2.168404344971009e-19 0 0.02
7708 -0.0002160881009863483 0.002527199222134473 0.1192229174776722
7709 -0.001832754767653015 0.002527199222134473 0.1192229174776722
7710 -0.001024421434319682 0.001777199222134473 0.1167734135500237
7711 -0.007724886600311847 0.006595914562864727 0.03741994512197017
7712 -0.006477005891629306 -0.005228827310797489 0.0233409143485224
7713 -0.006143305102633262 -0.007244907514878079 0.0248694371032029
7714 -0.006897078686465149 -0.008029917535069766 0.0225285227546805
7715 -0.00523534522525823 -0.006691791423780479 0.02285227916576697
7716 -0.004901644436262186 -0.008707871627861069 0.02438080192044747
7717 -0.004481571641426344 -0.005906781403588792 0.02519319351428936
7718 -0.001720571481921261 -0.003844046586763847 0.02879690384005764
7719 -0.000590983598424448 -0.002737837221167365 0.02670325466342766
7720 -0.001616666666666667 -0.0008480953004444458 0.0252121700773716
7721 0.005157764250306968 0.002381281902201726 0.01357541989695576
7722 -0.0009286388623547598 -0.004753806339920555 0.06324272431335595
7723 -0.003452599752323158 -0.004959745866470266 0.02659501022519905
7724 0.008155795308450745 -0.001274774454776718 0.001280653881867112
7725 0.005789660855552733 -0.0001095593126420217 0.002036113838565979
7726 -0.004927075418174644 0.008411639577977867 0.1121242295889786
7727 -0.00553688879699831 0.008902441052053702 0.02245910039387666
7728 -0.00359747128811432 0.003301989267899768 0.02284437535092606
7729 0.00893076714138571 -0.004095246051197904 0.05592302239045815
7730 -0.005500473585577232 -0.00853597467481867 0.04135035685526967
7731 0.006701030082036043 -0.0007593252910629241 0.007306153872007433
7732 0.007158865547101989 -0.000848006762990405 0.005086522514732923
7733 -0.008366474157318513 -0.006671232631020598 0.02256294804727231
7734 -0.007612700573486626 -0.005886222610828911 0.0249038623957947
7735 -0.007220483356168969 0.001113860465172868 0.005050406727140955
7736 -0.007645115332487342 0.003495111749806919 0.005675607653318036
7737 -0.007419325200317113 0.0009359267798986011 0.007308555569293954
7738 0.009423754135636011 0.002949139524619461 0.08666394438208801
7739 0.005163328066046954 -0.002381250000000001 0.1284024673177889
7740 -0.005608374163172939 -0.008167340434439703 0.02558454981712822
7741 -0.003593006282587908 -0.007412285508342888 0.02726188351495292
7742 -0.009437378424610041 0.003513927380420691 0.02329799674049684
7743 -0.009663387911860478 0.001465499212393381 0.02533594359435167
7744 -0.00919570536332116 0.003814203003676245 0.02592398618191497
7745 0.008174869521110267 -0.005708328211320808 0.0550360041382633
7746 -0.007617642782860166 0.00349511174980692 0.136298418395604
7747 -0.007218991135638599 0.00111386174980692 0.1369480830879793
7748 -0.007423709650867943 0.000924657815534918 0.1346979340648447
7749 0.006693589207760928 0.000743602436369234 0.1346773187519666
7750 0.007189000850783004 0.0006164015772254709 0.1368935523723682
7751 -0.002734818212936736 -0.009665528875709371 0.05514894873886247
7752 -0.007797524674961542 -0.003124852436369235 0.0119399641046973
7753 -0.007594963205561746 -0.003124852436369235 0.01396529603983927
7754 -0.005134736839899509 -0.002381247674668269 0.01398533557493255
7755 -0.00359330897345775 -0.004724718502096738 0.02903209313761931
7756 0.002574919939438655 -0.0007499999999999999 0.02265836507748575
7757 0.002574919939438655 0.0007500000000000001 0.02265836507748575
7758 -0.00517118770092546 -0.00238125 0.1279801970836111
7759 0.003391037426644352 0.002292512406208903 0.00554237948430519
7760 0.005567754873475281 -0.001862882880419891 0.06575087363271911
7761 0.002425 0.002035482561548821 0.1190963489051894
7762 0.001616666666666666 0.001285482561548821 0.1166468449775409
7763 0.0005922452323469851 0.003062681783683295 0.1173192663828616
7764 0.008057705419855943 0.006075157210903407 0.02304783354087672
7765 0.003751762799387839 -0.004751048427885074 0.07959596294814836
7766 -0.005496028576365239 -0.003421707414303572 0.1406632412224562
7767 0.002015017047653661 -0.001812603776499485 0.1192328721318333
7768 0.002015017047653661 -0.0003126037764994846 0.1192328721318333
7769 -0.004366007885174076 0.002391217949806957 0.07342651145640244
7770 -0.002425 -8.761383840410488e-05 0.1192334793415063
7771 -0.007622512117769289 -0.003124852436369235 0.1280087759624117
7772 -0.007798690289121444 -0.003124852436369235 0.1300404042806566
7773 -0.006488362543503504 -0.0004821682632963699 0.02646893182339308
7774 0.005978363739801609 -0.00854310104552224 0.02270855858622138
7775 -0.0007930639636855452 -0.005058291558836105 0.06611707756911463
7776 -0.005491850842565234 -0.003421707414303572 0.001364898108617683
7777 0.007815477459078454 0.003209374344378586 0.009788805591361718
7778 0.005293831772843574 0.002381281902201726 0.01150545495305433
7779 0.008155795308450745 2.493377071941492e-05 0.001352860733168615
7780 -0.00200881850747902 0.005169024301523413 0.1192229174776722
7781 -0.001083826479645941 0.003967406529317714 0.1192229174776722
7782 0.008176619887471306 -0.00570569669482175 0.05703508642685805
7783 -0.002983855004630358 -0.00952779823335803 0.02495640130202431
7784 -0.004312120076594777 -0.009046985198861242 0.02607540681259728
7785 -0.003336950312162999 -0.009570338225129133 0.02751372648544331
7786 -0.004665215384127417 -0.009089525190632348 0.02863273199601627
7787 0.002295873613014903 -0.006232037225445161 0.02307824753584961
7788 0.0001777610308870656 -0.005719389569492323 0.0479929512184465
7789 0.005299981983021444 -0.002381250000000001 0.1304691065413762
7790 0.00781590873321821 -0.003274956402868396 0.1321988240612647
7791 0.007679409936541847 0.003492500627668575 0.01412489230037389
7792 0.008155795308450743 -6.657720842126154e-05 0.1406471392668314
7793 0.003821076972297557 0.009326845870642997 0.05531948598023471
7794 0.005415466021812518 0.003648201807065005 0.1404507288633643
7795 0.004329314909457708 0.002254049140856237 0.1383946899118995
7796 -6.817007024445369e-06 0.002477406589376224 0.02276986699340133
7797 0.001609849659642221 0.002477406589376224 0.02276986699340133
7798 -0.005217187541530666 0.002097563765660965 0.0913906573463803
7799 -0.003826009704248332 0.001448562600777586 0.09009550916734604
7800 -0.00558163059821015 -0.008873492459100733 0.0225285227546805
7801 -0.003919897137003232 -0.007535366347811448 0.02285227916576697
7802 0.003857128725149019 -0.004040671248953478 0.03628487254526
7803 -0.002434618751385286 -0.005312342746142736 0.0673558753798317
7804 0.002086240154406397 0.00238125 0.1380400918302749
7805 0.006973147981576145 0.006910881488464002 0.03768733972273845
7806 0.006862775825818427 0.007288456106420683 0.0402873737039227
7807 0.001557261621340407 0.003475689868732062 0.1190963489051894
7808 0.005290042950265633 0.007849592744286859 0.03885016913309618
7809 0.00298003333752478 0.005726274546509053 0.06030785529881676
7810 0.007679254816243719 -0.00349511174980692 0.1278660630725667
7811 -0.009117882729830738 -0.004173708350863448 0.07311331558765605
7812 0.002770038091250767 0.004705648302503565 0.1171753777281161
7813 0.0001289499902644186 0.005197364963089217 0.117301946300599
7814 -0.002541919933168032 -0.01045021054320412 0.02310412213625735
7815 -0.002797975903592942 -0.008292157826417875 0.02285227916576697
7816 -0.0007343848705252832 -0.009821143923161101 0.02518236967210696
7817 -0.0005485057694878668 -0.008585503516220946 0.02307824753584961
7818 0.007679156966331572 -0.003140519169199308 0.01380849587656562
7819 0.0003314901494889384 -0.004123822366702246 0.02857597101270053
7820 -0.007622512117769289 0.003495111749806921 0.127692245521134
7821 -0.002035474111858036 0.002763947087842145 0.1148010479364477
7822 0.007679254816243719 0.003124852436369235 0.1281825935138444
7823 0.004924885086026548 0.008892170232493482 0.1098383892126308
7824 -0.003225629632477489 -0.004436153684564857 0.0666766427269195
7825 0.005172795520328575 -0.00824205544135777 0.07273201247072505
7826 -0.007097925243553837 -0.007158100240114451 0.07033225405655187
7827 -0.006654140901627443 -0.007745095081615182 0.06825747738435253
7828 -0.007594988609279927 0.003495111749806921 0.01428177447615869
7829 0.00274020867072939 0.003983347958219155 0.04144428043254408
7830 0.0006522526669935094 0.004646648698396136 0.04204264825907435
7831 -0.003795349066650212 0.009414824217162414 0.03010871070379157
7832 -0.0006825443432312923 -0.010586792026172 0.1196462200688184
7833 -0.002713490945503585 -0.008534476027773482 0.1192003312233598
7834 0.006210414540640457 0.007796488894128784 0.08841834057727355
7835 0.002063235045782685 0.009584709726818519 0.1109631273700477
7836 0.005417651963137823 0.003648201807065005 0.00155989660579064
7837 0.004301365547101999 0.002292512406208903 0.003596010444356619
7838 -0.0006825443432312923 -0.010586792026172 0.02245562498930584
7839 0.001124990719411456 -0.009957725406128978 0.02453387252515545
7840 0.001905000000000015 -0.003351872796973075 0.00155989660579064
7841 -0.007797524674961542 -0.003304617016957394 0.009990372780864253
7842 -0.007419325200317113 -0.002559184969908318 0.008574677334404694
7843 -0.007419325200317113 -0.001101301986865712 0.009574677334404695
7844 0.002067110839282096 0.002381246562262813 0.003976106785914466
7845 0.00549062471178198 1.084202172485504e-19 0.02265836507748575
7846 0.001949575346520398 0.0007993273164387566 0.002416210180123825
7847 0.004183830054340301 0.0007105931603848466 0.002036113838565979
7848 0.005080883579361288 0.00238125 0.1348923631431994
7849 0.0001771423194047222 -0.003659665151514823 0.06452586562242965
7850 -0.008166647673170765 0.00349511174980692 0.137929362987567
7851 0.003391072975265243 -0.002469987593791097 0.005542499327772644
7852 -0.007645115332487342 0.003274956402868396 0.007941729418428776
7853 0.005674530232322062 0.003294146298639426 0.1189632733085199
7854 0.004866196898988729 0.003829628860188247 0.1170596222137092
7855 0.001894197221891865 -0.009876515579125989 0.07390538522645715
7856 0.004723325607149749 0.003792077354630956 0.04044472066101636
7857 0.003422729950404285 -0.002508450859143764 0.1364246332856675
7858 0.006241534917856353 0.007114153130392899 0.08444990974336272
7859 0.006875261784204194 0.007390556387951358 0.0825349686792459
7860 0.009571014149522779 0.002504213812958381 0.1110581393499337
7861 0.00190281405867471 -0.003351872796973075 0.1404507288633643
7862 0.00780039393435209 -0.006212295230582723 0.03902632707892816
7863 -0.0049643857920776 0.00229707726463663 0.1014026416610338
7864 0.008963449874906696 -0.004585976768276368 0.1190942767324446
7865 -9.009934738298919e-05 0.00120992157831698 0.04117221932810466
7866 0.00791229437160036 0.003124852436369235 0.1361142270388989
7867 0.001970890602970004 0.000799330754175944 0.1395893629669105
7868 0.004213965358021314 0.0006721298950321804 0.1399439610485352
7869 -0.01014452130614164 -0.0005136524321236653 0.06924054536437899
7870 -0.002068732666316694 0.007727353747151233 0.03135297727448931
7871 -0.008162470044396908 0.003495111749806919 0.004098775826235278
7872 -0.007617642782860166 0.003274956402868396 0.1340322966304933
7873 -0.007798690289121444 -0.003304617016957394 0.1319899956044897
7874 -0.007423709650867943 -0.001112570951229396 0.132431812299734
7875 -0.007423709650867943 -0.002570453934272002 0.133431812299734
7876 0.00781590873321821 0.003124852436369235 0.1341484153850978
7877 0.004099752493998685 0.003853151784867908 0.1151412383658793
7878 0.004139359441577067 0.001285482561548821 0.1156563961977655
7879 -0.008822460413473808 -0.003444971859157323 0.03001336894258678
7880 -0.002500059776743521 0 0.02688014375628926
7881 0.007815305065149616 -0.003140519169199308 0.007839630439623498
7882 -0.004110178661278327 0.008639719825191058 0.02657814875829965
7883 -0.003855977192592883 0.009390261768223364 0.02824193806628875
7884 0.001521651776796222 0.003844877240095305 0.1156029847966172
7885 0.003233333333333333 0 0.121
7886 0.005089218835082244 -0.002381306121863617 0.00708341808383813
7887 0.007913188753046202 -0.003140519169199308 0.005878081564164587
7888 0.00554705430014819 -0.002469987593791097 0.004863786726563622
7889 -0.008503710757415763 -0.005243073783649133 0.1194482098593587
7890 0.001792761635623801 0.003180580754175944 0.001497191176952767
7891 -0.002425 0.001842166065014693 0.02284437535092606
7892 0.007913188753046202 -0.003635202735925794 0.004108326769864754
7893 0.001546306690373733 -0.002412849342945955 0.02272912572520706
7894 -7.035997629293331e-05 -0.002412849342945955 0.02272912572520706
7895 0.002682181213608141 0.002392581079551148 0.1146284324070727
7896 -0.001063921026770289 -0.0001242981514998091 0.07276864012596801
7897 -0.00413993239342531 -0.00410762459118316 0.09398178512148948
7898 -9.501488987044435e-05 0.002559394678546484 0.1150571319637793
7899 0.001065514546941474 0.001107098518002327 0.1140825795742348
7900 0.00439253857234119 0.009593205284375865 0.02321166274897191
7901 0.008249521686055016 -0.003495111749806919 0.1379891946807968
7902 0.001791927566082303 0.003180580754175944 0.1404935940774754
7903 -0.0006016601456837656 0.00979566228114612 0.1175325539336939
7904 0.001648847497418086 0.009399672698994763 0.1177004748024944
7905 0.0007704812447277619 0.009407936203336346 0.116295965688232
7906 0.001494140275565365 0.007489455150598491 0.1190790288229267
7907 -0.005227876105622424 -0.008719772640947584 0.06925080011218038
7908 -0.004212254582137559 0.003219871960733788 0.08818378698224011
7909 -0.002923492947797826 0.004837691575840712 0.08948831754855768
7910 -0.006916650389393796 -0.00755818703316616 0.04234910346935337
7911 0.008964093824797769 0.003500173120167064 0.07198263722765159
7912 0.009747589618051129 0.002258618023084467 0.07055788607133165
7913 0.00843932463352708 0.004769119116200492 0.07325533591076736
7914 0.009774745863370803 0.002160085584532365 0.07283244036317943
7915 -0.0006825443432313381 0.010586792026172 0.1196214459795677
7916 -0.002674797407342219 0.01041759131121281 0.1195590937649712
7917 -0.002593913209794647 0.009626461566186932 0.1174702017190974
7918 -0.002275156634583077 0.008423440391238077 0.1189111079541262
7919 0.0001534837070105098 -0.001982874916127171 0.06580834268835786
7920 -0.001526470848462328 -0.003144927844446658 0.06600519325446216
7921 0.005474497926224369 -0.002253086071463292 0.09557553114001896
7922 -0.00528661615389871 -0.002971908645302901 0.0233409143485224
7923 -0.001049473720355854 0.009860105677332934 0.03371296483639636
7924 0.00369246450723832 0.003180580754175944 0.00155989660579064
7925 -0.008519047106977165 -0.004220276732305346 0.02479450621174285
7926 -0.009645733719838437 -0.002480536350298814 0.02449153871707528
7927 0.005089128826681574 0.001284077593314678 0.08652922826910728
7928 -0.0057097455435309 0.001563039314676317 0.0879668777476207
7929 -0.004892385033912936 0.003158905924094734 0.09008019695953542
7930 -0.002796988769727815 0.001634326865336921 0.08838406555731812
7931 0.0025226927749104 -1.084202172485504e-19 0.1151105433649277
7932 0.002294058974617578 0.005439792711199988 0.06222689302069517
7933 -0.001279186636546355 -0.007754162167929639 0.02285227916576697
7934 -0.007048592656890333 -0.00716300888626612 0.06433004718583277
7935 -0.006656467696126189 -0.007742952495329494 0.066266104720378
7936 0.0008362449238152943 -0.01004879636768376 0.02245562498930584
7937 0.0009702834975587199 -0.00804750785773271 0.02307824753584961
7938 0.003816003833577312 0.009329539130133999 0.05930455730824123
7939 -0.001119436324190126 0.004336593900680957 0.1157295533691001
7940 0.003890603219838608 -0.00915261742601944 0.02764160439638801
7941 0.003690278565913014 0.003180580754175944 0.1404507288633643
7942 -0.0007563673675364871 0.007885444732749847 0.1189111079541262
7943 -0.001587705626706028 0.005088273716593228 0.06293812326174442
7944 0.008074843615174234 -0.006044998897328567 0.1190942767324446
7945 -0.00413330927152788 0.003618244675440859 0.07423976262629019
7946 -0.003341408220332559 0.004982357547850757 0.06421534550222033
7947 -0.001041997084118422 0.009860793643522586 0.03212536368315208
7948 -0.002118799348877457 0.009816764985952069 0.02951577705876897
7949 0.001218346151548301 -0.005488845535921607 0.07394439064404912
7950 -0.008497136335887914 0.005251536180868939 0.02270855858622167
7951 0.007889640734562423 -0.00551211423135001 0.1146471358700713
7952 -0.002632252030221809 -0.004239069032852391 0.06472205194538846
7953 0.003803283973437811 -0.009271979905007249 0.05173177522894516
7954 0.005579518653803726 -0.003421707414303571 0.001277513898757656
7955 0.007679409936541847 0.003209374344378586 0.01185877053526315
7956 -0.002425 -9.809530044444588e-05 0.0227630112906206
7957 -0.002425 -0.001598095300444446 0.0227630112906206
7958 -0.003796718640752503 0.009660799832606381 0.1195590937649712
7959 -0.002425 -0.001587613838404105 0.1192334793415063
7960 0.0008362449238152512 0.01004879636768377 0.1196214459795677
7961 0.003692231055604457 0.009024128008078856 0.1099735507779951
7962 0.004938592834674337 0.008885134409170013 0.1084159834542535
7963 0.007679254816243719 -0.003274956402868396 0.1301321848376775
7964 -0.00427380681792155 -0.004493120220159021 0.06596084975610556
7965 0.001531991697075541 -0.005379121382691859 0.02695921092508862
7966 -0.007423709650867943 -0.0009328063706412369 0.1304822209759009
7967 -0.007419325200317113 -0.0009215374062775524 0.01152426865823775
7968 0.005578902589249497 -0.00342170741430357 0.140723072915686
7969 -0.008166647673170765 -0.003124852436369235 0.1376128325462893
7970 -0.007218991135638599 -0.0007436024363692347 0.1366315526467016
7971 -0.009229361100744867 0.003460951138405942 0.02986632542298453
7972 -0.0009990353995313801 0.005190985228706697 0.04334317344118128
7973 0.005743439153564385 0.00800129008385784 0.1169375309227298
7974 -0.005191612180409067 0.003180580754175941 0.1406632412224562
7975 0.007708001719757186 0.002226828944391363 0.1189844796335036
7976 0.006987900745478018 0.004180793369610574 0.1189632733085199
7977 -0.00484242077534636 -0.004431731848187979 0.0233409143485224
7978 0.008774797549455898 -0.004838188155732638 0.06310106002229912
7979 -0.00816246993937076 -0.003124852436369235 0.004415306784784628
7980 -0.007220483356168969 -0.0007436037210032855 0.005366937168418641
7981 -0.005891268553779855 0.007504902268591213 0.02603262736909048
7982 -0.005637067085094412 0.008255444211623518 0.02769641667707959
7983 -2.922894654504293e-05 0.0100228303589145 0.03039759123396286
7984 -0.002496610920170778 -0.01046060199808571 0.1189318017339772
7985 -0.009419724232588002 -0.003564627991733385 0.02245359186322046
7986 -0.006623909433408255 -0.003788168550033842 0.0233409143485224
7987 -0.007750596046269527 -0.002048428168027311 0.02303794685385483
7988 -0.004530730732017144 0.003762809813527863 0.07599568472045112
7989 0.002653650318225187 0.006099350884353125 0.02302990919517446
7990 -0.002880240758471106 -0.004931448110543975 0.06245746888455048
7991 0.009144874468016307 -0.004413888546509015 0.1150958078661043
7992 -0.007419325200317113 -0.0009215374062775527 0.007625086010571639
7993 0.001907584403688194 -0.00560861595267211 0.04906444422267426
7994 0.003283025633104124 0.003539301338905022 0.1190963489051894
7995 0.00491588919875952 0.004797965075995626 0.1189632733085199
7996 -3.670558278247445e-05 0.01002214239272484 0.03198519238720714
7997 -0.007423709650867943 -0.0009328063706412367 0.134381403623567
7998 -0.003233333333333334 0 0.121
7999 -0.00919715390122755 0.003809977151933114 0.02786503972643156
8000 -0.009831630211184605 0.001561457212219634 0.02972197764742216
8001 0.003896229319251987 -0.009150238545720793 0.02967734223094599
8002 -0.003233333333333334 0 0.021
8003 -0.007617642782860166 -0.003124852436369235 0.1359818879543264
8004 -0.002733322802033559 0.005503895316182997 0.0917419384407248
8005 -0.007645113484219422 -0.003124852436369235 0.005992149135591308
8006 0.009200623814786753 0.003529010948597679 0.1173792842855924
8007 0.008969363121341478 0.004575476146148613 0.1193948046520888
8008 0.008480522840507584 0.00548297537381689 0.1173580779606087
8009 0.002410150382881107 0.0101082645395235 0.1196214459795677
8010 0.002410150382881158 -0.01010826453952349 0.02245562498930584
8011 0.002819730391021558 0.005673984518310944 0.1190790288229267
8012 0.009560287772888417 0.003087605175407407 0.1195313375859838
8013 0.009791548466333693 0.002041139977856473 0.1175158172194873
8014 0.004408583231289443 0.009585901366701894 0.1189742576142099
8015 0.009560287772888226 -0.003087605175408189 0.02246866241401591
8016 0.009791411196705454 -0.002041180333957607 0.0244843389907337
8017 -0.009272820690809052 -0.005005286752497033 0.02245359186322046
8018 0.0106839363125706 -0.002206591420264602 0.02246866241401591
8019 0.01068393631257079 0.002206591420263818 0.1195313375859838
8020 -0.004414967563588025 0.009659232530660131 0.02245910039387666
8021 0.003233333333333333 0 0.021
8022 -0.005358710826832747 0.003648201807065004 0.001412202837950869
8023 -0.009906470587176315 -0.001469735804980783 0.02303794685385483
8024 0.007984373288700421 0.006229422574777438 0.1189632733085199
8025 -0.004030128035445439 -0.009179512718216241 0.02285227916576697
8026 0.001616666666666666 0 0.0205
8027 0.003233333333333333 0 0.0205
8028 -2.168404344971009e-19 0 0.0205
8029 -0.001616666666666667 0 0.1215
8030 -2.168404344971009e-19 0 0.1215
8031 0.002460204274632517 0.009661933702632909 0.02302990919517446
8032 -0.008414923112394571 0.002607146481420855 0.1232173477936116
8033 0.001616666666666666 0 0.1215
8034 -0.001616666666666667 0 0.0205
8035 -0.003945643077356082 -0.009421830919571848 0.1192003312233598
8036 -0.003233333333333334 0 0.0205
8037 0.003233333333333333 0 0.1215
8038 -0.007019174498247324 0.003645223033545402 0.1233962866673888
8039 -0.003233333333333334 0 0.1215
8040 0.0003983503809869948 -0.001812603776499485 0.1192328721318333
8041 -0.005963598695550743 0.001263973033545402 0.1250218297973663
8042 -0.006935989977492195 -0.005444474209536759 0.03307964031549472
8043 -0.002731102129039333 0.009453829393168122 0.03667382262857713
8044 -0.009349769915605179 -0.0004269277499346046 0.04753382721908093
8045 -0.008703502466624996 -0.002709251534036811 0.0710377452541804
8046 -0.008921935994355625 0.001495094581779535 0.06685922094445659
8047 -0.005093387683758529 0.005708198072776853 0.02749768476647123
8048 -0.004930822317945761 -0.007254538331988263 0.09059422333640336
8049 -0.001954883115527172 -0.008580762696239502 0.026358218012934
$EndNodes
$Elements
6450
1 9 2 3 1 38 1 409 43 410 411
2 9 2 3 1 1 44 409 46 412 410
3 9 2 3 1 2 35 408 39 413 414
4 9 2 3 1 58 2 408 60 414 415
5 9 2 3 1 45 3 406 48 416 417
6 9 2 3 1 3 52 406 57 418 416
7 9 2 3 1 49 4 407 53 419 420
8 9 2 3 1 4 59 407 62 421 419
9 9 2 3 1 35 36 402 40 422 423
10 9 2 3 1 35 402 408 423 424 413
11 9 2 3 1 36 37 400 41 425 426
12 9 2 3 1 36 400 402 426 427 422
13 9 2 3 1 37 38 401 42 428 429
14 9 2 3 1 400 37 401 425 429 430
15 9 2 3 1 401 38 409 428 411 431
16 9 2 3 1 44 45 399 47 432 433
17 9 2 3 1 44 399 409 433 434 412
18 9 2 3 1 399 45 406 432 417 435
19 9 2 3 1 50 49 403 54 436 437
20 9 2 3 1 403 49 407 436 420 438
21 9 2 3 1 51 50 405 55 439 440
22 9 2 3 1 50 403 405 437 441 439
23 9 2 3 1 52 51 404 56 442 443
24 9 2 3 1 404 51 405 442 440 444
25 9 2 3 1 52 404 406 443 445 418
26 9 2 3 1 59 58 398 61 446 447
27 9 2 3 1 398 58 408 446 415 448
28 9 2 3 1 59 398 407 447 449 421
29 9 2 3 1 398 402 403 450 451 452
30 9 2 3 1 402 398 408 450 448 424
31 9 2 3 1 398 403 407 452 438 449
32 9 2 3 1 401 399 404 453 454 455
33 9 2 3 1 399 401 409 453 431 434
34 9 2 3 1 404 399 406 454 435 445
35 9 2 3 1 400 401 405 430 456 457
36 9 2 3 1 402 400 405 427 457 458
37 9 2 3 1 401 404 405 455 444 456
38 9 2 3 1 403 402 405 451 458 441
39 9 2 3 2 1 38 477 43 483 484
40 9 2 3 2 81 1 477 85 484 485
41 9 2 3 2 35 2 478 39 486 487
42 9 2 3 2 2 63 478 67 488 486
43 9 2 3 2 66 5 479 71 489 490
44 9 2 3 2 5 72 479 76 491 489
45 9 2 3 2 75 6 476 80 492 493
46 9 2 3 2 6 84 476 89 494 492
47 9 2 3 2 36 35 463 40 495 496
48 9 2 3 2 463 35 478 495 487 497
49 9 2 3 2 37 36 461 41 498 499
50 9 2 3 2 461 36 463 498 496 500
51 9 2 3 2 38 37 467 42 501 502
52 9 2 3 2 37 461 467 499 503 501
53 9 2 3 2 38 467 477 502 504 483
54 9 2 3 2 63 64 473 68 505 506
55 9 2 3 2 63 473 478 506 507 488
56 9 2 3 2 64 65 459 69 508 509
57 9 2 3 2 64 459 473 509 510 505
58 9 2 3 2 65 66 474 70 511 512
59 9 2 3 2 459 65 474 508 512 513
60 9 2 3 2 474 66 479 511 490 514
61 9 2 3 2 72 73 469 77 515 516
62 9 2 3 2 72 469 479 516 517 491
63 9 2 3 2 73 74 462 78 518 519
64 9 2 3 2 73 462 469 519 520 515
65 9 2 3 2 74 75 468 79 521 522
66 9 2 3 2 462 74 468 518 522 523
67 9 2 3 2 468 75 476 521 493 524
68 9 2 3 2 82 81 470 86 525 526
69 9 2 3 2 470 81 477 525 485 527
70 9 2 3 2 83 82 460 87 528 529
71 9 2 3 2 460 82 470 528 526 530
72 9 2 3 2 84 83 471 88 531 532
73 9 2 3 2 83 460 471 529 533 531
74 9 2 3 2 84 471 476 532 534 494
75 9 2 3 2 473 459 482 510 535 536
76 9 2 3 2 459 474 475 513 537 538
77 9 2 3 2 459 475 482 538 539 535
78 9 2 3 2 460 470 481 530 540 541
79 9 2 3 2 471 460 472 533 542 543
80 9 2 3 2 472 460 481 542 541 544
81 9 2 3 2 461 463 464 500 545 546
82 9 2 3 2 461 464 465 546 547 548
83 9 2 3 2 461 465 467 548 549 503
84 9 2 3 2 462 468 480 523 550 551
85 9 2 3 2 469 462 475 520 552 553
86 9 2 3 2 475 462 480 552 551 554
87 9 2 3 2 464 463 482 545 555 556
88 9 2 3 2 473 463 478 557 497 507
89 9 2 3 2 463 473 482 557 536 555
90 9 2 3 2 465 464 466 547 558 559
91 9 2 3 2 466 464 475 558 560 561
92 9 2 3 2 475 464 482 560 556 539
93 9 2 3 2 465 466 472 559 562 563
94 9 2 3 2 467 465 481 549 564 565
95 9 2 3 2 465 472 481 563 544 564
96 9 2 3 2 472 466 480 562 566 567
97 9 2 3 2 466 475 480 561 554 566
98 9 2 3 2 467 470 477 568 527 504
99 9 2 3 2 470 467 481 568 565 540
100 9 2 3 2 468 471 472 569 543 570
101 9 2 3 2 471 468 476 569 524 534
102 9 2 3 2 468 472 480 570 567 550
103 9 2 3 2 474 469 475 571 553 537
104 9 2 3 2 469 474 479 571 514 517
105 9 2 3 3 1 574 44 580 581 46
106 9 2 3 3 81 574 1 582 580 85
107 9 2 3 3 45 576 3 583 584 48
108 9 2 3 3 3 576 90 584 585 94
109 9 2 3 3 6 575 84 586 587 89
110 9 2 3 3 99 575 6 588 586 101
111 9 2 3 3 93 577 7 589 590 98
112 9 2 3 3 7 577 100 590 591 103
113 9 2 3 3 8 572 9 592 593 104
114 9 2 3 3 91 90 8 95 594 595
115 9 2 3 3 90 576 8 585 596 594
116 9 2 3 3 111 91 8 597 595 113
117 9 2 3 3 8 576 572 596 598 592
118 9 2 3 3 81 82 9 86 599 600
119 9 2 3 3 9 574 81 601 582 600
120 9 2 3 3 82 105 9 602 107 599
121 9 2 3 3 572 574 9 603 601 593
122 9 2 3 3 10 573 11 604 605 110
123 9 2 3 3 10 83 84 606 88 607
124 9 2 3 3 106 83 10 608 606 109
125 9 2 3 3 84 575 10 587 609 607
126 9 2 3 3 10 575 573 609 610 604
127 9 2 3 3 93 92 11 97 611 612
128 9 2 3 3 92 112 11 613 115 611
129 9 2 3 3 11 577 93 614 589 612
130 9 2 3 3 573 577 11 615 614 605
131 9 2 3 3 44 572 45 616 617 47
132 9 2 3 3 44 574 572 581 603 616
133 9 2 3 3 572 576 45 598 583 617
134 9 2 3 3 83 578 82 618 619 87
135 9 2 3 3 82 578 105 619 620 602
136 9 2 3 3 106 578 83 621 618 608
137 9 2 3 3 91 579 92 622 623 96
138 9 2 3 3 111 579 91 624 622 597
139 9 2 3 3 92 579 112 623 625 613
140 9 2 3 3 100 573 99 626 627 102
141 9 2 3 3 573 575 99 610 588 627
142 9 2 3 3 100 577 573 591 615 626
143 9 2 3 3 105 578 106 620 621 108
144 9 2 3 3 112 579 111 625 624 114
145 9 2 3 4 3 646 52 652 653 57
146 9 2 3 4 90 646 3 654 652 94
147 9 2 3 4 49 647 4 655 656 53
148 9 2 3 4 4 647 116 656 657 120
149 9 2 3 4 7 645 93 658 659 98
150 9 2 3 4 128 645 7 660 658 133
151 9 2 3 4 119 648 12 661 662 124
152 9 2 3 4 12 648 125 662 663 129
153 9 2 3 4 50 632 49 664 665 54
154 9 2 3 4 632 647 49 666 655 665
155 9 2 3 4 51 630 50 667 668 55
156 9 2 3 4 630 632 50 669 664 668
157 9 2 3 4 52 636 51 670 671 56
158 9 2 3 4 51 636 630 671 672 667
159 9 2 3 4 52 646 636 653 673 670
160 9 2 3 4 91 639 90 674 675 95
161 9 2 3 4 639 646 90 676 654 675
162 9 2 3 4 92 629 91 677 678 96
163 9 2 3 4 629 639 91 679 674 678
164 9 2 3 4 93 640 92 680 681 97
165 9 2 3 4 92 640 629 681 682 677
166 9 2 3 4 93 645 640 659 683 680
167 9 2 3 4 116 642 117 684 685 121
168 9 2 3 4 116 647 642 657 686 684
169 9 2 3 4 117 628 118 687 688 122
170 9 2 3 4 117 642 628 685 689 687
171 9 2 3 4 118 643 119 690 691 123
172 9 2 3 4 628 643 118 692 690 688
173 9 2 3 4 643 648 119 693 661 691
174 9 2 3 4 125 637 126 694 695 130
175 9 2 3 4 125 648 637 663 696 694
176 9 2 3 4 126 631 127 697 698 131
177 9 2 3 4 126 637 631 695 699 697
178 9 2 3 4 127 638 128 700 701 132
179 9 2 3 4 631 638 127 702 700 698
180 9 2 3 4 638 645 128 703 660 701
181 9 2 3 4 642 651 628 704 705 689
182 9 2 3 4 628 644 643 706 707 692
183 9 2 3 4 628 651 644 705 708 706
184 9 2 3 4 629 650 639 709 710 679
185 9 2 3 4 640 641 629 711 712 682
186 9 2 3 4 641 650 629 713 709 712
187 9 2 3 4 630 633 632 714 715 669
188 9 2 3 4 630 634 633 716 717 714
189 9 2 3 4 630 636 634 672 718 716
190 9 2 3 4 637 644 631 719 720 699
191 9 2 3 4 631 649 638 721 722 702
192 9 2 3 4 644 649 631 723 721 720
193 9 2 3 4 633 651 632 724 725 715
194 9 2 3 4 642 647 632 686 666 726
195 9 2 3 4 632 651 642 725 704 726
196 9 2 3 4 634 635 633 727 728 717
197 9 2 3 4 635 644 633 729 730 728
198 9 2 3 4 644 651 633 708 724 730
199 9 2 3 4 634 641 635 731 732 727
200 9 2 3 4 636 650 634 733 734 718
201 9 2 3 4 634 650 641 734 713 731
202 9 2 3 4 641 649 635 735 736 732
203 9 2 3 4 635 649 644 736 723 729
204 9 2 3 4 636 646 639 673 676 737
205 9 2 3 4 639 650 636 710 733 737
206 9 2 3 4 643 644 637 707 719 738
207 9 2 3 4 637 648 643 696 693 738
208 9 2 3 4 638 641 640 739 711 740
209 9 2 3 4 640 645 638 683 703 740
210 9 2 3 4 638 649 641 722 735 739
211 9 2 1 5 2 58 752 60 753 754
212 9 2 1 5 63 2 752 67 754 755
213 9 2 1 5 59 4 751 62 756 757
214 9 2 1 5 4 116 751 120 758 756
215 9 2 1 5 5 66 749 71 759 760
216 9 2 1 5 134 5 749 136 760 761
217 9 2 1 5 119 12 750 124 762 763
218 9 2 1 5 12 135 750 138 764 762
219 9 2 1 5 58 59 742 61 765 766
220 9 2 1 5 58 742 752 766 767 753
221 9 2 1 5 742 59 751 765 757 768
222 9 2 1 5 64 63 747 68 769 770
223 9 2 1 5 747 63 752 769 755 771
224 9 2 1 5 65 64 748 69 772 773
225 9 2 1 5 64 747 748 770 774 772
226 9 2 1 5 66 65 746 70 775 776
227 9 2 1 5 746 65 748 775 773 777
228 9 2 1 5 66 746 749 776 778 759
229 9 2 1 5 116 117 744 121 779 780
230 9 2 1 5 116 744 751 780 781 758
231 9 2 1 5 117 118 743 122 782 783
232 9 2 1 5 117 743 744 783 784 779
233 9 2 1 5 118 119 745 123 785 786
234 9 2 1 5 743 118 745 782 786 787
235 9 2 1 5 745 119 750 785 763 788
236 9 2 1 5 135 134 741 137 789 790
237 9 2 1 5 741 134 749 789 761 791
238 9 2 1 5 135 741 750 790 792 764
239 9 2 1 5 745 741 746 793 794 795
240 9 2 1 5 741 745 750 793 788 792
241 9 2 1 5 746 741 749 794 791 778
242 9 2 1 5 742 744 747 796 797 798
243 9 2 1 5 744 742 751 796 768 781
244 9 2 1 5 742 747 752 798 771 767
245 9 2 1 5 744 743 748 784 799 800
246 9 2 1 5 743 745 748 787 801 799
247 9 2 1 5 747 744 748 797 800 774
248 9 2 1 5 745 746 748 795 777 801
249 9 2 3 6 5 812 72 814 815 76
250 9 2 3 6 134 812 5 816 814 136
251 9 2 3 6 75 813 6 817 818 80
252 9 2 3 6 6 813 99 818 819 101
253 9 2 3 6 100 810 7 820 821 103
254 9 2 3 6 7 810 128 821 822 133
255 9 2 3 6 125 811 12 823 824 129
256 9 2 3 6 12 811 135 824 825 138
257 9 2 3 6 72 806 73 826 827 77
258 9 2 3 6 72 812 806 815 828 826
259 9 2 3 6 73 804 74 829 830 78
260 9 2 3 6 73 806 804 827 831 829
261 9 2 3 6 74 805 75 832 833 79
262 9 2 3 6 804 805 74 834 832 830
263 9 2 3 6 805 813 75 835 817 833
264 9 2 3 6 99 803 100 836 837 102
265 9 2 3 6 99 813 803 819 838 836
266 9 2 3 6 803 810 100 839 820 837
267 9 2 3 6 126 807 125 840 841 130
268 9 2 3 6 807 811 125 842 823 841
269 9 2 3 6 127 809 126 843 844 131
270 9 2 3 6 126 809 807 844 845 840
271 9 2 3 6 128 808 127 846 847 132
272 9 2 3 6 808 809 127 848 843 847
273 9 2 3 6 128 810 808 822 849 846
274 9 2 3 6 135 802 134 850 851 137
275 9 2 3 6 802 812 134 852 816 851
276 9 2 3 6 135 811 802 825 853 850
277 9 2 3 6 802 807 806 854 855 856
278 9 2 3 6 806 812 802 828 852 856
279 9 2 3 6 802 811 807 853 842 854
280 9 2 3 6 805 808 803 857 858 859
281 9 2 3 6 803 813 805 838 835 859
282 9 2 3 6 808 810 803 849 839 858
283 9 2 3 6 804 809 805 860 861 834
284 9 2 3 6 806 809 804 862 860 831
285 9 2 3 6 805 809 808 861 848 857
286 9 2 3 6 807 809 806 845 862 855
287 9 2 3 7 13 8 9 863 104 139
288 9 2 3 7 14 8 13 141 863 140
289 9 2 3 8 105 13 9 864 139 107
290 9 2 3 8 15 106 10 865 109 142
291 9 2 3 8 143 13 105 145 864 866
292 9 2 3 8 15 144 106 147 867 865
293 9 2 3 8 106 143 105 868 866 108
294 9 2 3 8 144 143 106 146 868 867
295 9 2 3 9 15 10 11 142 110 869
296 9 2 3 9 16 15 11 148 869 149
297 9 2 3 10 111 8 14 113 141 870
298 9 2 3 10 16 11 112 149 115 871
299 9 2 3 10 150 111 14 872 870 152
300 9 2 3 10 16 112 151 871 873 154
301 9 2 3 10 112 111 150 114 872 874
302 9 2 3 10 151 112 150 873 874 153
303 9 2 3 11 14 13 881 140 903 904
304 9 2 3 11 13 143 891 145 905 906
305 9 2 3 11 881 13 887 903 907 908
306 9 2 3 11 887 13 891 907 906 909
307 9 2 3 11 150 14 892 152 910 911
308 9 2 3 11 14 881 888 904 912 913
309 9 2 3 11 14 888 892 913 914 910
310 9 2 3 11 15 16 882 148 915 916
311 9 2 3 11 144 15 889 147 917 918
312 9 2 3 11 15 882 886 916 919 920
313 9 2 3 11 15 886 889 920 921 917
314 9 2 3 11 16 151 890 154 922 923
315 9 2 3 11 882 16 885 915 924 925
316 9 2 3 11 885 16 890 924 923 926
317 9 2 3 11 155 17 900 173 927 928
318 9 2 3 11 17 172 899 191 929 930
319 9 2 3 11 17 899 900 930 931 927
320 9 2 3 11 143 144 876 146 932 933
321 9 2 3 11 143 876 891 933 934 905
322 9 2 3 11 876 144 889 932 918 935
323 9 2 3 11 151 150 875 153 936 937
324 9 2 3 11 875 150 892 936 911 938
325 9 2 3 11 151 875 890 937 939 922
326 9 2 3 11 156 155 885 174 940 941
327 9 2 3 11 885 155 900 940 928 942
328 9 2 3 11 157 156 880 175 943 944
329 9 2 3 11 880 156 885 943 941 945
330 9 2 3 11 158 157 893 176 946 947
331 9 2 3 11 157 880 893 944 948 946
332 9 2 3 11 159 158 883 177 949 950
333 9 2 3 11 883 158 893 949 947 951
334 9 2 3 11 160 159 901 178 952 953
335 9 2 3 11 159 883 901 950 954 952
336 9 2 3 11 161 160 877 179 955 956
337 9 2 3 11 877 160 901 955 953 957
338 9 2 3 11 162 161 898 180 958 959
339 9 2 3 11 161 877 898 956 960 958
340 9 2 3 11 163 162 888 181 961 962
341 9 2 3 11 888 162 898 961 959 963
342 9 2 3 11 164 163 881 182 964 965
343 9 2 3 11 881 163 888 964 962 912
344 9 2 3 11 165 164 887 183 966 967
345 9 2 3 11 164 881 887 965 908 966
346 9 2 3 11 166 165 897 184 968 969
347 9 2 3 11 165 887 897 967 970 968
348 9 2 3 11 167 166 878 185 971 972
349 9 2 3 11 878 166 897 971 969 973
350 9 2 3 11 168 167 902 186 974 975
351 9 2 3 11 167 878 902 972 976 974
352 9 2 3 11 169 168 884 187 977 978
353 9 2 3 11 884 168 902 977 975 979
354 9 2 3 11 170 169 894 188 980 981
355 9 2 3 11 169 884 894 978 982 980
356 9 2 3 11 171 170 879 189 983 984
357 9 2 3 11 879 170 894 983 981 985
358 9 2 3 11 172 171 886 190 986 987
359 9 2 3 11 171 879 886 984 988 986
360 9 2 3 11 172 886 899 987 989 929
361 9 2 3 11 875 883 890 990 991 939
362 9 2 3 11 883 875 896 990 992 993
363 9 2 3 11 875 892 896 938 994 992
364 9 2 3 11 884 876 889 995 935 996
365 9 2 3 11 876 884 895 995 997 998
366 9 2 3 11 891 876 895 934 998 999
367 9 2 3 11 892 877 896 1000 1001 994
368 9 2 3 11 877 892 898 1000 1002 960
369 9 2 3 11 896 877 901 1001 957 1003
370 9 2 3 11 878 891 895 1004 999 1005
371 9 2 3 11 891 878 897 1004 973 1006
372 9 2 3 11 878 895 902 1005 1007 976
373 9 2 3 11 886 879 889 988 1008 921
374 9 2 3 11 889 879 894 1008 985 1009
375 9 2 3 11 880 885 890 945 926 1010
376 9 2 3 11 880 890 893 1010 1011 948
377 9 2 3 11 882 885 900 925 942 1012
378 9 2 3 11 886 882 899 919 1013 989
379 9 2 3 11 899 882 900 1013 1012 931
380 9 2 3 11 890 883 893 991 951 1011
381 9 2 3 11 883 896 901 993 1003 954
382 9 2 3 11 884 889 894 996 1009 982
383 9 2 3 11 895 884 902 997 979 1007
384 9 2 3 11 887 891 897 909 1006 970
385 9 2 3 11 892 888 898 914 963 1002
386 9 2 3 12 155 1523 17 1532 1533 173
387 9 2 3 12 17 1521 172 1534 1535 191
388 9 2 3 12 229 1521 17 1536 1534 253
389 9 2 3 12 17 1523 229 1533 1537 253
390 9 2 3 12 18 1524 192 1538 1539 210
391 9 2 3 12 209 1522 18 1540 1541 228
392 9 2 3 12 18 1522 252 1541 1542 277
393 9 2 3 12 252 1524 18 1543 1538 277
394 9 2 3 12 156 1469 155 1544 1545 174
395 9 2 3 12 1469 1523 155 1546 1532 1545
396 9 2 3 12 157 1040 156 1547 1548 175
397 9 2 3 12 1040 1469 156 1549 1544 1548
398 9 2 3 12 158 1455 157 1550 1551 176
399 9 2 3 12 157 1455 1040 1551 1552 1547
400 9 2 3 12 159 1484 158 1553 1554 177
401 9 2 3 12 158 1484 1455 1554 1555 1550
402 9 2 3 12 160 1029 159 1556 1557 178
403 9 2 3 12 1029 1484 159 1558 1553 1557
404 9 2 3 12 161 1453 160 1559 1560 179
405 9 2 3 12 160 1453 1029 1560 1561 1556
406 9 2 3 12 162 1043 161 1562 1563 180
407 9 2 3 12 1043 1453 161 1564 1559 1563
408 9 2 3 12 163 1450 162 1565 1566 181
409 9 2 3 12 162 1450 1043 1566 1567 1562
410 9 2 3 12 164 1024 163 1568 1569 182
411 9 2 3 12 1024 1450 163 1570 1565 1569
412 9 2 3 12 165 1451 164 1571 1572 183
413 9 2 3 12 164 1451 1024 1572 1573 1568
414 9 2 3 12 166 1041 165 1574 1575 184
415 9 2 3 12 1041 1451 165 1576 1571 1575
416 9 2 3 12 167 1485 166 1577 1578 185
417 9 2 3 12 166 1485 1041 1578 1579 1574
418 9 2 3 12 168 1026 167 1580 1581 186
419 9 2 3 12 1026 1485 167 1582 1577 1581
420 9 2 3 12 169 1498 168 1583 1584 187
421 9 2 3 12 168 1498 1026 1584 1585 1580
422 9 2 3 12 170 1312 169 1586 1587 188
423 9 2 3 12 1312 1498 169 1588 1583 1587
424 9 2 3 12 171 1037 170 1589 1590 189
425 9 2 3 12 1037 1312 170 1591 1586 1590
426 9 2 3 12 172 1468 171 1592 1593 190
427 9 2 3 12 171 1468 1037 1593 1594 1589
428 9 2 3 12 172 1521 1468 1535 1595 1592
429 9 2 3 12 192 1470 193 1596 1597 211
430 9 2 3 12 192 1524 1470 1539 1598 1596
431 9 2 3 12 193 1039 194 1599 1600 212
432 9 2 3 12 193 1470 1039 1597 1601 1599
433 9 2 3 12 194 1464 195 1602 1603 213
434 9 2 3 12 1039 1464 194 1604 1602 1600
435 9 2 3 12 195 1514 196 1605 1606 214
436 9 2 3 12 1464 1514 195 1607 1605 1603
437 9 2 3 12 196 1028 197 1608 1609 215
438 9 2 3 12 196 1514 1028 1606 1610 1608
439 9 2 3 12 197 1454 198 1611 1612 216
440 9 2 3 12 1028 1454 197 1613 1611 1609
441 9 2 3 12 198 1044 199 1614 1615 217
442 9 2 3 12 198 1454 1044 1612 1616 1614
443 9 2 3 12 199 1449 200 1617 1618 218
444 9 2 3 12 1044 1449 199 1619 1617 1615
445 9 2 3 12 200 1025 201 1620 1621 219
446 9 2 3 12 200 1449 1025 1618 1622 1620
447 9 2 3 12 201 1448 202 1623 1624 220
448 9 2 3 12 1025 1448 201 1625 1623 1621
449 9 2 3 12 202 1042 203 1626 1627 221
450 9 2 3 12 202 1448 1042 1624 1628 1626
451 9 2 3 12 203 1486 204 1629 1630 222
452 9 2 3 12 1042 1486 203 1631 1629 1627
453 9 2 3 12 204 1027 205 1632 1633 223
454 9 2 3 12 204 1486 1027 1630 1634 1632
455 9 2 3 12 205 1515 206 1635 1636 224
456 9 2 3 12 1027 1515 205 1637 1635 1633
457 9 2 3 12 206 1443 207 1638 1639 225
458 9 2 3 12 206 1515 1443 1636 1640 1638
459 9 2 3 12 207 1038 208 1641 1642 226
460 9 2 3 12 207 1443 1038 1639 1643 1641
461 9 2 3 12 208 1467 209 1644 1645 227
462 9 2 3 12 1038 1467 208 1646 1644 1642
463 9 2 3 12 1467 1522 209 1647 1540 1645
464 9 2 3 12 230 1046 229 1648 1649 254
465 9 2 3 12 229 1048 230 1650 1651 254
466 9 2 3 12 1046 1521 229 1652 1536 1649
467 9 2 3 12 229 1523 1048 1537 1653 1650
468 9 2 3 12 231 1305 230 1654 1655 255
469 9 2 3 12 230 1307 231 1656 1657 255
470 9 2 3 12 230 1305 1046 1655 1658 1648
471 9 2 3 12 1048 1307 230 1659 1656 1651
472 9 2 3 12 232 1030 231 1660 1661 256
473 9 2 3 12 231 1035 232 1662 1663 256
474 9 2 3 12 1030 1305 231 1664 1654 1661
475 9 2 3 12 231 1307 1035 1657 1665 1662
476 9 2 3 12 233 1315 232 1666 1667 257
477 9 2 3 12 232 1317 233 1668 1669 257
478 9 2 3 12 232 1315 1030 1667 1670 1660
479 9 2 3 12 1035 1317 232 1671 1668 1663
480 9 2 3 12 234 1020 233 1672 1673 258
481 9 2 3 12 233 1023 234 1674 1675 258
482 9 2 3 12 1020 1315 233 1676 1666 1673
483 9 2 3 12 233 1317 1023 1669 1677 1674
484 9 2 3 12 235 1338 234 1678 1679 259
485 9 2 3 12 234 1342 235 1680 1681 259
486 9 2 3 12 234 1338 1020 1679 1682 1672
487 9 2 3 12 1023 1342 234 1683 1680 1675
488 9 2 3 12 235 1344 236 1684 1685 260
489 9 2 3 12 236 1437 235 1686 1687 260
490 9 2 3 12 235 1437 1338 1687 1688 1678
491 9 2 3 12 1342 1344 235 1689 1684 1681
492 9 2 3 12 237 1015 236 1690 1691 261
493 9 2 3 12 236 1017 237 1692 1693 261
494 9 2 3 12 1015 1437 236 1694 1686 1691
495 9 2 3 12 236 1344 1017 1685 1695 1692
496 9 2 3 12 238 1438 237 1696 1697 262
497 9 2 3 12 237 1482 238 1698 1699 262
498 9 2 3 12 237 1438 1015 1697 1700 1690
499 9 2 3 12 1017 1482 237 1701 1698 1693
500 9 2 3 12 239 1032 238 1702 1703 263
501 9 2 3 12 238 1509 239 1704 1705 263
502 9 2 3 12 1032 1438 238 1706 1696 1703
503 9 2 3 12 1482 1509 238 1707 1704 1699
504 9 2 3 12 239 1022 240 1708 1709 264
505 9 2 3 12 240 1440 239 1710 1711 264
506 9 2 3 12 239 1509 1022 1705 1712 1708
507 9 2 3 12 239 1440 1032 1711 1713 1702
508 9 2 3 12 241 1014 240 1714 1715 265
509 9 2 3 12 240 1480 241 1716 1717 265
510 9 2 3 12 1014 1440 240 1718 1710 1715
511 9 2 3 12 1022 1480 240 1719 1716 1709
512 9 2 3 12 242 1441 241 1720 1721 266
513 9 2 3 12 241 1503 242 1722 1723 266
514 9 2 3 12 241 1441 1014 1721 1724 1714
515 9 2 3 12 1480 1503 241 1725 1722 1717
516 9 2 3 12 243 1033 242 1726 1727 267
517 9 2 3 12 242 1036 243 1728 1729 267
518 9 2 3 12 1033 1441 242 1730 1720 1727
519 9 2 3 12 242 1503 1036 1723 1731 1728
520 9 2 3 12 243 1353 244 1732 1733 268
521 9 2 3 12 244 1446 243 1734 1735 268
522 9 2 3 12 243 1446 1033 1735 1736 1726
523 9 2 3 12 1036 1353 243 1737 1732 1729
524 9 2 3 12 245 1016 244 1738 1739 269
525 9 2 3 12 244 1018 245 1740 1741 269
526 9 2 3 12 1016 1446 244 1742 1734 1739
527 9 2 3 12 244 1353 1018 1733 1743 1740
528 9 2 3 12 246 1435 245 1744 1745 270
529 9 2 3 12 245 1481 246 1746 1747 270
530 9 2 3 12 245 1435 1016 1745 1748 1738
531 9 2 3 12 1018 1481 245 1749 1746 1741
532 9 2 3 12 247 1463 246 1750 1751 271
533 9 2 3 12 246 1493 247 1752 1753 271
534 9 2 3 12 246 1463 1435 1751 1754 1744
535 9 2 3 12 1481 1493 246 1755 1752 1747
536 9 2 3 12 248 1019 247 1756 1757 272
537 9 2 3 12 247 1021 248 1758 1759 272
538 9 2 3 12 1019 1463 247 1760 1750 1757
539 9 2 3 12 247 1493 1021 1753 1761 1758
540 9 2 3 12 249 1295 248 1762 1763 273
541 9 2 3 12 248 1322 249 1764 1765 273
542 9 2 3 12 248 1295 1019 1763 1766 1756
543 9 2 3 12 1021 1322 248 1767 1764 1759
544 9 2 3 12 250 1031 249 1768 1769 274
545 9 2 3 12 249 1034 250 1770 1771 274
546 9 2 3 12 1031 1295 249 1772 1762 1769
547 9 2 3 12 249 1322 1034 1765 1773 1770
548 9 2 3 12 251 1049 250 1774 1775 275
549 9 2 3 12 250 1308 251 1776 1777 275
550 9 2 3 12 250 1049 1031 1775 1778 1768
551 9 2 3 12 1034 1308 250 1779 1776 1771
552 9 2 3 12 252 1045 251 1780 1781 276
553 9 2 3 12 251 1047 252 1782 1783 276
554 9 2 3 12 1045 1049 251 1784 1774 1781
555 9 2 3 12 251 1308 1047 1777 1785 1782
556 9 2 3 12 252 1522 1045 1542 1786 1780
557 9 2 3 12 1047 1524 252 1787 1543 1783
558 9 2 3 12 1290 1439 1014 1788 1789 1790
559 9 2 3 12 1014 1441 1290 1724 1791 1790
560 9 2 3 12 1439 1440 1014 1792 1718 1789
561 9 2 3 12 1288 1434 1015 1793 1794 1795
562 9 2 3 12 1015 1438 1288 1700 1796 1795
563 9 2 3 12 1434 1437 1015 1797 1694 1794
564 9 2 3 12 1016 1435 1292 1748 1798 1799
565 9 2 3 12 1292 1445 1016 1800 1801 1799
566 9 2 3 12 1445 1446 1016 1802 1742 1801
567 9 2 3 12 1344 1508 1017 1803 1804 1695
568 9 2 3 12 1017 1507 1482 1805 1806 1701
569 9 2 3 12 1017 1508 1507 1804 1807 1805
570 9 2 3 12 1353 1354 1018 1808 1809 1743
571 9 2 3 12 1354 1483 1018 1810 1811 1809
572 9 2 3 12 1018 1483 1481 1811 1812 1749
573 9 2 3 12 1295 1402 1019 1813 1814 1766
574 9 2 3 12 1402 1429 1019 1815 1816 1814
575 9 2 3 12 1429 1463 1019 1817 1760 1816
576 9 2 3 12 1020 1316 1315 1818 1819 1676
577 9 2 3 12 1020 1403 1316 1820 1821 1818
578 9 2 3 12 1338 1403 1020 1822 1820 1682
579 9 2 3 12 1021 1323 1322 1823 1824 1767
580 9 2 3 12 1021 1490 1323 1825 1826 1823
581 9 2 3 12 1021 1493 1490 1761 1827 1825
582 9 2 3 12 1022 1502 1480 1828 1829 1719
583 9 2 3 12 1501 1502 1022 1830 1828 1831
584 9 2 3 12 1022 1509 1501 1712 1832 1831
585 9 2 3 12 1317 1318 1023 1833 1834 1677
586 9 2 3 12 1318 1319 1023 1835 1836 1834
587 9 2 3 12 1319 1342 1023 1837 1683 1836
588 9 2 3 12 1024 1492 1450 1838 1839 1570
589 9 2 3 12 1451 1528 1024 1840 1841 1573
590 9 2 3 12 1024 1528 1492 1841 1842 1838
591 9 2 3 12 1367 1448 1025 1843 1625 1844
592 9 2 3 12 1025 1518 1367 1845 1846 1844
593 9 2 3 12 1449 1518 1025 1847 1845 1622
594 9 2 3 12 1311 1313 1026 1848 1849 1850
595 9 2 3 12 1026 1498 1311 1585 1851 1850
596 9 2 3 12 1313 1326 1026 1852 1853 1849
597 9 2 3 12 1326 1485 1026 1854 1582 1853
598 9 2 3 12 1027 1301 1300 1855 1856 1857
599 9 2 3 12 1300 1515 1027 1858 1637 1857
600 9 2 3 12 1027 1302 1301 1859 1860 1855
601 9 2 3 12 1027 1486 1302 1634 1861 1859
602 9 2 3 12 1028 1496 1454 1862 1863 1613
603 9 2 3 12 1028 1531 1496 1864 1865 1862
604 9 2 3 12 1514 1531 1028 1866 1864 1610
605 9 2 3 12 1453 1473 1029 1867 1868 1561
606 9 2 3 12 1473 1525 1029 1869 1870 1868
607 9 2 3 12 1029 1525 1484 1870 1871 1558
608 9 2 3 12 1030 1426 1305 1872 1873 1664
609 9 2 3 12 1315 1465 1030 1874 1875 1670
610 9 2 3 12 1030 1465 1426 1875 1876 1872
611 9 2 3 12 1049 1050 1031 1877 1878 1778
612 9 2 3 12 1050 1051 1031 1879 1880 1878
613 9 2 3 12 1051 1295 1031 1881 1772 1880
614 9 2 3 12 1289 1436 1032 1882 1883 1884
615 9 2 3 12 1032 1440 1289 1713 1885 1884
616 9 2 3 12 1436 1438 1032 1886 1706 1883
617 9 2 3 12 1291 1442 1033 1887 1888 1889
618 9 2 3 12 1033 1446 1291 1736 1890 1889
619 9 2 3 12 1033 1442 1441 1888 1891 1730
620 9 2 3 12 1034 1487 1308 1892 1893 1779
621 9 2 3 12 1322 1478 1034 1894 1895 1773
622 9 2 3 12 1478 1487 1034 1896 1892 1895
623 9 2 3 12 1307 1506 1035 1897 1898 1665
624 9 2 3 12 1035 1321 1317 1899 1900 1671
625 9 2 3 12 1035 1506 1321 1898 1901 1899
626 9 2 3 12 1036 1500 1353 1902 1903 1737
627 9 2 3 12 1499 1500 1036 1904 1902 1905
628 9 2 3 12 1036 1503 1499 1731 1906 1905
629 9 2 3 12 1037 1468 1306 1594 1907 1908
630 9 2 3 12 1306 1497 1037 1909 1910 1908
631 9 2 3 12 1037 1497 1312 1910 1911 1591
632 9 2 3 12 1296 1467 1038 1912 1646 1913
633 9 2 3 12 1038 1516 1296 1914 1915 1913
634 9 2 3 12 1443 1516 1038 1916 1914 1643
635 9 2 3 12 1039 1530 1464 1917 1918 1604
636 9 2 3 12 1470 1475 1039 1919 1920 1601
637 9 2 3 12 1475 1530 1039 1921 1917 1920
638 9 2 3 12 1455 1519 1040 1922 1923 1552
639 9 2 3 12 1040 1519 1469 1923 1924 1549
640 9 2 3 12 1041 1476 1451 1925 1926 1576
641 9 2 3 12 1041 1526 1476 1927 1928 1925
642 9 2 3 12 1485 1526 1041 1929 1927 1579
643 9 2 3 12 1448 1512 1042 1930 1931 1628
644 9 2 3 12 1042 1520 1486 1932 1933 1631
645 9 2 3 12 1512 1520 1042 1934 1932 1931
646 9 2 3 12 1450 1491 1043 1935 1936 1567
647 9 2 3 12 1043 1527 1453 1937 1938 1564
648 9 2 3 12 1491 1527 1043 1939 1937 1936
649 9 2 3 12 1044 1454 1286 1616 1940 1941
650 9 2 3 12 1286 1517 1044 1942 1943 1941
651 9 2 3 12 1044 1517 1449 1943 1944 1619
652 9 2 3 12 1045 1296 1049 1945 1946 1784
653 9 2 3 12 1045 1467 1296 1947 1912 1945
654 9 2 3 12 1045 1522 1467 1786 1647 1947
655 9 2 3 12 1305 1306 1046 1948 1949 1658
656 9 2 3 12 1306 1468 1046 1907 1950 1949
657 9 2 3 12 1468 1521 1046 1595 1652 1950
658 9 2 3 12 1308 1529 1047 1951 1952 1785
659 9 2 3 12 1047 1475 1470 1953 1919 1954
660 9 2 3 12 1470 1524 1047 1598 1787 1954
661 9 2 3 12 1047 1529 1475 1952 1955 1953
662 9 2 3 12 1048 1466 1307 1956 1957 1659
663 9 2 3 12 1048 1469 1466 1958 1959 1956
664 9 2 3 12 1048 1523 1469 1653 1546 1958
665 9 2 3 12 1049 1296 1050 1946 1960 1877
666 9 2 3 12 1050 1052 1051 1961 1962 1879
667 9 2 3 12 1050 1297 1052 1963 1964 1961
668 9 2 3 12 1296 1297 1050 1965 1963 1960
669 9 2 3 12 1052 1053 1051 1966 1967 1962
670 9 2 3 12 1053 1402 1051 1968 1969 1967
671 9 2 3 12 1051 1402 1295 1969 1813 1881
672 9 2 3 12 1052 1054 1053 1970 1971 1966
673 9 2 3 12 1052 1176 1054 1972 1973 1970
674 9 2 3 12 1052 1297 1176 1964 1974 1972
675 9 2 3 12 1054 1055 1053 1975 1976 1971
676 9 2 3 12 1055 1401 1053 1977 1978 1976
677 9 2 3 12 1401 1402 1053 1979 1968 1978
678 9 2 3 12 1054 1056 1055 1980 1981 1975
679 9 2 3 12 1054 1314 1056 1982 1983 1980
680 9 2 3 12 1176 1314 1054 1984 1982 1973
681 9 2 3 12 1056 1057 1055 1985 1986 1981
682 9 2 3 12 1057 1110 1055 1987 1988 1986
683 9 2 3 12 1110 1401 1055 1989 1977 1988
684 9 2 3 12 1056 1058 1057 1990 1991 1985
685 9 2 3 12 1056 1210 1058 1992 1993 1990
686 9 2 3 12 1056 1314 1210 1983 1994 1992
687 9 2 3 12 1058 1059 1057 1995 1996 1991
688 9 2 3 12 1059 1400 1057 1997 1998 1996
689 9 2 3 12 1057 1400 1110 1998 1999 1987
690 9 2 3 12 1058 1060 1059 2000 2001 1995
691 9 2 3 12 1058 1329 1060 2002 2003 2000
692 9 2 3 12 1210 1329 1058 2004 2002 1993
693 9 2 3 12 1060 1061 1059 2005 2006 2001
694 9 2 3 12 1061 1399 1059 2007 2008 2006
695 9 2 3 12 1399 1400 1059 2009 1997 2008
696 9 2 3 12 1060 1062 1061 2010 2011 2005
697 9 2 3 12 1060 1098 1062 2012 2013 2010
698 9 2 3 12 1060 1329 1098 2003 2014 2012
699 9 2 3 12 1062 1063 1061 2015 2016 2011
700 9 2 3 12 1063 1064 1061 2017 2018 2016
701 9 2 3 12 1064 1399 1061 2019 2007 2018
702 9 2 3 12 1062 1371 1063 2020 2021 2015
703 9 2 3 12 1098 1099 1062 2022 2023 2013
704 9 2 3 12 1099 1371 1062 2024 2020 2023
705 9 2 3 12 1063 1065 1064 2025 2026 2017
706 9 2 3 12 1063 1372 1065 2027 2028 2025
707 9 2 3 12 1371 1372 1063 2029 2027 2021
708 9 2 3 12 1065 1066 1064 2030 2031 2026
709 9 2 3 12 1066 1100 1064 2032 2033 2031
710 9 2 3 12 1100 1399 1064 2034 2019 2033
711 9 2 3 12 1065 1067 1066 2035 2036 2030
712 9 2 3 12 1065 1086 1067 2037 2038 2035
713 9 2 3 12 1065 1372 1086 2028 2039 2037
714 9 2 3 12 1067 1068 1066 2040 2041 2036
715 9 2 3 12 1068 1389 1066 2042 2043 2041
716 9 2 3 12 1066 1389 1100 2043 2044 2032
717 9 2 3 12 1067 1069 1068 2045 2046 2040
718 9 2 3 12 1067 1370 1069 2047 2048 2045
719 9 2 3 12 1086 1370 1067 2049 2047 2038
720 9 2 3 12 1069 1070 1068 2050 2051 2046
721 9 2 3 12 1070 1101 1068 2052 2053 2051
722 9 2 3 12 1101 1389 1068 2054 2042 2053
723 9 2 3 12 1069 1071 1070 2055 2056 2050
724 9 2 3 12 1069 1341 1071 2057 2058 2055
725 9 2 3 12 1069 1370 1341 2048 2059 2057
726 9 2 3 12 1071 1072 1070 2060 2061 2056
727 9 2 3 12 1072 1378 1070 2062 2063 2061
728 9 2 3 12 1070 1378 1101 2063 2064 2052
729 9 2 3 12 1071 1073 1072 2065 2066 2060
730 9 2 3 12 1071 1085 1073 2067 2068 2065
731 9 2 3 12 1071 1341 1085 2058 2069 2067
732 9 2 3 12 1073 1074 1072 2070 2071 2066
733 9 2 3 12 1074 1102 1072 2072 2073 2071
734 9 2 3 12 1102 1378 1072 2074 2062 2073
735 9 2 3 12 1073 1075 1074 2075 2076 2070
736 9 2 3 12 1073 1430 1075 2077 2078 2075
737 9 2 3 12 1085 1430 1073 2079 2077 2068
738 9 2 3 12 1075 1076 1074 2080 2081 2076
739 9 2 3 12 1076 1390 1074 2082 2083 2081
740 9 2 3 12 1074 1390 1102 2083 2084 2072
741 9 2 3 12 1075 1077 1076 2085 2086 2080
742 9 2 3 12 1075 1432 1077 2087 2088 2085
743 9 2 3 12 1430 1432 1075 2089 2087 2078
744 9 2 3 12 1077 1078 1076 2090 2091 2086
745 9 2 3 12 1078 1103 1076 2092 2093 2091
746 9 2 3 12 1103 1390 1076 2094 2082 2093
747 9 2 3 12 1077 1079 1078 2095 2096 2090
748 9 2 3 12 1077 1084 1079 2097 2098 2095
749 9 2 3 12 1077 1432 1084 2088 2099 2097
750 9 2 3 12 1079 1080 1078 2100 2101 2096
751 9 2 3 12 1080 1394 1078 2102 2103 2101
752 9 2 3 12 1078 1394 1103 2103 2104 2092
753 9 2 3 12 1079 1081 1080 2105 2106 2100
754 9 2 3 12 1079 1345 1081 2107 2108 2105
755 9 2 3 12 1084 1345 1079 2109 2107 2098
756 9 2 3 12 1081 1082 1080 2110 2111 2106
757 9 2 3 12 1082 1104 1080 2112 2113 2111
758 9 2 3 12 1104 1394 1080 2114 2102 2113
759 9 2 3 12 1081 1083 1082 2115 2116 2110
760 9 2 3 12 1081 1346 1083 2117 2118 2115
761 9 2 3 12 1345 1346 1081 2119 2117 2108
762 9 2 3 12 1083 1087 1082 2120 2121 2116
763 9 2 3 12 1087 1392 1082 2122 2123 2121
764 9 2 3 12 1082 1392 1104 2123 2124 2112
765 9 2 3 12 1083 1088 1087 2125 2126 2120
766 9 2 3 12 1083 1089 1088 2127 2128 2125
767 9 2 3 12 1083 1346 1089 2118 2129 2127
768 9 2 3 12 1084 1417 1345 2130 2131 2109
769 9 2 3 12 1084 1431 1417 2132 2133 2130
770 9 2 3 12 1084 1432 1431 2099 2134 2132
771 9 2 3 12 1341 1457 1085 2135 2136 2069
772 9 2 3 12 1085 1444 1430 2137 2138 2079
773 9 2 3 12 1085 1457 1444 2136 2139 2137
774 9 2 3 12 1086 1458 1370 2140 2141 2049
775 9 2 3 12 1372 1419 1086 2142 2143 2039
776 9 2 3 12 1419 1458 1086 2144 2140 2143
777 9 2 3 12 1088 1090 1087 2145 2146 2126
778 9 2 3 12 1090 1105 1087 2147 2148 2146
779 9 2 3 12 1105 1392 1087 2149 2122 2148
780 9 2 3 12 1089 1091 1088 2150 2151 2128
781 9 2 3 12 1088 1336 1090 2152 2153 2145
782 9 2 3 12 1091 1336 1088 2154 2152 2151
783 9 2 3 12 1089 1092 1091 2155 2156 2150
784 9 2 3 12 1089 1385 1092 2157 2158 2155
785 9 2 3 12 1346 1385 1089 2159 2157 2129
786 9 2 3 12 1090 1106 1105 2160 2161 2147
787 9 2 3 12 1090 1330 1106 2162 2163 2160
788 9 2 3 12 1090 1336 1330 2153 2164 2162
789 9 2 3 12 1092 1093 1091 2165 2166 2156
790 9 2 3 12 1093 1355 1091 2167 2168 2166
791 9 2 3 12 1091 1355 1336 2168 2169 2154
792 9 2 3 12 1092 1094 1093 2170 2171 2165
793 9 2 3 12 1092 1096 1094 2172 2173 2170
794 9 2 3 12 1092 1385 1096 2158 2174 2172
795 9 2 3 12 1094 1095 1093 2175 2176 2171
796 9 2 3 12 1095 1097 1093 2177 2178 2176
797 9 2 3 12 1097 1355 1093 2179 2167 2178
798 9 2 3 12 1094 1373 1095 2180 2181 2175
799 9 2 3 12 1096 1143 1094 2182 2183 2173
800 9 2 3 12 1143 1373 1094 2184 2180 2183
801 9 2 3 12 1095 1107 1097 2185 2186 2177
802 9 2 3 12 1095 1145 1107 2187 2188 2185
803 9 2 3 12 1095 1373 1145 2181 2189 2187
804 9 2 3 12 1096 1178 1143 2190 2191 2182
805 9 2 3 12 1096 1180 1178 2192 2193 2190
806 9 2 3 12 1096 1385 1180 2174 2194 2192
807 9 2 3 12 1107 1111 1097 2195 2196 2186
808 9 2 3 12 1111 1188 1097 2197 2198 2196
809 9 2 3 12 1188 1355 1097 2199 2179 2198
810 9 2 3 12 1098 1108 1099 2200 2201 2022
811 9 2 3 12 1098 1112 1108 2202 2203 2200
812 9 2 3 12 1098 1329 1112 2014 2204 2202
813 9 2 3 12 1108 1109 1099 2205 2206 2201
814 9 2 3 12 1109 1384 1099 2207 2208 2206
815 9 2 3 12 1099 1384 1371 2208 2209 2024
816 9 2 3 12 1389 1459 1100 2210 2211 2044
817 9 2 3 12 1100 1433 1399 2212 2213 2034
818 9 2 3 12 1100 1459 1433 2211 2214 2212
819 9 2 3 12 1378 1461 1101 2215 2216 2064
820 9 2 3 12 1101 1462 1389 2217 2218 2054
821 9 2 3 12 1461 1462 1101 2219 2217 2216
822 9 2 3 12 1102 1456 1378 2220 2221 2074
823 9 2 3 12 1390 1452 1102 2222 2223 2084
824 9 2 3 12 1452 1456 1102 2224 2220 2223
825 9 2 3 12 1103 1447 1390 2225 2226 2094
826 9 2 3 12 1394 1428 1103 2227 2228 2104
827 9 2 3 12 1428 1447 1103 2229 2225 2228
828 9 2 3 12 1392 1418 1104 2230 2231 2124
829 9 2 3 12 1104 1427 1394 2232 2233 2114
830 9 2 3 12 1418 1427 1104 2234 2232 2231
831 9 2 3 12 1106 1113 1105 2235 2236 2161
832 9 2 3 12 1113 1375 1105 2237 2238 2236
833 9 2 3 12 1375 1392 1105 2239 2149 2238
834 9 2 3 12 1106 1114 1113 2240 2241 2235
835 9 2 3 12 1106 1115 1114 2242 2243 2240
836 9 2 3 12 1106 1330 1115 2163 2244 2242
837 9 2 3 12 1107 1334 1111 2245 2246 2195
838 9 2 3 12 1145 1154 1107 2247 2248 2188
839 9 2 3 12 1154 1334 1107 2249 2245 2248
840 9 2 3 12 1108 1118 1109 2250 2251 2205
841 9 2 3 12 1112 1368 1108 2252 2253 2203
842 9 2 3 12 1108 1368 1118 2253 2254 2250
843 9 2 3 12 1118 1119 1109 2255 2256 2251
844 9 2 3 12 1119 1120 1109 2257 2258 2256
845 9 2 3 12 1120 1384 1109 2259 2207 2258
846 9 2 3 12 1400 1423 1110 2260 2261 1999
847 9 2 3 12 1110 1425 1401 2262 2263 1989
848 9 2 3 12 1423 1425 1110 2264 2262 2261
849 9 2 3 12 1111 1189 1188 2265 2266 2197
850 9 2 3 12 1111 1211 1189 2267 2268 2265
851 9 2 3 12 1111 1334 1211 2246 2269 2267
852 9 2 3 12 1329 1471 1112 2270 2271 2204
853 9 2 3 12 1112 1513 1368 2272 2273 2252
854 9 2 3 12 1471 1513 1112 2274 2272 2271
855 9 2 3 12 1114 1185 1113 2275 2276 2241
856 9 2 3 12 1185 1186 1113 2277 2278 2276
857 9 2 3 12 1186 1375 1113 2279 2237 2278
858 9 2 3 12 1115 1116 1114 2280 2281 2243
859 9 2 3 12 1116 1374 1114 2282 2283 2281
860 9 2 3 12 1114 1374 1185 2283 2284 2275
861 9 2 3 12 1115 1117 1116 2285 2286 2280
862 9 2 3 12 1115 1263 1117 2287 2288 2285
863 9 2 3 12 1115 1330 1263 2244 2289 2287
864 9 2 3 12 1117 1160 1116 2290 2291 2286
865 9 2 3 12 1160 1183 1116 2292 2293 2291
866 9 2 3 12 1183 1374 1116 2294 2282 2293
867 9 2 3 12 1117 1194 1160 2295 2296 2290
868 9 2 3 12 1117 1324 1194 2297 2298 2295
869 9 2 3 12 1263 1324 1117 2299 2297 2288
870 9 2 3 12 1118 1365 1119 2300 2301 2255
871 9 2 3 12 1118 1366 1365 2302 2303 2300
872 9 2 3 12 1118 1368 1366 2254 2304 2302
873 9 2 3 12 1119 1121 1120 2305 2306 2257
874 9 2 3 12 1119 1156 1121 2307 2308 2305
875 9 2 3 12 1119 1365 1156 2301 2309 2307
876 9 2 3 12 1121 1122 1120 2310 2311 2306
877 9 2 3 12 1122 1179 1120 2312 2313 2311
878 9 2 3 12 1179 1384 1120 2314 2259 2313
879 9 2 3 12 1121 1123 1122 2315 2316 2310
880 9 2 3 12 1121 1360 1123 2317 2318 2315
881 9 2 3 12 1156 1360 1121 2319 2317 2308
882 9 2 3 12 1123 1124 1122 2320 2321 2316
883 9 2 3 12 1124 1380 1122 2322 2323 2321
884 9 2 3 12 1122 1380 1179 2323 2324 2312
885 9 2 3 12 1123 1125 1124 2325 2326 2320
886 9 2 3 12 1123 1127 1125 2327 2328 2325
887 9 2 3 12 1123 1360 1127 2318 2329 2327
888 9 2 3 12 1125 1126 1124 2330 2331 2326
889 9 2 3 12 1126 1379 1124 2332 2333 2331
890 9 2 3 12 1379 1380 1124 2334 2322 2333
891 9 2 3 12 1125 1128 1126 2335 2336 2330
892 9 2 3 12 1127 1333 1125 2337 2338 2328
893 9 2 3 12 1125 1333 1128 2338 2339 2335
894 9 2 3 12 1128 1129 1126 2340 2341 2336
895 9 2 3 12 1129 1130 1126 2342 2343 2341
896 9 2 3 12 1130 1379 1126 2344 2332 2343
897 9 2 3 12 1294 1332 1127 2345 2346 2347
898 9 2 3 12 1127 1360 1294 2329 2348 2347
899 9 2 3 12 1332 1333 1127 2349 2337 2346
900 9 2 3 12 1128 1146 1129 2350 2351 2340
901 9 2 3 12 1128 1147 1146 2352 2353 2350
902 9 2 3 12 1128 1333 1147 2339 2354 2352
903 9 2 3 12 1129 1131 1130 2355 2356 2342
904 9 2 3 12 1129 1382 1131 2357 2358 2355
905 9 2 3 12 1146 1382 1129 2359 2357 2351
906 9 2 3 12 1131 1132 1130 2360 2361 2356
907 9 2 3 12 1132 1170 1130 2362 2363 2361
908 9 2 3 12 1170 1379 1130 2364 2344 2363
909 9 2 3 12 1131 1133 1132 2365 2366 2360
910 9 2 3 12 1131 1405 1133 2367 2368 2365
911 9 2 3 12 1382 1405 1131 2369 2367 2358
912 9 2 3 12 1133 1134 1132 2370 2371 2366
913 9 2 3 12 1134 1357 1132 2372 2373 2371
914 9 2 3 12 1132 1357 1170 2373 2374 2362
915 9 2 3 12 1133 1135 1134 2375 2376 2370
916 9 2 3 12 1133 1149 1135 2377 2378 2375
917 9 2 3 12 1133 1405 1149 2368 2379 2377
918 9 2 3 12 1135 1136 1134 2380 2381 2376
919 9 2 3 12 1136 1159 1134 2382 2383 2381
920 9 2 3 12 1159 1357 1134 2384 2372 2383
921 9 2 3 12 1135 1137 1136 2385 2386 2380
922 9 2 3 12 1135 1387 1137 2387 2388 2385
923 9 2 3 12 1149 1387 1135 2389 2387 2378
924 9 2 3 12 1137 1138 1136 2390 2391 2386
925 9 2 3 12 1138 1348 1136 2392 2393 2391
926 9 2 3 12 1136 1348 1159 2393 2394 2382
927 9 2 3 12 1137 1139 1138 2395 2396 2390
928 9 2 3 12 1137 1148 1139 2397 2398 2395
929 9 2 3 12 1137 1387 1148 2388 2399 2397
930 9 2 3 12 1139 1140 1138 2400 2401 2396
931 9 2 3 12 1140 1347 1138 2402 2403 2401
932 9 2 3 12 1347 1348 1138 2404 2392 2403
933 9 2 3 12 1139 1141 1140 2405 2406 2400
934 9 2 3 12 1139 1388 1141 2407 2408 2405
935 9 2 3 12 1148 1388 1139 2409 2407 2398
936 9 2 3 12 1141 1142 1140 2410 2411 2406
937 9 2 3 12 1142 1157 1140 2412 2413 2411
938 9 2 3 12 1157 1347 1140 2414 2402 2413
939 9 2 3 12 1141 1144 1142 2415 2416 2410
940 9 2 3 12 1141 1150 1144 2417 2418 2415
941 9 2 3 12 1141 1388 1150 2408 2419 2417
942 9 2 3 12 1144 1369 1142 2420 2421 2416
943 9 2 3 12 1142 1158 1157 2422 2423 2412
944 9 2 3 12 1142 1369 1158 2421 2424 2422
945 9 2 3 12 1178 1200 1143 2425 2426 2191
946 9 2 3 12 1200 1395 1143 2427 2428 2426
947 9 2 3 12 1143 1395 1373 2428 2429 2184
948 9 2 3 12 1150 1151 1144 2430 2431 2418
949 9 2 3 12 1151 1152 1144 2432 2433 2431
950 9 2 3 12 1152 1369 1144 2434 2420 2433
951 9 2 3 12 1145 1155 1154 2435 2436 2247
952 9 2 3 12 1145 1199 1155 2437 2438 2435
953 9 2 3 12 1145 1373 1199 2189 2439 2437
954 9 2 3 12 1147 1167 1146 2440 2441 2353
955 9 2 3 12 1167 1169 1146 2442 2443 2441
956 9 2 3 12 1169 1382 1146 2444 2359 2443
957 9 2 3 12 1147 1168 1167 2445 2446 2440
958 9 2 3 12 1147 1212 1168 2447 2448 2445
959 9 2 3 12 1147 1333 1212 2354 2449 2447
960 9 2 3 12 1387 1408 1148 2450 2451 2399
961 9 2 3 12 1148 1407 1388 2452 2453 2409
962 9 2 3 12 1148 1408 1407 2451 2454 2452
963 9 2 3 12 1149 1409 1387 2455 2456 2389
964 9 2 3 12 1405 1410 1149 2457 2458 2379
965 9 2 3 12 1149 1410 1409 2458 2459 2455
966 9 2 3 12 1150 1376 1151 2460 2461 2430
967 9 2 3 12 1150 1377 1376 2462 2463 2460
968 9 2 3 12 1150 1388 1377 2419 2464 2462
969 9 2 3 12 1151 1153 1152 2465 2466 2432
970 9 2 3 12 1151 1161 1153 2467 2468 2465
971 9 2 3 12 1151 1376 1161 2461 2469 2467
972 9 2 3 12 1153 1340 1152 2470 2471 2466
973 9 2 3 12 1340 1416 1152 2472 2473 2471
974 9 2 3 12 1152 1416 1369 2473 2474 2434
975 9 2 3 12 1161 1162 1153 2475 2476 2468
976 9 2 3 12 1162 1163 1153 2477 2478 2476
977 9 2 3 12 1163 1340 1153 2479 2470 2478
978 9 2 3 12 1155 1173 1154 2480 2481 2436
979 9 2 3 12 1173 1190 1154 2482 2483 2481
980 9 2 3 12 1190 1334 1154 2484 2249 2483
981 9 2 3 12 1155 1174 1173 2485 2486 2480
982 9 2 3 12 1155 1404 1174 2487 2488 2485
983 9 2 3 12 1199 1404 1155 2489 2487 2438
984 9 2 3 12 1156 1361 1360 2490 2491 2319
985 9 2 3 12 1156 1362 1361 2492 2493 2490
986 9 2 3 12 1156 1365 1362 2309 2494 2492
987 9 2 3 12 1158 1191 1157 2495 2496 2423
988 9 2 3 12 1191 1192 1157 2497 2498 2496
989 9 2 3 12 1192 1347 1157 2499 2414 2498
990 9 2 3 12 1158 1415 1191 2500 2501 2495
991 9 2 3 12 1369 1411 1158 2502 2503 2424
992 9 2 3 12 1411 1415 1158 2504 2500 2503
993 9 2 3 12 1348 1349 1159 2505 2506 2394
994 9 2 3 12 1349 1350 1159 2507 2508 2506
995 9 2 3 12 1350 1357 1159 2509 2384 2508
996 9 2 3 12 1160 1193 1183 2510 2511 2292
997 9 2 3 12 1160 1310 1193 2512 2513 2510
998 9 2 3 12 1194 1310 1160 2514 2512 2296
999 9 2 3 12 1161 1195 1162 2515 2516 2475
1000 9 2 3 12 1161 1196 1195 2517 2518 2515
1001 9 2 3 12 1161 1376 1196 2469 2519 2517
1002 9 2 3 12 1162 1164 1163 2520 2521 2477
1003 9 2 3 12 1162 1391 1164 2522 2523 2520
1004 9 2 3 12 1195 1391 1162 2524 2522 2516
1005 9 2 3 12 1164 1165 1163 2525 2526 2521
1006 9 2 3 12 1165 1339 1163 2527 2528 2526
1007 9 2 3 12 1339 1340 1163 2529 2479 2528
1008 9 2 3 12 1164 1166 1165 2530 2531 2525
1009 9 2 3 12 1164 1177 1166 2532 2533 2530
1010 9 2 3 12 1164 1391 1177 2523 2534 2532
1011 9 2 3 12 1166 1171 1165 2535 2536 2531
1012 9 2 3 12 1171 1187 1165 2537 2538 2536
1013 9 2 3 12 1187 1339 1165 2539 2527 2538
1014 9 2 3 12 1166 1172 1171 2540 2541 2535
1015 9 2 3 12 1166 1477 1172 2542 2543 2540
1016 9 2 3 12 1177 1477 1166 2544 2542 2533
1017 9 2 3 12 1168 1386 1167 2545 2546 2446
1018 9 2 3 12 1167 1175 1169 2547 2548 2442
1019 9 2 3 12 1167 1386 1175 2546 2549 2547
1020 9 2 3 12 1212 1213 1168 2550 2551 2448
1021 9 2 3 12 1213 1216 1168 2552 2553 2551
1022 9 2 3 12 1216 1386 1168 2554 2545 2553
1023 9 2 3 12 1175 1184 1169 2555 2556 2548
1024 9 2 3 12 1184 1249 1169 2557 2558 2556
1025 9 2 3 12 1249 1382 1169 2559 2444 2558
1026 9 2 3 12 1357 1358 1170 2560 2561 2374
1027 9 2 3 12 1358 1393 1170 2562 2563 2561
1028 9 2 3 12 1170 1393 1379 2563 2564 2364
1029 9 2 3 12 1172 1422 1171 2565 2566 2541
1030 9 2 3 12 1171 1256 1187 2567 2568 2537
1031 9 2 3 12 1171 1422 1256 2566 2569 2567
1032 9 2 3 12 1172 1424 1422 2570 2571 2565
1033 9 2 3 12 1172 1510 1424 2572 2573 2570
1034 9 2 3 12 1477 1510 1172 2574 2572 2543
1035 9 2 3 12 1174 1181 1173 2575 2576 2486
1036 9 2 3 12 1181 1327 1173 2577 2578 2576
1037 9 2 3 12 1173 1327 1190 2578 2579 2482
1038 9 2 3 12 1174 1182 1181 2580 2581 2575
1039 9 2 3 12 1174 1421 1182 2582 2583 2580
1040 9 2 3 12 1404 1421 1174 2584 2582 2488
1041 9 2 3 12 1175 1209 1184 2585 2586 2555
1042 9 2 3 12 1175 1244 1209 2587 2588 2585
1043 9 2 3 12 1175 1386 1244 2549 2589 2587
1044 9 2 3 12 1297 1298 1176 2590 2591 1974
1045 9 2 3 12 1298 1299 1176 2592 2593 2591
1046 9 2 3 12 1299 1314 1176 2594 1984 2593
1047 9 2 3 12 1391 1479 1177 2595 2596 2534
1048 9 2 3 12 1177 1511 1477 2597 2598 2544
1049 9 2 3 12 1479 1511 1177 2599 2597 2596
1050 9 2 3 12 1180 1412 1178 2600 2601 2193
1051 9 2 3 12 1178 1201 1200 2602 2603 2425
1052 9 2 3 12 1178 1412 1201 2601 2604 2602
1053 9 2 3 12 1380 1381 1179 2605 2606 2324
1054 9 2 3 12 1381 1398 1179 2607 2608 2606
1055 9 2 3 12 1179 1398 1384 2608 2609 2314
1056 9 2 3 12 1385 1414 1180 2610 2611 2194
1057 9 2 3 12 1180 1413 1412 2612 2613 2600
1058 9 2 3 12 1180 1414 1413 2611 2614 2612
1059 9 2 3 12 1182 1241 1181 2615 2616 2581
1060 9 2 3 12 1241 1278 1181 2617 2618 2616
1061 9 2 3 12 1278 1327 1181 2619 2577 2618
1062 9 2 3 12 1182 1242 1241 2620 2621 2615
1063 9 2 3 12 1182 1251 1242 2622 2623 2620
1064 9 2 3 12 1182 1421 1251 2583 2624 2622
1065 9 2 3 12 1193 1257 1183 2625 2626 2511
1066 9 2 3 12 1257 1406 1183 2627 2628 2626
1067 9 2 3 12 1183 1406 1374 2628 2629 2294
1068 9 2 3 12 1209 1495 1184 2630 2631 2586
1069 9 2 3 12 1184 1250 1249 2632 2633 2557
1070 9 2 3 12 1184 1495 1250 2631 2634 2632
1071 9 2 3 12 1185 1197 1186 2635 2636 2277
1072 9 2 3 12 1185 1198 1197 2637 2638 2635
1073 9 2 3 12 1185 1374 1198 2284 2639 2637
1074 9 2 3 12 1197 1204 1186 2640 2641 2636
1075 9 2 3 12 1204 1205 1186 2642 2643 2641
1076 9 2 3 12 1205 1375 1186 2644 2279 2643
1077 9 2 3 12 1256 1397 1187 2645 2646 2568
1078 9 2 3 12 1187 1396 1339 2647 2648 2539
1079 9 2 3 12 1187 1397 1396 2646 2649 2647
1080 9 2 3 12 1189 1356 1188 2650 2651 2266
1081 9 2 3 12 1337 1355 1188 2652 2199 2653
1082 9 2 3 12 1188 1356 1337 2651 2654 2653
1083 9 2 3 12 1211 1243 1189 2655 2656 2268
1084 9 2 3 12 1243 1261 1189 2657 2658 2656
1085 9 2 3 12 1261 1356 1189 2659 2650 2658
1086 9 2 3 12 1327 1328 1190 2660 2661 2579
1087 9 2 3 12 1328 1335 1190 2662 2663 2661
1088 9 2 3 12 1190 1335 1334 2663 2664 2484
1089 9 2 3 12 1191 1202 1192 2665 2666 2497
1090 9 2 3 12 1191 1203 1202 2667 2668 2665
1091 9 2 3 12 1191 1415 1203 2501 2669 2667
1092 9 2 3 12 1202 1206 1192 2670 2671 2666
1093 9 2 3 12 1206 1247 1192 2672 2673 2671
1094 9 2 3 12 1247 1347 1192 2674 2499 2673
1095 9 2 3 12 1193 1258 1257 2675 2676 2625
1096 9 2 3 12 1193 1259 1258 2677 2678 2675
1097 9 2 3 12 1193 1310 1259 2513 2679 2677
1098 9 2 3 12 1194 1313 1310 2680 2681 2514
1099 9 2 3 12 1194 1325 1313 2682 2683 2680
1100 9 2 3 12 1324 1325 1194 2684 2682 2298
1101 9 2 3 12 1196 1208 1195 2685 2686 2518
1102 9 2 3 12 1208 1272 1195 2687 2688 2686
1103 9 2 3 12 1272 1391 1195 2689 2524 2688
1104 9 2 3 12 1196 1245 1208 2690 2691 2685
1105 9 2 3 12 1196 1246 1245 2692 2693 2690
1106 9 2 3 12 1196 1376 1246 2519 2694 2692
1107 9 2 3 12 1198 1403 1197 2695 2696 2638
1108 9 2 3 12 1197 1260 1204 2697 2698 2640
1109 9 2 3 12 1197 1403 1260 2696 2699 2697
1110 9 2 3 12 1316 1403 1198 1821 2695 2700
1111 9 2 3 12 1198 1406 1316 2701 2702 2700
1112 9 2 3 12 1374 1406 1198 2629 2701 2639
1113 9 2 3 12 1373 1395 1199 2429 2703 2439
1114 9 2 3 12 1395 1397 1199 2704 2705 2703
1115 9 2 3 12 1397 1404 1199 2706 2489 2705
1116 9 2 3 12 1201 1262 1200 2707 2708 2603
1117 9 2 3 12 1262 1396 1200 2709 2710 2708
1118 9 2 3 12 1200 1396 1395 2710 2711 2427
1119 9 2 3 12 1201 1416 1262 2712 2713 2707
1120 9 2 3 12 1201 1412 1411 2604 2714 2715
1121 9 2 3 12 1411 1416 1201 2716 2712 2715
1122 9 2 3 12 1203 1431 1202 2717 2718 2668
1123 9 2 3 12 1202 1264 1206 2719 2720 2670
1124 9 2 3 12 1202 1431 1264 2718 2721 2719
1125 9 2 3 12 1203 1415 1413 2669 2722 2723
1126 9 2 3 12 1413 1417 1203 2724 2725 2723
1127 9 2 3 12 1417 1431 1203 2133 2717 2725
1128 9 2 3 12 1204 1207 1205 2726 2727 2642
1129 9 2 3 12 1204 1434 1207 2728 2729 2726
1130 9 2 3 12 1260 1434 1204 2730 2728 2698
1131 9 2 3 12 1207 1221 1205 2731 2732 2727
1132 9 2 3 12 1221 1418 1205 2733 2734 2732
1133 9 2 3 12 1205 1418 1375 2734 2735 2644
1134 9 2 3 12 1206 1248 1247 2736 2737 2672
1135 9 2 3 12 1206 1444 1248 2738 2739 2736
1136 9 2 3 12 1264 1444 1206 2740 2738 2720
1137 9 2 3 12 1207 1222 1221 2741 2742 2731
1138 9 2 3 12 1207 1288 1222 2743 2744 2741
1139 9 2 3 12 1207 1434 1288 2729 1793 2743
1140 9 2 3 12 1245 1281 1208 2745 2746 2691
1141 9 2 3 12 1208 1507 1272 2747 2748 2687
1142 9 2 3 12 1281 1507 1208 2749 2747 2746
1143 9 2 3 12 1244 1276 1209 2750 2751 2588
1144 9 2 3 12 1276 1483 1209 2752 2753 2751
1145 9 2 3 12 1483 1495 1209 2754 2630 2753
1146 9 2 3 12 1314 1474 1210 2755 2756 1994
1147 9 2 3 12 1210 1471 1329 2757 2270 2004
1148 9 2 3 12 1210 1474 1471 2756 2758 2757
1149 9 2 3 12 1211 1277 1243 2759 2760 2655
1150 9 2 3 12 1211 1335 1277 2761 2762 2759
1151 9 2 3 12 1334 1335 1211 2664 2761 2269
1152 9 2 3 12 1212 1214 1213 2763 2764 2550
1153 9 2 3 12 1212 1332 1214 2765 2766 2763
1154 9 2 3 12 1212 1333 1332 2449 2349 2765
1155 9 2 3 12 1214 1215 1213 2767 2768 2764
1156 9 2 3 12 1215 1383 1213 2769 2770 2768
1157 9 2 3 12 1213 1383 1216 2770 2771 2552
1158 9 2 3 12 1214 1217 1215 2772 2773 2767
1159 9 2 3 12 1214 1220 1217 2774 2775 2772
1160 9 2 3 12 1214 1332 1220 2766 2776 2774
1161 9 2 3 12 1217 1218 1215 2777 2778 2773
1162 9 2 3 12 1218 1219 1215 2779 2780 2778
1163 9 2 3 12 1219 1383 1215 2781 2769 2780
1164 9 2 3 12 1383 1489 1216 2782 2783 2771
1165 9 2 3 12 1216 1488 1386 2784 2785 2554
1166 9 2 3 12 1216 1489 1488 2783 2786 2784
1167 9 2 3 12 1217 1331 1218 2787 2788 2777
1168 9 2 3 12 1220 1239 1217 2789 2790 2775
1169 9 2 3 12 1239 1331 1217 2791 2787 2790
1170 9 2 3 12 1218 1282 1219 2792 2793 2779
1171 9 2 3 12 1218 1285 1282 2794 2795 2792
1172 9 2 3 12 1218 1331 1285 2788 2796 2794
1173 9 2 3 12 1282 1283 1219 2797 2798 2793
1174 9 2 3 12 1283 1284 1219 2799 2800 2798
1175 9 2 3 12 1284 1383 1219 2801 2781 2800
1176 9 2 3 12 1220 1240 1239 2802 2803 2789
1177 9 2 3 12 1220 1294 1240 2804 2805 2802
1178 9 2 3 12 1220 1332 1294 2776 2345 2804
1179 9 2 3 12 1222 1223 1221 2806 2807 2742
1180 9 2 3 12 1223 1427 1221 2808 2809 2807
1181 9 2 3 12 1221 1427 1418 2809 2234 2733
1182 9 2 3 12 1222 1224 1223 2810 2811 2806
1183 9 2 3 12 1222 1436 1224 2812 2813 2810
1184 9 2 3 12 1288 1436 1222 2814 2812 2744
1185 9 2 3 12 1224 1225 1223 2815 2816 2811
1186 9 2 3 12 1225 1428 1223 2817 2818 2816
1187 9 2 3 12 1223 1428 1427 2818 2819 2808
1188 9 2 3 12 1224 1226 1225 2820 2821 2815
1189 9 2 3 12 1224 1289 1226 2822 2823 2820
1190 9 2 3 12 1224 1436 1289 2813 1882 2822
1191 9 2 3 12 1226 1227 1225 2824 2825 2821
1192 9 2 3 12 1227 1447 1225 2826 2827 2825
1193 9 2 3 12 1225 1447 1428 2827 2229 2817
1194 9 2 3 12 1226 1228 1227 2828 2829 2824
1195 9 2 3 12 1226 1439 1228 2830 2831 2828
1196 9 2 3 12 1289 1439 1226 2832 2830 2823
1197 9 2 3 12 1228 1229 1227 2833 2834 2829
1198 9 2 3 12 1229 1452 1227 2835 2836 2834
1199 9 2 3 12 1227 1452 1447 2836 2837 2826
1200 9 2 3 12 1228 1230 1229 2838 2839 2833
1201 9 2 3 12 1228 1290 1230 2840 2841 2838
1202 9 2 3 12 1228 1439 1290 2831 1788 2840
1203 9 2 3 12 1230 1231 1229 2842 2843 2839
1204 9 2 3 12 1231 1456 1229 2844 2845 2843
1205 9 2 3 12 1229 1456 1452 2845 2224 2835
1206 9 2 3 12 1230 1232 1231 2846 2847 2842
1207 9 2 3 12 1230 1442 1232 2848 2849 2846
1208 9 2 3 12 1290 1442 1230 2850 2848 2841
1209 9 2 3 12 1232 1233 1231 2851 2852 2847
1210 9 2 3 12 1233 1461 1231 2853 2854 2852
1211 9 2 3 12 1231 1461 1456 2854 2855 2844
1212 9 2 3 12 1232 1234 1233 2856 2857 2851
1213 9 2 3 12 1232 1291 1234 2858 2859 2856
1214 9 2 3 12 1232 1442 1291 2849 1887 2858
1215 9 2 3 12 1234 1235 1233 2860 2861 2857
1216 9 2 3 12 1235 1462 1233 2862 2863 2861
1217 9 2 3 12 1233 1462 1461 2863 2219 2853
1218 9 2 3 12 1234 1236 1235 2864 2865 2860
1219 9 2 3 12 1234 1445 1236 2866 2867 2864
1220 9 2 3 12 1291 1445 1234 2868 2866 2859
1221 9 2 3 12 1236 1237 1235 2869 2870 2865
1222 9 2 3 12 1237 1459 1235 2871 2872 2870
1223 9 2 3 12 1459 1462 1235 2873 2862 2872
1224 9 2 3 12 1236 1238 1237 2874 2875 2869
1225 9 2 3 12 1236 1292 1238 2876 2877 2874
1226 9 2 3 12 1236 1445 1292 2867 1800 2876
1227 9 2 3 12 1238 1423 1237 2878 2879 2875
1228 9 2 3 12 1423 1433 1237 2880 2881 2879
1229 9 2 3 12 1433 1459 1237 2214 2871 2881
1230 9 2 3 12 1292 1293 1238 2882 2883 2877
1231 9 2 3 12 1293 1425 1238 2884 2885 2883
1232 9 2 3 12 1238 1425 1423 2885 2264 2878
1233 9 2 3 12 1240 1286 1239 2886 2887 2803
1234 9 2 3 12 1286 1496 1239 2888 2889 2887
1235 9 2 3 12 1239 1496 1331 2889 2890 2791
1236 9 2 3 12 1240 1287 1286 2891 2892 2886
1237 9 2 3 12 1240 1361 1287 2893 2894 2891
1238 9 2 3 12 1294 1361 1240 2895 2893 2805
1239 9 2 3 12 1242 1309 1241 2896 2897 2621
1240 9 2 3 12 1241 1473 1278 2898 2899 2617
1241 9 2 3 12 1309 1473 1241 2900 2898 2897
1242 9 2 3 12 1251 1252 1242 2901 2902 2623
1243 9 2 3 12 1252 1253 1242 2903 2904 2902
1244 9 2 3 12 1253 1309 1242 2905 2896 2904
1245 9 2 3 12 1243 1280 1261 2906 2907 2657
1246 9 2 3 12 1277 1476 1243 2908 2909 2760
1247 9 2 3 12 1243 1476 1280 2909 2910 2906
1248 9 2 3 12 1244 1490 1276 2911 2912 2750
1249 9 2 3 12 1386 1488 1244 2785 2913 2589
1250 9 2 3 12 1488 1490 1244 2914 2911 2913
1251 9 2 3 12 1246 1265 1245 2915 2916 2693
1252 9 2 3 12 1265 1501 1245 2917 2918 2916
1253 9 2 3 12 1245 1501 1281 2918 2919 2745
1254 9 2 3 12 1246 1266 1265 2920 2921 2915
1255 9 2 3 12 1246 1377 1266 2922 2923 2920
1256 9 2 3 12 1376 1377 1246 2463 2922 2694
1257 9 2 3 12 1248 1349 1247 2924 2925 2737
1258 9 2 3 12 1247 1348 1347 2926 2404 2674
1259 9 2 3 12 1247 1349 1348 2925 2505 2926
1260 9 2 3 12 1248 1351 1349 2927 2928 2924
1261 9 2 3 12 1248 1457 1351 2929 2930 2927
1262 9 2 3 12 1444 1457 1248 2139 2929 2739
1263 9 2 3 12 1250 1410 1249 2931 2932 2633
1264 9 2 3 12 1249 1405 1382 2933 2369 2559
1265 9 2 3 12 1249 1410 1405 2932 2457 2933
1266 9 2 3 12 1250 1420 1410 2934 2935 2931
1267 9 2 3 12 1250 1494 1420 2936 2937 2934
1268 9 2 3 12 1250 1495 1494 2634 2938 2936
1269 9 2 3 12 1251 1424 1252 2939 2940 2901
1270 9 2 3 12 1421 1422 1251 2941 2942 2624
1271 9 2 3 12 1422 1424 1251 2571 2939 2942
1272 9 2 3 12 1252 1254 1253 2943 2944 2903
1273 9 2 3 12 1252 1255 1254 2945 2946 2943
1274 9 2 3 12 1252 1424 1255 2940 2947 2945
1275 9 2 3 12 1254 1273 1253 2948 2949 2944
1276 9 2 3 12 1273 1275 1253 2950 2951 2949
1277 9 2 3 12 1275 1309 1253 2952 2905 2951
1278 9 2 3 12 1255 1505 1254 2953 2954 2946
1279 9 2 3 12 1254 1274 1273 2955 2956 2948
1280 9 2 3 12 1254 1505 1274 2954 2957 2955
1281 9 2 3 12 1424 1510 1255 2573 2958 2947
1282 9 2 3 12 1504 1505 1255 2959 2953 2960
1283 9 2 3 12 1255 1510 1504 2958 2961 2960
1284 9 2 3 12 1256 1404 1397 2962 2706 2645
1285 9 2 3 12 1256 1421 1404 2963 2584 2962
1286 9 2 3 12 1256 1422 1421 2569 2941 2963
1287 9 2 3 12 1258 1426 1257 2964 2965 2676
1288 9 2 3 12 1257 1465 1406 2966 2967 2627
1289 9 2 3 12 1426 1465 1257 1876 2966 2965
1290 9 2 3 12 1259 1497 1258 2968 2969 2678
1291 9 2 3 12 1306 1426 1258 2970 2964 2971
1292 9 2 3 12 1258 1497 1306 2969 1909 2971
1293 9 2 3 12 1310 1311 1259 2972 2973 2679
1294 9 2 3 12 1311 1312 1259 2974 2975 2973
1295 9 2 3 12 1312 1497 1259 1911 2968 2975
1296 9 2 3 12 1260 1403 1338 2699 1822 2976
1297 9 2 3 12 1338 1437 1260 1688 2977 2976
1298 9 2 3 12 1260 1437 1434 2977 1797 2730
1299 9 2 3 12 1280 1325 1261 2978 2979 2907
1300 9 2 3 12 1261 1325 1324 2979 2684 2980
1301 9 2 3 12 1324 1356 1261 2981 2659 2980
1302 9 2 3 12 1262 1340 1339 2982 2529 2983
1303 9 2 3 12 1339 1396 1262 2648 2709 2983
1304 9 2 3 12 1262 1416 1340 2713 2472 2982
1305 9 2 3 12 1263 1356 1324 2984 2981 2299
1306 9 2 3 12 1330 1337 1263 2985 2986 2289
1307 9 2 3 12 1337 1356 1263 2654 2984 2986
1308 9 2 3 12 1264 1432 1430 2987 2089 2988
1309 9 2 3 12 1430 1444 1264 2138 2740 2988
1310 9 2 3 12 1431 1432 1264 2134 2987 2721
1311 9 2 3 12 1266 1267 1265 2989 2990 2921
1312 9 2 3 12 1267 1502 1265 2991 2992 2990
1313 9 2 3 12 1265 1502 1501 2992 1830 2917
1314 9 2 3 12 1266 1268 1267 2993 2994 2989
1315 9 2 3 12 1266 1407 1268 2995 2996 2993
1316 9 2 3 12 1377 1407 1266 2997 2995 2923
1317 9 2 3 12 1268 1269 1267 2998 2999 2994
1318 9 2 3 12 1269 1279 1267 3000 3001 2999
1319 9 2 3 12 1279 1502 1267 3002 2991 3001
1320 9 2 3 12 1268 1270 1269 3003 3004 2998
1321 9 2 3 12 1268 1408 1270 3005 3006 3003
1322 9 2 3 12 1407 1408 1268 2454 3005 2996
1323 9 2 3 12 1270 1271 1269 3007 3008 3004
1324 9 2 3 12 1271 1499 1269 3009 3010 3008
1325 9 2 3 12 1269 1499 1279 3010 3011 3000
1326 9 2 3 12 1270 1420 1271 3012 3013 3007
1327 9 2 3 12 1408 1409 1270 3014 3015 3006
1328 9 2 3 12 1409 1420 1270 3016 3012 3015
1329 9 2 3 12 1420 1494 1271 2937 3017 3013
1330 9 2 3 12 1494 1500 1271 3018 3019 3017
1331 9 2 3 12 1271 1500 1499 3019 1904 3009
1332 9 2 3 12 1272 1479 1391 3020 2595 2689
1333 9 2 3 12 1272 1508 1479 3021 3022 3020
1334 9 2 3 12 1507 1508 1272 1807 3021 2748
1335 9 2 3 12 1274 1519 1273 3023 3024 2956
1336 9 2 3 12 1273 1455 1275 3025 3026 2950
1337 9 2 3 12 1273 1519 1455 3024 1922 3025
1338 9 2 3 12 1274 1506 1466 3027 3028 3029
1339 9 2 3 12 1466 1519 1274 3030 3023 3029
1340 9 2 3 12 1505 1506 1274 3031 3027 2957
1341 9 2 3 12 1275 1525 1309 3032 3033 2952
1342 9 2 3 12 1455 1484 1275 1555 3034 3026
1343 9 2 3 12 1484 1525 1275 1871 3032 3034
1344 9 2 3 12 1481 1483 1276 1812 2752 3035
1345 9 2 3 12 1276 1493 1481 3036 1755 3035
1346 9 2 3 12 1490 1493 1276 1827 3036 2912
1347 9 2 3 12 1335 1492 1277 3037 3038 2762
1348 9 2 3 12 1277 1528 1476 3039 3040 2908
1349 9 2 3 12 1492 1528 1277 1842 3039 3038
1350 9 2 3 12 1278 1491 1327 3041 3042 2619
1351 9 2 3 12 1473 1527 1278 3043 3044 2899
1352 9 2 3 12 1278 1527 1491 3044 1939 3041
1353 9 2 3 12 1480 1502 1279 1829 3002 3045
1354 9 2 3 12 1279 1503 1480 3046 1725 3045
1355 9 2 3 12 1499 1503 1279 1906 3046 3011
1356 9 2 3 12 1280 1326 1325 3047 3048 2978
1357 9 2 3 12 1280 1526 1326 3049 3050 3047
1358 9 2 3 12 1476 1526 1280 1928 3049 2910
1359 9 2 3 12 1482 1507 1281 1806 2749 3051
1360 9 2 3 12 1281 1509 1482 3052 1707 3051
1361 9 2 3 12 1501 1509 1281 1832 3052 2919
1362 9 2 3 12 1282 1530 1283 3053 3054 2797
1363 9 2 3 12 1285 1464 1282 3055 3056 2795
1364 9 2 3 12 1464 1530 1282 1918 3053 3056
1365 9 2 3 12 1283 1487 1284 3057 3058 2799
1366 9 2 3 12 1475 1529 1283 1955 3059 3060
1367 9 2 3 12 1283 1530 1475 3054 1921 3060
1368 9 2 3 12 1283 1529 1487 3059 3061 3057
1369 9 2 3 12 1284 1489 1383 3062 2782 2801
1370 9 2 3 12 1284 1487 1478 3058 1896 3063
1371 9 2 3 12 1478 1489 1284 3064 3062 3063
1372 9 2 3 12 1331 1531 1285 3065 3066 2796
1373 9 2 3 12 1285 1514 1464 3067 1607 3055
1374 9 2 3 12 1285 1531 1514 3066 1866 3067
1375 9 2 3 12 1287 1517 1286 3068 1942 2892
1376 9 2 3 12 1454 1496 1286 1863 2888 1940
1377 9 2 3 12 1361 1362 1287 2493 3069 2894
1378 9 2 3 12 1362 1363 1287 3070 3071 3069
1379 9 2 3 12 1363 1517 1287 3072 3068 3071
1380 9 2 3 12 1288 1438 1436 1796 1886 2814
1381 9 2 3 12 1289 1440 1439 1885 1792 2832
1382 9 2 3 12 1441 1442 1290 1891 2850 1791
1383 9 2 3 12 1291 1446 1445 1890 1802 2868
1384 9 2 3 12 1292 1435 1293 1798 3073 2882
1385 9 2 3 12 1293 1429 1425 3074 3075 2884
1386 9 2 3 12 1293 1463 1429 3076 1817 3074
1387 9 2 3 12 1435 1463 1293 1754 3076 3073
1388 9 2 3 12 1360 1361 1294 2491 2895 2348
1389 9 2 3 12 1296 1516 1297 1915 3077 1965
1390 9 2 3 12 1297 1516 1298 3077 3078 2590
1391 9 2 3 12 1298 1300 1299 3079 3080 2592
1392 9 2 3 12 1298 1443 1300 3081 3082 3079
1393 9 2 3 12 1298 1516 1443 3078 1916 3081
1394 9 2 3 12 1300 1301 1299 1856 3083 3080
1395 9 2 3 12 1301 1474 1299 3084 3085 3083
1396 9 2 3 12 1299 1474 1314 3085 2755 2594
1397 9 2 3 12 1443 1515 1300 1640 1858 3082
1398 9 2 3 12 1302 1303 1301 3086 3087 1860
1399 9 2 3 12 1303 1474 1301 3088 3084 3087
1400 9 2 3 12 1302 1304 1303 3089 3090 3086
1401 9 2 3 12 1302 1520 1304 3091 3092 3089
1402 9 2 3 12 1486 1520 1302 1933 3091 1861
1403 9 2 3 12 1304 1513 1303 3093 3094 3090
1404 9 2 3 12 1471 1474 1303 2758 3088 3095
1405 9 2 3 12 1303 1513 1471 3094 2274 3095
1406 9 2 3 12 1304 1512 1472 3096 3097 3098
1407 9 2 3 12 1472 1513 1304 3099 3093 3098
1408 9 2 3 12 1304 1520 1512 3092 1934 3096
1409 9 2 3 12 1305 1426 1306 1873 2970 1948
1410 9 2 3 12 1466 1506 1307 3028 1897 1957
1411 9 2 3 12 1487 1529 1308 3061 1951 1893
1412 9 2 3 12 1309 1525 1473 3033 1869 2900
1413 9 2 3 12 1310 1313 1311 2681 1848 2972
1414 9 2 3 12 1311 1498 1312 1851 1588 2974
1415 9 2 3 12 1325 1326 1313 3048 1852 2683
1416 9 2 3 12 1316 1465 1315 3100 1874 1819
1417 9 2 3 12 1406 1465 1316 2967 3100 2702
1418 9 2 3 12 1317 1321 1318 1900 3101 1833
1419 9 2 3 12 1318 1320 1319 3102 3103 1835
1420 9 2 3 12 1318 1504 1320 3104 3105 3102
1421 9 2 3 12 1321 1504 1318 3106 3104 3101
1422 9 2 3 12 1320 1511 1319 3107 3108 3103
1423 9 2 3 12 1319 1343 1342 3109 3110 1837
1424 9 2 3 12 1319 1511 1343 3108 3111 3109
1425 9 2 3 12 1320 1510 1477 3112 2574 3113
1426 9 2 3 12 1477 1511 1320 2598 3107 3113
1427 9 2 3 12 1504 1510 1320 2961 3112 3105
1428 9 2 3 12 1321 1505 1504 3114 2959 3106
1429 9 2 3 12 1321 1506 1505 1901 3031 3114
1430 9 2 3 12 1323 1478 1322 3115 1894 1824
1431 9 2 3 12 1323 1489 1478 3116 3064 3115
1432 9 2 3 12 1488 1489 1323 2786 3116 3117
1433 9 2 3 12 1323 1490 1488 1826 2914 3117
1434 9 2 3 12 1326 1526 1485 3050 1929 1854
1435 9 2 3 12 1327 1491 1328 3042 3118 2660
1436 9 2 3 12 1328 1492 1335 3119 3037 2662
1437 9 2 3 12 1328 1491 1450 3118 1935 3120
1438 9 2 3 12 1450 1492 1328 1839 3119 3120
1439 9 2 3 12 1336 1337 1330 3121 2985 2164
1440 9 2 3 12 1496 1531 1331 1865 3065 2890
1441 9 2 3 12 1336 1355 1337 2169 2652 3121
1442 9 2 3 12 1370 1460 1341 3122 3123 2059
1443 9 2 3 12 1341 1460 1457 3123 3124 2135
1444 9 2 3 12 1343 1344 1342 3125 1689 3110
1445 9 2 3 12 1343 1508 1344 3126 1803 3125
1446 9 2 3 12 1479 1508 1343 3022 3126 3127
1447 9 2 3 12 1343 1511 1479 3111 2599 3127
1448 9 2 3 12 1345 1414 1346 3128 3129 2119
1449 9 2 3 12 1345 1417 1414 2131 3130 3128
1450 9 2 3 12 1346 1414 1385 3129 2610 2159
1451 9 2 3 12 1349 1351 1350 2928 3131 2507
1452 9 2 3 12 1351 1352 1350 3132 3133 3131
1453 9 2 3 12 1352 1358 1350 3134 3135 3133
1454 9 2 3 12 1350 1358 1357 3135 2560 2509
1455 9 2 3 12 1351 1460 1352 3136 3137 3132
1456 9 2 3 12 1457 1460 1351 3124 3136 2930
1457 9 2 3 12 1352 1359 1358 3138 3139 3134
1458 9 2 3 12 1352 1458 1359 3140 3141 3138
1459 9 2 3 12 1352 1460 1458 3137 3142 3140
1460 9 2 3 12 1353 1500 1354 1903 3143 1808
1461 9 2 3 12 1354 1495 1483 3144 2754 1810
1462 9 2 3 12 1494 1495 1354 2938 3144 3145
1463 9 2 3 12 1354 1500 1494 3143 3018 3145
1464 9 2 3 12 1359 1393 1358 3146 2562 3139
1465 9 2 3 12 1381 1393 1359 3147 3146 3148
1466 9 2 3 12 1359 1419 1381 3149 3150 3148
1467 9 2 3 12 1359 1458 1419 3141 2144 3149
1468 9 2 3 12 1362 1364 1363 3151 3152 3070
1469 9 2 3 12 1362 1365 1364 2494 3153 3151
1470 9 2 3 12 1364 1518 1363 3154 3155 3152
1471 9 2 3 12 1449 1517 1363 1944 3072 3156
1472 9 2 3 12 1363 1518 1449 3155 1847 3156
1473 9 2 3 12 1365 1366 1364 2303 3157 3153
1474 9 2 3 12 1366 1367 1364 3158 3159 3157
1475 9 2 3 12 1367 1518 1364 1846 3154 3159
1476 9 2 3 12 1366 1472 1367 3160 3161 3158
1477 9 2 3 12 1368 1472 1366 3162 3160 2304
1478 9 2 3 12 1367 1512 1448 3163 1930 1843
1479 9 2 3 12 1472 1512 1367 3097 3163 3161
1480 9 2 3 12 1368 1513 1472 2273 3099 3162
1481 9 2 3 12 1369 1416 1411 2474 2716 2502
1482 9 2 3 12 1458 1460 1370 3142 3122 2141
1483 9 2 3 12 1371 1398 1372 3164 3165 2029
1484 9 2 3 12 1384 1398 1371 2609 3164 2209
1485 9 2 3 12 1398 1419 1372 3166 2142 3165
1486 9 2 3 12 1375 1418 1392 2735 2230 2239
1487 9 2 3 12 1388 1407 1377 2453 2997 2464
1488 9 2 3 12 1456 1461 1378 2855 2215 2221
1489 9 2 3 12 1379 1393 1380 2564 3167 2334
1490 9 2 3 12 1380 1393 1381 3167 3147 2605
1491 9 2 3 12 1381 1419 1398 3150 3166 2607
1492 9 2 3 12 1387 1409 1408 2456 3014 2450
1493 9 2 3 12 1389 1462 1459 2218 2873 2210
1494 9 2 3 12 1447 1452 1390 2837 2222 2226
1495 9 2 3 12 1427 1428 1394 2819 2227 2233
1496 9 2 3 12 1396 1397 1395 2649 2704 2711
1497 9 2 3 12 1399 1433 1400 2213 3168 2009
1498 9 2 3 12 1400 1433 1423 3168 2880 2260
1499 9 2 3 12 1401 1429 1402 3169 1815 1979
1500 9 2 3 12 1425 1429 1401 3075 3169 2263
1501 9 2 3 12 1410 1420 1409 2935 3016 2459
1502 9 2 3 12 1412 1415 1411 3170 2504 2714
1503 9 2 3 12 1413 1415 1412 2722 3170 2613
1504 9 2 3 12 1414 1417 1413 3130 2724 2614
1505 9 2 3 12 1476 1528 1451 3040 1840 1926
1506 9 2 3 12 1453 1527 1473 1938 3043 1867
1507 9 2 3 12 1469 1519 1466 1924 3030 1959
1508 9 2 3 13 192 3196 18 3199 3200 210
1509 9 2 3 13 18 3195 209 3201 3202 228
1510 9 2 3 13 18 3196 3195 3200 3203 3201
1511 9 2 3 13 19 3177 20 3204 3205 278
1512 9 2 3 13 285 3188 19 3206 3207 287
1513 9 2 3 13 19 3184 3177 3208 3209 3204
1514 9 2 3 13 19 3188 3184 3207 3210 3208
1515 9 2 3 13 20 3187 279 3211 3212 281
1516 9 2 3 13 3177 3183 20 3213 3214 3205
1517 9 2 3 13 3183 3187 20 3215 3211 3214
1518 9 2 3 13 21 3178 22 3216 3217 284
1519 9 2 3 13 280 3185 21 3218 3219 283
1520 9 2 3 13 21 3182 3178 3220 3221 3216
1521 9 2 3 13 21 3185 3182 3219 3222 3220
1522 9 2 3 13 22 3186 286 3223 3224 289
1523 9 2 3 13 3178 3181 22 3225 3226 3217
1524 9 2 3 13 3181 3186 22 3227 3223 3226
1525 9 2 3 13 193 3181 192 3228 3229 211
1526 9 2 3 13 3181 3196 192 3230 3199 3229
1527 9 2 3 13 194 3176 193 3231 3232 212
1528 9 2 3 13 3176 3181 193 3233 3228 3232
1529 9 2 3 13 195 3189 194 3234 3235 213
1530 9 2 3 13 194 3189 3176 3235 3236 3231
1531 9 2 3 13 196 3179 195 3237 3238 214
1532 9 2 3 13 3179 3189 195 3239 3234 3238
1533 9 2 3 13 197 3197 196 3240 3241 215
1534 9 2 3 13 196 3197 3179 3241 3242 3237
1535 9 2 3 13 198 3173 197 3243 3244 216
1536 9 2 3 13 3173 3197 197 3245 3240 3244
1537 9 2 3 13 199 3194 198 3246 3247 217
1538 9 2 3 13 198 3194 3173 3247 3248 3243
1539 9 2 3 13 200 3184 199 3249 3250 218
1540 9 2 3 13 3184 3194 199 3251 3246 3250
1541 9 2 3 13 201 3177 200 3252 3253 219
1542 9 2 3 13 3177 3184 200 3209 3249 3253
1543 9 2 3 13 202 3183 201 3254 3255 220
1544 9 2 3 13 201 3183 3177 3255 3213 3252
1545 9 2 3 13 203 3193 202 3256 3257 221
1546 9 2 3 13 202 3193 3183 3257 3258 3254
1547 9 2 3 13 204 3174 203 3259 3260 222
1548 9 2 3 13 3174 3193 203 3261 3256 3260
1549 9 2 3 13 205 3198 204 3262 3263 223
1550 9 2 3 13 204 3198 3174 3263 3264 3259
1551 9 2 3 13 206 3180 205 3265 3266 224
1552 9 2 3 13 3180 3198 205 3267 3262 3266
1553 9 2 3 13 207 3190 206 3268 3269 225
1554 9 2 3 13 206 3190 3180 3269 3270 3265
1555 9 2 3 13 208 3175 207 3271 3272 226
1556 9 2 3 13 3175 3190 207 3273 3268 3272
1557 9 2 3 13 209 3182 208 3274 3275 227
1558 9 2 3 13 208 3182 3175 3275 3276 3271
1559 9 2 3 13 209 3195 3182 3202 3277 3274
1560 9 2 3 13 279 3172 280 3278 3279 282
1561 9 2 3 13 279 3187 3172 3212 3280 3278
1562 9 2 3 13 3172 3185 280 3281 3218 3279
1563 9 2 3 13 286 3171 285 3282 3283 288
1564 9 2 3 13 3171 3188 285 3284 3206 3283
1565 9 2 3 13 286 3186 3171 3224 3285 3282
1566 9 2 3 13 3171 3186 3179 3285 3286 3287
1567 9 2 3 13 3179 3192 3171 3288 3289 3287
1568 9 2 3 13 3171 3192 3188 3289 3290 3284
1569 9 2 3 13 3180 3185 3172 3291 3281 3292
1570 9 2 3 13 3172 3191 3180 3293 3294 3292
1571 9 2 3 13 3187 3191 3172 3295 3293 3280
1572 9 2 3 13 3188 3192 3173 3290 3296 3297
1573 9 2 3 13 3173 3194 3188 3248 3298 3297
1574 9 2 3 13 3192 3197 3173 3299 3245 3296
1575 9 2 3 13 3174 3191 3187 3300 3295 3301
1576 9 2 3 13 3187 3193 3174 3302 3261 3301
1577 9 2 3 13 3174 3198 3191 3264 3303 3300
1578 9 2 3 13 3182 3185 3175 3222 3304 3276
1579 9 2 3 13 3185 3190 3175 3305 3273 3304
1580 9 2 3 13 3176 3186 3181 3306 3227 3233
1581 9 2 3 13 3176 3189 3186 3236 3307 3306
1582 9 2 3 13 3178 3196 3181 3308 3230 3225
1583 9 2 3 13 3182 3195 3178 3277 3309 3221
1584 9 2 3 13 3195 3196 3178 3203 3308 3309
1585 9 2 3 13 3186 3189 3179 3307 3239 3286
1586 9 2 3 13 3179 3197 3192 3242 3299 3288
1587 9 2 3 13 3180 3190 3185 3270 3305 3291
1588 9 2 3 13 3191 3198 3180 3303 3267 3294
1589 9 2 3 13 3183 3193 3187 3258 3302 3215
1590 9 2 3 13 3188 3194 3184 3298 3251 3210
1591 9 2 3 14 23 19 20 3310 278 290
1592 9 2 3 14 24 19 23 292 3310 291
1593 9 2 3 15 279 23 20 3311 290 281
1594 9 2 3 15 25 280 21 3312 283 293
1595 9 2 3 15 294 23 279 296 3311 3313
1596 9 2 3 15 25 295 280 298 3314 3312
1597 9 2 3 15 280 294 279 3315 3313 282
1598 9 2 3 15 295 294 280 297 3315 3314
1599 9 2 3 16 25 21 22 293 284 3316
1600 9 2 3 16 26 25 22 299 3316 300
1601 9 2 3 17 285 19 24 287 292 3317
1602 9 2 3 17 26 22 286 300 289 3318
1603 9 2 3 17 24 301 285 303 3319 3317
1604 9 2 3 17 26 286 302 3318 3320 305
1605 9 2 3 17 286 285 302 288 3321 3320
1606 9 2 3 17 285 301 302 3319 304 3321
1607 9 2 3 18 24 23 3322 291 3330 3331
1608 9 2 3 18 23 294 321 296 3332 3333
1609 9 2 3 18 320 23 321 3334 3333 325
1610 9 2 3 18 23 320 3324 3334 3335 3336
1611 9 2 3 18 3322 23 3324 3330 3336 3337
1612 9 2 3 18 301 24 312 303 3338 3339
1613 9 2 3 18 312 24 311 3338 3340 316
1614 9 2 3 18 311 24 3326 3340 3341 3342
1615 9 2 3 18 24 3322 3326 3331 3343 3341
1616 9 2 3 18 25 26 3323 299 3344 3345
1617 9 2 3 18 295 25 322 298 3346 3347
1618 9 2 3 18 25 323 322 3348 327 3346
1619 9 2 3 18 323 25 3325 3348 3349 3350
1620 9 2 3 18 25 3323 3325 3345 3351 3349
1621 9 2 3 18 26 302 313 305 3352 3353
1622 9 2 3 18 314 26 313 3354 3353 318
1623 9 2 3 18 26 314 3327 3354 3355 3356
1624 9 2 3 18 3323 26 3327 3344 3356 3357
1625 9 2 3 18 307 27 3326 310 3358 3359
1626 9 2 3 18 27 311 3326 315 3342 3358
1627 9 2 3 18 28 306 3324 308 3360 3361
1628 9 2 3 18 320 28 3324 324 3361 3335
1629 9 2 3 18 314 29 3327 319 3362 3355
1630 9 2 3 18 29 330 3327 333 3363 3362
1631 9 2 3 18 30 323 3325 328 3350 3364
1632 9 2 3 18 329 30 3325 331 3364 3365
1633 9 2 3 18 294 295 3328 297 3366 3367
1634 9 2 3 18 321 294 3328 3332 3367 3368
1635 9 2 3 18 295 322 3328 3347 3369 3366
1636 9 2 3 18 302 301 3329 304 3370 3371
1637 9 2 3 18 301 312 3329 3339 3372 3370
1638 9 2 3 18 313 302 3329 3352 3371 3373
1639 9 2 3 18 306 307 3322 309 3374 3375
1640 9 2 3 18 306 3322 3324 3375 3337 3360
1641 9 2 3 18 3322 307 3326 3374 3359 3343
1642 9 2 3 18 312 313 3329 317 3373 3372
1643 9 2 3 18 322 321 3328 326 3368 3369
1644 9 2 3 18 330 329 3323 332 3376 3377
1645 9 2 3 18 3323 329 3325 3376 3365 3351
1646 9 2 3 18 330 3323 3327 3377 3357 3363
1647 9 2 3 19 27 307 3388 310 3390 3391
1648 9 2 3 19 348 27 3388 352 3391 3392
1649 9 2 3 19 306 28 3389 308 3393 3394
1650 9 2 3 19 28 334 3389 338 3395 3393
1651 9 2 3 19 337 31 3387 342 3396 3397
1652 9 2 3 19 31 343 3387 345 3398 3396
1653 9 2 3 19 344 32 3386 347 3399 3400
1654 9 2 3 19 32 351 3386 356 3401 3399
1655 9 2 3 19 307 306 3378 309 3402 3403
1656 9 2 3 19 3378 306 3389 3402 3394 3404
1657 9 2 3 19 307 3378 3388 3403 3405 3390
1658 9 2 3 19 334 335 3381 339 3406 3407
1659 9 2 3 19 334 3381 3389 3407 3408 3395
1660 9 2 3 19 335 336 3380 340 3409 3410
1661 9 2 3 19 335 3380 3381 3410 3411 3406
1662 9 2 3 19 336 337 3382 341 3412 3413
1663 9 2 3 19 3380 336 3382 3409 3413 3414
1664 9 2 3 19 3382 337 3387 3412 3397 3415
1665 9 2 3 19 343 344 3379 346 3416 3417
1666 9 2 3 19 343 3379 3387 3417 3418 3398
1667 9 2 3 19 3379 344 3386 3416 3400 3419
1668 9 2 3 19 349 348 3383 353 3420 3421
1669 9 2 3 19 3383 348 3388 3420 3392 3422
1670 9 2 3 19 350 349 3385 354 3423 3424
1671 9 2 3 19 349 3383 3385 3421 3425 3423
1672 9 2 3 19 351 350 3384 355 3426 3427
1673 9 2 3 19 3384 350 3385 3426 3424 3428
1674 9 2 3 19 351 3384 3386 3427 3429 3401
1675 9 2 3 19 3378 3381 3383 3430 3431 3432
1676 9 2 3 19 3381 3378 3389 3430 3404 3408
1677 9 2 3 19 3378 3383 3388 3432 3422 3405
1678 9 2 3 19 3382 3379 3384 3433 3434 3435
1679 9 2 3 19 3379 3382 3387 3433 3415 3418
1680 9 2 3 19 3384 3379 3386 3434 3419 3429
1681 9 2 3 19 3381 3380 3385 3411 3436 3437
1682 9 2 3 19 3380 3382 3385 3414 3438 3436
1683 9 2 3 19 3383 3381 3385 3431 3437 3425
1684 9 2 3 19 3382 3384 3385 3435 3428 3438
1685 9 2 3 20 27 3457 311 3463 3464 315
1686 9 2 3 20 348 3457 27 3465 3463 352
1687 9 2 3 20 314 3456 29 3466 3467 319
1688 9 2 3 20 29 3456 357 3467 3468 361
1689 9 2 3 20 32 3458 351 3469 3470 356
1690 9 2 3 20 366 3458 32 3471 3469 370
1691 9 2 3 20 360 3459 33 3472 3473 365
1692 9 2 3 20 33 3459 369 3473 3474 374
1693 9 2 3 20 311 3450 312 3475 3476 316
1694 9 2 3 20 311 3457 3450 3464 3477 3475
1695 9 2 3 20 312 3440 313 3478 3479 317
1696 9 2 3 20 312 3450 3440 3476 3480 3478
1697 9 2 3 20 313 3452 314 3481 3482 318
1698 9 2 3 20 3440 3452 313 3483 3481 3479
1699 9 2 3 20 3452 3456 314 3484 3466 3482
1700 9 2 3 20 349 3443 348 3485 3486 353
1701 9 2 3 20 3443 3457 348 3487 3465 3486
1702 9 2 3 20 350 3441 349 3488 3489 354
1703 9 2 3 20 3441 3443 349 3490 3485 3489
1704 9 2 3 20 351 3447 350 3491 3492 355
1705 9 2 3 20 350 3447 3441 3492 3493 3488
1706 9 2 3 20 351 3458 3447 3470 3494 3491
1707 9 2 3 20 357 3448 358 3495 3496 362
1708 9 2 3 20 357 3456 3448 3468 3497 3495
1709 9 2 3 20 358 3442 359 3498 3499 363
1710 9 2 3 20 358 3448 3442 3496 3500 3498
1711 9 2 3 20 359 3449 360 3501 3502 364
1712 9 2 3 20 3442 3449 359 3503 3501 3499
1713 9 2 3 20 3449 3459 360 3504 3472 3502
1714 9 2 3 20 367 3451 366 3505 3506 371
1715 9 2 3 20 3451 3458 366 3507 3471 3506
1716 9 2 3 20 368 3439 367 3508 3509 372
1717 9 2 3 20 3439 3451 367 3510 3505 3509
1718 9 2 3 20 369 3454 368 3511 3512 373
1719 9 2 3 20 368 3454 3439 3512 3513 3508
1720 9 2 3 20 369 3459 3454 3474 3514 3511
1721 9 2 3 20 3439 3461 3451 3515 3516 3510
1722 9 2 3 20 3454 3455 3439 3517 3518 3513
1723 9 2 3 20 3455 3461 3439 3519 3515 3518
1724 9 2 3 20 3450 3462 3440 3520 3521 3480
1725 9 2 3 20 3440 3453 3452 3522 3523 3483
1726 9 2 3 20 3440 3462 3453 3521 3524 3522
1727 9 2 3 20 3441 3444 3443 3525 3526 3490
1728 9 2 3 20 3441 3445 3444 3527 3528 3525
1729 9 2 3 20 3441 3447 3445 3493 3529 3527
1730 9 2 3 20 3448 3460 3442 3530 3531 3500
1731 9 2 3 20 3442 3455 3449 3532 3533 3503
1732 9 2 3 20 3442 3460 3455 3531 3534 3532
1733 9 2 3 20 3444 3462 3443 3535 3536 3526
1734 9 2 3 20 3450 3457 3443 3477 3487 3537
1735 9 2 3 20 3443 3462 3450 3536 3520 3537
1736 9 2 3 20 3445 3446 3444 3538 3539 3528
1737 9 2 3 20 3446 3453 3444 3540 3541 3539
1738 9 2 3 20 3453 3462 3444 3524 3535 3541
1739 9 2 3 20 3445 3455 3446 3542 3543 3538
1740 9 2 3 20 3447 3461 3445 3544 3545 3529
1741 9 2 3 20 3445 3461 3455 3545 3519 3542
1742 9 2 3 20 3446 3460 3453 3546 3547 3540
1743 9 2 3 20 3455 3460 3446 3534 3546 3543
1744 9 2 3 20 3447 3458 3451 3494 3507 3548
1745 9 2 3 20 3451 3461 3447 3516 3544 3548
1746 9 2 3 20 3452 3453 3448 3523 3549 3550
1747 9 2 3 20 3448 3456 3452 3497 3484 3550
1748 9 2 3 20 3453 3460 3448 3547 3530 3549
1749 9 2 3 20 3449 3455 3454 3533 3517 3551
1750 9 2 3 20 3454 3459 3449 3514 3504 3551
1751 9 2 3 21 28 320 3570 324 3576 3577
1752 9 2 3 21 334 28 3570 338 3577 3578
1753 9 2 3 21 323 30 3569 328 3579 3580
1754 9 2 3 21 30 375 3569 379 3581 3579
1755 9 2 3 21 31 337 3571 342 3582 3583
1756 9 2 3 21 384 31 3571 388 3583 3584
1757 9 2 3 21 378 34 3572 383 3585 3586
1758 9 2 3 21 34 387 3572 392 3587 3585
1759 9 2 3 21 320 321 3563 325 3588 3589
1760 9 2 3 21 320 3563 3570 3589 3590 3576
1761 9 2 3 21 321 322 3553 326 3591 3592
1762 9 2 3 21 321 3553 3563 3592 3593 3588
1763 9 2 3 21 322 323 3565 327 3594 3595
1764 9 2 3 21 3553 322 3565 3591 3595 3596
1765 9 2 3 21 3565 323 3569 3594 3580 3597
1766 9 2 3 21 335 334 3556 339 3598 3599
1767 9 2 3 21 3556 334 3570 3598 3578 3600
1768 9 2 3 21 336 335 3554 340 3601 3602
1769 9 2 3 21 3554 335 3556 3601 3599 3603
1770 9 2 3 21 337 336 3560 341 3604 3605
1771 9 2 3 21 336 3554 3560 3602 3606 3604
1772 9 2 3 21 337 3560 3571 3605 3607 3582
1773 9 2 3 21 375 376 3561 380 3608 3609
1774 9 2 3 21 375 3561 3569 3609 3610 3581
1775 9 2 3 21 376 377 3555 381 3611 3612
1776 9 2 3 21 376 3555 3561 3612 3613 3608
1777 9 2 3 21 377 378 3562 382 3614 3615
1778 9 2 3 21 3555 377 3562 3611 3615 3616
1779 9 2 3 21 3562 378 3572 3614 3586 3617
1780 9 2 3 21 385 384 3564 389 3618 3619
1781 9 2 3 21 3564 384 3571 3618 3584 3620
1782 9 2 3 21 386 385 3552 390 3621 3622
1783 9 2 3 21 3552 385 3564 3621 3619 3623
1784 9 2 3 21 387 386 3567 391 3624 3625
1785 9 2 3 21 386 3552 3567 3622 3626 3624
1786 9 2 3 21 387 3567 3572 3625 3627 3587
1787 9 2 3 21 3552 3564 3574 3623 3628 3629
1788 9 2 3 21 3567 3552 3568 3626 3630 3631
1789 9 2 3 21 3568 3552 3574 3630 3629 3632
1790 9 2 3 21 3563 3553 3575 3593 3633 3634
1791 9 2 3 21 3553 3565 3566 3596 3635 3636
1792 9 2 3 21 3553 3566 3575 3636 3637 3633
1793 9 2 3 21 3554 3556 3557 3603 3638 3639
1794 9 2 3 21 3554 3557 3558 3639 3640 3641
1795 9 2 3 21 3554 3558 3560 3641 3642 3606
1796 9 2 3 21 3561 3555 3573 3613 3643 3644
1797 9 2 3 21 3555 3562 3568 3616 3645 3646
1798 9 2 3 21 3555 3568 3573 3646 3647 3643
1799 9 2 3 21 3557 3556 3575 3638 3648 3649
1800 9 2 3 21 3563 3556 3570 3650 3600 3590
1801 9 2 3 21 3556 3563 3575 3650 3634 3648
1802 9 2 3 21 3558 3557 3559 3640 3651 3652
1803 9 2 3 21 3559 3557 3566 3651 3653 3654
1804 9 2 3 21 3566 3557 3575 3653 3649 3637
1805 9 2 3 21 3558 3559 3568 3652 3655 3656
1806 9 2 3 21 3560 3558 3574 3642 3657 3658
1807 9 2 3 21 3558 3568 3574 3656 3632 3657
1808 9 2 3 21 3559 3566 3573 3654 3659 3660
1809 9 2 3 21 3568 3559 3573 3655 3660 3647
1810 9 2 3 21 3560 3564 3571 3661 3620 3607
1811 9 2 3 21 3564 3560 3574 3661 3658 3628
1812 9 2 3 21 3565 3561 3566 3662 3663 3635
1813 9 2 3 21 3561 3565 3569 3662 3597 3610
1814 9 2 3 21 3566 3561 3573 3663 3644 3659
1815 9 2 3 21 3562 3567 3568 3664 3631 3645
1816 9 2 3 21 3567 3562 3572 3664 3617 3627
1817 9 2 3 22 29 3673 330 3677 3678 333
1818 9 2 3 22 357 3673 29 3679 3677 361
1819 9 2 3 22 329 3674 30 3680 3681 331
1820 9 2 3 22 30 3674 375 3681 3682 379
1821 9 2 3 22 33 3675 360 3683 3684 365
1822 9 2 3 22 394 3675 33 3685 3683 397
1823 9 2 3 22 378 3676 34 3686 3687 383
1824 9 2 3 22 34 3676 393 3687 3688 395
1825 9 2 3 22 330 3666 329 3689 3690 332
1826 9 2 3 22 3666 3674 329 3691 3680 3690
1827 9 2 3 22 330 3673 3666 3678 3692 3689
1828 9 2 3 22 358 3669 357 3693 3694 362
1829 9 2 3 22 3669 3673 357 3695 3679 3694
1830 9 2 3 22 359 3667 358 3696 3697 363
1831 9 2 3 22 3667 3669 358 3698 3693 3697
1832 9 2 3 22 360 3668 359 3699 3700 364
1833 9 2 3 22 359 3668 3667 3700 3701 3696
1834 9 2 3 22 360 3675 3668 3684 3702 3699
1835 9 2 3 22 375 3670 376 3703 3704 380
1836 9 2 3 22 375 3674 3670 3682 3705 3703
1837 9 2 3 22 376 3672 377 3706 3707 381
1838 9 2 3 22 3670 3672 376 3708 3706 3704
1839 9 2 3 22 377 3671 378 3709 3710 382
1840 9 2 3 22 377 3672 3671 3707 3711 3709
1841 9 2 3 22 3671 3676 378 3712 3686 3710
1842 9 2 3 22 393 3665 394 3713 3714 396
1843 9 2 3 22 393 3676 3665 3688 3715 3713
1844 9 2 3 22 3665 3675 394 3716 3685 3714
1845 9 2 3 22 3665 3671 3668 3717 3718 3719
1846 9 2 3 22 3668 3675 3665 3702 3716 3719
1847 9 2 3 22 3665 3676 3671 3715 3712 3717
1848 9 2 3 22 3669 3670 3666 3720 3721 3722
1849 9 2 3 22 3666 3673 3669 3692 3695 3722
1850 9 2 3 22 3670 3674 3666 3705 3691 3721
1851 9 2 3 22 3668 3672 3667 3723 3724 3701
1852 9 2 3 22 3667 3672 3669 3724 3725 3698
1853 9 2 3 22 3671 3672 3668 3711 3723 3718
1854 9 2 3 22 3669 3672 3670 3725 3708 3720
1855 9 2 2 23 31 3736 343 3738 3739 345
1856 9 2 2 23 384 3736 31 3740 3738 388
1857 9 2 2 23 344 3737 32 3741 3742 347
1858 9 2 2 23 32 3737 366 3742 3743 370
1859 9 2 2 23 369 3735 33 3744 3745 374
1860 9 2 2 23 33 3735 394 3745 3746 397
1861 9 2 2 23 34 3734 387 3747 3748 392
1862 9 2 2 23 393 3734 34 3749 3747 395
1863 9 2 2 23 343 3727 344 3750 3751 346
1864 9 2 2 23 343 3736 3727 3739 3752 3750
1865 9 2 2 23 3727 3737 344 3753 3741 3751
1866 9 2 2 23 366 3729 367 3754 3755 371
1867 9 2 2 23 366 3737 3729 3743 3756 3754
1868 9 2 2 23 367 3728 368 3757 3758 372
1869 9 2 2 23 367 3729 3728 3755 3759 3757
1870 9 2 2 23 368 3730 369 3760 3761 373
1871 9 2 2 23 3728 3730 368 3762 3760 3758
1872 9 2 2 23 3730 3735 369 3763 3744 3761
1873 9 2 2 23 385 3732 384 3764 3765 389
1874 9 2 2 23 3732 3736 384 3766 3740 3765
1875 9 2 2 23 386 3733 385 3767 3768 390
1876 9 2 2 23 385 3733 3732 3768 3769 3764
1877 9 2 2 23 387 3731 386 3770 3771 391
1878 9 2 2 23 3731 3733 386 3772 3767 3771
1879 9 2 2 23 387 3734 3731 3748 3773 3770
1880 9 2 2 23 394 3726 393 3774 3775 396
1881 9 2 2 23 3726 3734 393 3776 3749 3775
1882 9 2 2 23 394 3735 3726 3746 3777 3774
1883 9 2 2 23 3730 3731 3726 3778 3779 3780
1884 9 2 2 23 3726 3735 3730 3777 3763 3780
1885 9 2 2 23 3731 3734 3726 3773 3776 3779
1886 9 2 2 23 3727 3732 3729 3781 3782 3783
1887 9 2 2 23 3729 3737 3727 3756 3753 3783
1888 9 2 2 23 3727 3736 3732 3752 3766 3781
1889 9 2 2 23 3729 3733 3728 3784 3785 3759
1890 9 2 2 23 3728 3733 3730 3785 3786 3762
1891 9 2 2 23 3732 3733 3729 3769 3784 3782
1892 9 2 2 23 3730 3733 3731 3786 3772 3778
1893 11 2 1 100 1167 3875 3838 3950 4112 4113 4114 4115 4116 4117
1894 11 2 1 100 1163 3871 3823 3893 4118 4119 4120 4121 4122 4123
1895 11 2 1 100 1268 3983 3831 4001 4124 4125 4126 4127 4128 4129
1896 11 2 1 100 19 3806 3184 3896 4130 4131 3208 4132 4133 4134
1897 11 2 1 100 3792 3853 3883 3929 4135 4136 4137 4138 4139 4140
1898 11 2 1 100 1164 1163 3823 3893 2521 4120 4141 4142 4122 4121
1899 11 2 1 100 3805 3901 1221 3921 4143 4144 4145 4146 4147 4148
1900 11 2 1 100 1221 3901 3805 3910 4144 4143 4145 4149 4150 4151
1901 11 2 1 100 230 3960 3803 3975 4152 4153 4154 4155 4156 4157
1902 11 2 1 100 1167 3838 3913 3950 4114 4158 4159 4115 4160 4116
1903 11 2 1 100 3792 3826 3883 3939 4161 4162 4137 4163 4164 4165
1904 11 2 1 100 3792 3883 3840 3939 4137 4166 4167 4163 4168 4164
1905 11 2 1 100 1442 3869 3833 3998 4169 4170 4171 4172 4173 4174
1906 11 2 1 100 3799 3968 3858 4023 4175 4176 4177 4178 4179 4180
1907 11 2 1 100 1375 4063 3901 4084 4181 4182 4183 4184 4185 4186
1908 11 2 1 100 3942 3961 3788 4082 4187 4188 4189 4190 4191 4192
1909 11 2 1 100 3893 3993 1208 4045 4193 4194 4195 4196 4197 4198
1910 11 2 1 100 3788 3942 3850 3961 4189 4199 4200 4188 4201 4187
1911 11 2 1 100 3824 3870 1345 3897 4202 4203 4204 4205 4206 4207
1912 11 2 1 100 3858 3985 3799 4023 4208 4209 4177 4179 4178 4210
1913 11 2 1 100 230 1307 3960 3975 1656 4211 4152 4155 4157 4212
1914 11 2 1 100 1272 1208 3893 3993 2687 4195 4213 4214 4193 4194
1915 11 2 1 100 1139 3920 3873 3995 4215 4216 4217 4218 4219 4220
1916 11 2 1 100 1339 3823 3871 3887 4221 4119 4222 4223 4224 4225
1917 11 2 1 100 243 3817 3885 3944 4226 4227 4228 4229 4230 4231
1918 11 2 1 100 1119 3895 3819 3942 4232 4233 4234 4235 4236 4237
1919 11 2 1 100 1272 3893 3992 3993 4213 4238 4239 4214 4240 4193
1920 11 2 1 100 1418 1375 3901 4084 2735 4183 4241 4242 4185 4184
1921 11 2 1 100 3844 3985 3858 4023 4243 4208 4244 4245 4179 4210
1922 11 2 1 100 3825 3875 1125 3917 4246 4247 4248 4249 4250 4251
1923 11 2 1 100 3795 3826 3811 3908 4252 4253 4254 4255 4256 4257
1924 11 2 1 100 1272 3893 1208 4045 4213 4195 2687 4258 4197 4196
1925 11 2 1 100 3811 3826 3795 3929 4253 4252 4254 4259 4260 4261
1926 11 2 1 100 244 3817 1446 3907 4262 4263 1734 4264 4265 4266
1927 11 2 1 100 3823 3935 3828 4014 4267 4268 4269 4270 4271 4272
1928 11 2 1 100 3901 4063 3809 4084 4182 4273 4274 4185 4275 4186
1929 11 2 1 100 1268 3831 3920 4001 4126 4276 4277 4127 4278 4128
1930 11 2 1 100 243 3817 1353 3885 4226 4279 1732 4228 4280 4227
1931 11 2 1 100 3825 3874 1125 3875 4281 4282 4248 4246 4247 4283
1932 11 2 1 100 1081 3870 3824 3901 4284 4202 4285 4286 4287 4288
1933 11 2 1 100 3792 3854 3840 3940 4289 4290 4167 4291 4292 4293
1934 11 2 1 100 1067 1370 3812 3927 2047 4294 4295 4296 4297 4298
1935 11 2 1 100 1081 3901 3824 4041 4286 4287 4285 4299 4300 4301
1936 11 2 1 100 3813 3842 3798 3968 4302 4303 4304 4305 4306 4307
1937 11 2 1 100 3812 3898 1067 3927 4308 4309 4295 4297 4296 4310
1938 11 2 1 100 3817 3886 1446 3907 4311 4312 4263 4266 4265 4313
1939 11 2 1 100 19 3177 3184 3806 3204 3209 3208 4130 4131 4314
1940 11 2 1 100 1442 3833 3869 3944 4171 4170 4169 4315 4316 4317
1941 11 2 1 100 3825 3917 1125 4015 4249 4250 4248 4318 4319 4320
1942 11 2 1 100 1375 1392 3901 4063 2239 4321 4183 4181 4182 4322
1943 11 2 1 100 3828 3943 3823 4014 4323 4324 4269 4271 4270 4325
1944 11 2 1 100 3875 3838 3950 4022 4113 4116 4117 4326 4327 4328
1945 11 2 1 100 3844 3960 1307 3975 4329 4211 4330 4331 4212 4157
1946 11 2 1 100 1134 1135 3947 4094 2376 4332 4333 4334 4335 4336
1947 11 2 1 100 1418 3901 3910 4084 4241 4151 4337 4242 4338 4185
1948 11 2 1 100 3806 3864 1363 3896 4339 4340 4341 4134 4342 4343
1949 11 2 1 100 1442 3833 1441 3998 4171 4344 1891 4172 4345 4173
1950 11 2 1 100 1134 3947 3835 4094 4333 4346 4347 4334 4348 4335
1951 11 2 1 100 1125 3825 1124 3874 4248 4349 2326 4282 4350 4281
1952 11 2 1 100 3801 3840 3854 3940 4351 4290 4352 4353 4293 4292
1953 11 2 1 100 1295 3959 1031 4019 4354 4355 1772 4356 4357 4358
1954 11 2 1 100 1363 3864 3806 3942 4340 4339 4341 4359 4360 4361
1955 11 2 1 100 1418 1375 1392 3901 2735 2239 2230 4241 4321 4183
1956 11 2 1 100 1446 244 243 3817 1734 268 1735 4263 4226 4262
1957 11 2 1 100 1156 1119 3819 3942 2307 4234 4362 4363 4236 4235
1958 11 2 1 100 1295 3811 3959 4019 4364 4365 4354 4356 4358 4366
1959 11 2 1 100 3813 3798 3842 3905 4304 4303 4302 4367 4368 4369
1960 11 2 1 100 243 1446 3817 3944 1735 4263 4226 4229 4231 4370
1961 11 2 1 100 1120 3895 1384 3941 4371 4372 2259 4373 4374 4375
1962 11 2 1 100 3831 3791 3849 4088 4376 4377 4378 4379 4380 4381
1963 11 2 1 100 3792 3840 3883 4111 4167 4166 4137 4382 4383 4384
1964 11 2 1 100 1270 4035 3885 4085 4385 4386 4387 4388 4389 4390
1965 11 2 1 100 1339 3823 1163 3871 4221 4120 2528 4222 4118 4119
1966 11 2 1 100 3834 3927 3791 4017 4391 4392 4393 4394 4395 4396
1967 11 2 1 100 1414 1345 3870 3897 3128 4203 4397 4398 4207 4206
1968 11 2 1 100 3826 3883 1110 3908 4162 4399 4400 4257 4401 4402
1969 11 2 1 100 3892 3924 3855 3976 4403 4404 4405 4406 4407 4408
1970 11 2 1 100 3792 3883 3826 3929 4137 4162 4161 4138 4261 4139
1971 11 2 1 100 1137 3873 1139 3920 4409 4217 2395 4410 4215 4216
1972 11 2 1 100 3810 3993 3893 4045 4411 4193 4412 4413 4196 4198
1973 11 2 1 100 1120 3825 3895 3941 4414 4415 4371 4373 4375 4416
1974 11 2 1 100 1378 3927 3834 3932 4417 4391 4418 4419 4420 4421
1975 11 2 1 100 1031 3959 3882 4019 4355 4422 4423 4357 4424 4358
1976 11 2 1 100 3837 3855 3924 3976 4425 4404 4426 4427 4408 4407
1977 11 2 1 100 3831 3849 3873 4088 4378 4428 4429 4379 4430 4380
1978 11 2 1 100 1052 3863 1050 3959 4431 4432 1961 4433 4434 4435
1979 11 2 1 100 3811 3892 3836 3929 4436 4437 4438 4259 4439 4440
1980 11 2 1 100 3820 3858 3787 3868 4441 4442 4443 4444 4445 4446
1981 11 2 1 100 1270 3831 3885 4035 4447 4448 4387 4385 4386 4449
1982 11 2 1 100 1101 3834 1378 3927 4450 4418 2064 4451 4417 4391
1983 11 2 1 100 3824 3897 1345 3900 4205 4206 4204 4452 4453 4454
1984 11 2 1 100 3913 3950 3838 4022 4160 4116 4158 4455 4328 4327
1985 11 2 1 100 3791 4017 3927 4104 4395 4396 4392 4456 4457 4458
1986 11 2 1 100 3787 3846 3820 3868 4459 4460 4443 4445 4444 4461
1987 11 2 1 100 3849 3791 4042 4088 4377 4462 4463 4380 4464 4381
1988 11 2 1 100 1110 3883 3826 3939 4399 4162 4400 4465 4165 4164
1989 11 2 1 100 3792 3883 3853 4111 4137 4136 4135 4382 4466 4383
1990 11 2 1 100 3825 3853 3792 3929 4467 4135 4468 4469 4138 4140
1991 11 2 1 100 1384 3895 3853 3941 4372 4470 4471 4374 4472 4375
1992 11 2 1 100 1222 1221 3921 4090 2742 4147 4473 4474 4475 4476
1993 11 2 1 100 1081 1345 3824 3870 2108 4204 4285 4284 4202 4203
1994 11 2 1 100 3812 3899 1370 4011 4477 4478 4294 4479 4480 4481
1995 11 2 1 100 803 10 573 3955 4482 604 4483 4484 4485 4486
1996 11 2 1 100 1137 1139 1148 3920 2395 2398 2397 4410 4487 4215
1997 11 2 1 100 1370 1067 3812 4061 2047 4295 4294 4488 4489 4490
1998 11 2 1 100 1226 3876 3848 3998 4491 4492 4493 4494 4495 4496
1999 11 2 1 100 3805 3921 1221 4090 4146 4147 4145 4497 4476 4475
2000 11 2 1 100 1143 3943 3887 3956 4498 4499 4500 4501 4502 4503
2001 11 2 1 100 3177 3806 19 4070 4314 4130 3204 4504 4505 4506
2002 11 2 1 100 1226 3848 3978 3998 4493 4507 4508 4494 4509 4495
2003 11 2 1 100 3184 3806 1449 3896 4131 4510 4511 4133 4512 4134
2004 11 2 1 100 1137 1148 3873 3920 2397 4513 4409 4410 4216 4487
2005 11 2 1 100 1092 1091 3872 4081 2156 4514 4515 4516 4517 4518
2006 11 2 1 100 3812 1370 3973 4011 4294 4519 4520 4479 4521 4480
2007 11 2 1 100 1174 1404 3911 3977 2488 4522 4523 4524 4525 4526
2008 11 2 1 100 3863 3882 1050 3959 4527 4528 4432 4435 4434 4422
2009 11 2 1 100 1214 3837 3917 3976 4529 4530 4531 4532 4533 4427
2010 11 2 1 100 3849 4042 3873 4088 4463 4534 4428 4380 4430 4464
2011 11 2 1 100 1021 3892 3836 3945 4535 4437 4536 4537 4538 4539
2012 11 2 1 100 1363 3806 1518 3942 4341 4540 3155 4359 4541 4360
2013 11 2 1 100 26 3323 3666 3957 3344 4542 4543 4544 4545 4546
2014 11 2 1 100 3824 3936 3830 4077 4547 4548 4549 4550 4551 4552
2015 11 2 1 100 1268 1267 3983 4001 2994 4553 4124 4127 4129 4554
2016 11 2 1 100 3871 3893 1163 4045 4123 4121 4118 4555 4556 4196
2017 11 2 1 100 3826 3939 3792 4102 4165 4163 4161 4557 4558 4559
2018 11 2 1 100 1014 3833 3876 3998 4560 4561 4562 4563 4496 4173
2019 11 2 1 100 3791 3927 3834 4104 4392 4391 4393 4456 4564 4457
2020 11 2 1 100 1446 3886 3817 3944 4312 4311 4263 4370 4231 4565
2021 11 2 1 100 3177 3912 3806 4070 4566 4567 4314 4504 4506 4568
2022 11 2 1 100 1322 3892 1021 3945 4569 4535 1767 4570 4537 4539
2023 11 2 1 100 3842 3968 3813 4023 4307 4305 4302 4571 4572 4180
2024 11 2 1 100 1428 3921 3867 3978 4573 4574 4575 4576 4577 4578
2025 11 2 1 100 3823 3828 3887 3943 4269 4579 4225 4324 4499 4323
2026 11 2 1 100 3795 3811 3841 3908 4254 4580 4581 4255 4582 4256
2027 11 2 1 100 573 575 10 813 610 609 604 4583 4584 4585
2028 11 2 1 100 803 573 11 3955 4483 605 4586 4484 4587 4485
2029 11 2 1 100 1272 1208 1195 4045 2687 2686 2688 4258 4588 4197
2030 11 2 1 100 3851 4005 3823 4076 4589 4590 4591 4592 4593 4594
2031 11 2 1 100 1118 3895 1119 3942 4595 4232 2255 4596 4235 4237
2032 11 2 1 100 3792 3853 3825 4111 4135 4467 4468 4382 4597 4466
2033 11 2 1 100 3831 3849 3791 3885 4378 4377 4376 4448 4598 4599
2034 11 2 1 100 3324 3389 23 3322 4600 4601 3336 3337 3330 4602
2035 11 2 1 100 3673 3323 26 3327 4603 3344 4604 4605 3356 3357
2036 11 2 1 100 572 409 9 574 4606 4607 593 603 601 4608
2037 11 2 1 100 25 3666 3323 3957 4609 4542 3345 4610 4546 4545
2038 11 2 1 100 3882 3959 3811 4019 4422 4365 4611 4424 4366 4358
2039 11 2 1 100 1092 3872 3828 4081 4515 4612 4613 4516 4614 4517
2040 11 2 1 100 1225 3921 1428 3978 4615 4573 2817 4616 4576 4578
2041 11 2 1 100 1449 3184 3177 3806 4511 3209 4617 4510 4314 4131
2042 11 2 1 100 1091 3902 3872 4081 4618 4619 4514 4518 4517 4620
2043 11 2 1 100 1174 3977 3911 4057 4524 4525 4523 4621 4622 4623
2044 11 2 1 100 3809 3910 3865 4004 4624 4625 4626 4627 4628 4629
2045 11 2 1 100 1339 3871 1262 3887 4222 4630 2983 4223 4631 4224
2046 11 2 1 100 1123 3825 1125 4015 4632 4248 2325 4633 4319 4318
2047 11 2 1 100 1068 3927 3898 3981 4634 4310 4635 4636 4637 4638
2048 11 2 1 100 1417 1345 3897 3900 2131 4206 4639 4640 4454 4453
2049 11 2 1 100 3809 3865 3935 4004 4626 4641 4642 4627 4643 4628
2050 11 2 1 100 1067 3898 3812 4061 4309 4308 4295 4490 4489 4644
2051 11 2 1 100 301 294 3860 3949 4645 4646 4647 4648 4649 4650
2052 11 2 1 100 3825 3792 3874 4022 4468 4651 4281 4652 4653 4654
2053 11 2 1 100 1214 3976 3917 4068 4532 4533 4531 4655 4656 4657
2054 11 2 1 100 1347 3930 3861 3995 4658 4659 4660 4661 4662 4663
2055 11 2 1 100 3828 3935 3790 4014 4268 4664 4665 4271 4666 4272
2056 11 2 1 100 3819 3850 3788 3942 4667 4200 4668 4236 4189 4199
2057 11 2 1 100 1162 1163 3893 4045 2477 4121 4669 4670 4196 4556
2058 11 2 1 100 3828 3870 3809 3935 4671 4672 4673 4268 4642 4674
2059 11 2 1 100 3842 3852 3787 4023 4675 4676 4677 4571 4678 4679
2060 11 2 1 100 3819 3788 3864 3942 4668 4680 4681 4236 4361 4189
2061 11 2 1 100 1192 3861 1347 3930 4682 4660 2499 4683 4658 4659
2062 11 2 1 100 243 1353 1036 3885 1732 1737 1729 4228 4684 4280
2063 11 2 1 100 1225 3848 3921 3978 4685 4686 4615 4616 4578 4507
2064 11 2 1 100 3829 3927 4017 4104 4687 4396 4688 4689 4458 4457
2065 11 2 1 100 1164 1162 1163 3893 2520 2477 2521 4142 4121 4669
2066 11 2 1 100 1378 3834 1461 3932 4418 4690 2215 4419 4691 4420
2067 11 2 1 100 3787 3852 3842 3931 4676 4675 4677 4692 4693 4694
2068 11 2 1 100 3788 3837 3819 3864 4695 4696 4668 4680 4681 4697
2069 11 2 1 100 1441 3833 1014 3998 4344 4560 1724 4345 4563 4173
2070 11 2 1 100 1460 1370 3899 4011 3122 4478 4698 4699 4481 4480
2071 11 2 1 100 19 3806 3896 4026 4130 4134 4132 4700 4701 4702
2072 11 2 1 100 3840 3854 3792 3939 4290 4289 4167 4168 4163 4703
2073 11 2 1 100 3804 3823 4005 4076 4704 4590 4705 4706 4594 4593
2074 11 2 1 100 1156 3819 1119 4015 4362 4234 2307 4707 4708 4709
2075 11 2 1 100 1322 1021 248 3945 1767 1759 1764 4570 4710 4537
2076 11 2 1 100 3828 3902 3790 4067 4711 4712 4665 4713 4714 4715
2077 11 2 1 100 3790 3828 3872 3902 4665 4612 4716 4712 4619 4711
2078 11 2 1 100 1101 1461 1378 3834 2216 2215 2064 4450 4418 4690
2079 11 2 1 100 1135 3947 3873 4035 4332 4717 4718 4719 4720 4721
2080 11 2 1 100 3851 3948 3823 4005 4722 4723 4591 4589 4590 4724
2081 11 2 1 100 302 295 25 3860 4725 298 4726 4727 4728 4729
2082 11 2 1 100 3828 3790 3935 4067 4665 4664 4268 4713 4730 4714
2083 11 2 1 100 3799 3915 3858 3968 4731 4732 4177 4175 4176 4733
2084 11 2 1 100 1143 3887 3828 3956 4500 4579 4734 4501 4735 4502
2085 11 2 1 100 3828 3935 3902 4067 4268 4736 4711 4713 4715 4730
2086 11 2 1 100 3842 3979 3852 4023 4737 4738 4675 4571 4679 4739
2087 11 2 1 100 3819 3895 1119 4015 4233 4232 4234 4709 4708 4740
2088 11 2 1 100 3791 3833 3831 3885 4741 4742 4376 4598 4448 4743
2089 11 2 1 100 3809 3910 3901 4084 4624 4151 4274 4275 4185 4338
2090 11 2 1 100 1347 3861 3966 3995 4660 4744 4745 4661 4746 4662
2091 11 2 1 100 1052 1297 1050 3863 1964 1963 1961 4431 4432 4747
2092 11 2 1 100 1048 3803 230 3960 4748 4154 1651 4749 4152 4153
2093 11 2 1 100 1057 1110 3883 3908 1987 4399 4750 4751 4402 4401
2094 11 2 1 100 3921 3972 1222 4090 4752 4753 4473 4475 4474 4754
2095 11 2 1 100 3823 3887 3828 3935 4225 4579 4269 4267 4268 4755
2096 11 2 1 100 3841 3850 3788 3924 4756 4200 4757 4758 4759 4760
2097 11 2 1 100 3795 3850 3841 3924 4761 4756 4581 4762 4758 4760
2098 11 2 1 100 3817 3885 3791 4042 4227 4598 4763 4764 4462 4765
2099 11 2 1 100 1020 3884 3843 3954 4766 4767 4768 4769 4770 4771
2100 11 2 1 100 1199 3911 3832 3989 4772 4773 4774 4775 4776 4777
2101 11 2 1 100 1052 3863 3959 4091 4431 4435 4433 4778 4779 4780
2102 11 2 1 100 3787 3868 3858 4033 4445 4446 4442 4781 4782 4783
2103 11 2 1 100 3325 3323 25 3666 3351 3345 3349 4784 4609 4542
2104 11 2 1 100 3378 3326 24 3322 4785 3341 4786 4787 3331 3343
2105 11 2 1 100 399 572 8 576 4788 592 4789 4790 596 598
2106 11 2 1 100 1143 1395 3887 3943 2428 4791 4500 4498 4499 4792
2107 11 2 1 100 3795 3841 3811 3924 4581 4580 4254 4762 4793 4758
2108 11 2 1 100 105 111 3866 3951 4794 4795 4796 4797 4798 4799
2109 11 2 1 100 1221 3910 3805 4090 4149 4150 4145 4476 4497 4800
2110 11 2 1 100 3852 3884 1426 3975 4801 4802 4803 4804 4805 4806
2111 11 2 1 100 3810 3889 3845 3936 4807 4808 4809 4810 4811 4812
2112 11 2 1 100 1124 1125 1123 3825 2326 2325 2320 4349 4632 4248
2113 11 2 1 100 3829 3927 1072 3932 4687 4813 4814 4815 4816 4421
2114 11 2 1 100 3834 1461 3932 4083 4690 4691 4420 4817 4818 4819
2115 11 2 1 100 1441 3833 1442 3944 4344 4171 1891 4820 4315 4317
2116 11 2 1 100 3832 3911 1404 3977 4773 4522 4821 4822 4526 4525
2117 11 2 1 100 803 577 11 573 4823 614 4586 4483 605 615
2118 11 2 1 100 1014 3876 3833 4079 4562 4561 4560 4824 4825 4826
2119 11 2 1 100 1395 3943 1143 3956 4792 4498 2428 4827 4501 4503
2120 11 2 1 100 3895 3942 1118 4065 4237 4596 4595 4828 4829 4830
2121 11 2 1 100 3819 1361 3942 4002 4831 4832 4236 4833 4834 4835
2122 11 2 1 100 1072 3829 1071 3927 4814 4836 2060 4813 4837 4687
2123 11 2 1 100 1124 3825 1122 3941 4349 4838 2321 4839 4840 4416
2124 11 2 1 100 1339 1340 1262 3871 2529 2982 2983 4222 4630 4841
2125 11 2 1 100 1346 1414 1345 3870 3129 3128 2119 4842 4203 4397
2126 11 2 1 100 3843 234 3954 3971 4843 4844 4770 4845 4846 4847
2127 11 2 1 100 1338 3843 3865 3971 4848 4849 4850 4851 4852 4845
2128 11 2 1 100 1122 3825 1120 3941 4838 4414 2311 4840 4373 4416
2129 11 2 1 100 1323 3836 3892 3950 4853 4437 4854 4855 4856 4857
2130 11 2 1 100 3830 3900 3824 4077 4858 4452 4549 4551 4550 4859
2131 11 2 1 100 3790 3872 3839 3902 4716 4860 4861 4712 4862 4619
2132 11 2 1 100 3787 3858 3968 4023 4442 4176 4863 4678 4180 4179
2133 11 2 1 100 1124 3874 3825 3941 4350 4281 4349 4839 4416 4864
2134 11 2 1 100 1270 3831 1269 3885 4447 4865 3004 4387 4866 4448
2135 11 2 1 100 1156 3819 1361 3942 4362 4831 2490 4363 4832 4236
2136 11 2 1 100 3869 3932 1461 4083 4867 4691 4868 4869 4819 4818
2137 11 2 1 100 3865 3804 3935 4004 4870 4871 4641 4628 4643 4872
2138 11 2 1 100 1139 3966 3920 3995 4873 4874 4215 4218 4220 4746
2139 11 2 1 100 3172 4032 3814 4070 4875 4876 4877 4878 4879 4880
2140 11 2 1 100 3956 4014 3828 4060 4881 4271 4735 4882 4883 4884
2141 11 2 1 100 3811 3929 3836 3945 4259 4439 4438 4885 4538 4886
2142 11 2 1 100 1426 3884 3852 4052 4802 4801 4803 4887 4888 4889
2143 11 2 1 100 231 3844 1307 3975 4890 4330 1657 4891 4212 4331
2144 11 2 1 100 3810 3992 3893 3993 4892 4238 4412 4411 4193 4240
2145 11 2 1 100 1199 1155 3832 3911 2438 4893 4774 4772 4773 4894
2146 11 2 1 100 3814 4032 3859 4070 4876 4895 4896 4879 4897 4880
2147 11 2 1 100 233 3884 1020 3954 4898 4766 1673 4899 4769 4771
2148 11 2 1 100 1101 3927 1068 3981 4451 4634 2053 4900 4636 4638
2149 11 2 1 100 1404 1199 1155 3832 2489 2438 2487 4821 4893 4774
2150 11 2 1 100 3803 3877 1048 3994 4901 4902 4748 4903 4904 4905
2151 11 2 1 100 112 11 106 3866 115 4906 4907 4908 4909 4910
2152 11 2 1 100 1068 1067 3898 3927 2040 4309 4635 4634 4310 4296
2153 11 2 1 100 3817 3907 244 4018 4266 4264 4262 4911 4912 4913
2154 11 2 1 100 1155 1404 3832 3911 2487 4821 4893 4894 4773 4522
2155 11 2 1 100 1347 3861 1157 3966 4660 4914 2414 4745 4915 4744
2156 11 2 1 100 3790 3828 4014 4060 4665 4271 4666 4916 4884 4883
2157 11 2 1 100 3836 3892 3811 3945 4437 4436 4438 4538 4885 4539
2158 11 2 1 100 3865 3910 3804 4004 4625 4917 4870 4628 4872 4629
2159 11 2 1 100 3811 3800 3892 3929 4918 4919 4436 4259 4440 4920
2160 11 2 1 100 241 1014 3833 4079 1714 4560 4921 4922 4825 4824
2161 11 2 1 100 1137 1139 3873 3995 2395 4217 4409 4923 4219 4218
2162 11 2 1 100 3172 4020 3814 4032 4924 4925 4877 4875 4876 4926
2163 11 2 1 100 3885 4035 3849 4085 4386 4927 4599 4389 4928 4390
2164 11 2 1 100 3825 3874 3875 4022 4281 4283 4246 4652 4326 4653
2165 11 2 1 100 1080 3901 1081 4041 4929 4286 2106 4930 4299 4301
2166 11 2 1 100 3842 3813 3979 4023 4302 4931 4737 4571 4739 4572
2167 11 2 1 100 3378 23 3389 3322 4932 4601 3404 4787 4602 3330
2168 11 2 1 100 3666 3323 26 3673 4542 3344 4543 3692 4604 4603
2169 11 2 1 100 9 409 572 399 4607 4606 593 4933 4788 434
2170 11 2 1 100 1381 1419 3822 3958 3150 4934 4935 4936 4937 4938
2171 11 2 1 100 1192 1157 1347 3861 2498 2414 2499 4682 4660 4914
2172 11 2 1 100 3892 3945 1322 4019 4539 4570 4569 4939 4940 4941
2173 11 2 1 100 3831 3833 3791 3919 4742 4741 4376 4942 4943 4944
2174 11 2 1 100 3792 3827 3854 3940 4945 4946 4289 4291 4293 4947
2175 11 2 1 100 3801 3854 3840 3990 4352 4290 4351 4948 4949 4950
2176 11 2 1 100 3793 3870 3828 3935 4951 4671 4952 4953 4268 4674
2177 11 2 1 100 573 10 803 813 604 4482 4483 4583 838 4584
2178 11 2 1 100 1370 3899 3812 3927 4478 4477 4294 4298 4297 4954
2179 11 2 1 100 3820 3846 3787 3968 4460 4459 4443 4955 4863 4956
2180 11 2 1 100 3795 3883 3853 3929 4957 4136 4958 4260 4140 4139
2181 11 2 1 100 3822 3941 1381 3958 4959 4960 4935 4937 4936 4961
2182 11 2 1 100 3796 3847 3818 3952 4962 4963 4964 4965 4966 4967
2183 11 2 1 100 3834 3932 3869 4083 4420 4867 4968 4817 4869 4818
2184 11 2 1 100 3853 3929 3825 4055 4140 4469 4467 4969 4970 4971
2185 11 2 1 100 1338 3843 1403 3865 4848 4972 1822 4850 4973 4849
2186 11 2 1 100 896 901 3894 4031 1003 4974 4975 4976 4977 4978
2187 11 2 1 100 3831 3873 3849 4035 4429 4428 4378 4449 4927 4720
2188 11 2 1 100 3787 3846 3842 3968 4459 4979 4677 4863 4307 4956
2189 11 2 1 100 230 231 1307 3975 255 1657 1656 4155 4212 4891
2190 11 2 1 100 3864 3942 1361 4002 4361 4832 4980 4981 4835 4834
2191 11 2 1 100 3840 3898 3822 3940 4982 4983 4984 4292 4985 4986
2192 11 2 1 100 244 1353 243 3817 1733 1732 268 4262 4226 4279
2193 11 2 1 100 3842 3846 3798 3968 4979 4987 4303 4307 4306 4956
2194 11 2 1 100 3853 3883 3840 4111 4136 4166 4988 4466 4384 4383
2195 11 2 1 100 3788 3850 3938 3961 4200 4989 4990 4188 4991 4201
2196 11 2 1 100 1398 1381 3941 3958 2607 4960 4992 4993 4961 4936
2197 11 2 1 100 1381 1398 1419 3958 2607 3166 3150 4936 4938 4993
2198 11 2 1 100 3788 3961 3938 4047 4188 4991 4990 4994 4995 4996
2199 11 2 1 100 3806 3961 3942 4082 4997 4187 4360 4998 4190 4192
2200 11 2 1 100 1357 3890 3835 3947 4999 5000 5001 5002 4346 5003
2201 11 2 1 100 3809 3870 3828 3902 4672 4671 4673 5004 4711 5005
2202 11 2 1 100 3823 3887 1339 3943 4225 4223 4221 4324 5006 4499
2203 11 2 1 100 3872 3902 3828 4081 4619 4711 4612 4517 4614 4620
2204 11 2 1 100 3796 3818 3847 3920 4964 4963 4962 5007 5008 5009
2205 11 2 1 100 1200 1143 1395 3887 2426 2428 2427 5010 4791 4500
2206 11 2 1 100 1323 3836 1021 3892 4853 4536 1823 4854 4535 4437
2207 11 2 1 100 3818 3876 3833 3919 5011 4561 5012 5013 4944 5014
2208 11 2 1 100 3849 3881 1410 3974 5015 5016 5017 5018 5019 5020
2209 11 2 1 100 234 3843 1338 3971 4843 4848 1679 4847 4851 4845
2210 11 2 1 100 3794 3838 3827 3974 5021 5022 5023 5024 5025 5026
2211 11 2 1 100 3791 3885 3817 4062 4598 4227 4763 5027 5028 5029
2212 11 2 1 100 3793 3871 3830 3936 5030 5031 5032 5033 4548 5034
2213 11 2 1 100 1322 3945 248 4019 4570 4710 1764 4940 5035 4941
2214 11 2 1 100 1353 3885 3817 4085 4280 4227 4279 5036 5037 4389
2215 11 2 1 100 3849 1410 3947 3974 5017 5038 5039 5018 5040 5019
2216 11 2 1 100 1403 3865 3843 3922 4973 4849 4972 5041 5042 5043
2217 11 2 1 100 3836 3892 3800 3929 4437 4919 5044 4439 4920 4440
2218 11 2 1 100 1165 3948 3823 4054 5045 4723 5046 5047 5048 5049
2219 11 2 1 100 3828 3956 3943 4014 4735 4503 4323 4271 4325 4881
2220 11 2 1 100 1490 3836 1323 3950 5050 4853 1826 5051 4855 4857
2221 11 2 1 100 1345 3824 3900 4006 4204 4452 4453 5052 5053 5054
2222 11 2 1 100 1125 3917 1127 4015 4250 5055 2328 4319 5056 4320
2223 11 2 1 100 3858 3915 3820 3968 4732 5057 4441 4176 4955 4733
2224 11 2 1 100 1025 3806 3177 3912 5058 4314 5059 5060 4566 4567
2225 11 2 1 100 3827 3838 3794 4105 5022 5021 5023 5061 5062 5063
2226 11 2 1 100 3858 3868 3820 4040 4446 4444 4441 5064 5065 5066
2227 11 2 1 100 3795 3850 3819 3895 4761 4667 5067 5068 4233 5069
2228 11 2 1 100 576 399 406 646 4790 435 5070 5071 5072 5073
2229 11 2 1 100 3787 3931 3842 4050 4692 4693 4677 5074 5075 5076
2230 11 2 1 100 3838 3875 1167 4100 4113 4112 4114 5077 5078 5079
2231 11 2 1 100 645 577 803 810 5080 4823 5081 5082 839 5083
2232 11 2 1 100 3666 3569 3325 3674 5084 5085 4784 3691 5086 5087
2233 11 2 1 100 3819 3850 3795 3924 4667 4761 5067 5088 4762 4760
2234 11 2 1 100 3788 3850 3819 3924 4200 4667 4668 4759 5088 4760
2235 11 2 1 100 3800 3837 3819 3924 5089 4696 5090 5091 5088 4426
2236 11 2 1 100 1334 3911 1107 3969 5092 5093 2245 5094 5095 5096
2237 11 2 1 100 3792 3939 3854 4102 4163 4703 4289 4558 5097 4559
2238 11 2 1 100 3833 3876 3797 3919 4561 5098 5099 4944 5100 5014
2239 11 2 1 100 1048 3877 3803 3960 4902 4901 4748 4749 4153 5101
2240 11 2 1 100 3819 3837 3800 3917 4696 5089 5090 5102 5103 4530
2241 11 2 1 100 1441 241 1014 3833 1721 1714 1724 4344 4560 4921
2242 11 2 1 100 3800 3924 3892 3976 5091 4403 4919 5104 4406 4408
2243 11 2 1 100 1357 1132 3890 3947 2373 5105 4999 5002 5003 5106
2244 11 2 1 100 301 23 294 3949 5107 296 4645 4648 4650 5108
2245 11 2 1 100 3813 3839 3922 3937 5109 5110 5111 5112 5113 5114
2246 11 2 1 100 3845 3889 3805 3936 4808 5115 5116 4811 5117 4812
2247 11 2 1 100 3828 3790 3872 4060 4665 4716 4612 4883 5118 4916
2248 11 2 1 100 3864 3942 3788 4082 4361 4189 4680 5119 4191 4190
2249 11 2 1 100 3867 3921 3848 3978 4574 4686 5120 4577 4507 4578
2250 11 2 1 100 3827 3907 245 3964 5121 5122 5123 5124 5125 5126
2251 11 2 1 100 3788 3837 3855 3924 4695 4425 5127 4759 4404 4426
2252 11 2 1 100 1164 3893 3823 3948 4142 4122 4141 5128 4723 5129
2253 11 2 1 100 3787 3852 3931 3970 4676 4694 4692 5130 5131 5132
2254 11 2 1 100 3791 3885 3849 4042 4598 4599 4377 4462 4463 4765
2255 11 2 1 100 3790 3839 3872 4060 4861 4860 4716 4916 5118 5133
2256 11 2 1 100 1067 1069 1370 3927 2045 2048 2047 4296 4298 5134
2257 11 2 1 100 3813 3922 3843 3937 5111 5042 5135 5112 5136 5113
2258 11 2 1 100 3851 3823 4014 4076 4591 4270 5137 4592 5138 4593
2259 11 2 1 100 3818 3953 3878 4001 5139 5140 5141 5142 5143 5144
2260 11 2 1 100 1427 1221 3901 3921 2809 4144 5145 5146 4148 4147
2261 11 2 1 100 3787 3844 3858 4023 5147 4244 4442 4678 4179 4245
2262 11 2 1 100 236 3971 3987 3992 5148 5149 5150 5151 5152 5153
2263 11 2 1 100 3819 3837 3788 3924 4696 4695 4668 5088 4759 4426
2264 11 2 1 100 1122 1120 3825 4015 2311 4414 4838 5154 4318 5155
2265 11 2 1 100 242 3885 3833 3944 5156 4743 5157 5158 4317 4230
2266 11 2 1 100 3811 3945 1295 3959 4885 5159 4364 4365 4354 5160
2267 11 2 1 100 1376 4001 3847 4078 5161 5162 5163 5164 5165 5166
2268 11 2 1 100 1125 3875 3874 4100 4247 4283 4282 5167 5168 5079
2269 11 2 1 100 1120 3895 3825 4015 4371 4415 4414 5155 4318 4740
2270 11 2 1 100 1357 3835 1134 3947 5001 4347 2372 5002 4333 4346
2271 11 2 1 100 1302 3814 3938 3961 5169 5170 5171 5172 4991 5173
2272 11 2 1 100 3840 3883 1399 3939 4166 5174 5175 4168 5176 4164
2273 11 2 1 100 1235 3886 3981 4037 5177 5178 5179 5180 5181 5182
2274 11 2 1 100 1123 1125 1127 4015 2325 2328 2327 4633 5056 4319
2275 11 2 1 100 3889 3936 3810 4004 4812 4810 4807 5183 5184 5185
2276 11 2 1 100 1302 3912 3814 3961 5186 5187 5169 5172 5173 5188
2277 11 2 1 100 1199 1145 3911 3989 2437 5189 4772 4775 4777 5190
2278 11 2 1 100 3812 3898 3834 3933 4308 5191 5192 5193 5194 5195
2279 11 2 1 100 3825 3800 3929 4022 5196 4920 4469 4652 5197 5198
2280 11 2 1 100 1048 230 1307 3960 1651 1656 1659 4749 4211 4152
2281 11 2 1 100 3827 3974 3838 4064 5025 5026 5022 5199 5200 5201
2282 11 2 1 100 1052 1297 3863 4091 1964 4747 4431 4778 4780 5202
2283 11 2 1 100 245 3907 3827 4018 5122 5121 5123 5203 5204 4913
2284 11 2 1 100 3843 3937 3922 4067 5136 5113 5042 5205 5206 5207
2285 11 2 1 100 243 3885 1036 3944 4228 4684 1729 4229 5208 4230
2286 11 2 1 100 1210 3841 1056 3946 5209 5210 1992 5211 5212 5213
2287 11 2 1 100 301 3860 3450 3949 4647 5214 5215 4648 5216 4649
2288 11 2 1 100 9 399 572 3951 4933 4788 593 5217 5218 5219
2289 11 2 1 100 3818 4016 3847 4071 5220 5221 4963 5222 5223 5224
2290 11 2 1 100 3788 3850 3841 3938 4200 4756 4757 4990 5225 4989
2291 11 2 1 100 3789 3847 4016 4071 5226 5221 5227 5228 5224 5223
2292 11 2 1 100 244 1353 3817 4018 1733 4279 4262 4912 4911 5229
2293 11 2 1 100 1376 1246 4001 4078 2694 5230 5161 5164 5166 5231
2294 11 2 1 100 3827 3792 3854 4102 4945 4289 4946 5232 5097 4558
2295 11 2 1 100 23 3322 3378 3949 3330 4787 4932 5108 5233 5234
2296 11 2 1 100 1490 1323 1488 3950 1826 3117 2914 5051 5235 4855
2297 11 2 1 100 3787 3846 3868 4033 4459 4461 4445 4781 4783 5236
2298 11 2 1 100 1351 3856 1349 4011 5237 5238 2928 5239 5240 5241
2299 11 2 1 100 1214 3917 3837 4002 4531 4530 4529 5242 5243 5244
2300 11 2 1 100 3823 3948 3851 4014 4723 4722 4591 4270 5137 5245
2301 11 2 1 100 3850 3942 3895 4065 4199 4237 5069 5246 4828 4830
2302 11 2 1 100 3818 3797 3876 3919 5247 5098 5011 5013 5014 5100
2303 11 2 1 100 3851 3948 1511 4000 4722 5248 5249 5250 5251 5252
2304 11 2 1 100 3834 3927 1101 3981 4391 4451 4450 5253 4900 4638
2305 11 2 1 100 3787 3970 3931 4050 5130 5131 4692 5074 5076 5254
2306 11 2 1 100 105 9 111 3951 107 5255 4794 4797 4799 5217
2307 11 2 1 100 3822 3898 3840 4061 4983 4982 4984 5256 5257 4644
2308 11 2 1 100 3834 3933 3898 3981 5194 5195 5191 5253 4637 5258
2309 11 2 1 100 3824 3897 3830 3936 4205 5259 4549 4547 4548 5260
2310 11 2 1 100 3805 3972 3921 4090 5261 4752 4146 4497 4475 4754
2311 11 2 1 100 3565 25 295 3860 5262 298 5263 5264 4729 4728
2312 11 2 1 100 1146 3838 1167 4100 5265 4114 2441 5266 5078 5077
2313 11 2 1 100 1290 1442 1441 3998 2850 1891 1791 5267 4345 4172
2314 11 2 1 100 1295 3959 3945 4059 4354 5160 5159 5268 5269 5270
2315 11 2 1 100 3825 3875 3800 4022 4246 5271 5196 4652 5198 4326
2316 11 2 1 100 3819 3895 3850 3942 4233 5069 4667 4236 4199 4237
2317 11 2 1 100 3878 3953 1502 4001 5140 5272 5273 5143 5274 5144
2318 11 2 1 100 1339 1165 1163 3823 2527 2526 2528 4221 4120 5046
2319 11 2 1 100 1349 4011 3856 4094 5240 5241 5238 5275 5276 5277
2320 11 2 1 100 3858 3915 3799 3985 4732 4731 4177 4208 4209 5278
2321 11 2 1 100 1165 3823 3943 4054 5046 4324 5279 5047 5280 5048
2322 11 2 1 100 1156 1365 1119 3942 2309 2301 2307 4363 4235 5281
2323 11 2 1 100 1361 3819 1156 4015 4831 4362 2490 5282 4707 4709
2324 11 2 1 100 1165 3823 1339 3943 5046 4221 2527 5279 5006 4324
2325 11 2 1 100 3818 1502 3953 4001 5283 5272 5139 5142 5144 5274
2326 11 2 1 100 3826 3908 1110 4059 4257 4401 4400 5284 5285 5286
2327 11 2 1 100 3839 3922 3937 4067 5110 5113 5114 5287 5207 5206
2328 11 2 1 100 1165 1164 1163 3823 2525 2521 2526 5046 4120 4141
2329 11 2 1 100 3824 3830 3897 3900 4549 5259 4205 4452 4454 4858
2330 11 2 1 100 1523 1048 3877 3994 1653 4902 5288 5289 4905 4904
2331 11 2 1 100 236 1344 3971 3992 1685 5290 5148 5151 5153 5291
2332 11 2 1 100 1361 4002 3819 4015 4835 4833 4831 5282 4709 5292
2333 11 2 1 100 1314 1056 1210 3841 1983 1992 1994 5293 5209 5210
2334 11 2 1 100 1052 1176 1297 4091 1972 1974 1964 4778 5202 5294
2335 11 2 1 100 1363 1449 3806 3896 3156 4510 4341 4342 4134 4512
2336 11 2 1 100 1143 3828 3887 3965 4734 4579 4500 5295 5296 5297
2337 11 2 1 100 1399 3883 3840 4110 5174 4166 5175 5298 5299 5300
2338 11 2 1 100 1200 3887 1395 3943 5010 4791 2427 5301 4792 4499
2339 11 2 1 100 1376 1377 3847 4001 2463 5302 5163 5161 5162 5303
2340 11 2 1 100 3841 3908 1056 3946 4582 5304 5210 5213 5212 5305
2341 11 2 1 100 1071 3899 3829 4049 5306 5307 4836 5308 5309 5310
2342 11 2 1 100 3843 3884 1020 4003 4767 4766 4768 5311 5312 5313
2343 11 2 1 100 1058 3908 3883 3946 5314 4402 5315 5316 5317 5305
2344 11 2 1 100 3790 3902 3839 4067 4712 4862 4861 4714 5287 4715
2345 11 2 1 100 885 1523 3877 3994 5318 5288 5319 5320 4905 5289
2346 11 2 1 100 3832 3956 1199 3989 5321 5322 4774 4776 4775 5323
2347 11 2 1 100 3806 4026 19 4070 4702 4700 4130 4506 4505 5324
2348 11 2 1 100 1197 3865 1403 3922 5325 4973 2696 5326 5041 5043
2349 11 2 1 100 105 3866 470 3951 4796 5327 5328 4797 5329 4798
2350 11 2 1 100 639 3866 111 3951 5330 4795 5331 5332 4799 4798
2351 11 2 1 100 3834 3898 3812 3927 5191 4308 5192 4391 4297 4310
2352 11 2 1 100 3563 3860 294 3949 5333 4646 5334 5335 4650 4649
2353 11 2 1 100 3827 3794 3940 4105 5023 5336 4947 5061 5337 5062
2354 11 2 1 100 1081 1345 1079 3824 2108 2107 2105 4285 5338 4204
2355 11 2 1 100 1414 3897 3870 3965 4398 4207 4397 5339 5340 5341
2356 11 2 1 100 1461 3869 1231 3932 4868 5342 2854 4691 5343 4867
2357 11 2 1 100 1370 3812 3973 4061 4294 4520 4519 4488 5344 4489
2358 11 2 1 100 3818 3796 3919 3920 4964 5345 5013 5009 5346 5007
2359 11 2 1 100 1030 1426 3884 3975 1872 4802 5347 5348 4806 4805
2360 11 2 1 100 3804 3987 3971 3992 5349 5149 5350 5351 5153 5152
2361 11 2 1 100 1361 1360 4002 4015 2491 5352 4835 5282 5292 5353
2362 11 2 1 100 3817 3849 3885 4042 5354 4599 4227 4764 4765 4463
2363 11 2 1 100 3841 3788 3938 4047 4757 4990 5225 5355 4995 4994
2364 11 2 1 100 1334 3846 3911 3969 5356 5357 5092 5094 5096 5358
2365 11 2 1 100 3834 3932 3927 4017 4420 4421 4391 4394 4396 5359
2366 11 2 1 100 3787 3968 3842 4023 4863 4307 4677 4678 4571 4180
2367 11 2 1 100 3819 3795 3895 4055 5067 5068 4233 5360 5361 5362
2368 11 2 1 100 1080 1082 1081 3901 2111 2110 2106 4929 4286 5363
2369 11 2 1 100 1414 3965 3870 4081 5339 5340 4397 5364 5365 5366
2370 11 2 1 100 3855 3892 3811 3924 4405 4436 5367 4404 4793 4403
2371 11 2 1 100 26 3452 302 3860 5368 5369 305 5370 4727 5371
2372 11 2 1 100 234 1342 3954 3971 1680 5372 4844 4847 4846 5373
2373 11 2 1 100 1146 1167 3875 4100 2441 4112 5374 5266 5079 5078
2374 11 2 1 100 1132 1357 1134 3947 2373 2372 2371 5106 4333 5002
2375 11 2 1 100 3791 3833 3885 4062 4741 4743 4598 5027 5029 5375
2376 11 2 1 100 3829 3899 1071 3927 5307 5306 4836 4687 4837 4954
2377 11 2 1 100 230 3803 1048 3994 4154 4748 1651 5376 4904 4903
2378 11 2 1 100 1418 3901 1221 3910 4241 4144 2733 4337 4149 4151
2379 11 2 1 100 8 572 399 3951 592 4788 4789 5377 5219 5218
2380 11 2 1 100 1149 3947 1135 4035 5378 4332 2378 5379 4719 4721
2381 11 2 1 100 1320 1511 3948 4000 3107 5248 5380 5381 5252 5251
2382 11 2 1 100 3873 3920 1148 4035 4216 4487 4513 4720 5382 5383
2383 11 2 1 100 1226 3848 3876 4021 4493 4492 4491 5384 5385 5386
2384 11 2 1 100 1401 1425 1110 3826 2263 2262 1989 5387 4400 5388
2385 11 2 1 100 10 471 106 3866 5389 5390 109 5391 4909 5392
2386 11 2 1 100 112 640 11 3866 5393 5394 115 4908 4910 5395
2387 11 2 1 100 3851 3954 1342 3971 5396 5372 5397 5398 5373 4846
2388 11 2 1 100 1365 1118 1119 3942 2300 2255 2301 5281 4235 4596
2389 11 2 1 100 1360 1361 1156 4015 2491 2490 2319 5353 4707 5282
2390 11 2 1 100 3792 3825 3874 4111 4468 4281 4651 4382 5399 4597
2391 11 2 1 100 1093 1092 1091 3872 2165 2156 2166 5400 4514 4515
2392 11 2 1 100 1058 3946 3883 3999 5316 5317 5315 5401 5402 5403
2393 11 2 1 100 1099 3853 1384 3895 5404 4471 2208 5405 4372 4470
2394 11 2 1 100 24 3378 3322 3949 4786 4787 3331 5406 5234 5233
2395 11 2 1 100 1520 3912 1302 3961 5407 5186 3091 5408 5172 5188
2396 11 2 1 100 3827 3913 1483 4064 5409 5410 5411 5199 5412 5413
2397 11 2 1 100 1110 3826 1425 3939 4400 5388 2262 4465 5414 4165
2398 11 2 1 100 233 1315 1020 3884 1666 1676 1673 4898 4766 5415
2399 11 2 1 100 3852 3931 1193 3979 4694 5416 5417 4738 5418 5419
2400 11 2 1 100 1333 1125 3875 3917 2338 4247 5420 5421 4251 4250
2401 11 2 1 100 1376 1246 1377 4001 2694 2922 2463 5161 5303 5230
2402 11 2 1 100 1124 1123 1122 3825 2320 2316 2321 4349 4838 4632
2403 11 2 1 100 3802 4047 4048 4099 5422 5423 5424 5425 5426 5427
2404 11 2 1 100 1270 3885 1271 4085 4387 5428 3007 4388 5429 4389
2405 11 2 1 100 1461 1231 3869 4083 2854 5342 4868 4819 4869 5430
2406 11 2 1 100 1295 1051 1031 3959 1881 1880 1772 4354 4355 5431
2407 11 2 1 100 3795 3929 3853 4055 4260 4140 4958 5362 4969 4971
2408 11 2 1 100 3849 3873 3835 3947 4428 5432 5433 5039 4346 4717
2409 11 2 1 100 3802 4048 3882 4099 5424 5434 5435 5425 5436 5426
2410 11 2 1 100 1302 3814 3912 4038 5169 5187 5186 5437 5438 5439
2411 11 2 1 100 3898 3927 3834 3981 4310 4391 5191 4637 5253 4638
2412 11 2 1 100 1164 1177 3893 3948 2532 5440 4142 5128 5129 5441
2413 11 2 1 100 1490 1021 1323 3836 1825 1823 1826 5050 4853 4536
2414 11 2 1 100 3811 3924 3841 4099 4793 4758 4580 5442 5443 5444
2415 11 2 1 100 3841 3924 3788 4099 4758 4759 4757 5443 5445 5444
2416 11 2 1 100 3832 3943 1199 3956 5446 5447 4774 5321 5322 4503
2417 11 2 1 100 3810 3992 3889 4004 4892 5448 4807 5184 5183 5449
2418 11 2 1 100 3802 3882 4047 4099 5435 5450 5422 5425 5427 5436
2419 11 2 1 100 1363 1449 1518 3806 3156 1847 3155 4341 4540 4510
2420 11 2 1 100 1271 1270 1269 3885 3007 3004 3008 5428 4866 4387
2421 11 2 1 100 3810 3992 4004 4087 4892 5449 5184 5451 5452 5453
2422 11 2 1 100 1193 3852 3979 4052 5417 4738 5418 5454 5455 4888
2423 11 2 1 100 3818 3919 3831 3920 5013 4942 5456 5009 4276 5346
2424 11 2 1 100 1164 3823 1165 3948 4141 5046 2525 5128 5045 4723
2425 11 2 1 100 3798 3846 3842 3969 4987 4979 4303 5457 5458 5358
2426 11 2 1 100 1085 1071 3829 4049 2067 4836 5459 5460 5309 5308
2427 11 2 1 100 3822 3840 3958 4061 4984 5461 4937 5256 5462 5257
2428 11 2 1 100 3827 4022 3792 4102 5463 4654 4945 5232 4558 5464
2429 11 2 1 100 1107 3969 3911 3989 5095 5096 5093 5465 4777 5466
2430 11 2 1 100 3843 3884 3813 3937 4767 5467 5135 5136 5112 5468
2431 11 2 1 100 3799 3884 3843 3937 5469 4767 5470 5471 5136 5468
2432 11 2 1 100 1278 3868 3991 4108 5472 5473 5474 5475 5476 5477
2433 11 2 1 100 633 3914 3926 3980 5478 5479 5480 5481 5482 5483
2434 11 2 1 100 633 3926 3879 3980 5480 5484 5485 5481 5486 5482
2435 11 2 1 100 3794 3827 3881 3974 5023 5487 5488 5024 5020 5025
2436 11 2 1 100 3827 3881 3974 4064 5487 5020 5025 5199 5201 5489
2437 11 2 1 100 1518 3806 1367 3942 4540 5490 1846 4541 5491 4360
2438 11 2 1 100 3827 3913 4022 4102 5409 4455 5463 5232 5464 5492
2439 11 2 1 100 1301 3814 4020 4091 5493 4925 5494 5495 5496 5497
2440 11 2 1 100 1081 3824 1079 4041 4285 5338 2105 4299 5498 4300
2441 11 2 1 100 3795 3819 3924 4055 5067 5088 4762 5362 5499 5360
2442 11 2 1 100 1057 3883 1110 3939 4750 4399 1987 5500 4465 4164
2443 11 2 1 100 3811 3795 3924 3929 4254 4762 4793 4259 5501 4260
2444 11 2 1 100 3800 3811 3924 3929 4918 4793 5091 4920 5501 4259
2445 11 2 1 100 1400 1399 3883 3939 2009 5174 5502 5503 4164 5176
2446 11 2 1 100 1235 1236 3886 4037 2865 5504 5177 5180 5182 5505
2447 11 2 1 100 3809 3902 3828 3935 5004 4711 4673 4642 4268 4736
2448 11 2 1 100 3817 4018 1353 4085 4911 5229 4279 5037 5036 5506
2449 11 2 1 100 3854 3940 3827 4036 4293 4947 4946 5507 5508 5509
2450 11 2 1 100 3787 3858 3820 3968 4442 4441 4443 4863 4955 4176
2451 11 2 1 100 1447 1225 1428 3978 2827 2817 2229 5510 4576 4616
2452 11 2 1 100 1367 3942 3806 3961 5491 4360 5490 5511 4997 4187
2453 11 2 1 100 3794 3881 3817 4042 5488 5512 5513 5514 4764 5515
2454 11 2 1 100 3842 3931 3852 3979 4693 4694 4675 4737 4738 5419
2455 11 2 1 100 1385 3965 1414 4081 5516 5339 2610 5517 5364 5366
2456 11 2 1 100 1210 1474 3841 3946 2756 5518 5209 5211 5213 5519
2457 11 2 1 100 1225 3848 1224 3921 4685 5520 2815 4615 5521 4686
2458 11 2 1 100 1029 3894 901 4031 5522 4974 5523 5524 4978 4977
2459 11 2 1 100 3811 3945 3959 4059 4885 5160 4365 5525 5270 5269
2460 11 2 1 100 3818 3831 3983 4001 5456 4125 5526 5142 4129 4128
2461 11 2 1 100 1397 1199 3832 3943 2705 4774 5527 5528 5446 5447
2462 11 2 1 100 1410 3881 3849 4085 5016 5015 5017 5529 4928 5530
2463 11 2 1 100 3843 3790 3937 4067 5531 5532 5136 5205 5207 4714
2464 11 2 1 100 1175 3913 1169 4064 5533 5534 2548 5535 5536 5413
2465 11 2 1 100 3850 3895 3795 4065 5069 5068 4761 5246 5537 4828
2466 11 2 1 100 3844 1030 3884 3975 5538 5347 5539 4331 4806 5348
2467 11 2 1 100 1169 3913 3838 4064 5534 4158 5540 5536 5200 5413
2468 11 2 1 100 1070 1072 3927 3932 2061 4813 5541 5542 4421 4816
2469 11 2 1 100 1025 1448 3806 3912 1625 5543 5058 5060 4567 5544
2470 11 2 1 100 3898 3933 3801 3981 5195 5545 5546 4637 5547 5258
2471 11 2 1 100 3873 3947 3849 4035 4717 5039 4428 4720 4927 4721
2472 11 2 1 100 1474 3938 3841 3946 5548 5225 5518 5519 5213 5549
2473 11 2 1 100 1351 3899 3856 4011 5550 5551 5237 5239 5241 4481
2474 11 2 1 100 1226 1439 3876 3998 2830 5552 4491 4494 4496 5553
2475 11 2 1 100 1368 3850 1118 3942 5554 5555 2254 5556 4596 4199
2476 11 2 1 100 1072 3829 3932 4025 4814 4815 4816 5557 5558 5559
2477 11 2 1 100 3818 3920 3831 4001 5009 4276 5456 5142 4128 4278
2478 11 2 1 100 3788 3961 4047 4082 4188 4996 4994 4191 5560 4192
2479 11 2 1 100 1269 3885 3831 3983 4866 4448 4865 5561 4125 5562
2480 11 2 1 100 3971 3992 1344 4005 5153 5291 5290 5563 5564 5565
2481 11 2 1 100 1235 3981 3886 4083 5179 5178 5177 5566 5567 5568
2482 11 2 1 100 3818 3847 3878 4071 4963 5569 5141 5222 5570 5223
2483 11 2 1 100 1036 3885 242 3944 4684 5156 1728 5208 5158 4230
2484 11 2 1 100 1056 3841 1054 3908 5210 5571 1980 5304 5572 4582
2485 11 2 1 100 3818 3878 4016 4071 5141 5573 5220 5222 5224 5570
2486 11 2 1 100 1164 1177 1391 3893 2532 2534 2523 4142 5574 5440
2487 11 2 1 100 3862 3948 3851 4000 5575 4722 5576 5577 5250 5252
2488 11 2 1 100 3850 1118 3942 4065 5555 4596 4199 5246 4830 4829
2489 11 2 1 100 3792 3825 3929 4022 4468 4469 4138 4654 5197 4652
2490 11 2 1 100 3984 4063 1375 4084 5578 4181 5579 5580 4184 4186
2491 11 2 1 100 1295 3945 3811 4019 5159 4885 4364 4356 4366 4941
2492 11 2 1 100 1190 3911 3846 4057 5581 5357 5582 5583 5584 4622
2493 11 2 1 100 1339 1163 1340 3871 2528 2479 2529 4222 4841 4118
2494 11 2 1 100 1210 1474 1314 3841 2756 2755 1994 5209 5293 5518
2495 11 2 1 100 3822 3940 3898 4106 4985 4986 4983 5585 5586 5587
2496 11 2 1 100 1414 3870 1346 4081 4397 4842 3129 5364 5588 5365
2497 11 2 1 100 1408 1268 3831 3920 3005 4126 5589 5590 4276 4277
2498 11 2 1 100 1395 1199 3943 3956 2703 5447 4792 4827 4503 5322
2499 11 2 1 100 3809 3902 3935 4067 5004 4736 4642 5591 4730 4715
2500 11 2 1 100 3844 3884 232 4039 5539 5592 5593 5594 5595 5596
2501 11 2 1 100 3805 3936 3889 4004 5117 4812 5115 5597 5183 5185
2502 11 2 1 100 232 3844 1030 3884 5593 5538 1660 5592 5347 5539
2503 11 2 1 100 16 885 3877 4013 924 5319 5598 5599 5600 5601
2504 11 2 1 100 1314 1054 1056 3841 1982 1980 1983 5293 5210 5571
2505 11 2 1 100 1449 3177 1025 3806 4617 5059 1622 4510 5058 4314
2506 11 2 1 100 3865 3804 3910 3987 4870 4917 4625 5602 5603 5349
2507 11 2 1 100 1262 3871 1416 3962 4630 5604 2713 5605 5606 5607
2508 11 2 1 100 1262 3887 3871 3962 4631 4224 4630 5605 5607 5608
2509 11 2 1 100 1503 3833 242 3885 5609 5157 1723 5610 5156 4743
2510 11 2 1 100 1438 3845 3889 3972 5611 4808 5612 5613 5614 5615
2511 11 2 1 100 1371 1384 3853 3941 2209 4471 5616 5617 4472 4374
2512 11 2 1 100 1427 1221 1418 3901 2809 2733 2234 5145 4241 4144
2513 11 2 1 100 1385 1414 1346 4081 2610 3129 2159 5517 5588 5364
2514 11 2 1 100 1081 1346 1345 3870 2117 2119 2108 4284 4203 4842
2515 11 2 1 100 1225 1224 1223 3921 2815 2811 2816 4615 5618 5521
2516 11 2 1 100 3874 4022 3792 4105 4653 4654 4651 5619 5620 5621
2517 11 2 1 100 1319 3851 1511 4000 5622 5249 3108 5623 5251 5250
2518 11 2 1 100 1209 1483 3913 4064 2753 5410 5624 5625 5413 5412
2519 11 2 1 100 1262 1340 1416 3871 2982 2472 2713 4630 5604 4841
2520 11 2 1 100 3873 3920 3796 3995 4216 5007 5626 4219 5627 4220
2521 11 2 1 100 3837 3924 3800 3976 4426 5091 5089 4427 5104 4408
2522 11 2 1 100 3804 4004 3992 4087 4872 5449 5351 5628 5453 5452
2523 11 2 1 100 11 573 10 3955 605 604 110 4587 4486 4485
2524 11 2 1 100 1401 1425 3826 4028 2263 5388 5387 5629 5630 5631
2525 11 2 1 100 3809 3935 3870 4080 4642 4674 4672 5632 5633 5634
2526 11 2 1 100 1481 3827 245 3964 5635 5123 1746 5636 5125 5124
2527 11 2 1 100 3841 3938 1474 4091 5225 5548 5518 5637 5638 5639
2528 11 2 1 100 1410 1250 3881 4085 2931 5640 5016 5529 5530 5641
2529 11 2 1 100 24 301 3450 3949 303 5215 5642 5406 5216 4648
2530 11 2 1 100 1100 1064 3840 3898 2033 5643 5644 5645 4982 5646
2531 11 2 1 100 3911 3977 3820 4057 4525 5647 5648 4622 5649 4623
2532 11 2 1 100 1276 3836 3913 3964 5650 5651 5652 5653 5654 5655
2533 11 2 1 100 1276 3913 3827 3964 5652 5409 5656 5653 5124 5654
2534 11 2 1 100 885 3994 3877 4013 5320 4905 5319 5601 5600 5657
2535 11 2 1 100 3818 3983 1502 4001 5526 5658 5283 5142 5274 4129
2536 11 2 1 100 1481 245 3827 4018 1746 5123 5635 5659 5204 5203
2537 11 2 1 100 238 1438 3845 3889 1696 5611 5660 5661 4808 5612
2538 11 2 1 100 3793 3870 3935 4080 4951 4674 4953 5662 5634 5633
2539 11 2 1 100 11 645 803 3955 5663 5081 4586 4587 4484 5664
2540 11 2 1 100 230 3975 3803 3994 4155 4156 4154 5376 4903 5665
2541 11 2 1 100 1371 3941 3853 3958 5617 4472 5616 5666 5667 4961
2542 11 2 1 100 1381 3822 1419 3973 4935 4934 3150 5668 5669 5670
2543 11 2 1 100 1314 3841 1474 4091 5293 5518 2755 5671 5638 5637
2544 11 2 1 100 1403 3922 3843 4003 5041 5042 4972 5672 5311 5673
2545 11 2 1 100 1224 3921 3848 3972 5521 4686 5520 5674 5675 4752
2546 11 2 1 100 3841 3850 3795 3946 4756 4761 4581 5213 5676 5677
2547 11 2 1 100 3927 3932 3829 4017 4421 4815 4687 4396 4688 5359
2548 11 2 1 100 1389 1101 1068 3981 2054 2053 2042 5678 4636 4900
2549 11 2 1 100 1137 1138 1139 3995 2390 2396 2395 4923 4218 5679
2550 11 2 1 100 1223 1222 1221 3921 2806 2742 2807 5618 4147 4473
2551 11 2 1 100 1199 1145 1155 3911 2437 2435 2438 4772 4894 5189
2552 11 2 1 100 1405 3947 1410 3974 5680 5038 2457 5681 5019 5040
2553 11 2 1 100 1160 1193 3931 3979 2510 5416 5682 5683 5419 5418
2554 11 2 1 100 1226 3876 1439 4021 4491 5552 2830 5384 5684 5385
2555 11 2 1 100 1371 1398 1384 3941 3164 2609 2209 5617 4374 4992
2556 11 2 1 100 3830 3936 3918 4071 4548 5685 5686 5687 5688 5689
2557 11 2 1 100 3854 3939 3840 3990 4703 4168 4290 4950 4949 5690
2558 11 2 1 100 3849 3885 3831 4035 4599 4448 4378 4927 4449 4386
2559 11 2 1 100 3819 3942 3864 4002 4236 4361 4681 4833 4981 4834
2560 11 2 1 100 3802 3882 3863 4047 5435 4527 5691 5422 5692 5450
2561 11 2 1 100 1425 3854 1238 3939 5693 5694 2885 5414 5695 4703
2562 11 2 1 100 3810 3918 3936 4071 5696 5685 4810 5697 5689 5688
2563 11 2 1 100 26 25 3323 3957 299 3345 3344 4544 4546 4610
2564 11 2 1 100 1211 3969 3925 4095 5698 5699 5700 5701 5702 5703
2565 11 2 1 100 1251 3915 3977 4040 5704 5705 5706 5707 5708 5709
2566 11 2 1 100 1397 1395 1199 3943 2704 2703 2705 5528 5447 4792
2567 11 2 1 100 3569 3666 25 3957 5084 4609 5710 5711 4610 4545
2568 11 2 1 100 1174 1421 1404 3977 2582 2584 2488 4524 4526 5712
2569 11 2 1 100 3888 3994 15 4013 5713 5714 5715 5716 5717 5657
2570 11 2 1 100 3835 3873 3849 4042 5432 4428 5433 5718 4463 4534
2571 11 2 1 100 1371 1398 3941 3958 3164 4992 5617 5666 4961 4993
2572 11 2 1 100 3810 3893 3992 4087 4412 4238 4892 5451 5453 5719
2573 11 2 1 100 3558 3928 3880 3988 5720 5721 5722 5723 5724 5725
2574 11 2 1 100 3558 3916 3928 3988 5726 5727 5720 5723 5725 5728
2575 11 2 1 100 1182 3820 1421 4057 5729 5730 2583 5731 5732 5649
2576 11 2 1 100 3827 3964 3913 4102 5124 5654 5409 5232 5492 5733
2577 11 2 1 100 3810 3936 3871 4087 4810 5034 5734 5451 5735 5736
2578 11 2 1 100 1269 3831 1268 3983 4865 4126 2998 5561 4124 4125
2579 11 2 1 100 3846 3991 1190 4057 5737 5738 5582 5584 5583 5739
2580 11 2 1 100 3180 3814 3172 4020 5740 4877 3292 5741 4924 4925
2581 11 2 1 100 3185 4020 3172 4032 5742 4924 3281 5743 4875 4926
2582 11 2 1 100 1243 3925 1211 3969 5744 5700 2655 5745 5698 5699
2583 11 2 1 100 1501 1502 3878 3953 1830 5273 5746 5747 5140 5272
2584 11 2 1 100 3878 3953 3845 3993 5140 5748 5749 5750 5751 5752
2585 11 2 1 100 105 470 9 3951 5328 5753 107 4797 5217 5329
2586 11 2 1 100 8 639 111 3951 5754 5331 113 5377 4799 5332
2587 11 2 1 100 1502 1265 3878 4001 2992 5755 5273 5274 5143 5756
2588 11 2 1 100 3817 3881 3849 4042 5512 5015 5354 4764 4463 5515
2589 11 2 1 100 1189 1243 1211 3969 2656 2655 2268 5757 5698 5745
2590 11 2 1 100 3811 3908 3826 4059 4256 4257 4253 5525 5284 5286
2591 11 2 1 100 3884 3954 233 4039 4771 4899 4898 5596 5758 5759
2592 11 2 1 100 1021 3836 247 3945 4536 5760 1758 4537 5761 4538
2593 11 2 1 100 3820 3977 3915 4040 5647 5705 5057 5065 5709 5708
2594 11 2 1 100 3801 3940 3854 4036 4353 4293 4352 5762 5507 5509
2595 11 2 1 100 1301 3938 3814 4091 5763 5170 5493 5495 5497 5639
2596 11 2 1 100 3793 3871 3936 4087 5030 5034 5033 5764 5736 5735
2597 11 2 1 100 3563 294 23 3949 5334 296 5765 5335 5108 4650
2598 11 2 1 100 1173 3911 1190 4057 5766 5581 2482 5767 5583 4622
2599 11 2 1 100 3809 4063 3984 4084 4273 5578 5768 4275 5580 4186
2600 11 2 1 100 3910 3987 3804 4004 5603 5349 4917 4629 4872 5769
2601 11 2 1 100 3172 3814 3180 4038 4877 5740 3292 5770 5771 5439
2602 11 2 1 100 3800 3811 3892 3924 4918 4436 4919 5091 4403 4793
2603 11 2 1 100 1389 1068 3898 3981 2042 4635 5772 5678 4637 4636
2604 11 2 1 100 1414 1417 1345 3897 3130 2131 3128 4398 4206 4639
2605 11 2 1 100 3800 3825 3929 4055 5196 4469 4920 5773 4971 4970
2606 11 2 1 100 1341 3899 1370 3927 5774 4478 2059 5775 4298 4954
2607 11 2 1 100 3822 3973 1381 4101 5670 5668 4935 5776 5777 5778
2608 11 2 1 100 1425 3939 3826 4028 5414 4165 5388 5631 5630 5779
2609 11 2 1 100 1362 1361 3864 3942 2493 4980 5780 5781 4361 4832
2610 11 2 1 100 3804 3823 3893 4005 4704 4122 5782 4705 5783 4590
2611 11 2 1 100 247 3945 3836 3964 5761 4538 5760 5784 5655 5785
2612 11 2 1 100 3798 3937 3813 3968 5786 5112 4304 4306 4305 5787
2613 11 2 1 100 3893 3948 1177 4005 5129 5441 5440 5783 5788 4724
2614 11 2 1 100 3787 3842 3846 4050 4677 4979 4459 5074 5789 5075
2615 11 2 1 100 1174 1421 3977 4057 2582 5712 4524 4621 4623 5732
2616 11 2 1 100 1483 3827 1276 3913 5411 5656 2752 5410 5652 5409
2617 11 2 1 100 1273 3877 3960 4089 5790 5101 5791 5792 5793 5794
2618 11 2 1 100 464 3879 3926 3980 5795 5484 5796 5797 5482 5486
2619 11 2 1 100 1364 1363 1518 3942 3152 3155 3154 5798 4541 4359
2620 11 2 1 100 3803 3970 3844 4066 5799 5800 5801 5802 5803 5804
2621 11 2 1 100 3920 3966 3796 3995 4874 5805 5007 4220 5627 4746
2622 11 2 1 100 464 3926 3914 3980 5796 5479 5806 5797 5483 5482
2623 11 2 1 100 1442 3944 3869 4083 4315 4316 4169 5807 4869 5808
2624 11 2 1 100 3823 3804 3935 4076 4704 4871 4267 4593 5809 4706
2625 11 2 1 100 234 1020 1338 3843 1672 1682 1679 4843 4848 4768
2626 11 2 1 100 1150 1388 1141 3847 2419 2408 2417 5810 5811 5812
2627 11 2 1 100 3848 4016 3845 4044 5813 5814 5815 5816 5817 5818
2628 11 2 1 100 1388 1141 3847 3966 2408 5811 5812 5819 5820 5821
2629 11 2 1 100 1302 3814 1301 3938 5169 5493 1860 5171 5763 5170
2630 11 2 1 100 3853 3895 3825 3941 4470 4415 4467 4472 4416 4375
2631 11 2 1 100 1054 3959 3841 4091 5822 5823 5571 5824 5637 4779
2632 11 2 1 100 3820 3911 3846 3968 5648 5357 4460 4955 4956 5825
2633 11 2 1 100 1267 1502 3983 4001 2991 5658 4553 4554 4129 5274
2634 11 2 1 100 1500 3885 1353 4085 5826 4280 1903 5827 5036 4389
2635 11 2 1 100 1094 1143 1096 3828 2183 2182 2173 5828 5829 4734
2636 11 2 1 100 1059 1400 1399 3883 1997 2009 2008 5830 5174 5502
2637 11 2 1 100 1057 1400 3883 3939 1998 5502 4750 5500 4164 5503
2638 11 2 1 100 1477 1320 3948 4000 3113 5380 5831 5832 5252 5381
2639 11 2 1 100 1367 3806 1448 3912 5490 5543 1843 5833 5544 4567
2640 11 2 1 100 3183 1448 3177 3912 5834 5835 3213 5836 4566 5544
2641 11 2 1 100 1214 1332 3917 4002 2766 5837 4531 5242 5244 5838
2642 11 2 1 100 1143 1096 3828 3965 2182 5829 4734 5295 5297 5839
2643 11 2 1 100 3877 3994 3803 4013 4905 4903 4901 5600 5840 5657
2644 11 2 1 100 3845 3889 3810 3993 4808 4807 4809 5751 4411 5841
2645 11 2 1 100 3172 3191 3187 4038 3293 3295 3280 5770 5842 5843
2646 11 2 1 100 3839 3872 3798 3905 4860 5844 5845 5846 4369 5847
2647 11 2 1 100 1150 1376 3847 3918 2460 5163 5810 5848 5849 5850
2648 11 2 1 100 1252 3858 1254 3915 5851 5852 2943 5853 5854 4732
2649 11 2 1 100 1154 3846 1190 3911 5855 5582 2483 5856 5581 5357
2650 11 2 1 100 3863 4047 3882 4099 5692 5450 4527 5857 5436 5427
2651 11 2 1 100 1070 1072 1071 3927 2061 2060 2056 5541 4837 4813
2652 11 2 1 100 21 3997 3923 4032 5858 5859 5860 5861 5862 5863
2653 11 2 1 100 1233 3981 1235 4083 5864 5179 2861 5865 5566 5568
2654 11 2 1 100 3828 3902 3870 4081 4711 5005 4671 4614 5365 4620
2655 11 2 1 100 1167 3875 3950 4068 4112 4117 4115 5866 5867 5868
2656 11 2 1 100 1071 1072 1073 3829 2060 2066 2065 4836 5869 4814
2657 11 2 1 100 1235 3886 1234 4083 5177 5870 2860 5566 5871 5567
2658 11 2 1 100 1415 3897 3962 4086 5872 5873 5874 5875 5876 5877
2659 11 2 1 100 3788 3855 3837 4048 5127 4425 4695 5878 5879 5880
2660 11 2 1 100 1193 3979 1160 4052 5418 5683 2510 5454 5881 5455
2661 11 2 1 100 1401 3826 1110 4059 5387 4400 1989 5882 5285 5284
2662 11 2 1 100 1410 3881 1250 3974 5016 5640 2931 5019 5883 5020
2663 11 2 1 100 1285 3996 3891 4024 5884 5885 5886 5887 5888 5889
2664 11 2 1 100 1212 1214 3917 4068 2763 4531 5890 5891 4656 4655
2665 11 2 1 100 3833 3876 3818 4079 4561 5011 5012 4825 5892 4826
2666 11 2 1 100 1438 1032 3845 3972 1706 5893 5611 5613 5615 5894
2667 11 2 1 100 1334 3846 1154 3911 5356 5855 2249 5092 5856 5357
2668 11 2 1 100 1057 1110 1400 3939 1987 1999 1998 5500 5503 4465
2669 11 2 1 100 1100 3898 3840 3990 5645 4982 5644 5895 4949 5896
2670 11 2 1 100 1315 1020 3884 4003 1676 4766 5415 5897 5313 5312
2671 11 2 1 100 875 896 3894 4031 992 4975 5898 5899 4977 4976
2672 11 2 1 100 20 3177 19 4070 3205 3204 278 5900 4505 4504
2673 11 2 1 100 1380 1124 1122 3941 2322 2321 2323 5901 4840 4839
2674 11 2 1 100 1465 3884 1426 4052 5902 4802 1876 5903 4887 4889
2675 11 2 1 100 1435 3907 3854 3964 5904 5905 5906 5907 5908 5126
2676 11 2 1 100 1461 1231 1456 3932 2854 2844 2855 4691 5909 5343
2677 11 2 1 100 3794 3817 3881 4036 5513 5512 5488 5910 5911 5912
2678 11 2 1 100 1334 1154 1107 3911 2249 2248 2245 5092 5093 5856
2679 11 2 1 100 1490 1276 3836 3913 2912 5650 5050 5913 5651 5652
2680 11 2 1 100 1331 3996 3816 4030 5914 5915 5916 5917 5918 5919
2681 11 2 1 100 23 3389 3324 3570 4601 4600 3336 5920 5921 5922
2682 11 2 1 100 1477 3948 3862 4000 5831 5575 5923 5832 5577 5252
2683 11 2 1 100 3828 3870 3793 3965 4671 4951 4952 5297 5924 5340
2684 11 2 1 100 3808 3858 3868 4033 5925 4446 5926 5927 4783 4782
2685 11 2 1 100 1380 3874 1124 3941 5928 4350 2322 5901 4839 4864
2686 11 2 1 100 1143 3828 1094 3956 4734 5828 2183 4501 5929 4735
2687 11 2 1 100 1285 3816 1531 3996 5930 5931 3066 5884 5932 5915
2688 11 2 1 100 1435 245 3907 3964 1745 5122 5904 5907 5126 5125
2689 11 2 1 100 3839 3905 3798 3937 5846 4369 5845 5114 5786 5933
2690 11 2 1 100 1416 3962 3871 4096 5606 5607 5604 5934 5935 5936
2691 11 2 1 100 1345 1079 3824 4006 2107 5338 4204 5052 5054 5937
2692 11 2 1 100 1165 1166 3948 4054 2531 5938 5045 5047 5049 5939
2693 11 2 1 100 3821 3861 3796 3952 5940 5941 5942 5943 4965 5944
2694 11 2 1 100 3798 3872 3839 4060 5844 4860 5845 5945 5133 5118
2695 11 2 1 100 3838 4022 3874 4105 4328 4653 5946 5063 5619 5621
2696 11 2 1 100 1319 1511 1320 4000 3108 3107 3103 5623 5381 5251
2697 11 2 1 100 1425 3854 3939 4028 5693 4703 5414 5631 5779 5947
2698 11 2 1 100 3852 3979 3813 4023 4738 4931 5948 4679 4572 4739
2699 11 2 1 100 1166 1172 3948 4054 2540 5949 5938 5939 5049 5950
2700 11 2 1 100 1076 1103 3867 3906 2093 5951 5952 5953 5954 5955
2701 11 2 1 100 1055 1110 3908 4059 1988 4401 5956 5957 5286 5285
2702 11 2 1 100 1083 4063 3902 4081 5958 5959 5960 5961 4620 5962
2703 11 2 1 100 3789 3845 4016 4044 5963 5814 5227 5964 5818 5817
2704 11 2 1 100 3945 3964 247 4028 5785 5784 5761 5965 5966 5967
2705 11 2 1 100 1415 3897 1412 3962 5872 5968 3170 5874 5969 5873
2706 11 2 1 100 3841 3959 3863 4091 5823 4435 5970 5637 4780 4779
2707 11 2 1 100 1261 1189 1356 3842 2658 2650 2659 5971 5972 5973
2708 11 2 1 100 3821 3796 3861 3930 5942 5941 5940 5974 4659 5975
2709 11 2 1 100 3862 3948 1172 4054 5575 5949 5976 5977 5950 5049
2710 11 2 1 100 1307 3844 1506 3960 4330 5978 1897 4211 5979 4329
2711 11 2 1 100 1030 232 231 3844 1660 256 1661 5538 4890 5593
2712 11 2 1 100 3806 4047 3961 4082 5980 4996 4997 4998 4192 5560
2713 11 2 1 100 3840 3939 1399 3990 4168 5176 5175 4949 5981 5690
2714 11 2 1 100 1273 4031 3877 4089 5982 5983 5790 5792 5794 5984
2715 11 2 1 100 3830 3871 3793 3962 5031 5030 5032 5985 5986 5607
2716 11 2 1 100 576 8 399 646 596 4789 4790 5071 5073 5987
2717 11 2 1 100 1270 1268 1269 3831 3003 2998 3004 4447 4865 4126
2718 11 2 1 100 1050 3882 3863 4043 4528 4527 4432 5988 5989 5990
2719 11 2 1 100 1345 3900 1417 4006 4453 4640 2131 5052 5991 5053
2720 11 2 1 100 3853 3895 1099 3999 4470 5405 5404 5992 5993 5994
2721 11 2 1 100 3814 4020 3180 4038 4925 5741 5740 5439 5771 5995
2722 11 2 1 100 1169 1167 1146 3838 2442 2441 2443 5540 5265 4114
2723 11 2 1 100 3818 3876 3797 4016 5011 5098 5247 5220 5996 5997
2724 11 2 1 100 25 26 302 3860 299 305 4726 4728 4727 5370
2725 11 2 1 100 3846 3911 3798 3968 5357 5998 4987 4956 4306 5825
2726 11 2 1 100 106 11 10 3866 4906 110 109 4909 5391 4910
2727 11 2 1 100 1020 3843 234 3954 4768 4843 1672 4769 4844 4770
2728 11 2 1 100 3813 3798 3905 3937 4304 4369 4367 5112 5933 5786
2729 11 2 1 100 1076 1390 1103 3906 2082 2094 2093 5953 5955 5999
2730 11 2 1 100 1356 3842 1189 3969 5972 5973 2650 6000 5757 5458
2731 11 2 1 100 1334 1190 1154 3846 2484 2483 2249 5356 5855 5582
2732 11 2 1 100 3325 25 3569 3666 3349 5710 5085 4784 5084 4609
2733 11 2 1 100 238 3889 3845 3993 5661 4808 5660 6001 5751 5841
2734 11 2 1 100 11 645 577 803 5663 5080 614 4586 4823 5081
2735 11 2 1 100 1490 3913 3836 3950 5913 5651 5050 5051 4857 4160
2736 11 2 1 100 1118 3850 1368 4065 5555 5554 2254 4829 6002 5246
2737 11 2 1 100 1116 3979 4010 4052 6003 6004 6005 6006 6007 5455
2738 11 2 1 100 3828 3887 3793 3935 4579 6008 4952 4268 4953 4755
2739 11 2 1 100 3837 3864 3788 4082 4697 4680 4695 6009 4191 5119
2740 11 2 1 100 1403 1198 3922 4003 2695 6010 5041 5672 5673 6011
2741 11 2 1 100 3732 3564 3916 3928 6012 6013 6014 6015 5727 6016
2742 11 2 1 100 3830 3897 3793 3936 5259 6017 5032 4548 5033 5260
2743 11 2 1 100 1338 1403 1260 3865 1822 2699 2976 4850 6018 4973
2744 11 2 1 100 26 3452 3860 3957 5368 5371 5370 4544 6019 6020
2745 11 2 1 100 25 3860 3565 3957 4728 5264 5262 4610 6021 6019
2746 11 2 1 100 1425 1293 1238 3854 2884 2883 2885 5693 5694 6022
2747 11 2 1 100 10 471 3866 3955 5389 5392 5391 4486 6023 6024
2748 11 2 1 100 575 476 10 813 6025 6026 609 4585 4584 6027
2749 11 2 1 100 11 3866 640 3955 4910 5395 5394 4587 6028 6023
2750 11 2 1 100 3910 4004 3809 4080 4629 4627 4624 6029 5632 6030
2751 11 2 1 100 1472 1368 1366 3961 3162 2304 3160 6031 6032 6033
2752 11 2 1 100 1252 1254 1255 3915 2943 2946 2945 5853 6034 5854
2753 11 2 1 100 3935 4014 3823 4076 4272 4270 4267 5809 4593 5138
2754 11 2 1 100 3987 4004 3910 4090 5769 4629 5603 6035 4800 6036
2755 11 2 1 100 3821 3796 3930 4034 5942 5975 5974 6037 6038 6039
2756 11 2 1 100 3796 3847 3952 4103 4962 4967 4965 6040 6041 6042
2757 11 2 1 100 236 3987 3889 3992 5150 6043 6044 5151 5448 5152
2758 11 2 1 100 3172 3180 3191 4038 3292 3294 3293 5770 5843 5771
2759 11 2 1 100 3898 4061 3822 4106 4644 5256 4983 5586 5585 6045
2760 11 2 1 100 574 409 9 477 4608 4607 601 6046 6047 6048
2761 11 2 1 100 1211 3846 3969 4095 6049 5358 5698 5701 5703 6050
2762 11 2 1 100 1295 248 3945 4019 1763 4710 5159 4356 4941 5035
2763 11 2 1 100 3803 3844 3970 3975 5801 5800 5799 4156 6051 4331
2764 11 2 1 100 1438 1032 238 3845 1706 1703 1696 5611 5660 5893
2765 11 2 1 100 3925 3969 3846 4095 5699 5358 6052 5702 6050 5703
2766 11 2 1 100 1491 1278 3991 4074 3041 5474 6053 6054 6055 6056
2767 11 2 1 100 1376 3847 3918 4078 5163 5849 5850 5164 6057 5165
2768 11 2 1 100 3885 3944 3817 4062 4230 4231 4227 5029 5028 6058
2769 11 2 1 100 3327 26 3673 3456 3356 4604 4605 6059 6060 6061
2770 11 2 1 100 3887 3943 3828 3956 4499 4323 4579 4502 4735 4503
2771 11 2 1 100 1083 3902 1088 4081 5960 6062 2125 5961 6063 4620
2772 11 2 1 100 3844 3970 3787 4066 5800 5130 5147 5803 6064 5804
2773 11 2 1 100 3826 3792 3929 4102 4161 4138 4261 4557 6065 4558
2774 11 2 1 100 3837 4048 3996 4082 5879 6066 6067 6009 6068 6069
2775 11 2 1 100 3827 3940 3794 4036 4947 5336 5023 5508 5910 5509
2776 11 2 1 100 3808 3868 3858 4089 5926 4446 5925 6070 6071 6072
2777 11 2 1 100 409 399 9 3951 434 4933 4607 6073 5217 5219
2778 11 2 1 100 1073 3829 1072 4025 5869 4814 2066 6074 5557 5559
2779 11 2 1 100 3820 3977 1421 4057 5647 5712 5730 5649 5732 4623
2780 11 2 1 100 3798 3839 3937 4060 5845 5114 5786 5945 6075 5133
2781 11 2 1 100 1069 1341 1370 3927 2057 2059 2048 5134 4298 5775
2782 11 2 1 100 3839 3937 3790 4067 5114 5532 4861 5287 4714 5207
2783 11 2 1 100 3804 3865 3935 4076 4870 4641 4871 4706 5809 6076
2784 11 2 1 100 3840 3940 3822 4111 4292 4985 4984 4384 6077 6078
2785 11 2 1 100 1401 4028 3826 4059 5629 5630 5387 5882 5284 6079
2786 11 2 1 100 3796 3821 3952 4034 5942 5943 4965 6039 6080 6037
2787 11 2 1 100 473 747 3914 3926 6081 6082 6083 6084 5479 6085
2788 11 2 1 100 1501 1502 1265 3878 1830 2992 2917 5746 5755 5273
2789 11 2 1 100 3817 4036 3794 4042 5912 5910 5513 4764 5514 6086
2790 11 2 1 100 1234 1235 1236 3886 2860 2865 2864 5870 5504 5177
2791 11 2 1 100 3841 4047 3938 4091 5355 4995 5225 5637 5639 6087
2792 11 2 1 100 1525 3894 1029 4031 6088 5522 1870 6089 5524 4977
2793 11 2 1 100 3812 3834 3927 4104 5192 4391 4297 6090 4457 4564
2794 11 2 1 100 3818 3953 1502 4079 5139 5272 5283 5892 6091 6092
2795 11 2 1 100 3813 3922 3839 4010 5111 5110 5109 6093 6094 6095
2796 11 2 1 100 1156 1361 1362 3942 2490 2493 2492 4363 5781 4832
2797 11 2 1 100 1177 1391 3893 4005 2534 5574 5440 5788 5783 6096
2798 11 2 1 100 1408 3920 3831 4035 5590 4276 5589 6097 4449 5383
2799 11 2 1 100 3813 3905 3839 3937 4367 5846 5109 5112 5114 5933
2800 11 2 1 100 1416 3871 1340 4096 5604 4841 2472 5934 6098 5935
2801 11 2 1 100 1216 3950 3892 3976 6099 4856 6100 6101 4406 6102
2802 11 2 1 100 3816 3986 1531 4030 6103 6104 5931 5918 6105 6106
2803 11 2 1 100 3389 23 3378 3949 4601 4932 3404 6107 5233 5108
2804 11 2 1 100 1351 3856 3899 4049 5237 5551 5550 6108 5310 6109
2805 11 2 1 100 3813 3905 3842 3979 4367 4368 4302 4931 4737 6110
2806 11 2 1 100 1331 1531 3816 3996 3065 5931 5916 5914 5915 5932
2807 11 2 1 100 1167 3913 1386 3950 4159 6111 2546 4115 6112 4160
2808 11 2 1 100 1149 3849 1410 3947 6113 5017 2458 5378 5038 5039
2809 11 2 1 100 1332 1212 1214 3917 2765 2763 2766 5837 4531 5890
2810 11 2 1 100 1441 1014 1290 3998 1724 1790 1791 4345 5267 4563
2811 11 2 1 100 1070 3927 1378 3932 5541 4417 2063 5542 4419 4421
2812 11 2 1 100 1359 1381 3973 4101 3148 5668 6114 6115 5778 5777
2813 11 2 1 100 242 3833 1441 3944 5157 4344 1720 5158 4820 4317
2814 11 2 1 100 1356 1324 3842 3905 2981 6116 5972 6117 4368 6118
2815 11 2 1 100 3797 3919 3818 3952 5100 5013 5247 6119 4966 6120
2816 11 2 1 100 3796 3818 3919 3952 4964 5013 5345 4965 6120 4966
2817 11 2 1 100 1392 1375 3984 4063 2239 5579 6121 4322 5578 4181
2818 11 2 1 100 3844 3787 3970 4023 5147 5130 5800 4245 6122 4678
2819 11 2 1 100 3827 3913 3838 4022 5409 4158 5022 5463 4328 4455
2820 11 2 1 100 3856 3829 4088 4104 6123 6124 6125 6126 6127 4689
2821 11 2 1 100 3837 3996 4030 4082 6067 5919 6128 6009 6129 6068
2822 11 2 1 100 1324 3931 3842 3979 6130 4693 6116 6131 4737 5419
2823 11 2 1 100 3841 3908 3811 3959 4582 4256 4580 5823 4365 6132
2824 11 2 1 100 1116 1183 3979 4052 2293 6133 6003 6006 5455 6134
2825 11 2 1 100 3818 3797 3952 4016 5247 6119 4966 5220 6135 5996
2826 11 2 1 100 1396 1339 3887 3943 2648 4223 6136 6137 4499 5006
2827 11 2 1 100 3882 4048 3855 4099 5434 5880 6138 5436 6139 5426
2828 11 2 1 100 3845 3972 3848 4044 5615 5675 5815 5817 5816 6140
2829 11 2 1 100 1090 3902 3839 4093 6141 4862 6142 6143 6144 6145
2830 11 2 1 100 3970 3975 3844 4023 6051 4331 5800 6122 4245 6146
2831 11 2 1 100 3835 3890 1357 4011 5000 4999 5001 6147 6148 6149
2832 11 2 1 100 3183 3177 20 4070 3213 3205 3214 6150 5900 4504
2833 11 2 1 100 3804 3893 3823 4087 5782 4122 4704 5628 6151 5719
2834 11 2 1 100 3801 3898 3840 3940 5546 4982 4351 4353 4292 4986
2835 11 2 1 100 3797 3906 3829 4034 6152 6153 6154 6155 6156 6157
2836 11 2 1 100 1364 1518 1367 3942 3154 1846 3159 5798 5491 4541
2837 11 2 1 100 1408 1148 3920 4035 2451 4487 5590 6097 5383 5382
2838 11 2 1 100 3822 3958 1419 4061 4937 4938 4934 5256 6158 5462
2839 11 2 1 100 3808 3960 3877 4089 6159 5101 6160 6070 5794 5793
2840 11 2 1 100 1076 3906 3867 4069 5953 5954 5952 6161 6162 6163
2841 11 2 1 100 1224 1223 3921 3972 2811 5618 5521 5674 4752 6164
2842 11 2 1 100 3816 4030 3996 4082 5918 5919 5915 6165 6068 6129
2843 11 2 1 100 1155 1174 1404 3911 2485 2488 2487 4894 4522 4523
2844 11 2 1 100 3889 4004 3987 4090 5183 5769 6043 6166 6035 6036
2845 11 2 1 100 1327 1190 3991 4057 2579 5738 6167 6168 5739 5583
2846 11 2 1 100 1509 3953 3878 3993 6169 5140 6170 6171 5750 5752
2847 11 2 1 100 3901 3910 3809 4080 4151 4624 4274 6172 5632 6029
2848 11 2 1 100 1276 3827 1481 3964 5656 5635 3035 5653 5636 5124
2849 11 2 1 100 1424 3862 1172 3977 6173 5976 2570 6174 6175 6176
2850 11 2 1 100 1025 3177 1448 3912 5059 5835 1625 5060 5544 4566
2851 11 2 1 100 3833 3944 3885 4062 4317 4230 4743 5375 5029 6058
2852 11 2 1 100 1376 1377 1150 3847 2463 2462 2460 5163 5810 5302
2853 11 2 1 100 1386 1167 1175 3913 2546 2547 2549 6111 5533 4159
2854 11 2 1 100 3894 4031 1525 4108 4977 6089 6088 6177 6178 6179
2855 11 2 1 100 1143 3887 1178 3965 4500 6180 2191 5295 6181 5296
2856 11 2 1 100 3797 3829 3906 4017 6154 6153 6152 6182 6183 4688
2857 11 2 1 100 1399 1100 3840 3990 2034 5644 5175 5981 4949 5895
2858 11 2 1 100 3829 4017 3797 4034 4688 6182 6154 6156 6155 6184
2859 11 2 1 100 3839 3902 1090 3984 4862 6141 6142 6185 6186 6187
2860 11 2 1 100 1388 3847 3920 3966 5812 5008 6188 5819 4874 5820
2861 11 2 1 100 1331 3816 1531 4030 5916 5931 3065 5917 6105 5918
2862 11 2 1 100 3843 3922 3813 4003 5042 5111 5135 5311 6189 5673
2863 11 2 1 100 3855 3891 1283 4109 6190 6191 6192 6193 6194 6195
2864 11 2 1 100 1050 3863 1297 4043 4432 4747 1963 5988 6196 5989
2865 11 2 1 100 3791 3834 3933 4104 4393 5194 6197 4456 6198 4564
2866 11 2 1 100 1333 1127 1125 3917 2337 2328 2338 5421 4250 5055
2867 11 2 1 100 3833 3885 1503 3983 4743 5610 5609 6199 6200 5562
2868 11 2 1 100 3841 3863 4047 4091 5970 5692 5355 5637 6087 4780
2869 11 2 1 100 3801 3981 3886 4037 5547 5178 6201 6202 5182 5181
2870 11 2 1 100 3812 3933 3834 4104 5193 5194 5192 6090 4564 6198
2871 11 2 1 100 1222 3921 1223 3972 4473 5618 2806 4753 6164 4752
2872 11 2 1 100 1059 3883 1399 4110 5830 5174 2008 6203 5298 5300
2873 11 2 1 100 1433 1399 3939 3990 2213 5176 6204 6205 5690 5981
2874 11 2 1 100 3840 3958 1064 4110 5461 6206 5643 5299 6207 6208
2875 11 2 1 100 1502 3983 3818 4079 5658 5526 5283 6091 5892 6209
2876 11 2 1 100 1424 3915 3862 3977 6210 6211 6173 6174 6176 5705
2877 11 2 1 100 1390 1447 1103 3978 2226 2225 2094 6212 6213 5510
2878 11 2 1 100 1209 1483 1276 3913 2753 2752 2751 5624 5652 5410
2879 11 2 1 100 3841 3788 4047 4099 4757 4994 5355 5443 5427 5445
2880 11 2 1 100 1392 1375 1105 3984 2239 2238 2149 6121 6214 5579
2881 11 2 1 100 1374 4010 4003 4052 6215 6216 6217 6218 6219 6007
2882 11 2 1 100 1150 3847 1141 4007 5810 5811 2417 6220 6221 6222
2883 11 2 1 100 3804 3992 3971 4005 5351 5153 5350 4705 5563 5565
2884 11 2 1 100 1276 1493 3836 3964 3036 6223 5650 5653 5655 6224
2885 11 2 1 100 3811 3826 3929 3945 4253 4261 4259 4885 4886 6225
2886 11 2 1 100 3805 3845 3936 4044 5116 4811 5117 6226 6227 5817
2887 11 2 1 100 3801 3898 3940 4106 5546 4986 4353 6228 5587 5586
2888 11 2 1 100 1094 1096 1092 3828 2173 2172 2170 5828 4613 5829
2889 11 2 1 100 1293 3854 1425 4028 6022 5693 2884 6229 5631 5947
2890 11 2 1 100 3996 4048 3816 4082 6066 6230 5915 6068 6165 6069
2891 11 2 1 100 3787 3858 3844 4066 4442 4244 5147 6064 5803 6231
2892 11 2 1 100 896 883 901 4031 993 954 1003 4976 4978 6232
2893 11 2 1 100 3805 4004 3910 4080 5597 4629 4150 6233 6029 6030
2894 11 2 1 100 1187 1165 1339 3943 2538 2527 2539 6234 5006 5279
2895 11 2 1 100 1307 1035 1506 3844 1665 1898 1897 4330 5978 6235
2896 11 2 1 100 3794 3849 3881 4042 6236 5015 5488 5514 5515 4463
2897 11 2 1 100 1392 3984 1105 4063 6121 6214 2149 4322 6237 5578
2898 11 2 1 100 1377 1388 3847 3920 2464 5812 5302 6238 5008 6188
2899 11 2 1 100 1408 1407 1268 3920 2454 2996 3005 5590 4277 6239
2900 11 2 1 100 3884 3975 3852 4023 4806 4804 4801 6240 4679 6146
2901 11 2 1 100 3872 3905 3839 4093 5847 5846 4860 6241 6144 6242
2902 11 2 1 100 1101 1378 1070 3927 2064 2063 2052 4451 5541 4417
2903 11 2 1 100 3789 3936 3845 4044 6243 4811 5963 5964 5817 6227
2904 11 2 1 100 1083 1088 3902 4063 2125 6062 5960 5958 5959 6244
2905 11 2 1 100 3460 3904 3880 3957 6245 6246 6247 6248 6249 6250
2906 11 2 1 100 3880 3904 3573 3957 6246 6251 6252 6249 6253 6250
2907 11 2 1 100 3900 4077 3830 4103 4859 4551 4858 6254 6255 6256
2908 11 2 1 100 3888 4013 15 4056 5716 5717 5715 6257 6258 6259
2909 11 2 1 100 1085 1071 1073 3829 2067 2065 2068 5459 5869 4836
2910 11 2 1 100 3182 21 3178 3997 3220 3216 3221 6260 6261 5858
2911 11 2 1 100 3796 3873 3831 3920 5626 4429 6262 5007 4276 4216
2912 11 2 1 100 3788 3924 3855 4099 4759 4404 5127 5445 6139 5444
2913 11 2 1 100 3855 3924 3811 4099 4404 4793 5367 6139 5442 5444
2914 11 2 1 100 1158 1411 1369 3830 2503 2502 2424 6263 6264 6265
2915 11 2 1 100 1341 1071 3899 3927 2058 5306 5774 5775 4954 4837
2916 11 2 1 100 23 301 24 3949 5107 303 291 5108 5406 4648
2917 11 2 1 100 1270 1408 1268 3831 3006 3005 3003 4447 4126 5589
2918 11 2 1 100 1114 3984 3922 4010 6266 6267 6268 6269 6095 6270
2919 11 2 1 100 3882 3959 3863 4099 4422 4435 4527 5436 5857 6271
2920 11 2 1 100 1165 3943 1187 4054 5279 6234 2538 5047 6272 5280
2921 11 2 1 100 1120 1384 1179 3941 2259 2314 2313 4373 6273 4374
2922 11 2 1 100 1173 1154 1190 3911 2481 2483 2482 5766 5581 5856
2923 11 2 1 100 1351 1248 3856 4049 2927 6274 5237 6108 6109 6275
2924 11 2 1 100 1030 3844 231 3975 5538 4890 1661 5348 4891 4331
2925 11 2 1 100 1368 1118 1366 3942 2254 2302 2304 5556 6276 4596
2926 11 2 1 100 1090 1106 1330 3839 2160 2163 2162 6142 6277 6278
2927 11 2 1 100 3824 3897 3936 4080 4205 5260 4547 6279 6280 6281
2928 11 2 1 100 3997 4029 3891 4053 6282 6283 6284 6285 6286 6287
2929 11 2 1 100 3804 3992 3893 4087 5351 4238 5782 5628 5719 5453
2930 11 2 1 100 3817 3791 3933 4042 4763 6197 6288 4764 6289 4462
2931 11 2 1 100 1349 1350 4011 4094 2507 6290 5240 5275 5277 6291
2932 11 2 1 100 3819 3864 3837 4002 4681 4697 4696 4833 5243 4981
2933 11 2 1 100 1356 3905 3842 3969 6117 4368 5972 6000 5458 6292
2934 11 2 1 100 19 3896 3188 4026 4132 6293 3207 4700 6294 4701
2935 11 2 1 100 1045 3923 3997 4043 6295 5859 6296 6297 6298 6299
2936 11 2 1 100 1114 1106 3984 4010 2240 6300 6266 6269 6270 6301
2937 11 2 1 100 1099 1384 1109 3895 2208 2207 2206 5405 6302 4372
2938 11 2 1 100 1045 3923 1522 3997 6295 6303 1786 6296 6304 5859
2939 11 2 1 100 3790 4014 3935 4076 4666 4272 4664 6305 5809 5138
2940 11 2 1 100 1122 3825 1123 4015 4838 4632 2316 5154 4633 4318
2941 11 2 1 100 1145 1199 3956 3989 2437 5322 6306 5190 5323 4775
2942 11 2 1 100 1513 3850 1368 3961 6307 5554 2273 6308 6033 4201
2943 11 2 1 100 1490 1244 3913 3950 2911 6309 5913 5051 4160 6310
2944 11 2 1 100 1149 3849 3947 4035 6113 5039 5378 5379 4721 4927
2945 11 2 1 100 1357 1350 1159 3835 2509 2508 2384 5001 6311 6312
2946 11 2 1 100 230 1046 3975 3994 1648 6313 4155 5376 5665 6314
2947 11 2 1 100 1146 1167 1147 3875 2441 2440 2353 5374 6315 4112
2948 11 2 1 100 3833 3797 3876 3998 5099 5098 4561 4173 4496 6316
2949 11 2 1 100 3831 3919 3796 3920 4942 5345 6262 4276 5007 5346
2950 11 2 1 100 649 3879 3903 3955 6317 6318 6319 6320 6321 6322
2951 11 2 1 100 480 3903 3879 3955 6323 6318 6324 6325 6322 6321
2952 11 2 1 100 3913 3964 3836 4102 5654 5655 5651 5492 6326 5733
2953 11 2 1 100 1435 3854 3907 4037 5906 5905 5904 6327 6328 6329
2954 11 2 1 100 1122 1120 1179 3941 2311 2313 2312 4840 6273 4373
2955 11 2 1 100 3844 3975 3884 4023 4331 4806 5539 4245 6240 6146
2956 11 2 1 100 3804 3823 3935 4087 4704 4267 4871 5628 6330 6151
2957 11 2 1 100 3838 3875 3874 4022 4113 4283 5946 4328 4653 4326
2958 11 2 1 100 1137 3873 1148 4035 4409 4513 2397 6331 5382 4720
2959 11 2 1 100 1509 3845 3953 3993 6332 5748 6169 6171 5752 5751
2960 11 2 1 100 3843 3954 3851 3971 4770 5396 6333 4845 5398 4846
2961 11 2 1 100 1302 3938 1304 3961 5171 6334 3089 5172 6335 4991
2962 11 2 1 100 3172 3814 4038 4070 4877 5439 5770 4878 6336 4879
2963 11 2 1 100 3794 3881 3849 3974 5488 5015 6236 5024 5018 5020
2964 11 2 1 100 3389 3570 23 3949 5922 5920 4601 6107 5108 6337
2965 11 2 1 100 1446 3886 1445 3907 4312 6338 1802 4265 6339 4313
2966 11 2 1 100 1157 3861 1158 4007 4914 6340 2423 6341 6342 6343
2967 11 2 1 100 1233 1235 1234 4083 2861 2860 2857 5865 5871 5566
2968 11 2 1 100 3842 3905 1324 3979 4368 6118 6116 4737 6131 6110
2969 11 2 1 100 1132 3934 3890 3947 6344 6345 5105 5106 5003 6346
2970 11 2 1 100 3847 3966 1141 4007 5820 5821 5811 6222 6221 6347
2971 11 2 1 100 3791 3817 3933 4062 4763 6288 6197 5027 6348 5028
2972 11 2 1 100 1415 3962 1411 4086 5874 6349 2504 5875 6350 5876
2973 11 2 1 100 1503 242 1036 3885 1723 1728 1731 5610 4684 5156
2974 11 2 1 100 3789 3952 3847 4103 6351 4967 5226 6352 6042 6041
2975 11 2 1 100 1238 3939 3854 4037 5695 4703 5694 6353 6329 6354
2976 11 2 1 100 1235 3981 3990 4037 5179 6355 6356 5180 6357 5181
2977 11 2 1 100 1304 1520 1302 3961 3092 3091 3089 6335 5172 5408
2978 11 2 1 100 1345 1417 1084 4006 2131 2130 2109 5052 6358 5991
2979 11 2 1 100 1150 1377 1388 3847 2462 2464 2419 5810 5812 5302
2980 11 2 1 100 3820 3868 3846 4057 4444 4461 4460 5649 5584 6359
2981 11 2 1 100 3793 3936 3897 4080 5033 5260 6017 5662 6281 6280
2982 11 2 1 100 111 9 8 3951 5255 104 113 4799 5377 5217
2983 11 2 1 100 3803 3975 3888 3994 4156 6360 6361 4903 5713 5665
2984 11 2 1 100 3841 3863 3959 4099 5970 4435 5823 5443 6271 5857
2985 11 2 1 100 1230 3869 1442 3998 6362 4169 2848 6363 4172 4174
2986 11 2 1 100 3794 3849 3947 3974 6236 5039 6364 5024 5040 5018
2987 11 2 1 100 3805 3910 3901 4080 4150 4151 4143 6233 6172 6029
2988 11 2 1 100 1106 3839 1090 3984 6278 6142 2160 6300 6186 6185
2989 11 2 1 100 3913 3836 4022 4102 5651 6365 4455 5492 5464 6326
2990 11 2 1 100 1047 4029 3997 4053 6366 6282 6367 6368 6285 6287
2991 11 2 1 100 3823 3887 3935 4087 4225 4755 4267 6151 6330 6369
2992 11 2 1 100 1126 1125 3874 4100 2330 4282 6370 6371 5168 5167
2993 11 2 1 100 1359 1381 1419 3973 3148 3150 3149 6114 5669 5668
2994 11 2 1 100 10 3866 11 3955 5391 4910 110 4486 4587 6023
2995 11 2 1 100 3794 3881 3827 4036 5488 5487 5023 5910 5508 5911
2996 11 2 1 100 3826 3883 3795 3929 4162 4957 4252 4261 4260 4139
2997 11 2 1 100 3837 3788 4048 4082 4695 5878 5879 6009 6069 4191
2998 11 2 1 100 3800 3917 3837 3976 5103 4530 5089 5104 4427 4533
2999 11 2 1 100 3798 3905 3872 4051 4369 5847 5844 6372 6373 6374
3000 11 2 1 100 477 409 9 3951 6048 4607 6047 6375 5217 6073
3001 11 2 1 100 1090 3839 1330 4093 6142 6277 2162 6143 6376 6144
3002 11 2 1 100 3791 3834 4017 4062 4393 4394 4395 5027 6377 6378
3003 11 2 1 100 1350 3835 1357 4011 6312 5001 2509 6290 6148 6147
3004 11 2 1 100 3796 3952 3861 4103 4965 5944 5941 6040 6379 6041
3005 11 2 1 100 1194 3931 1324 3979 6380 6130 2298 6381 6131 5419
3006 11 2 1 100 1283 3855 1487 3891 6192 6382 3057 6191 6383 6190
3007 11 2 1 100 1363 1517 1449 3896 3072 1944 3156 4342 4512 6384
3008 11 2 1 100 3800 3875 3825 3917 5271 4246 5196 5103 4249 4251
3009 11 2 1 100 26 3860 25 3957 5370 4728 299 4544 4610 6019
3010 11 2 1 100 3844 1506 3960 3985 5978 5979 4329 4243 6385 6386
3011 11 2 1 100 1047 3891 4029 4053 6387 6283 6366 6368 6287 6286
3012 11 2 1 100 3829 3899 3927 4104 5307 4954 4687 4689 4457 6388
3013 11 2 1 100 3882 4029 3855 4048 6389 6390 6138 5434 5880 6391
3014 11 2 1 100 1335 1334 1211 3846 2664 2269 2761 6392 6049 5356
3015 11 2 1 100 1262 1396 1339 3887 2709 2648 2983 4631 4223 6136
3016 11 2 1 100 239 3845 238 4021 6393 5660 263 6394 6395 6396
3017 11 2 1 100 1325 3842 1324 3931 6397 6116 2684 6398 6130 4693
3018 11 2 1 100 3836 3964 3945 4028 5655 5785 4538 6399 5965 5967
3019 11 2 1 100 3802 4029 3882 4048 6400 6389 5435 5424 5434 6391
3020 11 2 1 100 1311 3815 3931 4075 6401 6402 6403 6404 6405 6406
3021 11 2 1 100 1465 1030 1426 3884 1875 1872 1876 5902 4802 5347
3022 11 2 1 100 1404 1397 3832 4054 2706 5527 4821 6407 6408 6409
3023 11 2 1 100 1331 1285 1531 3996 2796 3066 3065 5914 5932 5884
3024 11 2 1 100 1056 3908 1058 3946 5304 5314 1990 5212 5316 5305
3025 11 2 1 100 3852 3975 3970 4023 4804 6051 5132 4679 6122 6146
3026 11 2 1 100 1195 4045 1208 4078 4588 4197 2686 6410 6411 6412
3027 11 2 1 100 1335 3846 1211 4095 6392 6049 2761 6413 5701 6050
3028 11 2 1 100 885 900 1523 3994 942 6414 5318 5320 5289 6415
3029 11 2 1 100 1490 1276 1493 3836 2912 3036 1827 5050 6223 5650
3030 11 2 1 100 1315 1316 1020 4003 1819 1818 1676 5897 5312 6416
3031 11 2 1 100 3806 3912 1367 3961 4567 5833 5490 4997 5511 5188
3032 11 2 1 100 1158 1411 3830 4086 2503 6265 6263 6417 6418 6350
3033 11 2 1 100 1489 3892 1216 3950 6419 6100 2783 6420 6099 4856
3034 11 2 1 100 1112 3850 1513 3946 6421 6307 2272 6422 6423 5677
3035 11 2 1 100 1478 3892 3855 4109 6424 4405 6425 6426 6193 6427
3036 11 2 1 100 1306 3888 3975 3994 6428 6360 6429 6430 5665 5713
3037 11 2 1 100 3810 3936 3845 4071 4810 4811 4809 5697 6431 5689
3038 11 2 1 100 3845 3936 3789 4071 4811 6243 5963 6431 5228 5689
3039 11 2 1 100 1408 3831 1270 4035 5589 4447 3006 6097 4385 4449
3040 11 2 1 100 1064 1399 1100 3840 2019 2034 2033 5643 5644 5175
3041 11 2 1 100 1420 1409 1270 4035 3016 3015 3012 6432 4385 6433
3042 11 2 1 100 3835 3873 4042 4088 5432 4534 5718 6434 4464 4430
3043 11 2 1 100 1302 1301 3814 4038 1860 5493 5169 5437 5439 6435
3044 11 2 1 100 3388 3383 3378 3949 3422 3432 3405 6436 5233 6437
3045 11 2 1 100 1285 3816 3996 4024 5930 5915 5884 5887 5889 6438
3046 11 2 1 100 1404 3832 3977 4054 4821 4822 4526 6407 6439 6408
3047 11 2 1 100 1357 1159 1134 3835 2384 2383 2372 5001 4347 6311
3048 11 2 1 100 3793 3935 3887 4087 4953 4755 6008 5764 6369 6330
3049 11 2 1 100 3883 3908 3795 3946 4402 4255 4957 5317 5676 5305
3050 11 2 1 100 3822 3958 3840 4111 4937 5461 4984 6077 4384 6440
3051 11 2 1 100 1268 1266 1267 4001 2993 2989 2994 4127 4554 6441
3052 11 2 1 100 1126 1125 1124 3874 2330 2326 2331 6370 4350 4282
3053 11 2 1 100 3798 3911 3832 4008 5998 4773 6442 6443 6444 6445
3054 11 2 1 100 3883 3946 3795 3999 5317 5676 4957 5402 6446 5403
3055 11 2 1 100 1055 1110 1057 3908 1988 1987 1986 5956 4751 4401
3056 11 2 1 100 1330 4010 3905 4093 6447 6448 6449 6376 6242 6450
3057 11 2 1 100 1441 242 241 3833 1720 266 1721 4344 4921 5157
3058 11 2 1 100 1272 1507 1208 3993 2748 2747 2687 4214 4194 6451
3059 11 2 1 100 3182 3195 1522 3997 3277 6452 6453 6260 6304 6454
3060 11 2 1 100 3787 4033 3858 4066 4781 4782 4442 6064 6231 6455
3061 11 2 1 100 1272 3992 1507 3993 4239 6456 2748 4214 6451 4240
3062 11 2 1 100 1420 1250 1410 4085 2934 2931 2935 6457 5529 5641
3063 11 2 1 100 3814 3961 3806 4047 5173 4997 6458 6459 5980 4996
3064 11 2 1 100 3855 3996 3837 4048 6460 6067 4425 5880 5879 6066
3065 11 2 1 100 3806 3814 4047 4070 6458 6459 5980 4506 6461 4879
3066 11 2 1 100 1167 1147 3875 4068 2440 6315 4112 5866 5868 6462
3067 11 2 1 100 1158 3830 1369 4007 6263 6264 2424 6342 6463 6464
3068 11 2 1 100 1101 1462 1461 3834 2217 2219 2216 4450 4690 6465
3069 11 2 1 100 3922 4003 1374 4010 5673 6217 6466 6095 6215 6216
3070 11 2 1 100 3831 3873 3796 4088 4429 5626 6262 4379 6467 4430
3071 11 2 1 100 1067 1068 1069 3927 2040 2046 2045 4296 5134 4634
3072 11 2 1 100 3952 4077 3861 4103 6468 6469 5944 6041 6379 6256
3073 11 2 1 100 1483 1481 1276 3827 1812 3035 2752 5411 5656 5635
3074 11 2 1 100 8 399 646 3951 4789 5073 5987 5377 6470 5219
3075 11 2 1 100 3849 3947 3835 4042 5039 4346 5433 4463 5718 6471
3076 11 2 1 100 1500 1036 1353 3885 1902 1737 1903 5826 4280 4684
3077 11 2 1 100 3889 3992 3804 4004 5448 5351 6472 5183 4872 5449
3078 11 2 1 100 243 1036 242 3944 1729 1728 267 4229 5158 5208
3079 11 2 1 100 1401 1429 1425 4028 3169 3075 2263 5629 5631 6473
3080 11 2 1 100 1252 3915 1251 4040 5853 5704 2901 6474 5707 5709
3081 11 2 1 100 1420 1410 3849 4085 2935 5017 6475 6457 4928 5529
3082 11 2 1 100 645 808 803 3955 6476 858 5081 5664 4484 6477
3083 11 2 1 100 3813 4010 3979 4052 6093 6004 4931 6478 5455 6007
3084 11 2 1 100 1462 1233 1461 3834 2863 2853 2219 6465 4690 6479
3085 11 2 1 100 3830 3918 3871 4096 5686 6480 5031 6481 5935 6482
3086 11 2 1 100 1197 1260 1403 3865 2697 2699 2696 5325 4973 6018
3087 11 2 1 100 1089 1083 1088 4081 2127 2125 2128 6483 6063 5961
3088 11 2 1 100 1477 1320 1511 3948 3113 3107 2598 5831 5248 5380
3089 11 2 1 100 1420 3849 1409 4035 6475 6484 3016 6432 6433 4927
3090 11 2 1 100 1349 1351 1248 3856 2928 2927 2924 5238 6274 5237
3091 11 2 1 100 1150 3918 3847 4007 5848 5849 5810 6220 6222 6485
3092 11 2 1 100 1338 3865 1260 3971 4850 6018 2976 4851 6486 4852
3093 11 2 1 100 1382 1169 1146 3838 2444 2443 2359 6487 5265 5540
3094 11 2 1 100 3813 3884 3843 4003 5467 4767 5135 6189 5311 5313
3095 11 2 1 100 1090 3902 1087 3984 6141 6488 2146 6186 6489 6187
3096 11 2 1 100 1404 1397 1199 3832 2706 2705 2489 4821 4774 5527
3097 11 2 1 100 1159 3835 1350 4094 6311 6312 2508 6490 6291 4348
3098 11 2 1 100 1103 3867 3921 4041 5951 4574 6491 6492 6493 6494
3099 11 2 1 100 404 406 399 646 445 435 454 6495 5073 5072
3100 11 2 1 100 1054 3908 3841 3959 5572 4582 5571 5822 5823 6132
3101 11 2 1 100 3851 3971 1342 4005 5398 5373 5397 4589 6496 5563
3102 11 2 1 100 1487 3855 1283 4109 6382 6192 3057 6497 6194 6193
3103 11 2 1 100 1233 3834 3981 4083 6479 5253 5864 5865 5568 4817
3104 11 2 1 100 1518 1449 1025 3806 1847 1622 1845 4540 5058 4510
3105 11 2 1 100 301 3440 3450 3860 6498 3480 5215 4647 5214 6499
3106 11 2 1 100 1214 3837 1220 4002 4529 6500 2774 5242 6501 5243
3107 11 2 1 100 1211 3846 1334 3969 6049 5356 2269 5698 5094 5358
3108 11 2 1 100 3865 3910 1204 3987 4625 6502 6503 5602 6504 5603
3109 11 2 1 100 1158 4007 3861 4086 6342 6343 6340 6417 6505 6506
3110 11 2 1 100 1233 3834 1462 3981 6479 6465 2863 5864 6507 5253
3111 11 2 1 100 1487 3891 3855 4029 6383 6190 6382 6508 6390 6283
3112 11 2 1 100 1217 1220 1214 3837 2775 2774 2772 6509 4529 6500
3113 11 2 1 100 3666 3569 3670 3957 5084 6510 3721 4545 6511 5711
3114 11 2 1 100 3172 4038 3187 4070 5770 5842 3280 4878 6512 6336
3115 11 2 1 100 1252 3858 3915 4040 5851 4732 5853 6474 5709 5064
3116 11 2 1 100 1382 3934 3838 4100 6513 6514 6487 6515 5077 6516
3117 11 2 1 100 3674 3666 3569 3670 3691 5084 5087 3705 6510 3721
3118 11 2 1 100 3820 3911 3832 3977 5648 4773 6517 5647 4822 4525
3119 11 2 1 100 3819 3800 3924 4055 5090 5091 5088 5360 5499 5773
3120 11 2 1 100 3558 3916 3574 3928 5726 6518 3657 5720 6519 5727
3121 11 2 1 100 3445 3461 3916 3928 3545 6520 6521 6522 5727 6523
3122 11 2 1 100 1051 3959 1295 4059 5431 4354 1881 6524 5268 5270
3123 11 2 1 100 3832 4014 3956 4060 6525 4881 5321 6526 4882 4884
3124 11 2 1 100 1092 3828 1096 4081 4613 5829 2172 4516 6527 4614
3125 11 2 1 100 1311 3815 4075 4092 6401 6406 6404 6528 6529 6530
3126 11 2 1 100 3847 3920 3818 4001 5008 5009 4963 5162 5142 4278
3127 11 2 1 100 1035 231 232 3844 1662 256 1663 6235 5593 4890
3128 11 2 1 100 810 803 645 808 839 5081 5082 849 6476 858
3129 11 2 1 100 1327 1173 1190 4057 2578 2482 2579 6168 5583 5767
3130 11 2 1 100 1319 3954 3851 4000 6531 5396 5622 5623 5250 6532
3131 11 2 1 100 3822 1419 3973 4061 4934 5669 5670 5256 5344 6158
3132 11 2 1 100 247 1021 1493 3836 1758 1761 1753 5760 6223 4536
3133 11 2 1 100 3819 3837 3917 4002 4696 4530 5102 4833 5244 5243
3134 11 2 1 100 1103 3867 1428 3921 5951 4575 2228 6491 4573 4574
3135 11 2 1 100 3797 3869 3833 4017 6533 4170 5099 6182 6534 6535
3136 11 2 1 100 1100 3981 3898 3990 6536 4637 5645 5895 5896 6355
3137 11 2 1 100 1070 1378 1072 3932 2063 2062 2061 5542 4816 4419
3138 11 2 1 100 886 15 3888 3994 920 5715 6537 6538 5713 5714
3139 11 2 1 100 1220 3837 1217 4030 6500 6509 2775 6539 6540 6128
3140 11 2 1 100 1405 1131 3947 3974 2367 6541 5680 5681 5040 6542
3141 11 2 1 100 1330 1115 3905 4010 2244 6543 6449 6447 6448 6544
3142 11 2 1 100 1404 3977 1256 4054 4526 6545 2962 6407 6546 6439
3143 11 2 1 100 1087 3984 3902 4063 6489 6187 6488 6547 5959 5578
3144 11 2 1 100 1382 3838 3934 3974 6487 6514 6513 6548 6549 5026
3145 11 2 1 100 3842 3925 3846 4050 6550 6052 4979 5075 5789 6551
3146 11 2 1 100 3814 4032 4020 4047 4876 4926 4925 6459 6552 6553
3147 11 2 1 100 1267 1269 1268 3983 2999 2998 2994 4553 4124 5561
3148 11 2 1 100 3813 4003 4010 4052 6189 6216 6093 6478 6007 6219
3149 11 2 1 100 1072 1102 1074 3932 2073 2072 2071 4816 6554 6555
3150 11 2 1 100 1102 3906 1074 3932 6556 6557 2072 6555 6554 6558
3151 11 2 1 100 3788 4048 4047 4099 5878 5423 4994 5445 5427 5426
3152 11 2 1 100 1319 1342 3851 3954 1837 5397 5622 6531 5396 5372
3153 11 2 1 100 3446 3880 3460 3904 6559 6247 3546 6560 6245 6246
3154 11 2 1 100 3573 3880 3559 3904 6252 6561 3660 6251 6562 6246
3155 11 2 1 100 3934 3947 1131 3974 6346 6541 6563 6549 6542 5040
3156 11 2 1 100 3841 4047 3863 4099 5355 5692 5970 5443 5857 5427
3157 11 2 1 100 3856 3899 3829 4104 5551 5307 6123 6126 4689 6388
3158 11 2 1 100 1529 1047 3891 4029 1952 6387 6564 6565 6283 6366
3159 11 2 1 100 1104 3921 3901 4041 6566 4148 6567 6568 4301 6493
3160 11 2 1 100 3858 3960 1274 3985 6569 6570 6571 4208 6572 6385
3161 11 2 1 100 1314 1054 3841 4091 1982 5571 5293 5671 5637 5824
3162 11 2 1 100 3805 3972 3845 4044 5261 5615 5116 6226 5817 6140
3163 11 2 1 100 3797 3821 3906 4034 6573 6574 6152 6155 6157 6037
3164 11 2 1 100 1427 3901 1104 3921 5145 6567 2232 5146 6566 4148
3165 11 2 1 100 3861 3952 3821 4077 5944 5943 5940 6469 6575 6468
3166 11 2 1 100 3806 4047 3859 4070 5980 6576 6577 4506 4897 6461
3167 11 2 1 100 3839 3984 1106 4010 6185 6300 6278 6094 6301 6270
3168 11 2 1 100 1525 1029 3894 4108 1870 5522 6088 6178 6177 6578
3169 11 2 1 100 3800 3892 3836 3950 4919 4437 5044 6579 4857 4856
3170 11 2 1 100 1462 3834 1101 3981 6465 4450 2217 6507 4900 5253
3171 11 2 1 100 3820 1182 4040 4057 5729 6580 5065 5649 6581 5731
3172 11 2 1 100 1085 3829 1073 4025 5459 5869 2068 6582 6074 5559
3173 11 2 1 100 1381 3941 3822 4101 4960 4959 4935 5777 5776 6583
3174 11 2 1 100 1213 3976 1214 4068 6584 4532 2764 6585 4655 4657
3175 11 2 1 100 1122 1121 1120 4015 2310 2306 2311 5154 5155 6586
3176 11 2 1 100 3872 4051 3905 4093 6373 6374 5847 6241 6242 6587
3177 11 2 1 100 1214 1215 3837 3976 2767 6588 4529 4532 4427 6589
3178 11 2 1 100 3183 3912 3177 4070 5836 4566 3213 6150 4504 4568
3179 11 2 1 100 649 3879 635 3903 6317 6590 736 6319 6591 6318
3180 11 2 1 100 480 466 3879 3903 566 6592 6324 6323 6318 6593
3181 11 2 1 100 236 3889 237 3992 6044 6594 261 5151 6595 5448
3182 11 2 1 100 1417 3900 1084 4006 4640 6596 2130 5991 6358 5053
3183 11 2 1 100 3812 3835 4011 4106 6597 6147 4479 6598 6599 6600
3184 11 2 1 100 1509 3878 1281 3993 6170 6601 3052 6171 6602 5750
3185 11 2 1 100 1311 3815 1313 3931 6401 6603 1848 6403 6604 6402
3186 11 2 1 100 1134 3835 1159 4094 4347 6311 2383 4334 6490 4348
3187 11 2 1 100 1091 3872 3902 4093 4514 4619 4618 6605 6145 6241
3188 11 2 1 100 1330 3839 4010 4093 6277 6094 6447 6376 6450 6144
3189 11 2 1 100 1143 1200 1178 3887 2426 2425 2191 4500 6180 5010
3190 11 2 1 100 1411 1369 3830 4096 2502 6264 6265 6606 6481 6607
3191 11 2 1 100 3800 3819 3917 4055 5090 5102 5103 5773 6608 5360
3192 11 2 1 100 1166 1171 1172 4054 2535 2541 2540 5939 5950 6609
3193 11 2 1 100 1057 3883 1058 3908 4750 5315 1991 4751 5314 4402
3194 11 2 1 100 1435 3907 1292 4037 5904 6610 1798 6327 6611 6328
3195 11 2 1 100 1261 1356 1324 3842 2659 2981 2980 5971 6116 5972
3196 11 2 1 100 1035 3844 232 4039 6235 5593 1663 6612 5595 5594
3197 11 2 1 100 1247 3856 1248 3930 6613 6274 2737 6614 6615 6616
3198 11 2 1 100 3188 19 3184 3896 3207 3208 3210 6293 4133 4132
3199 11 2 1 100 1106 1330 3839 4010 2163 6277 6278 6301 6094 6447
3200 11 2 1 100 4020 4032 3923 4047 4926 5862 6617 6552 6618 6553
3201 11 2 1 100 1427 3921 1104 4041 5146 6566 2232 6619 6568 6493
3202 11 2 1 100 1258 3852 3975 4075 6620 4804 6621 6622 6623 6624
3203 11 2 1 100 3833 3869 3797 3998 4170 6533 5099 4173 6316 4174
3204 11 2 1 100 294 3563 3553 3860 5334 3593 6625 4646 6626 5333
3205 11 2 1 100 3827 3907 3854 4036 5121 5905 4946 5508 5507 6627
3206 11 2 1 100 1103 3921 1428 4041 6491 4573 2228 6492 6628 6493
3207 11 2 1 100 3831 3920 3873 4035 4276 4216 4429 4449 4720 5383
3208 11 2 1 100 3808 3858 4033 4066 5925 4782 5927 6629 6455 6231
3209 11 2 1 100 3854 3907 3801 4036 5905 6630 4352 5507 5762 6627
3210 11 2 1 100 3388 3457 3383 3949 6631 6632 3422 6436 6437 6633
3211 11 2 1 100 3824 4044 3936 4077 6634 6227 4547 4550 4552 6635
3212 11 2 1 100 3566 3559 3573 3880 3654 3660 3659 6636 6252 6561
3213 11 2 1 100 3453 3460 3446 3880 3547 3546 3540 6637 6559 6247
3214 11 2 1 100 1169 3838 1382 3974 5540 6487 2444 6638 6548 5026
3215 11 2 1 100 247 3836 1493 3964 5760 6223 1753 5784 6224 5655
3216 11 2 1 100 1115 1117 3905 4010 2285 6639 6543 6544 6448 6640
3217 11 2 1 100 1295 249 248 4019 1762 273 1763 4356 5035 6641
3218 11 2 1 100 1216 3892 1489 3976 6100 6419 2783 6101 6642 4406
3219 11 2 1 100 640 645 11 3955 683 5663 5394 6028 4587 5664
3220 11 2 1 100 476 471 10 3955 534 5389 6026 6643 4486 6024
3221 11 2 1 100 1134 1136 1135 4094 2381 2380 2376 4334 4336 6644
3222 11 2 1 100 1103 1428 1394 4041 2228 2227 2104 6492 6645 6628
3223 11 2 1 100 1153 4045 3918 4096 6646 6647 6648 6649 6482 6650
3224 11 2 1 100 1115 1117 1263 3905 2285 2288 2287 6543 6651 6639
3225 11 2 1 100 1435 3964 3854 4028 5907 5908 5906 6652 5947 5967
3226 11 2 1 100 1382 3838 1146 4100 6487 5265 2359 6515 5266 5077
3227 11 2 1 100 1415 1412 1411 3962 3170 2714 2504 5874 6349 5969
3228 11 2 1 100 3805 3910 4004 4090 4150 4629 5597 4497 6036 4800
3229 11 2 1 100 1306 3975 1046 3994 6429 6313 1949 6430 6314 5665
3230 11 2 1 100 464 482 3914 3926 556 6653 5806 5796 5479 6654
3231 11 2 1 100 633 3914 651 3926 5478 6655 724 5480 6656 5479
3232 11 2 1 100 1513 3938 3850 3961 6657 4989 6307 6308 4201 4991
3233 11 2 1 100 1351 1349 1350 4011 2928 2507 3131 5239 6290 5240
3234 11 2 1 100 1273 1519 3877 4031 3024 6658 5790 5982 5983 6659
3235 11 2 1 100 470 105 460 3866 5328 6660 530 5327 6661 4796
3236 11 2 1 100 1153 3871 4045 4096 6662 4555 6646 6649 6650 5935
3237 11 2 1 100 639 629 111 3866 679 6663 5331 5330 4795 6664
3238 11 2 1 100 1491 1527 1278 4074 1939 3044 3041 6054 6056 6665
3239 11 2 1 100 244 1446 1016 3907 1734 1742 1739 4264 6666 4265
3240 11 2 1 100 1238 3990 3939 4037 6667 5690 5695 6353 6354 6357
3241 11 2 1 100 3847 3796 3966 4103 4962 5805 5820 6042 6668 6040
3242 11 2 1 100 3799 3915 3968 4008 4731 4733 4175 6669 6670 6671
3243 11 2 1 100 236 237 1017 3992 261 1693 1692 5151 6672 6595
3244 11 2 1 100 3800 3917 3825 4055 5103 4249 5196 5773 4970 6608
3245 11 2 1 100 1260 3971 3865 3987 6486 4852 6018 6673 5602 5149
3246 11 2 1 100 1509 1501 1281 3878 1832 2919 3052 6170 6601 5746
3247 11 2 1 100 3820 3968 3915 4008 4955 4733 5057 6674 6671 6670
3248 11 2 1 100 3825 3895 3853 4055 4415 4470 4467 4970 4969 5361
3249 11 2 1 100 3853 3895 3795 4055 4470 5068 4958 4969 5362 5361
3250 11 2 1 100 1210 1056 1058 3946 1992 1990 1993 5211 5316 5212
3251 11 2 1 100 3832 3911 3820 4008 4773 5648 6517 6444 6674 6445
3252 11 2 1 100 3792 3874 4105 4111 4651 5619 5620 4382 6675 5399
3253 11 2 1 100 242 1503 241 3833 1723 1722 266 5157 4921 5609
3254 11 2 1 100 3821 3797 3906 4098 6573 6152 6574 6676 6677 6678
3255 11 2 1 100 3456 3452 26 3957 3484 5368 6061 6679 4544 6020
3256 11 2 1 100 3565 3569 25 3957 3597 5710 5262 6021 4610 5711
3257 11 2 1 100 1404 1256 1397 4054 2962 2645 2706 6407 6409 6546
3258 11 2 1 100 1428 3921 1394 4041 4573 6680 2227 6628 6645 6493
3259 11 2 1 100 1193 3931 3852 4075 5416 4694 5417 6681 6624 6405
3260 11 2 1 100 1357 3890 1358 4011 4999 6682 2560 6148 6683 6149
3261 11 2 1 100 1342 3971 1344 4005 5373 5290 1689 6496 5564 5563
3262 11 2 1 100 3453 3460 3880 3957 3547 6247 6637 6684 6249 6248
3263 11 2 1 100 3566 3880 3573 3957 6636 6252 3659 6685 6253 6249
3264 11 2 1 100 1325 3842 3931 4107 6397 4693 6398 6686 6687 6688
3265 11 2 1 100 1461 3834 1233 4083 4690 6479 2853 4819 5865 4817
3266 11 2 1 100 1051 1295 1402 4059 1881 1813 1969 6524 6689 5268
3267 11 2 1 100 481 470 3866 3951 540 5327 6690 6691 4798 5329
3268 11 2 1 100 650 3866 639 3951 6692 5330 710 6693 5332 4798
3269 11 2 1 100 1032 3845 3972 4021 5893 5615 5894 6694 6695 6396
3270 11 2 1 100 3575 3860 3563 3949 6696 5333 3634 6697 5335 4649
3271 11 2 1 100 3450 3860 3462 3949 5214 6698 3520 5216 6699 4649
3272 11 2 1 100 3821 3797 3952 4034 6573 6119 5943 6037 6080 6155
3273 11 2 1 100 1377 3920 3847 4001 6238 5008 5302 5303 5162 4278
3274 11 2 1 100 1099 3999 3895 4065 5993 5994 5405 6700 4828 6701
3275 11 2 1 100 3809 3935 3865 4067 4642 4641 4626 5591 6702 4730
3276 11 2 1 100 1301 4020 1300 4091 5494 6703 1856 5495 6704 5496
3277 11 2 1 100 1192 3861 3930 4058 4682 4659 4683 6705 6706 6707
3278 11 2 1 100 1136 3873 1135 4094 6708 4718 2380 6644 4336 6709
3279 11 2 1 100 1020 1403 3843 4003 1820 4972 4768 5312 5311 5672
3280 11 2 1 100 238 3845 1032 4021 5660 5893 1703 6395 6694 6396
3281 11 2 1 100 1121 1119 1120 3895 2305 2257 2306 6710 4371 4232
3282 11 2 1 100 3918 4045 3871 4096 6647 4555 6480 6482 5935 6650
3283 11 2 1 100 1273 3877 1519 3960 5790 6658 3024 5791 6711 5101
3284 11 2 1 100 1047 1529 3891 4053 1952 6564 6387 6368 6286 6712
3285 11 2 1 100 1157 3966 3861 4007 4915 4744 4914 6341 6343 6347
3286 11 2 1 100 1165 1171 1166 4054 2536 2535 2531 5047 5939 6609
3287 11 2 1 100 1478 1034 3855 4019 1895 6713 6425 6714 6715 6716
3288 11 2 1 100 1506 3844 1035 3985 5978 6235 1898 6386 6717 4243
3289 11 2 1 100 1282 3891 1530 4024 6718 6719 3053 6720 6721 5888
3290 11 2 1 100 1411 3962 3830 4086 6349 5985 6265 6350 6418 5876
3291 11 2 1 100 3843 3884 3799 3954 4767 5469 5470 4770 6722 4771
3292 11 2 1 100 1113 3922 1114 3984 6723 6268 2241 6724 6266 6267
3293 11 2 1 100 239 238 1032 4021 263 1703 1702 6394 6694 6395
3294 11 2 1 100 3826 3795 3883 3908 4252 4957 4162 4257 4402 4255
3295 11 2 1 100 1438 3972 3889 4090 5613 5614 5612 6725 6166 4754
3296 11 2 1 100 3806 3942 3864 4082 4360 4361 4339 4998 5119 4190
3297 11 2 1 100 466 472 480 3879 562 567 566 6592 6324 6726
3298 11 2 1 100 649 641 635 3879 735 732 736 6317 6590 6727
3299 11 2 1 100 1362 3864 1363 3942 5780 4340 3070 5781 4359 4361
3300 11 2 1 100 1261 3925 3842 4107 6728 6550 5971 6729 6688 6730
3301 11 2 1 100 1353 4018 1354 4085 5229 6731 1808 5036 6732 5506
3302 11 2 1 100 3868 4040 3858 4089 5066 5064 4446 6072 6071 6733
3303 11 2 1 100 1117 3979 3905 4010 6734 6110 6639 6640 6448 6004
3304 11 2 1 100 1121 3895 1120 4015 6710 4371 2306 6586 5155 4740
3305 11 2 1 100 1226 1439 1289 4021 2830 2832 2823 5384 6735 5684
3306 11 2 1 100 3877 4031 3808 4089 5983 6736 6160 5794 6070 5984
3307 11 2 1 100 3178 21 22 3997 3216 284 3217 6261 6737 5858
3308 11 2 1 100 3889 3992 3810 3993 5448 4892 4807 5841 4411 4240
3309 11 2 1 100 3823 3948 3893 4005 4723 5129 4122 4590 5783 4724
3310 11 2 1 100 3173 3194 1454 3896 3248 6738 6739 6740 6741 6742
3311 11 2 1 100 1149 1410 1405 3947 2458 2457 2379 5378 5680 5038
3312 11 2 1 100 1220 4002 3837 4030 6501 5243 6500 6539 6128 6743
3313 11 2 1 100 1095 1094 1093 3956 2175 2171 2176 6744 6745 5929
3314 11 2 1 100 1121 1119 3895 4015 2305 4232 6710 6586 4740 4708
3315 11 2 1 100 3821 3952 3797 4098 5943 6119 6573 6676 6678 6746
3316 11 2 1 100 1112 3850 3946 4065 6421 5677 6422 6747 6748 5246
3317 11 2 1 100 1253 3858 1252 4089 6749 5851 2903 6750 6751 6071
3318 11 2 1 100 3890 4011 3835 4106 6149 6147 5000 6752 6600 6599
3319 11 2 1 100 3182 3923 21 3997 6753 5860 3220 6260 5858 5859
3320 11 2 1 100 1079 3824 4006 4041 5338 5054 5937 5498 6754 4300
3321 11 2 1 100 1299 1301 1300 4091 3083 1856 3080 6755 6704 5495
3322 11 2 1 100 1197 1403 1198 3922 2696 2695 2638 5326 6010 5041
3323 11 2 1 100 1432 4058 4025 4069 6756 6757 6758 6759 6760 6761
3324 11 2 1 100 1307 231 1035 3844 1657 1662 1665 4330 6235 4890
3325 11 2 1 100 3798 3832 3911 3989 6442 4773 5998 6762 4777 4776
3326 11 2 1 100 1137 1148 1387 4035 2397 2399 2388 6331 6763 5382
3327 11 2 1 100 1446 1445 1016 3907 1802 1801 1742 4265 6666 6339
3328 11 2 1 100 472 480 3879 3955 567 6324 6726 6764 6322 6325
3329 11 2 1 100 649 641 3879 3955 735 6727 6317 6320 6322 6765
3330 11 2 1 100 1413 3900 3897 4086 6766 4454 6767 6768 5877 6769
3331 11 2 1 100 1252 1253 1254 3858 2903 2944 2943 5851 5852 6749
3332 11 2 1 100 3794 3890 3835 4106 6770 5000 6771 6772 6600 6752
3333 11 2 1 100 1235 3990 1237 4037 6356 6773 2870 5180 6774 6357
3334 11 2 1 100 1158 3830 4007 4086 6263 6464 6342 6417 6506 6418
3335 11 2 1 100 1177 1479 1391 4005 2596 2595 2534 5788 6096 6775
3336 11 2 1 100 1157 1158 3861 4086 2423 6340 4914 6776 6505 6417
3337 11 2 1 100 3188 3194 3173 3896 3298 3248 3297 6293 6740 6742
3338 11 2 1 100 3943 3956 3832 4014 4503 5321 5446 4325 6525 4881
3339 11 2 1 100 1065 1064 1066 3898 2026 2031 2030 6777 6778 5646
3340 11 2 1 100 3856 3835 4011 4104 6779 6147 5241 6126 6780 6781
3341 11 2 1 100 1409 1410 1149 3849 2459 2458 2455 6484 6113 5017
3342 11 2 1 100 1371 1384 1099 3853 2209 2208 2024 5616 5404 4471
3343 11 2 1 100 3889 3804 3987 4004 6472 5349 6043 5183 5769 4872
3344 11 2 1 100 1429 4028 1401 4059 6473 5629 3169 6782 5882 6079
3345 11 2 1 100 3869 3932 3834 4017 4867 4420 4968 6535 4394 5359
3346 11 2 1 100 1302 3912 1520 4038 5186 5407 3091 5437 6783 5438
3347 11 2 1 100 1083 3870 4063 4081 6784 6785 5958 5961 5962 5365
3348 11 2 1 100 3553 3565 295 3860 3596 5263 6786 6626 4729 5264
3349 11 2 1 100 885 882 900 3994 925 1012 942 5320 6415 6787
3350 11 2 1 100 1423 3939 1238 3990 6788 5695 2878 6789 6667 5690
3351 11 2 1 100 1132 1170 3890 3934 2362 6790 5105 6344 6345 6791
3352 11 2 1 100 1245 3993 3878 4078 6792 5750 6793 6794 6795 6796
3353 11 2 1 100 1366 3942 1367 3961 6276 5491 3158 6032 5511 4187
3354 11 2 1 100 1130 3934 3874 4101 6797 6798 6799 6800 6801 6802
3355 11 2 1 100 3856 4011 3835 4094 5241 6147 6779 5276 4348 5277
3356 11 2 1 100 3835 3812 4104 4106 6597 6090 6781 6600 6803 6598
3357 11 2 1 100 1166 1164 1165 3948 2530 2525 2531 5938 5045 5128
3358 11 2 1 100 3794 3835 4042 4106 6771 5718 5514 6772 6804 6600
3359 11 2 1 100 3863 4020 3923 4047 6805 6617 6806 5692 6618 6552
3360 11 2 1 100 3182 1522 3923 3997 6453 6303 6753 6260 5859 6304
3361 11 2 1 100 1020 1403 1338 3843 1820 1822 1682 4768 4848 4972
3362 11 2 1 100 1322 1323 1021 3892 1824 1823 1767 4569 4535 4854
3363 11 2 1 100 3948 4014 3823 4054 5245 4270 4723 5049 5048 6807
3364 11 2 1 100 3840 3883 3853 4110 4166 4136 4988 5299 6808 5300
3365 11 2 1 100 3829 3932 3906 4017 4815 6558 6153 4688 6183 5359
3366 11 2 1 100 886 879 1468 3888 988 6809 6810 6537 6811 6812
3367 11 2 1 100 1130 3874 1379 4101 6799 6813 2344 6800 6814 6801
3368 11 2 1 100 1499 3885 1269 3983 6815 4866 3010 6816 5561 5562
3369 11 2 1 100 1063 1064 1065 3958 2017 2026 2025 6817 6818 6206
3370 11 2 1 100 1100 1066 1064 3898 2032 2031 2033 5645 5646 6778
3371 11 2 1 100 3856 4011 3899 4104 5241 4481 5551 6126 6388 6780
3372 11 2 1 100 1217 1214 1215 3837 2772 2767 2773 6509 6588 4529
3373 11 2 1 100 1194 1325 1324 3931 2682 2684 2298 6380 6130 6398
3374 11 2 1 100 1478 3855 3892 4019 6425 4405 6424 6714 4939 6715
3375 11 2 1 100 3835 4011 1350 4094 6147 6290 6312 4348 6291 5277
3376 11 2 1 100 3917 3976 3800 4068 4533 5104 5103 4656 6819 4657
3377 11 2 1 100 1442 1291 3944 4083 1887 6820 4315 5807 5808 6821
3378 11 2 1 100 1260 3865 1204 3987 6018 6503 2698 6673 6504 5602
3379 11 2 1 100 3858 4040 1252 4089 5064 6474 5851 6071 6751 6733
3380 11 2 1 100 3849 3817 3885 4085 5354 4227 4599 4928 4389 5037
3381 11 2 1 100 1248 3930 3856 4049 6615 6616 6274 6275 6109 6822
3382 11 2 1 100 3825 3941 3874 4111 4416 4864 4281 4597 5399 6823
3383 11 2 1 100 1329 3946 1058 3999 6824 5316 2002 6825 5401 5403
3384 11 2 1 100 1489 1216 1488 3950 2783 2784 2786 6420 5235 6099
3385 11 2 1 100 3182 3178 3195 3997 3221 3309 3277 6260 6454 6261
3386 11 2 1 100 1432 1430 4025 4058 2089 6826 6758 6756 6757 6827
3387 11 2 1 100 3870 3965 3828 4081 5340 5297 4671 5365 4614 5366
3388 11 2 1 100 1472 1513 1368 3961 3099 2273 3162 6031 6033 6308
3389 11 2 1 100 1506 1274 3960 3985 3027 6570 5979 6386 6385 6572
3390 11 2 1 100 239 3953 3845 4021 6828 5748 6393 6394 6396 6829
3391 11 2 1 100 1501 3878 1509 3953 5746 6170 1832 5747 6169 5140
3392 11 2 1 100 1287 1362 1361 3864 3069 2493 2894 6830 4980 5780
3393 11 2 1 100 1245 1208 3993 4078 2691 4194 6792 6794 6796 6411
3394 11 2 1 100 805 813 803 3955 835 838 859 6831 4484 6832
3395 11 2 1 100 3789 3936 4044 4077 6243 6227 5964 6833 6635 4552
3396 11 2 1 100 886 3888 1468 3994 6537 6811 6810 6538 6834 5713
3397 11 2 1 100 1370 3973 1458 4061 4519 6835 2141 4488 6836 5344
3398 11 2 1 100 1295 1031 249 4019 1772 1769 1762 4356 6641 4357
3399 11 2 1 100 3861 3966 3796 4103 4744 5805 5941 6379 6040 6668
3400 11 2 1 100 1413 1417 3897 3900 2724 4639 6767 6766 4454 4640
3401 11 2 1 100 3835 4104 4042 4106 6781 6837 5718 6600 6804 6803
3402 11 2 1 100 1120 1109 1384 3895 2258 2207 2259 4371 4372 6302
3403 11 2 1 100 1217 3837 1215 3996 6509 6588 2773 6838 6839 6067
3404 11 2 1 100 1510 3862 1424 3915 6840 6173 2573 6841 6210 6211
3405 11 2 1 100 1060 1058 3883 3999 2000 5315 6842 6843 5402 5401
3406 11 2 1 100 1399 1433 1100 3990 2213 2212 2034 5981 5895 6205
3407 11 2 1 100 3906 3932 3829 4025 6558 4815 6153 6844 5559 5558
3408 11 2 1 100 1260 1437 3971 3987 2977 6845 6486 6673 5149 6846
3409 11 2 1 100 1226 3848 1225 3978 4493 4685 2821 4508 4616 4507
3410 11 2 1 100 1424 1510 1172 3862 2573 2572 2570 6173 5976 6840
3411 11 2 1 100 8 9 572 3951 104 593 592 5377 5218 5217
3412 11 2 1 100 3818 3919 3833 3983 5013 4944 5012 5526 6199 6847
3413 11 2 1 100 481 3866 3879 3951 6690 6848 6849 6691 6850 4798
3414 11 2 1 100 1285 3891 1282 4024 5886 6718 2795 5887 6720 5888
3415 11 2 1 100 650 3879 3866 3951 6851 6848 6692 6693 4798 6850
3416 11 2 1 100 3832 3820 3977 4008 6517 5647 4822 6444 6852 6674
3417 11 2 1 100 3833 3791 4017 4062 4741 4395 6534 5375 6377 5027
3418 11 2 1 100 1335 1190 1334 3846 2663 2484 2664 6392 5356 5582
3419 11 2 1 100 1106 1115 1330 4010 2242 2244 2163 6301 6447 6544
3420 11 2 1 100 1435 3854 1293 4028 5906 6022 3073 6652 6229 5947
3421 11 2 1 100 3860 3880 3462 3949 6853 6854 6698 4649 6699 6855
3422 11 2 1 100 3575 3880 3860 3949 6856 6853 6696 6697 4649 6855
3423 11 2 1 100 1167 3950 1168 4068 4115 6857 2446 5866 6858 5867
3424 11 2 1 100 875 3894 4012 4031 5898 6859 6860 5899 6861 4977
3425 11 2 1 100 3797 3833 3919 4017 5099 4944 5100 6182 6862 6534
3426 11 2 1 100 302 3452 3440 3860 5369 3483 6863 4727 6499 5371
3427 11 2 1 100 3820 3846 3911 4057 4460 5357 5648 5649 4622 5584
3428 11 2 1 100 3811 3945 3892 4019 4885 4539 4436 4366 4939 4941
3429 11 2 1 100 1359 3890 1358 4101 6864 6682 3139 6115 6865 6866
3430 11 2 1 100 1226 1228 1439 3998 2828 2831 2830 4494 5553 6867
3431 11 2 1 100 1249 1410 1250 3974 2932 2931 2633 6868 5883 5019
3432 11 2 1 100 1214 1220 1332 4002 2774 2776 2766 5242 5838 6501
3433 11 2 1 100 1130 1126 3874 4100 2343 6370 6799 6869 5168 6371
3434 11 2 1 100 1226 1289 1224 3848 2823 2822 2820 4493 5520 6870
3435 11 2 1 100 238 1482 3889 3993 1699 6871 5661 6001 5841 6872
3436 11 2 1 100 1130 3874 3934 4100 6799 6798 6797 6869 6516 5168
3437 11 2 1 100 1475 3891 1529 4053 6873 6564 1955 6874 6712 6286
3438 11 2 1 100 3817 3933 4036 4042 6288 6875 5912 4764 6086 6289
3439 11 2 1 100 1112 1368 3850 4065 2252 5554 6421 6747 5246 6002
3440 11 2 1 100 1112 1513 1471 3946 2272 2274 2271 6422 6876 6423
3441 11 2 1 100 876 4027 4056 4072 6877 6878 6879 6880 6881 6882
3442 11 2 1 100 1164 1391 1162 3893 2523 2522 2520 4142 4669 5574
3443 11 2 1 100 1261 3842 1325 4107 5971 6397 2979 6729 6686 6688
3444 11 2 1 100 112 629 640 3866 6883 682 5393 4908 5395 6664
3445 11 2 1 100 106 471 460 3866 5390 533 6884 4909 6661 5392
3446 11 2 1 100 1282 3891 1285 3996 6718 5886 2795 6885 5884 5885
3447 11 2 1 100 1356 3905 3969 4051 6117 6292 6000 6886 6887 6374
3448 11 2 1 100 1140 3966 1139 3995 6888 4873 2400 6889 4218 4746
3449 11 2 1 100 3833 3791 3919 4017 4741 4943 4944 6534 6862 4395
3450 11 2 1 100 1190 3846 1335 3991 5582 6392 2663 5738 6890 5737
3451 11 2 1 100 3878 3993 3845 4071 5750 5751 5749 5570 6431 6891
3452 11 2 1 100 1324 1325 1261 3842 2684 2979 2980 6116 5971 6397
3453 11 2 1 100 3798 3832 3989 4060 6442 4776 6762 5945 6892 6526
3454 11 2 1 100 1388 3920 1139 3966 6188 4215 2407 5819 4873 4874
3455 11 2 1 100 3810 3845 3993 4071 4809 5751 4411 5697 6891 6431
3456 11 2 1 100 24 3322 23 3949 3331 3330 291 5406 5108 5234
3457 11 2 1 100 4025 4058 3821 4069 6757 6893 6894 6760 6895 6761
3458 11 2 1 100 21 22 3997 4032 284 6737 5858 5861 5863 6896
3459 11 2 1 100 1193 1160 1183 4052 2510 2292 2511 5454 6134 5881
3460 11 2 1 100 1359 3973 3890 4101 6114 6897 6864 6115 6866 5778
3461 11 2 1 100 3821 4025 3930 4058 6894 6898 5974 6893 6706 6757
3462 11 2 1 100 4009 4033 3894 4074 6899 6900 6901 6902 6903 6904
3463 11 2 1 100 1034 1487 1478 3855 1892 1896 1895 6713 6425 6382
3464 11 2 1 100 880 1040 893 4031 6905 6906 948 6907 6908 6909
3465 11 2 1 100 1247 1192 1347 3930 2673 2499 2674 6614 4658 4683
3466 11 2 1 100 1313 3815 1311 4092 6603 6401 1848 6910 6528 6530
3467 11 2 1 100 3453 3880 3860 3957 6637 6853 6911 6684 6019 6249
3468 11 2 1 100 3566 3860 3880 3957 6912 6853 6636 6685 6249 6019
3469 11 2 1 100 1433 1399 1400 3939 2213 2009 3168 6204 5503 5176
3470 11 2 1 100 1487 1529 3891 4029 3061 6564 6383 6508 6283 6565
3471 11 2 1 100 1063 1064 3958 4110 2017 6206 6817 6913 6208 6207
3472 11 2 1 100 1313 3931 3815 4107 6604 6402 6603 6914 6915 6687
3473 11 2 1 100 1247 3930 1347 3995 6614 4658 2674 6916 4661 4663
3474 11 2 1 100 3440 301 3329 3860 6498 3370 6917 6499 6918 4647
3475 11 2 1 100 1441 1442 1033 3944 1891 1888 1730 4820 6919 4315
3476 11 2 1 100 1254 3858 1253 4089 5852 6749 2944 6920 6750 6071
3477 11 2 1 100 295 3328 3553 3860 3366 6921 6786 4729 6626 6922
3478 11 2 1 100 1370 1458 1086 4061 2141 2140 2049 4488 6923 6836
3479 11 2 1 100 1224 3972 3848 4021 5674 5675 5520 6924 5386 6695
3480 11 2 1 100 239 1509 238 3845 1705 1704 263 6393 5660 6332
3481 11 2 1 100 3811 3959 3908 4059 4365 6132 4256 5525 5286 5270
3482 11 2 1 100 3805 4004 3889 4090 5597 5183 5115 4497 6166 6036
3483 11 2 1 100 3814 3806 3912 4070 6458 4567 5187 4879 4568 4506
3484 11 2 1 100 3185 3180 3172 4020 3291 3292 3281 5742 4924 5741
3485 11 2 1 100 3922 3984 3839 4010 6267 6185 5110 6095 6094 6270
3486 11 2 1 100 1306 3975 3888 4075 6429 6360 6428 6925 6926 6623
3487 11 2 1 100 3810 3993 3878 4071 4411 5750 6927 5697 5570 6891
3488 11 2 1 100 1099 3895 1109 4065 5405 6302 2206 6700 6928 4828
3489 11 2 1 100 1526 3909 3925 4107 6929 6930 6931 6932 6730 6933
3490 11 2 1 100 3666 3669 3673 3957 3722 3695 3692 4545 6934 6935
3491 11 2 1 100 1091 3902 1336 4093 4618 6936 2154 6605 6937 6145
3492 11 2 1 100 1343 3851 1342 4005 6938 5397 3110 6939 6496 4589
3493 11 2 1 100 1409 3849 1149 4035 6484 6113 2455 6433 5379 4927
3494 11 2 1 100 1172 3977 3862 4054 6175 6176 5976 5950 5977 6439
3495 11 2 1 100 1251 3915 1424 3977 5704 6210 2939 5706 6174 5705
3496 11 2 1 100 635 3879 644 3903 6590 6940 729 6591 6941 6318
3497 11 2 1 100 475 3879 466 3903 6942 6592 561 6943 6593 6318
3498 11 2 1 100 1048 1469 1523 3877 1958 1546 1653 4902 5288 6944
3499 11 2 1 100 876 4027 895 4092 6877 6945 998 6946 6947 6948
3500 11 2 1 100 1489 3976 3892 4109 6642 4406 6419 6949 6427 6950
3501 11 2 1 100 1073 1072 1074 4025 2066 2071 2070 6074 6951 5557
3502 11 2 1 100 3846 3925 3807 4050 6052 6952 6953 5789 6954 6551
3503 11 2 1 100 3802 3923 4032 4047 6955 5862 6956 5422 6553 6618
3504 11 2 1 100 3845 4016 3878 4071 5814 5573 5749 6431 5570 5224
3505 11 2 1 100 3846 3925 3842 3969 6052 6550 4979 5358 5458 5699
3506 11 2 1 100 1315 3884 233 4039 5415 4898 1666 6957 5758 5596
3507 11 2 1 100 1481 3827 1483 4018 5635 5411 1812 5659 6958 5204
3508 11 2 1 100 3568 3904 3880 3928 6959 6246 6960 6961 5721 6962
3509 11 2 1 100 3880 3904 3455 3928 6246 6963 6964 5721 6965 6962
3510 11 2 1 100 1114 1185 1374 3922 2275 2284 2283 6268 6466 6966
3511 11 2 1 100 3793 3887 3828 3965 6008 4579 4952 5924 5297 5296
3512 11 2 1 100 1344 236 1017 3992 1685 1692 1695 5291 6672 5151
3513 11 2 1 100 3813 4003 3922 4010 6189 5673 5111 6093 6095 6216
3514 11 2 1 100 3814 3859 4032 4047 4896 4895 4876 6459 6553 6576
3515 11 2 1 100 3564 3574 3916 3928 3628 6518 6013 6016 5727 6519
3516 11 2 1 100 3461 3451 3916 3928 3516 6967 6520 6523 5727 6968
3517 11 2 1 100 1424 1172 1422 3977 2570 2565 2571 6174 6969 6175
3518 11 2 1 100 3830 4086 3900 4103 6418 6769 4858 6255 6254 6970
3519 11 2 1 100 1114 3922 1374 4010 6268 6466 2283 6269 6215 6095
3520 11 2 1 100 644 3903 3879 3926 6941 6318 6940 6971 5484 6972
3521 11 2 1 100 3879 3903 475 3926 6318 6943 6942 5484 6973 6972
3522 11 2 1 100 1431 1432 4006 4058 2134 6974 6975 6976 6977 6756
3523 11 2 1 100 1509 3845 239 3953 6332 6393 1705 6169 6828 5748
3524 11 2 1 100 3831 3885 3833 3983 4448 4743 4742 4125 6199 5562
3525 11 2 1 100 3814 3938 4047 4091 5170 4995 6459 5497 6087 5639
3526 11 2 1 100 1226 1289 3848 4021 2823 6870 4493 5384 5386 6735
3527 11 2 1 100 3818 3831 3919 3983 5456 4942 5013 5526 6847 4125
3528 11 2 1 100 3837 4030 3864 4082 6128 6978 4697 6009 5119 6129
3529 11 2 1 100 472 3879 3866 3955 6726 6848 6979 6764 6023 6322
3530 11 2 1 100 1334 1107 1111 3969 2245 2195 2246 5094 6980 5095
3531 11 2 1 100 3866 3879 641 3955 6848 6727 6981 6023 6765 6322
3532 11 2 1 100 3807 3925 3846 4095 6952 6052 6953 6982 6050 5702
3533 11 2 1 100 1484 1029 901 4031 1558 5523 6983 6984 4978 5524
3534 11 2 1 100 1246 3878 4001 4078 6985 5143 5230 5231 5166 6795
3535 11 2 1 100 3855 3976 3837 4109 4407 4427 4425 6193 6986 6950
3536 11 2 1 100 1290 1230 1442 3998 2841 2848 2850 5267 4172 6363
3537 11 2 1 100 3938 3961 3814 4047 4991 5173 5170 4995 6459 4996
3538 11 2 1 100 3891 3997 3802 4029 6284 6987 6988 6283 6400 6282
3539 11 2 1 100 3559 3880 3568 3904 6561 6960 3655 6562 6959 6246
3540 11 2 1 100 3446 3455 3880 3904 3543 6964 6559 6560 6246 6963
3541 11 2 1 100 1140 1139 1138 3995 2400 2396 2401 6889 5679 4218
3542 11 2 1 100 3847 4001 3878 4078 5162 5143 5569 5165 6795 5166
3543 11 2 1 100 1081 1079 1080 4041 2105 2100 2106 4299 4930 5498
3544 11 2 1 100 238 1482 237 3889 1699 1698 262 5661 6594 6871
3545 11 2 1 100 3797 3906 3932 4017 6152 6558 6989 6182 5359 6183
3546 11 2 1 100 1490 1488 1244 3950 2914 2913 2911 5051 6310 5235
3547 11 2 1 100 3792 3940 3840 4111 4291 4292 4167 4382 4384 6078
3548 11 2 1 100 16 3877 4012 4013 5598 6990 6991 5599 6992 5600
3549 11 2 1 100 3790 3851 4014 4076 6993 5137 4666 6305 5138 4592
3550 11 2 1 100 1371 1099 1062 3853 2024 2023 2020 5616 6994 5404
3551 11 2 1 100 1198 1374 3922 4003 2639 6466 6010 6011 5673 6217
3552 11 2 1 100 3865 3922 1197 4084 5043 5326 5325 6995 6996 6997
3553 11 2 1 100 3905 4010 3839 4093 6448 6094 5846 6242 6144 6450
3554 11 2 1 100 3835 3812 4011 4104 6597 4479 6147 6781 6780 6090
3555 11 2 1 100 3788 3855 4048 4099 5127 5880 5878 5445 5426 6139
3556 11 2 1 100 1478 3855 1284 4109 6425 6998 3063 6426 6999 6193
3557 11 2 1 100 1113 1114 1106 3984 2241 2240 2235 6724 6300 6266
3558 11 2 1 100 1415 1413 1412 3897 2722 2613 3170 5872 5968 6767
3559 11 2 1 100 876 891 895 4027 934 999 998 6877 6945 7000
3560 11 2 1 100 642 651 3914 3926 704 6655 7001 7002 5479 6656
3561 11 2 1 100 482 473 3914 3926 536 6083 6653 6654 5479 6084
3562 11 2 1 100 1084 1431 1432 4006 2132 2134 2099 6358 6974 6975
3563 11 2 1 100 1289 1224 3848 4021 2822 5520 6870 6735 5386 6924
3564 11 2 1 100 1020 1316 1403 4003 1818 1821 1820 5312 5672 6416
3565 11 2 1 100 1128 3875 1125 4100 7003 4247 2335 7004 5167 5079
3566 11 2 1 100 3836 3945 3929 4102 4538 4886 4439 6326 6065 7005
3567 11 2 1 100 3849 3881 3817 4085 5015 5512 5354 4928 5037 5530
3568 11 2 1 100 3917 4002 1360 4015 5244 5352 7006 4320 5353 5292
3569 11 2 1 100 3827 1483 4018 4064 5411 6958 5204 5199 7007 5412
3570 11 2 1 100 1319 1023 1342 3954 1836 1683 1837 6531 5372 7008
3571 11 2 1 100 3790 3937 3839 4060 5532 5114 4861 4916 5133 6075
3572 11 2 1 100 1358 3890 1359 3973 6682 6864 3139 7009 6114 6897
3573 11 2 1 100 1330 1115 1263 3905 2244 2287 2289 6449 6651 6543
3574 11 2 1 100 1509 238 3845 3993 1704 5660 6332 6171 5751 6001
3575 11 2 1 100 3929 3945 3826 4102 4886 6225 4261 6065 4557 7005
3576 11 2 1 100 1349 1247 1348 3856 2925 2926 2505 5238 7010 6613
3577 11 2 1 100 3830 3793 3897 3962 5032 6017 5259 5985 5873 5986
3578 11 2 1 100 1241 3868 4040 4057 7011 5066 7012 7013 6581 6359
3579 11 2 1 100 1226 1224 1225 3848 2820 2815 2821 4493 4685 5520
3580 11 2 1 100 3832 3798 4008 4060 6442 6443 6444 6526 7014 5945
3581 11 2 1 100 1081 1083 3870 4063 2115 6784 4284 7015 6785 5958
3582 11 2 1 100 1055 1401 1110 4059 1977 1989 1988 5957 5285 5882
3583 11 2 1 100 3814 4047 3863 4091 6459 5692 7016 5497 4780 6087
3584 11 2 1 100 476 813 805 3955 6027 835 7017 6643 6831 6832
3585 11 2 1 100 1100 1389 3898 3981 2044 5772 5645 6536 4637 5678
3586 11 2 1 100 3830 3962 3897 4086 5985 5873 5259 6418 5877 5876
3587 11 2 1 100 3732 3733 3564 3928 3769 7018 6012 6015 6016 7019
3588 11 2 1 100 1432 1264 1430 4058 2987 2988 2089 6756 6827 7020
3589 11 2 1 100 1062 3853 1099 3999 6994 5404 2023 7021 5993 5992
3590 11 2 1 100 3800 3836 3929 4022 5044 4439 4920 5198 5197 6365
3591 11 2 1 100 1413 1203 3900 4086 2723 7022 6766 6768 6769 7023
3592 11 2 1 100 3803 3960 3844 3975 4153 4329 5801 4156 4331 4157
3593 11 2 1 100 1327 1278 3868 3991 2619 5472 7024 6167 5473 5474
3594 11 2 1 100 294 3553 3328 3860 6625 6921 3367 4646 6922 6626
3595 11 2 1 100 3440 3329 302 3860 6917 3371 6863 6499 4727 6918
3596 11 2 1 100 460 105 578 3866 6660 620 7025 6661 7026 4796
3597 11 2 1 100 460 578 106 3866 7025 621 6884 6661 4909 7026
3598 11 2 1 100 111 629 579 3866 6663 7027 624 4795 7028 6664
3599 11 2 1 100 1432 4006 4058 4069 6974 6977 6756 6759 6761 7029
3600 11 2 1 100 112 579 629 3866 625 7027 6883 4908 6664 7028
3601 11 2 1 100 3835 4088 4042 4104 6434 4464 5718 6781 6837 6127
3602 11 2 1 100 1163 1153 3871 4045 2478 6662 4118 4556 4555 6646
3603 11 2 1 100 635 633 644 3879 728 730 729 6590 6940 5485
3604 11 2 1 100 475 464 466 3879 560 558 561 6942 6592 5795
3605 11 2 1 100 1157 1158 1142 4007 2423 2422 2412 6341 7030 6342
3606 11 2 1 100 1327 3991 3868 4057 6167 5473 7024 6168 6359 5739
3607 11 2 1 100 3865 4067 3935 4076 6702 4730 4641 6076 5809 7031
3608 11 2 1 100 1476 3909 4073 4095 7032 7033 7034 7035 7036 7037
3609 11 2 1 100 3811 3826 3945 4059 4253 6225 4885 5525 5269 5284
3610 11 2 1 100 1245 1281 3878 3993 2745 6601 6793 6792 5750 6602
3611 11 2 1 100 1178 3887 3962 3965 6180 5608 7038 6181 7039 5296
3612 11 2 1 100 1142 3966 1157 4007 7040 4915 2412 7030 6341 6347
3613 11 2 1 100 1132 1130 1170 3934 2361 2363 2362 6344 6791 6797
3614 11 2 1 100 1131 3934 1132 3947 6563 6344 2360 6541 5106 6346
3615 11 2 1 100 1145 1199 1373 3956 2437 2439 2189 6306 7041 5322
3616 11 2 1 100 1302 1303 1304 3938 3086 3090 3089 5171 6334 7042
3617 11 2 1 100 1170 3890 3934 4101 6790 6345 6791 7043 6802 6866
3618 11 2 1 100 3846 3807 4033 4050 6953 7044 5236 5789 7045 6954
3619 11 2 1 100 1201 1178 3887 3962 2602 6180 7046 7047 5608 7038
3620 11 2 1 100 3835 3890 3794 3947 5000 6770 6771 4346 6364 5003
3621 11 2 1 100 1294 1360 3917 4002 2348 7006 7048 7049 5244 5352
3622 11 2 1 100 3789 4077 3952 4103 6833 6468 6351 6352 6041 6256
3623 11 2 1 100 1258 3852 1426 3975 6620 4803 2964 6621 4805 4804
3624 11 2 1 100 3797 3876 3848 4098 5098 4492 7050 6678 7051 7052
3625 11 2 1 100 1273 1275 4031 4089 2950 7053 5982 5792 5984 7054
3626 11 2 1 100 1170 3934 1130 4101 6791 6797 2363 7043 6800 6802
3627 11 2 1 100 1241 4040 1182 4057 7012 6580 2615 7013 5731 6581
3628 11 2 1 100 1394 1427 1104 4041 2233 2232 2114 6645 6568 6619
3629 11 2 1 100 3791 3933 3834 4062 6197 5194 4393 5027 6378 6348
3630 11 2 1 100 1445 3907 3886 4037 6339 4313 6338 7055 5182 6328
3631 11 2 1 100 889 3888 15 4056 7056 5715 917 7057 6258 6257
3632 11 2 1 100 3845 3789 4016 4071 5963 5227 5814 6431 5224 5228
3633 11 2 1 100 1402 1295 3945 4059 1813 5159 7058 6689 5269 5268
3634 11 2 1 100 1130 1126 1379 3874 2343 2332 2344 6799 6813 6370
3635 11 2 1 100 3801 3940 3933 4106 4353 7059 5545 6228 7060 5587
3636 11 2 1 100 1066 1068 1067 3898 2041 2040 2036 6778 4309 4635
3637 11 2 1 100 3806 3814 3912 3961 6458 5187 4567 4997 5188 5173
3638 11 2 1 100 473 748 747 3926 7061 774 6081 6084 6085 7062
3639 11 2 1 100 1359 1358 1393 4101 3139 2562 3146 6115 7063 6865
3640 11 2 1 100 3997 4029 251 4043 6282 7064 7065 6298 7066 7067
3641 11 2 1 100 1348 3856 1247 3995 7010 6613 2926 7068 6916 7069
3642 11 2 1 100 1169 3838 3974 4064 5540 5026 6638 5536 5201 5200
3643 11 2 1 100 1468 3888 1306 3994 6811 6428 1907 6834 6430 5713
3644 11 2 1 100 1140 1347 1157 3966 2402 2414 2413 6888 4915 4745
3645 11 2 1 100 1350 1357 1358 4011 2509 2560 3135 6290 6683 6148
3646 11 2 1 100 1160 3979 1183 4052 5683 6133 2292 5881 6134 5455
3647 11 2 1 100 1241 1181 3868 4057 2616 7070 7011 7013 6359 7071
3648 11 2 1 100 1409 1420 1410 3849 3016 2935 2459 6484 5017 6475
3649 11 2 1 100 1204 3865 1197 4084 6503 5325 2640 7072 6996 6995
3650 11 2 1 100 1273 3960 3858 4089 5791 6569 7073 5792 6071 5793
3651 11 2 1 100 880 3877 1040 4031 7074 7075 6905 6907 6909 5983
3652 11 2 1 100 1150 1144 3918 4007 2418 7076 5848 6220 6485 7077
3653 11 2 1 100 1425 1238 1423 3939 2885 2878 2264 5414 6788 5695
3654 11 2 1 100 1097 1111 1107 4051 2196 2195 2186 7078 7079 7080
3655 11 2 1 100 1434 1204 3910 3987 2728 6502 7081 7082 5603 6504
3656 11 2 1 100 3444 3949 3880 3988 7083 6855 7084 7085 5724 7086
3657 11 2 1 100 3846 1335 3991 4095 6392 6890 5737 6050 7087 6413
3658 11 2 1 100 1090 1087 1105 3984 2146 2148 2147 6186 6214 6489
3659 11 2 1 100 1066 1389 1068 3898 2043 2042 2041 6778 4635 5772
3660 11 2 1 100 3444 3441 3949 3988 3525 7088 7083 7085 7086 7089
3661 11 2 1 100 3570 3563 23 3949 3590 5765 5920 6337 5108 5335
3662 11 2 1 100 3450 3457 24 3949 3477 7090 5642 5216 5406 6633
3663 11 2 1 100 1523 1469 885 3877 1546 7091 5318 5288 5319 6944
3664 11 2 1 100 3855 4019 1034 4029 6715 6716 6713 6390 7092 7093
3665 11 2 1 100 242 1441 1033 3944 1720 1730 1727 5158 6919 4820
3666 11 2 1 100 3787 3846 4033 4050 4459 5236 4781 5074 7045 5789
3667 11 2 1 100 1236 1445 3886 4037 2867 6338 5504 5505 5182 7055
3668 11 2 1 100 804 3903 462 3955 7094 7095 7096 7097 7098 6321
3669 11 2 1 100 1468 1306 1046 3994 1907 1949 1950 6834 6314 6430
3670 11 2 1 100 3829 4025 1085 4049 5559 6582 5459 5309 5460 7099
3671 11 2 1 100 1152 1153 3918 4096 2466 6648 7100 7101 6482 6649
3672 11 2 1 100 3568 3559 3558 3880 3655 3652 3656 6960 5722 6561
3673 11 2 1 100 3455 3445 3446 3880 3542 3538 3543 6964 6559 7102
3674 11 2 1 100 4025 4034 3930 4049 7103 6038 6898 7099 6822 7104
3675 11 2 1 100 1476 3925 3909 4095 7105 6930 7032 7035 7037 5702
3676 11 2 1 100 3833 3818 3983 4079 5012 5526 6199 4825 6209 5892
3677 11 2 1 100 1064 1399 3840 4110 2019 5175 5643 6207 5299 5298
3678 11 2 1 100 1241 1182 1181 4057 2615 2581 2616 7013 7071 5731
3679 11 2 1 100 3667 3904 3442 3957 7106 7107 7108 7109 7110 6250
3680 11 2 1 100 1303 1302 1301 3938 3086 1860 3087 7042 5763 5171
3681 11 2 1 100 1431 4006 3900 4058 6975 5053 7111 6976 7112 6977
3682 11 2 1 100 1356 1263 1324 3905 2984 2299 2981 6117 6118 6651
3683 11 2 1 100 1343 1319 1342 3851 3109 1837 3110 6938 5397 5622
3684 11 2 1 100 3851 3843 3971 4076 6333 4845 5398 4592 7113 7114
3685 11 2 1 100 3839 3905 3813 4010 5846 4367 5109 6094 6093 6448
3686 11 2 1 100 3871 3962 3830 4096 5607 5985 5031 5935 6481 5936
3687 11 2 1 100 1146 3875 1147 4100 5374 6315 2353 5266 7115 5079
3688 11 2 1 100 1426 3852 1257 4052 4803 7116 2965 4887 7117 4888
3689 11 2 1 100 1422 3977 1172 4054 6969 6175 2565 7118 5950 6439
3690 11 2 1 100 1413 3897 1415 4086 6767 5872 2722 6768 5875 5877
3691 11 2 1 100 1207 3910 1221 4090 7119 4149 2731 7120 4476 4800
3692 11 2 1 100 1490 1493 1021 3836 1827 1761 1825 5050 4536 6223
3693 11 2 1 100 634 3951 630 3980 7121 7122 716 7123 7124 7125
3694 11 2 1 100 811 648 750 3967 7126 7127 7128 7129 7130 7131
3695 11 2 1 100 1090 1336 3902 4093 2153 6936 6141 6143 6145 6937
3696 11 2 1 100 3180 4020 1515 4038 5741 7132 7133 5771 7134 5995
3697 11 2 1 100 3900 4086 3861 4103 6769 6505 7135 6254 6379 6970
3698 11 2 1 100 3889 3987 3804 3992 6043 5349 6472 5448 5351 5152
3699 11 2 1 100 1500 1353 1354 4085 1903 1808 3143 5827 6732 5036
3700 11 2 1 100 1487 3855 1034 4029 6382 6713 1892 6508 7092 6390
3701 11 2 1 100 1293 1238 3854 4037 2883 5694 6022 7136 6329 6353
3702 11 2 1 100 3886 3981 3834 4083 5178 5253 7137 5567 4817 5568
3703 11 2 1 100 3802 3863 3923 4047 5691 6806 6955 5422 6618 5692
3704 11 2 1 100 248 1021 247 3945 1759 1758 272 4710 5761 4537
3705 11 2 1 100 3669 3456 3673 3957 7138 6060 3695 6935 6934 6679
3706 11 2 1 100 302 3329 301 3860 3371 3370 304 4727 4647 6918
3707 11 2 1 100 295 294 3328 3860 297 3367 3366 4729 6922 4646
3708 11 2 1 100 3444 3462 3880 3949 3535 6854 7084 7083 6855 6699
3709 11 2 1 100 3575 3557 3880 3949 3649 7139 6856 6697 6855 7140
3710 11 2 1 100 1133 1134 1135 3947 2370 2376 2375 7141 4332 4333
3711 11 2 1 100 1310 1160 1193 3931 2512 2510 2513 7142 5416 5682
3712 11 2 1 100 1097 1107 3989 4051 2186 5465 7143 7078 7144 7079
3713 11 2 1 100 3575 3553 3563 3860 3633 3593 3634 6696 5333 6626
3714 11 2 1 100 3450 3440 3462 3860 3480 3521 3520 5214 6698 6499
3715 11 2 1 100 1152 1153 1151 3918 2466 2465 2432 7100 7145 6648
3716 11 2 1 100 1287 1363 1362 3864 3071 3070 3069 6830 5780 4340
3717 11 2 1 100 634 3879 3951 3980 7146 6850 7121 7123 7125 5486
3718 11 2 1 100 3818 3878 3847 4001 5141 5569 4963 5142 5162 5143
3719 11 2 1 100 3185 3923 4020 4032 7147 6617 5742 5743 4926 5862
3720 11 2 1 100 481 3866 472 3879 6690 6979 544 6849 6726 6848
3721 11 2 1 100 641 3866 650 3879 6981 6692 713 6727 6851 6848
3722 11 2 1 100 1434 1260 1204 3987 2730 2698 2728 7082 6504 6673
3723 11 2 1 100 470 460 481 3866 530 541 540 5327 6690 6661
3724 11 2 1 100 3863 3923 1516 4043 6806 7148 7149 5989 7150 6299
3725 11 2 1 100 639 650 629 3866 710 709 679 5330 6664 6692
3726 11 2 1 100 1047 1475 1529 4053 1953 1955 1952 6368 6712 6874
3727 11 2 1 100 3386 3458 3737 3916 7151 7152 7153 7154 7155 7156
3728 11 2 1 100 886 15 889 3888 920 917 921 6537 7056 5715
3729 11 2 1 100 1341 1460 1370 3899 3123 3122 2059 5774 4478 4698
3730 11 2 1 100 646 399 404 3951 5073 454 6495 6470 7157 5219
3731 11 2 1 100 1349 3856 1348 4094 5238 7010 2505 5275 7158 5276
3732 11 2 1 100 238 237 1438 3889 262 1697 1696 5661 5612 6594
3733 11 2 1 100 1255 1254 1505 3985 2946 2954 2953 7159 7160 7161
3734 11 2 1 100 3861 4077 3900 4103 6469 4859 7135 6379 6254 6256
3735 11 2 1 100 3876 4016 3848 4098 5997 5813 4492 7052 7051 7162
3736 11 2 1 100 3575 3566 3860 3880 3637 6912 6696 6856 6853 6636
3737 11 2 1 100 3462 3860 3453 3880 6698 6911 3524 6854 6637 6853
3738 11 2 1 100 646 639 8 3951 676 5754 5987 6470 5377 5332
3739 11 2 1 100 470 477 9 3951 527 6047 5753 5329 5217 6375
3740 11 2 1 100 481 3879 465 3951 6849 7163 564 6691 7164 6850
3741 11 2 1 100 650 634 3879 3951 734 7146 6851 6693 6850 7121
3742 11 2 1 100 3830 1369 4007 4096 6264 6463 6464 6481 7165 6607
3743 11 2 1 100 3831 3796 3919 4088 6262 5345 4942 4379 7166 6467
3744 11 2 1 100 3809 4004 3935 4080 4627 4643 4642 5632 5634 6030
3745 11 2 1 100 1321 1318 4000 4039 3101 7167 7168 7169 7170 7171
3746 11 2 1 100 1452 3906 1102 4097 7172 6556 2223 7173 7174 7175
3747 11 2 1 100 3827 3854 3964 4102 4946 5908 5124 5232 5733 5097
3748 11 2 1 100 3843 3790 4067 4076 5531 4714 5205 7114 7031 6305
3749 11 2 1 100 1333 3917 3875 4068 5421 4251 5420 7176 5868 4656
3750 11 2 1 100 1097 1093 3872 3989 2178 5400 7177 7143 7178 7179
3751 11 2 1 100 1252 1424 1251 3915 2940 2939 2901 5853 5704 6210
3752 11 2 1 100 1247 1248 1206 3930 2737 2736 2672 6614 7180 6615
3753 11 2 1 100 3386 3737 3379 3916 7153 7181 3419 7154 7182 7155
3754 11 2 1 100 3451 3729 3916 3928 7183 7184 6967 6968 5727 7185
3755 11 2 1 100 1180 3897 1414 3965 7186 4398 2611 7187 5339 5341
3756 11 2 1 100 3901 3824 4041 4044 4287 4300 4301 7188 7189 6634
3757 11 2 1 100 1418 1221 1205 3910 2733 2732 2734 4337 7190 4149
3758 11 2 1 100 3797 4016 3876 4098 5996 5997 5098 6678 7052 7162
3759 11 2 1 100 398 751 407 3914 7191 7192 449 7193 7194 7195
3760 11 2 1 100 1321 4000 3985 4039 7168 7196 7197 7169 7198 7170
3761 11 2 1 100 1291 3886 1446 3944 7199 4312 1890 6820 4370 4565
3762 11 2 1 100 1112 1368 1513 3850 2252 2273 2272 6421 6307 5554
3763 11 2 1 100 1501 1022 1502 3953 1831 1828 1830 5747 5272 7200
3764 11 2 1 100 1192 3930 1202 4058 4683 7201 2666 6705 7202 6706
3765 11 2 1 100 1466 3877 1048 3960 7203 4902 1956 7204 4749 5101
3766 11 2 1 100 3901 4041 3921 4044 4301 6493 4148 7188 7205 7189
3767 11 2 1 100 1435 1463 3964 4028 1754 7206 5907 6652 5967 7207
3768 11 2 1 100 1247 3856 3930 3995 6613 6616 6614 6916 4663 7069
3769 11 2 1 100 3843 3799 3937 4046 5470 5471 5136 7208 7209 7210
3770 11 2 1 100 1314 1176 1054 4091 1984 1973 1982 5671 5824 5294
3771 11 2 1 100 876 891 4027 4072 934 7000 6877 6880 6882 7211
3772 11 2 1 100 3790 3843 3937 4046 5531 5136 5532 7212 7209 7208
3773 11 2 1 100 3858 3960 3844 4066 6569 4329 4244 6231 5803 7213
3774 11 2 1 100 1240 1287 1361 3864 2891 2894 2893 7214 4980 6830
3775 11 2 1 100 3859 4047 3814 4070 6576 6459 4896 4897 4879 6461
3776 11 2 1 100 3568 3880 3558 3928 6960 5722 3656 6961 5720 5721
3777 11 2 1 100 3445 3880 3455 3928 7102 6964 3542 6522 6965 5721
3778 11 2 1 100 1240 3864 1361 4002 7214 4980 2893 7215 4835 4981
3779 11 2 1 100 3790 4014 3851 4046 4666 5137 6993 7212 7216 7217
3780 11 2 1 100 1355 3872 1091 4093 7218 4514 2168 7219 6605 6241
3781 11 2 1 100 647 407 751 3914 7220 7192 7221 7222 7195 7194
3782 11 2 1 100 3188 3896 3173 3986 6293 6740 3297 7223 7224 7225
3783 11 2 1 100 1253 1252 4040 4089 2903 6474 7226 6750 6733 6751
3784 11 2 1 100 3833 3919 3831 3983 4944 4942 4742 6199 4125 6847
3785 11 2 1 100 1054 1053 3908 3959 1971 7227 5572 5822 6132 7228
3786 11 2 1 100 3911 3969 3798 3989 5096 5457 5998 4777 6762 5466
3787 11 2 1 100 3791 3831 3919 4088 4376 4942 4943 4381 7166 4379
3788 11 2 1 100 245 244 3907 4018 269 4264 5122 5203 4913 4912
3789 11 2 1 100 1397 3943 3832 4054 5528 5446 5527 6409 6408 5280
3790 11 2 1 100 1174 1182 1421 4057 2580 2583 2582 4621 5732 5731
3791 11 2 1 100 1153 1151 3918 4045 2465 7145 6648 6646 6647 7229
3792 11 2 1 100 1059 1399 1061 4110 2008 2007 2006 6203 7230 5298
3793 11 2 1 100 464 3879 475 3926 5795 6942 560 5796 6973 5484
3794 11 2 1 100 633 644 3879 3926 730 6940 5485 5480 5484 6971
3795 11 2 1 100 4042 4088 3791 4104 4464 4381 4462 6837 4456 6127
3796 11 2 1 100 642 3914 744 3926 7001 7231 7232 7002 7233 5479
3797 11 2 1 100 1200 1396 3887 3943 2710 6136 5010 5301 4499 6137
3798 11 2 1 100 804 809 3903 3955 860 7234 7094 7097 6321 7235
3799 11 2 1 100 3794 4036 3933 4042 5910 6875 7236 5514 6289 6086
3800 11 2 1 100 1459 3981 1100 3990 7237 6536 2211 7238 5895 6355
3801 11 2 1 100 1333 1125 1128 3875 2338 2335 2339 5420 7003 4247
3802 11 2 1 100 3937 3968 3799 4023 5787 4175 5471 7239 4178 4180
3803 11 2 1 100 1099 1109 1108 4065 2206 2205 2201 6700 7240 6928
3804 11 2 1 100 3800 3950 3836 4022 6579 4857 5044 5198 6365 4327
3805 11 2 1 100 1471 3938 1474 3946 7241 5548 2758 6876 5519 5549
3806 11 2 1 100 1402 3945 1429 4059 7058 7242 1815 6689 6782 5269
3807 11 2 1 100 1356 3969 1188 4051 6000 7243 2651 6886 7244 6887
3808 11 2 1 100 1283 1487 1529 3891 3057 3061 3059 6191 6564 6383
3809 11 2 1 100 3805 3889 3845 3972 5115 4808 5116 5261 5615 5614
3810 11 2 1 100 1526 3909 1476 3925 6929 7032 1928 6931 7105 6930
3811 11 2 1 100 1202 4058 1203 4086 7202 7245 2668 7246 7023 7247
3812 11 2 1 100 1338 1260 1437 3971 2976 2977 1688 4851 6845 6486
3813 11 2 1 100 1206 1444 1264 3930 2738 2740 2720 7180 7248 7249
3814 11 2 1 100 3857 3803 3970 4013 7250 5799 7251 7252 7253 5840
3815 11 2 1 100 1248 1206 3930 4049 2736 7180 6615 6275 6822 7254
3816 11 2 1 100 1212 1213 1214 4068 2550 2764 2763 5891 4655 6585
3817 11 2 1 100 1087 1105 3984 4063 2148 6214 6489 6547 5578 6237
3818 11 2 1 100 3188 3184 3194 3896 3210 3251 3298 6293 6742 4133
3819 11 2 1 100 1411 3830 3962 4096 6265 5985 6349 6606 5936 6481
3820 11 2 1 100 3185 3923 3190 4020 7147 7255 3305 5742 7256 6617
3821 11 2 1 100 1284 1478 1487 3855 3063 1896 3058 6998 6382 6425
3822 11 2 1 100 3807 4033 4009 4074 7044 6899 7257 7258 6902 6904
3823 11 2 1 100 1081 1082 1083 4063 2110 2116 2115 7015 5958 7259
3824 11 2 1 100 112 111 579 3866 114 624 625 4908 7028 4795
3825 11 2 1 100 106 578 105 3866 621 620 108 4909 4796 7026
3826 11 2 1 100 1503 3885 1499 3983 5610 6815 1906 6200 6816 5562
3827 11 2 1 100 3906 4025 3829 4034 6844 5559 6153 6157 6156 7103
3828 11 2 1 100 3870 3902 3809 4063 5005 5004 4672 6785 4273 5959
3829 11 2 1 100 3387 3727 3736 3916 7260 3752 7261 7262 7263 7264
3830 11 2 1 100 3945 4028 1429 4059 5965 6473 7242 5269 6782 6079
3831 11 2 1 100 1200 1395 1396 3943 2427 2711 2710 5301 6137 4792
3832 11 2 1 100 1057 1400 1059 3883 1998 1997 1996 4750 5830 5502
3833 11 2 1 100 1402 1019 1429 3945 1814 1816 1815 7058 7242 7265
3834 11 2 1 100 1204 3910 3865 4084 6502 4625 6503 7072 6995 4338
3835 11 2 1 100 233 1020 234 3954 1673 1672 258 4899 4844 4769
3836 11 2 1 100 742 408 752 3914 7266 7267 767 7268 7269 7270
3837 11 2 1 100 1394 3921 1427 4041 6680 5146 2233 6645 6619 6493
3838 11 2 1 100 1501 1245 1281 3878 2918 2745 2919 5746 6601 6793
3839 11 2 1 100 236 1015 3889 3987 1691 7271 6044 5150 6043 7272
3840 11 2 1 100 3863 3882 3802 4043 4527 5435 5691 5989 7273 5990
3841 11 2 1 100 1412 3962 3897 3965 5969 5873 5968 7274 5341 7039
3842 11 2 1 100 3815 4056 4027 4072 7275 6878 7276 7277 6882 6881
3843 11 2 1 100 1420 1270 1271 4085 3012 3007 3013 6457 5429 4388
3844 11 2 1 100 3828 3965 1096 4081 5297 5839 5829 4614 6527 5366
3845 11 2 1 100 3891 3996 1283 4109 5885 7278 6191 6195 6194 7279
3846 11 2 1 100 1351 3899 1457 4049 5550 7280 2930 6108 7281 5310
3847 11 2 1 100 1060 1329 1058 3999 2003 2002 2000 6843 5401 6825
3848 11 2 1 100 3185 3175 3190 3923 3304 3273 3305 7147 7255 7282
3849 11 2 1 100 3874 3875 3838 4100 4283 4113 5946 5168 5077 5079
3850 11 2 1 100 875 3894 4009 4012 5898 6901 7283 6860 7284 6859
3851 11 2 1 100 1084 3900 1431 4006 6596 7111 2132 6358 6975 5053
3852 11 2 1 100 1060 3999 3883 4110 6843 5402 6842 7285 5300 7286
3853 11 2 1 100 3874 3941 1380 4101 4864 5901 5928 6801 7287 6583
3854 11 2 1 100 1526 3925 1280 4107 6931 7288 3049 6932 7289 6730
3855 11 2 1 100 1413 1203 1417 3900 2723 2725 2724 6766 4640 7022
3856 11 2 1 100 3830 3936 4071 4103 4548 5689 5687 6255 7290 7291
3857 11 2 1 100 1054 1053 1055 3908 1971 1976 1975 5572 5956 7227
3858 11 2 1 100 3888 3975 3970 4075 6360 6051 7292 6926 7293 6623
3859 11 2 1 100 3667 3672 3904 3957 3724 7294 7106 7109 6250 7295
3860 11 2 1 100 1272 3992 3893 4005 4239 4238 4213 7296 5783 5565
3861 11 2 1 100 3828 3872 3956 4060 4612 7297 4735 4883 4882 5118
3862 11 2 1 100 1080 1104 1082 3901 2113 2112 2111 4929 5363 6567
3863 11 2 1 100 3840 3898 3801 3990 4982 5546 4351 4949 4948 5896
3864 11 2 1 100 1185 1198 1374 3922 2637 2639 2284 6966 6466 6010
3865 11 2 1 100 1143 1178 1096 3965 2191 2190 2182 5295 5839 6181
3866 11 2 1 100 1298 3863 1297 4091 7298 4747 2590 7299 5202 4780
3867 11 2 1 100 3795 3908 3841 3946 4255 4582 4581 5676 5213 5305
3868 11 2 1 100 1258 3975 1306 4075 6621 6429 2971 6622 6925 6623
3869 11 2 1 100 1210 1471 1474 3946 2757 2758 2756 5211 5519 6876
3870 11 2 1 100 3906 3932 1102 4097 6558 6555 6556 7175 7174 7300
3871 11 2 1 100 1408 1148 1407 3920 2451 2452 2454 5590 6239 4487
3872 11 2 1 100 1167 1168 1147 4068 2446 2445 2440 5866 6462 6858
3873 11 2 1 100 1511 3948 3851 4005 5248 4722 5249 7301 4589 4724
3874 11 2 1 100 3902 4063 3870 4081 5959 6785 5005 4620 5365 5962
3875 11 2 1 100 1193 1257 3852 4052 2625 7116 5417 5454 4888 7117
3876 11 2 1 100 3798 3911 3846 3969 5998 5357 4987 5457 5358 5096
3877 11 2 1 100 3854 3907 3827 3964 5905 5121 4946 5908 5124 5126
3878 11 2 1 100 3855 3837 3996 4109 4425 6067 6460 6193 7279 6986
3879 11 2 1 100 1204 1260 1197 3865 2698 2697 2640 6503 5325 6018
3880 11 2 1 100 1215 3996 3837 4109 6839 6067 6588 7302 6986 7279
3881 11 2 1 100 1515 4020 1300 4038 7132 6703 1858 7134 7303 5995
3882 11 2 1 100 4031 4089 1525 4108 5984 7304 6089 6179 6178 7305
3883 11 2 1 100 1015 237 236 3889 1690 261 1691 7271 6044 6594
3884 11 2 1 100 3837 3996 1217 4030 6067 6838 6509 6128 6540 5919
3885 11 2 1 100 1271 1269 1499 3885 3008 3010 3009 5428 6815 4866
3886 11 2 1 100 3870 3897 3793 3965 4207 6017 4951 5340 5924 5341
3887 11 2 1 100 3811 3892 3855 4019 4436 4405 5367 4366 6715 4939
3888 11 2 1 100 14 4073 4009 4074 7306 7307 7308 7309 6902 7310
3889 11 2 1 100 3173 3896 1454 3986 6740 6741 6739 7224 7311 7225
3890 11 2 1 100 3387 3736 3571 3916 7261 7312 7313 7262 7314 7263
3891 11 2 1 100 1435 246 245 3964 1744 270 1745 5907 5125 7315
3892 11 2 1 100 1520 1512 3912 3961 1934 7316 5407 5408 5188 7317
3893 11 2 1 100 1157 1192 1191 3861 2498 2497 2496 4914 7318 4682
3894 11 2 1 100 3732 3916 3729 3928 6014 7184 3782 6015 7185 5727
3895 11 2 1 100 1343 1342 1344 4005 3110 1689 3125 6939 5564 6496
3896 11 2 1 100 1193 1257 1258 3852 2625 2676 2675 5417 6620 7116
3897 11 2 1 100 1370 1086 1067 4061 2049 2038 2047 4488 4490 6923
3898 11 2 1 100 1385 1180 1414 3965 2194 2611 2610 5516 5339 7187
3899 11 2 1 100 1348 3856 3995 4094 7010 7069 7068 7158 7319 5276
3900 11 2 1 100 1045 3997 251 4043 6296 7065 1781 6297 7066 6298
3901 11 2 1 100 1150 1151 1376 3918 2430 2461 2460 5848 5850 7145
3902 11 2 1 100 3886 3944 1291 4083 4565 6820 7199 5567 6821 5808
3903 11 2 1 100 1215 3837 3976 4109 6588 4427 6589 7302 6950 6986
3904 11 2 1 100 3869 4017 3834 4062 6535 4394 4968 7320 6378 6377
3905 11 2 1 100 3991 4033 3807 4074 7321 7044 7322 6055 7258 6904
3906 11 2 1 100 746 3926 474 3967 7323 7324 7325 7326 7327 7328
3907 11 2 1 100 1257 1426 1258 3852 2965 2964 2676 7116 6620 4803
3908 11 2 1 100 3865 3971 3843 4076 4852 4845 4849 6076 7114 7113
3909 11 2 1 100 3813 3968 3937 4023 4305 5787 5112 4572 7239 4180
3910 11 2 1 100 1157 3861 1191 4086 4914 7318 2496 6776 7329 6505
3911 11 2 1 100 3868 3991 3846 4057 5473 5737 4461 6359 5584 5739
3912 11 2 1 100 3858 3960 3808 4089 6569 6159 5925 6071 6070 5793
3913 11 2 1 100 3575 3557 3566 3880 3649 3653 3637 6856 6636 7139
3914 11 2 1 100 3462 3453 3444 3880 3524 3541 3535 6854 7084 6637
3915 11 2 1 100 3857 4013 3970 4056 7252 7253 7251 7330 7331 6259
3916 11 2 1 100 1172 3862 1477 3948 5976 5923 2543 5949 5831 5575
3917 11 2 1 100 1250 3974 3881 4064 5883 5020 5640 7332 5489 5201
3918 11 2 1 100 143 144 151 3857 146 7333 7334 7335 7336 7337
3919 11 2 1 100 3676 3572 3734 3963 7338 7339 7340 7341 7342 7343
3920 11 2 1 100 1234 1236 1445 3886 2864 2867 2866 5870 6338 5504
3921 11 2 1 100 3812 4061 3898 4106 4489 4644 4308 6598 5586 6045
3922 11 2 1 100 1412 1178 3962 3965 2601 7038 5969 7274 7039 6181
3923 11 2 1 100 1097 1095 1093 3989 2177 2176 2178 7143 7179 7344
3924 11 2 1 100 1163 1162 1153 4045 2477 2476 2478 4556 6646 4670
3925 11 2 1 100 744 3914 747 3926 7231 6082 797 7233 6085 5479
3926 11 2 1 100 1065 3898 1067 4061 6777 4309 2035 7345 4490 4644
3927 11 2 1 100 1497 1306 3888 4075 1909 6428 7346 7347 6926 6925
3928 11 2 1 100 3856 4088 3835 4104 6125 6434 6779 6126 6781 6127
3929 11 2 1 100 1065 1066 1067 3898 2030 2036 2035 6777 4309 6778
3930 11 2 1 100 478 752 408 3914 7348 7267 7349 7350 7270 7269
3931 11 2 1 100 1045 252 251 3997 1780 276 1781 6296 7065 7351
3932 11 2 1 100 1530 4024 3891 4053 6721 5888 6719 7352 6286 7353
3933 11 2 1 100 3833 4017 3869 4062 6534 6535 4170 5375 7320 6377
3934 11 2 1 100 1140 1347 3966 3995 2402 4745 6888 6889 4746 4661
3935 11 2 1 100 3810 4004 3936 4087 5184 5185 4810 5451 5736 5452
3936 11 2 1 100 3829 4034 3856 4088 6156 7354 6123 6124 6125 7355
3937 11 2 1 100 1495 3881 1354 4018 7356 7357 3144 7358 6731 7359
3938 11 2 1 100 1035 3985 3844 4039 6717 4243 6235 6612 5594 7198
3939 11 2 1 100 1382 1129 3934 4100 2357 7360 6513 6515 6516 7361
3940 11 2 1 100 3950 3976 1216 4068 6102 6101 6099 5867 7362 4657
3941 11 2 1 100 1412 3897 1180 3965 5968 7186 2600 7274 7187 5341
3942 11 2 1 100 3970 4013 3803 4056 7253 5840 5799 7331 7363 6259
3943 11 2 1 100 481 472 465 3879 544 563 564 6849 7163 6726
3944 11 2 1 100 634 641 650 3879 731 713 734 7146 6851 6727
3945 11 2 1 100 1349 1248 1247 3856 2924 2737 2925 5238 6613 6274
3946 11 2 1 100 1274 3858 1273 3960 6571 7073 2956 6570 5791 6569
3947 11 2 1 100 3813 3979 3852 4052 4931 4738 5948 6478 4888 5455
3948 11 2 1 100 1224 1222 1223 3972 2810 2806 2811 5674 6164 4753
3949 11 2 1 100 1342 234 235 3971 1680 259 1681 5373 7364 4847
3950 11 2 1 100 896 892 875 3894 994 938 992 4975 5898 7365
3951 11 2 1 100 1161 3918 1151 4045 7366 7145 2467 7367 7229 6647
3952 11 2 1 100 3803 3994 3888 4013 4903 5713 6361 5840 5716 5657
3953 11 2 1 100 1371 3853 1062 4110 5616 6994 2020 7368 7369 6808
3954 11 2 1 100 1227 3998 3978 4097 7370 4509 7371 7372 7373 7374
3955 11 2 1 100 286 280 285 3859 7375 7376 288 7377 7378 7379
3956 11 2 1 100 3803 3844 3960 4066 5801 4329 4153 5802 7213 5803
3957 11 2 1 100 3943 3823 4014 4054 4324 4270 4325 5280 6807 5048
3958 11 2 1 100 3795 3895 3853 3999 5068 4470 4958 6446 5992 5994
3959 11 2 1 100 3817 3933 3886 4036 6288 7380 4311 5912 7381 6875
3960 11 2 1 100 3801 3886 3933 4036 6201 7380 5545 5762 6875 7381
3961 11 2 1 100 1492 4073 4074 4095 7382 7310 7383 7384 7385 7036
3962 11 2 1 100 1184 3974 1250 4064 7386 5883 2632 7387 7332 5201
3963 11 2 1 100 4042 4104 3812 4106 6837 6090 7388 6804 6598 6803
3964 11 2 1 100 3790 3843 4046 4076 5531 7208 7212 6305 7389 7114
3965 11 2 1 100 1149 1133 1135 3947 2377 2375 2378 5378 4332 7141
3966 11 2 1 100 1153 1161 1151 4045 2468 2467 2465 6646 7229 7367
3967 11 2 1 100 1427 1418 1104 3901 2234 2231 2232 5145 6567 4241
3968 11 2 1 100 4008 4046 4014 4060 7390 7217 7391 7014 4884 7392
3969 11 2 1 100 1193 1310 3931 4075 2513 7142 5416 6681 6405 7393
3970 11 2 1 100 1076 1103 1078 3867 2093 2092 2091 5952 7394 5951
3971 11 2 1 100 1235 1237 1236 4037 2870 2869 2865 5180 5505 6774
3972 11 2 1 100 3803 3877 4012 4066 4901 6990 7395 5802 7396 7397
3973 11 2 1 100 1379 1124 1380 3874 2333 2322 2334 6813 5928 4350
3974 11 2 1 100 1267 1265 1502 4001 2990 2992 2991 4554 5274 5756
3975 11 2 1 100 3829 4017 4034 4088 4688 6184 6156 6124 7355 7398
3976 11 2 1 100 1060 1058 1059 3883 2000 1995 2001 6842 5830 5315
3977 11 2 1 100 1231 1230 1229 3869 2842 2839 2843 5342 7399 6362
3978 11 2 1 100 1235 3981 1459 3990 5179 7237 2872 6356 7238 6355
3979 11 2 1 100 1100 1389 1066 3898 2044 2043 2032 5645 6778 5772
3980 11 2 1 100 3842 4050 3931 4107 5075 5076 4693 6688 6687 7400
3981 11 2 1 100 1136 3995 3873 4094 7401 4219 6708 6644 6709 7319
3982 11 2 1 100 3797 3848 3978 4098 7050 4507 7402 6678 7403 7051
3983 11 2 1 100 3174 1486 3193 4038 7404 7405 3261 7406 7407 7408
3984 11 2 1 100 3801 3990 3981 4037 4948 6355 5547 6202 5181 6357
3985 11 2 1 100 1090 1088 1087 3902 2145 2126 2146 6141 6488 6062
3986 11 2 1 100 3805 3901 3921 4044 4143 4148 4146 6226 7205 7188
3987 11 2 1 100 811 750 802 3967 7128 7409 853 7129 7410 7130
3988 11 2 1 100 3567 3928 3731 3963 7411 7412 7413 7414 7415 7416
3989 11 2 1 100 1150 1144 1151 3918 2418 2431 2430 5848 7145 7076
3990 11 2 1 100 1222 1207 1221 4090 2741 2731 2742 4474 4476 7120
3991 11 2 1 100 3870 3897 3824 4080 4207 4205 4202 5633 6279 6281
3992 11 2 1 100 3793 3897 3870 4080 6017 4207 4951 5662 5633 6281
3993 11 2 1 100 1058 1057 1059 3883 1991 1996 1995 5315 5830 4750
3994 11 2 1 100 3824 4044 3901 4080 6634 7188 4287 6279 6172 7417
3995 11 2 1 100 1087 3902 1088 4063 6488 6062 2126 6547 6244 5959
3996 11 2 1 100 876 4056 4027 4092 6879 6878 6877 6946 6948 7418
3997 11 2 1 100 1023 234 1342 3954 1675 1680 1683 7008 5372 4844
3998 11 2 1 100 1053 3908 3959 4059 7227 6132 7228 7419 5270 5286
3999 11 2 1 100 1027 1300 1301 4038 1857 1856 1855 7420 6435 7303
4000 11 2 1 100 3871 3887 3823 4087 4224 4225 4119 5735 6151 6369
4001 11 2 1 100 3793 3887 3871 4087 6008 4224 5030 5764 5735 6369
4002 11 2 1 100 1202 1203 1191 4086 2668 2667 2665 7246 7329 7023
4003 11 2 1 100 1262 1201 3887 3962 2707 7046 4631 5605 5608 7047
4004 11 2 1 100 1440 3876 240 3953 7421 7422 1710 7423 7424 7425
4005 11 2 1 100 3445 3916 3447 3988 6521 7426 3529 7427 7428 5728
4006 11 2 1 100 1511 3851 1343 4005 5249 6938 3111 7301 6939 4589
4007 11 2 1 100 1405 1382 1131 3974 2369 2358 2367 5681 6542 6548
4008 11 2 1 100 3846 3807 3991 4033 6953 7322 5737 5236 7321 7044
4009 11 2 1 100 1358 3890 3973 4011 6682 6897 7009 6683 4521 6149
4010 11 2 1 100 1343 1511 1319 3851 3111 3108 3109 6938 5622 5249
4011 11 2 1 100 1186 3922 1113 4084 7429 6723 2278 7430 7431 6997
4012 11 2 1 100 1381 1380 3941 4101 2605 5901 4960 5777 6583 7287
4013 11 2 1 100 632 3914 633 3980 7432 5478 715 7433 5481 5483
4014 11 2 1 100 1233 1462 1235 3981 2863 2862 2861 5864 5179 6507
4015 11 2 1 100 1355 1097 1093 3872 2179 2178 2167 7218 5400 7177
4016 11 2 1 100 3821 4058 4006 4069 6893 6977 7434 6895 7029 6761
4017 11 2 1 100 3827 3838 3913 4064 5022 4158 5409 5199 5413 5200
4018 11 2 1 100 1304 3938 1513 3961 6334 6657 3093 6335 6308 4991
4019 11 2 1 100 3856 3835 4088 4094 6779 6434 6125 5276 7435 4348
4020 11 2 1 100 1414 1413 1417 3897 2614 2724 3130 4398 4639 6767
4021 11 2 1 100 3871 3887 3793 3962 4224 6008 5030 5607 5986 5608
4022 11 2 1 100 1220 1240 4002 4030 2802 7215 6501 6539 6743 7436
4023 11 2 1 100 1184 1249 1250 3974 2557 2633 2632 7386 5883 6868
4024 11 2 1 100 1211 3925 1243 4095 5700 5744 2655 5701 7437 5702
4025 11 2 1 100 1319 1318 3954 4000 1835 7438 6531 5623 6532 7167
4026 11 2 1 100 1382 3934 1131 3974 6513 6563 2358 6548 6542 6549
4027 11 2 1 100 1429 3945 1019 4028 7242 7265 1816 6473 7439 5965
4028 11 2 1 100 1080 1104 3901 4041 2113 6567 4929 4930 4301 6568
4029 11 2 1 100 1186 1185 1113 3922 2277 2276 2278 7429 6723 6966
4030 11 2 1 100 3794 3835 3947 4042 6771 4346 6364 5514 6471 5718
4031 11 2 1 100 1186 1197 3922 4084 2636 5326 7429 7430 6997 6996
4032 11 2 1 100 1249 1405 1410 3974 2933 2457 2932 6868 5019 5681
4033 11 2 1 100 1170 1357 1132 3890 2374 2373 2362 6790 5105 4999
4034 11 2 1 100 3851 3948 3862 4014 4722 5575 5576 5137 7440 5245
4035 11 2 1 100 3954 4000 1318 4039 6532 7167 7438 5759 7171 7170
4036 11 2 1 100 3897 3900 3830 4086 4454 4858 5259 5877 6418 6769
4037 11 2 1 100 1355 1093 1091 3872 2167 2166 2168 7218 4514 5400
4038 11 2 1 100 3808 3894 4009 4033 7441 6901 7442 5927 6899 6900
4039 11 2 1 100 4012 4013 3803 4066 6992 5840 7395 7396 5802 7443
4040 11 2 1 100 3806 3859 4047 4082 6577 6576 5980 4998 5560 7444
4041 11 2 1 100 1388 1139 1141 3966 2407 2405 2408 5819 5821 4873
4042 11 2 1 100 3842 3905 3798 3969 4368 4369 4303 5458 5457 6292
4043 11 2 1 100 1102 1452 1390 3906 2223 2222 2084 6556 5999 7172
4044 11 2 1 100 1289 3972 1224 4021 7445 5674 2822 6735 6924 6695
4045 11 2 1 100 3821 4025 3906 4034 6894 6844 6574 6037 6157 7103
4046 11 2 1 100 1181 1327 1278 3868 2577 2619 2618 7070 5472 7024
4047 11 2 1 100 14 4072 4009 4073 7446 7447 7308 7306 7307 7448
4048 11 2 1 100 3812 3933 4042 4106 5193 6289 7388 6598 6804 7060
4049 11 2 1 100 1312 3888 894 4092 7449 7450 7451 7452 7453 7454
4050 11 2 1 100 3811 3841 3959 4099 4580 5823 4365 5442 6271 5443
4051 11 2 1 100 1351 1457 1248 4049 2930 2929 2927 6108 6275 7281
4052 11 2 1 100 250 3882 1049 4029 7455 7456 1775 7457 7458 6389
4053 11 2 1 100 3853 3941 3825 4111 4472 4416 4467 4466 4597 6823
4054 11 2 1 100 3853 3883 3795 3999 4136 4957 4958 5992 6446 5402
4055 11 2 1 100 1235 1459 1237 3990 2872 2871 2870 6356 6773 7238
4056 11 2 1 100 1231 3869 1229 4097 5342 7399 2843 7459 7460 7461
4057 11 2 1 100 1317 3954 1318 4039 7462 7438 1833 7463 7171 5759
4058 11 2 1 100 3802 4029 3997 4043 6400 6282 6987 7273 6298 7067
4059 11 2 1 100 1245 1208 1281 3993 2691 2746 2745 6792 6602 4194
4060 11 2 1 100 3453 3860 3452 3957 6911 5371 3523 6684 6020 6019
4061 11 2 1 100 3566 3565 3860 3957 3635 5264 6912 6685 6019 6021
4062 11 2 1 100 3671 3904 3562 3963 7464 7465 7466 7467 7468 7469
4063 11 2 1 100 898 3894 1043 4074 7470 7471 7472 7473 7474 6903
4064 11 2 1 100 471 472 3866 3955 543 6979 5392 6024 6023 6764
4065 11 2 1 100 641 640 3866 3955 711 5395 6981 6765 6023 6028
4066 11 2 1 100 1341 1069 1071 3927 2057 2055 2058 5775 4837 5134
4067 11 2 1 100 3843 4067 3865 4076 5205 6702 4849 7114 6076 7031
4068 11 2 1 100 1076 3867 1078 4069 5952 7394 2091 6161 7475 6162
4069 11 2 1 100 1228 3998 1227 4097 6867 7370 2829 7476 7372 7374
4070 11 2 1 100 3892 3950 3800 3976 4856 6579 4919 4406 5104 6102
4071 11 2 1 100 14 13 4072 4073 140 7477 7446 7306 7448 7478
4072 11 2 1 100 3851 4014 3862 4046 5137 7440 5576 7216 7479 7217
4073 11 2 1 100 1201 1178 1200 3887 2602 2425 2603 7046 5010 6180
4074 11 2 1 100 3855 3811 4019 4099 5367 4366 6715 6139 7480 5442
4075 11 2 1 100 461 3951 465 3980 7481 7164 548 7482 7483 7125
4076 11 2 1 100 1097 3872 1355 4051 7177 7218 2179 7078 7484 6373
4077 11 2 1 100 1282 1530 1464 4024 3053 1918 3056 6720 7485 6721
4078 11 2 1 100 807 3903 637 3967 7486 7487 7488 7489 7490 7491
4079 11 2 1 100 3803 3970 3888 3975 5799 7292 6361 4156 6360 6051
4080 11 2 1 100 3930 4025 3821 4034 6898 6894 5974 6038 6037 7103
4081 11 2 1 100 1203 4058 3900 4086 7245 7112 7022 7023 6769 7247
4082 11 2 1 100 881 888 1024 4073 912 7492 7493 7494 7495 7496
4083 11 2 1 100 3185 3190 3180 4020 3305 3270 3291 5742 5741 7256
4084 11 2 1 100 1181 1327 3868 4057 2577 7024 7070 7071 6359 6168
4085 11 2 1 100 3808 3960 3858 4066 6159 6569 5925 6629 6231 7213
4086 11 2 1 100 1310 1311 3931 4075 2972 6403 7142 7393 6405 6404
4087 11 2 1 100 3851 4046 3843 4076 7216 7208 6333 4592 7114 7389
4088 11 2 1 100 3557 3949 3554 3988 7140 7497 3639 7498 7499 7086
4089 11 2 1 100 3864 4002 1240 4030 4981 7215 7214 6978 7436 6743
4090 11 2 1 100 3857 4013 4012 4066 7252 6992 7500 7501 7396 7443
4091 11 2 1 100 3564 3552 3574 3928 3623 3629 3628 6016 6519 7502
4092 11 2 1 100 3461 3439 3451 3928 3515 3510 3516 6523 6968 7503
4093 11 2 1 100 1225 1223 1428 3921 2816 2818 2817 4615 4573 5618
4094 11 2 1 100 1212 3917 1333 4068 5890 5421 2449 5891 7176 4656
4095 11 2 1 100 1109 3895 1118 4065 6302 4595 2251 6928 4829 4828
4096 11 2 1 100 3805 3901 4044 4080 4143 7188 6226 6233 7417 6172
4097 11 2 1 100 3801 3854 3990 4037 4352 4950 4948 6202 6357 6329
4098 11 2 1 100 3855 4019 3882 4099 6715 4424 6138 6139 5436 7480
4099 11 2 1 100 1229 3869 1230 4097 7399 6362 2839 7460 7504 7461
4100 11 2 1 100 3189 1039 3176 4053 7505 7506 3236 7507 7508 7509
4101 11 2 1 100 3869 3944 3833 4062 4316 4317 4170 7320 5375 6058
4102 11 2 1 100 3192 3171 3986 4024 3289 7510 7511 7512 7513 7514
4103 11 2 1 100 1526 1476 1280 3925 1928 2910 3049 6931 7288 7105
4104 11 2 1 100 642 628 651 3926 689 705 704 7002 6656 7515
4105 11 2 1 100 482 459 473 3926 535 510 536 6654 6084 7516
4106 11 2 1 100 1377 1407 3920 4001 2997 6239 6238 5303 4278 7517
4107 11 2 1 100 1049 4029 3882 4043 7458 6389 7456 7518 5990 7067
4108 11 2 1 100 3459 3675 3735 3963 7519 7520 7521 7522 7523 7524
4109 11 2 1 100 237 3889 1482 3992 6594 6871 1698 6595 7525 5448
4110 11 2 1 100 1163 1153 1340 3871 2478 2470 2479 4118 4841 6662
4111 11 2 1 100 1484 901 883 4031 6983 954 7526 6984 6232 4978
4112 11 2 1 100 1127 1294 1360 3917 2347 2348 2329 5055 7006 7048
4113 11 2 1 100 1157 1191 1158 4086 2496 2495 2423 6776 6417 7329
4114 11 2 1 100 4014 4046 3790 4060 7217 7212 4666 4884 4916 7392
4115 11 2 1 100 1214 1213 1215 3976 2764 2768 2767 4532 6589 6584
4116 11 2 1 100 3676 3734 3665 3963 7340 7527 3715 7341 7528 7342
4117 11 2 1 100 3891 3802 3997 4053 6988 6987 6284 6286 6285 7529
4118 11 2 1 100 1081 1083 1346 3870 2115 2118 2117 4284 4842 6784
4119 11 2 1 100 1496 3986 3896 4030 7530 7225 7531 7532 7533 6106
4120 11 2 1 100 1319 1318 1023 3954 1835 1834 1836 6531 7008 7438
4121 11 2 1 100 1354 4018 3881 4085 6731 7359 7357 6732 5530 5506
4122 11 2 1 100 1031 3882 250 4019 4423 7455 1768 4357 7534 4424
4123 11 2 1 100 1390 3906 1452 3978 5999 7172 2222 6212 7535 7536
4124 11 2 1 100 1372 1419 1398 3958 2142 3166 3165 7537 4993 4938
4125 11 2 1 100 1305 230 1046 3975 1655 1648 1658 7538 6313 4155
4126 11 2 1 100 1346 3870 1083 4081 4842 6784 2118 5588 5961 5365
4127 11 2 1 100 1053 1055 3908 4059 1976 5956 7227 7419 5286 5957
4128 11 2 1 100 3841 3938 3850 3946 5225 4989 4756 5213 5677 5549
4129 11 2 1 100 1463 247 3964 4028 1750 5784 7206 7207 5967 5966
4130 11 2 1 100 3891 3996 3816 4024 5885 5915 7539 5888 6438 5889
4131 11 2 1 100 1376 3918 1161 4078 5850 7366 2469 5164 7540 6057
4132 11 2 1 100 3982 3997 22 4032 7541 6737 7542 7543 6896 5863
4133 11 2 1 100 1223 1221 1427 3921 2807 2809 2808 5618 5146 4147
4134 11 2 1 100 3873 4088 3835 4094 4430 6434 5432 6709 4348 7435
4135 11 2 1 100 4006 4058 3821 4077 6977 6893 7434 7544 6575 7545
4136 11 2 1 100 3817 3886 3907 4036 4311 4313 4266 5912 6627 7381
4137 11 2 1 100 892 3894 898 4074 7365 7470 1002 7546 7473 6903
4138 11 2 1 100 1376 1151 1161 3918 2461 2467 2469 5850 7366 7145
4139 11 2 1 100 3801 3933 3940 4036 5545 7059 4353 5762 5509 6875
4140 11 2 1 100 3886 3933 3817 4062 7380 6288 4311 7547 5028 6348
4141 11 2 1 100 1113 1185 1114 3922 2276 2275 2241 6723 6268 6966
4142 11 2 1 100 1145 3956 1373 3989 6306 7041 2189 5190 7548 5323
4143 11 2 1 100 3906 1452 3978 4097 7172 7535 7536 7175 7373 7173
4144 11 2 1 100 1014 3876 1439 3998 4562 5552 1789 4563 5553 4496
4145 11 2 1 100 1379 3874 1380 4101 6813 5928 2334 6814 7287 6801
4146 11 2 1 100 1230 3869 1231 4083 6362 5342 2842 7549 5430 4869
4147 11 2 1 100 1193 3852 1258 4075 5417 6620 2675 6681 6622 6624
4148 11 2 1 100 1298 1297 1176 4091 2590 1974 2591 7299 5294 5202
4149 11 2 1 100 250 1034 4019 4029 1771 6716 7534 7457 7093 7092
4150 11 2 1 100 3923 3997 3802 4032 5859 6987 6955 5862 6956 5863
4151 11 2 1 100 3557 3880 3949 3988 7139 6855 7140 7498 7086 5724
4152 11 2 1 100 1337 3905 1356 4051 7550 6117 2654 7551 6886 6374
4153 11 2 1 100 1109 1119 1118 3895 2256 2255 2251 6302 4595 4232
4154 11 2 1 100 3894 4033 3808 4108 6900 5927 7441 6177 7552 7553
4155 11 2 1 100 1057 1058 1056 3908 1991 1990 1985 4751 5304 5314
4156 11 2 1 100 3190 3923 1038 4020 7255 7554 7555 7256 7556 6617
4157 11 2 1 100 151 150 143 3857 153 7557 7334 7336 7335 7558
4158 11 2 1 100 3733 3552 3564 3928 7559 3623 7018 7019 6016 7502
4159 11 2 1 100 1047 251 3997 4029 1782 7065 6367 6366 6282 7064
4160 11 2 1 100 1327 1491 1278 3991 3042 3041 2619 6167 5474 6053
4161 11 2 1 100 3851 3862 4000 4046 5576 5577 5250 7216 7560 7479
4162 11 2 1 100 1387 1149 1135 4035 2389 2378 2387 6763 4719 5379
4163 11 2 1 100 3801 3907 3886 4036 6630 4313 6201 5762 7381 6627
4164 11 2 1 100 1292 3907 1445 4037 6610 6339 1800 6611 7055 6328
4165 11 2 1 100 1154 1107 3911 3989 2248 5093 5856 7561 4777 5465
4166 11 2 1 100 1374 4003 1406 4052 6217 7562 2629 6218 7563 6219
4167 11 2 1 100 465 3951 3879 3980 7164 6850 7163 7483 5486 7125
4168 11 2 1 100 1186 1197 1185 3922 2636 2635 2277 7429 6966 5326
4169 11 2 1 100 1486 3912 3193 4038 7564 7565 7405 7408 7407 5438
4170 11 2 1 100 3175 1038 3190 3923 7566 7555 3273 7282 7255 7554
4171 11 2 1 100 3796 3920 3847 3966 5007 5008 4962 5805 5820 4874
4172 11 2 1 100 1098 1329 3999 4065 2014 6825 7567 7568 6701 7569
4173 11 2 1 100 3847 4071 3789 4103 5223 5228 5226 6042 6352 7290
4174 11 2 1 100 302 301 295 3860 304 7570 4725 4727 4729 4647
4175 11 2 1 100 301 294 295 3860 4645 297 7570 4647 4729 4646
4176 11 2 1 100 630 3951 405 3980 7122 7571 7572 7124 7573 7125
4177 11 2 1 100 3946 3999 1329 4065 5403 6825 6824 6748 7569 6701
4178 11 2 1 100 3803 4012 3877 4013 7395 6990 4901 5840 5600 6992
4179 11 2 1 100 1167 1386 1168 3950 2546 2545 2446 4115 6857 6112
4180 11 2 1 100 1482 3992 3889 3993 7525 5448 6871 6872 5841 4240
4181 11 2 1 100 1444 3930 1206 4049 7249 7180 2738 7574 7254 6822
4182 11 2 1 100 1340 3871 1153 4096 4841 6662 2470 6098 6649 5935
4183 11 2 1 100 473 459 748 3926 510 7575 7061 6084 7062 7516
4184 11 2 1 100 3789 4071 3936 4103 5228 5689 6243 6352 7291 7290
4185 11 2 1 100 3814 3863 4020 4091 7016 6805 4925 5497 5496 4780
4186 11 2 1 100 1367 1366 1364 3942 3158 3157 3159 5491 5798 6276
4187 11 2 1 100 1097 3989 3872 4051 7143 7178 7177 7078 6373 7144
4188 11 2 1 100 1371 3958 3853 4110 5666 5667 5616 7368 6808 6208
4189 11 2 1 100 1246 3878 1265 4001 6985 5755 2915 5230 5756 5143
4190 11 2 1 100 3799 3954 3884 4039 6722 4771 5469 7576 5596 5759
4191 11 2 1 100 3973 4011 3890 4106 4521 6149 6897 7577 6752 6599
4192 11 2 1 100 3379 3737 3727 3916 7181 3753 7578 7182 7264 7155
4193 11 2 1 100 3843 3922 3865 4067 5042 5043 4849 5205 6702 5206
4194 11 2 1 100 3385 3949 3441 3988 7579 7088 7580 7581 7089 7086
4195 11 2 1 100 3451 3439 3729 3928 3510 7582 7183 6968 7185 7503
4196 11 2 1 100 742 751 398 3914 768 7191 7583 7268 7193 7195
4197 11 2 1 100 3808 4009 3857 4033 7442 7584 7585 5927 7586 6899
4198 11 2 1 100 3187 4038 3912 4070 5842 5438 7587 6512 4568 6336
4199 11 2 1 100 280 279 285 3859 282 7588 7376 7379 7378 7589
4200 11 2 1 100 900 899 229 3994 931 7590 7591 6415 7592 7593
4201 11 2 1 100 1116 1183 1160 3979 2293 2292 2291 6003 5683 6133
4202 11 2 1 100 1435 1293 1463 4028 3073 3076 1754 6652 7207 6229
4203 11 2 1 100 232 3884 1315 4039 5592 5415 1667 5595 6957 5596
4204 11 2 1 100 3838 3974 3794 4105 5026 5024 5021 5063 5062 7594
4205 11 2 1 100 3190 1515 3180 4020 7595 7133 3270 7256 5741 7132
4206 11 2 1 100 1516 3923 3863 4020 7148 6806 7149 7596 6805 6617
4207 11 2 1 100 1230 1231 1232 4083 2842 2847 2846 7549 7597 5430
4208 11 2 1 100 1273 1455 1519 4031 3025 1922 3024 5982 6659 7598
4209 11 2 1 100 1528 1476 4073 4095 3040 7034 7599 7600 7036 7035
4210 11 2 1 100 3729 3439 3728 3928 7582 7601 3759 7185 7602 7503
4211 11 2 1 100 3935 4004 3793 4080 4643 7603 4953 5634 5662 6030
4212 11 2 1 100 1286 1287 3864 3896 2892 6830 7604 7605 4343 7606
4213 11 2 1 100 1166 1172 1477 3948 2540 2543 2542 5938 5831 5949
4214 11 2 1 100 3842 3925 4050 4107 6550 6551 5075 6688 7400 6730
4215 11 2 1 100 1121 1156 1119 4015 2308 2307 2305 6586 4708 4707
4216 11 2 1 100 1212 1332 1333 3917 2765 2349 2449 5890 5421 5837
4217 11 2 1 100 3799 3884 4023 4039 5469 6240 4178 7576 7607 5596
4218 11 2 1 100 3843 3954 3799 4046 4770 6722 5470 7208 7210 7608
4219 11 2 1 100 1135 1136 1137 3873 2380 2386 2385 4718 4409 6708
4220 11 2 1 100 250 4019 3882 4029 7534 4424 7455 7457 6389 7093
4221 11 2 1 100 642 744 628 3926 7232 7609 689 7002 7515 7233
4222 11 2 1 100 1512 1367 3912 3961 3163 5833 7316 7317 5188 5511
4223 11 2 1 100 3444 3880 3445 3988 7084 7102 3528 7085 7427 5724
4224 11 2 1 100 1022 1502 3953 4079 1828 5272 7200 7610 6092 6091
4225 11 2 1 100 1423 1238 1237 3990 2878 2875 2879 6789 6773 6667
4226 11 2 1 100 1154 3911 1145 3989 5856 5189 2247 7561 5190 4777
4227 11 2 1 100 1436 3972 1438 4090 7611 5613 1886 7612 6725 4754
4228 11 2 1 100 3862 3915 1510 4000 6211 6841 6840 5577 7613 7614
4229 11 2 1 100 3891 3996 3855 4048 5885 6460 6190 7615 5880 6066
4230 11 2 1 100 3812 4011 3973 4106 4479 4521 4520 6598 7577 6599
4231 11 2 1 100 3882 4019 3811 4099 4424 4366 4611 5436 5442 7480
4232 11 2 1 100 3869 3998 1230 4097 4174 6363 6362 7461 7504 7374
4233 11 2 1 100 3801 3907 3854 4037 6630 5905 4352 6202 6329 6328
4234 11 2 1 100 3848 3972 3921 4044 5675 4752 4686 5816 7205 6140
4235 11 2 1 100 3896 4030 3816 4082 7533 5918 7616 7617 6165 6129
4236 11 2 1 100 3864 4030 3896 4082 6978 7533 4343 5119 7617 6129
4237 11 2 1 100 1133 1132 1134 3947 2366 2371 2370 7141 4333 5106
4238 11 2 1 100 3829 3899 3856 4049 5307 5551 6123 5309 6109 5310
4239 11 2 1 100 743 628 744 3926 7618 7609 784 7619 7233 7515
4240 11 2 1 100 1246 1245 1265 3878 2693 2916 2915 6985 5755 6793
4241 11 2 1 100 3195 3196 252 3997 3203 7620 7621 6454 7351 7622
4242 11 2 1 100 1062 3999 1060 4110 7021 6843 2010 7369 7285 7286
4243 11 2 1 100 1484 1525 1029 4031 1871 1870 1558 6984 5524 6089
4244 11 2 1 100 1172 1510 1477 3862 2572 2574 2543 5976 5923 6840
4245 11 2 1 100 3900 4058 4006 4077 7112 6977 5053 4859 7544 7545
4246 11 2 1 100 3824 3901 3870 4080 4287 4288 4202 6279 5633 6172
4247 11 2 1 100 1262 1200 1396 3887 2708 2710 2709 4631 6136 5010
4248 11 2 1 100 14 888 4073 4074 913 7496 7306 7309 7310 7623
4249 11 2 1 100 648 811 807 3967 7126 842 7624 7131 7489 7129
4250 11 2 1 100 1195 1208 1196 4078 2686 2685 2518 6410 7625 6411
4251 11 2 1 100 1144 1150 1141 4007 2418 2417 2415 7077 6221 6220
4252 11 2 1 100 3970 3975 3852 4075 6051 4804 5132 7293 6624 6623
4253 11 2 1 100 1378 1461 1456 3932 2215 2855 2221 4419 5909 4691
4254 11 2 1 100 1294 1361 1360 4002 2895 2491 2348 7049 5352 4835
4255 11 2 1 100 245 244 1016 3907 269 1739 1738 5122 6666 4264
4256 11 2 1 100 3861 3821 4058 4077 5940 6893 6707 6469 7545 6575
4257 11 2 1 100 1284 3855 1487 4109 6998 6382 3058 6999 6497 6193
4258 11 2 1 100 232 1315 233 4039 1667 1666 257 5595 5758 6957
4259 11 2 1 100 1131 1132 1133 3947 2360 2366 2365 6541 7141 5106
4260 11 2 1 100 749 479 812 3967 7626 7627 7628 7629 7630 7631
4261 11 2 1 100 3823 3893 3871 4087 4122 4123 4119 6151 5735 5719
4262 11 2 1 100 1489 1383 3976 4109 2782 7632 6642 6949 6950 7633
4263 11 2 1 100 3667 3442 3448 3957 7108 3500 7634 7109 7635 7110
4264 11 2 1 100 1220 1239 1240 4030 2789 2803 2802 6539 7436 7636
4265 11 2 1 100 3857 3803 4013 4066 7250 5840 7252 7501 7443 5802
4266 11 2 1 100 1511 1177 3948 4005 2597 5441 5248 7301 4724 5788
4267 11 2 1 100 1152 3918 1144 4096 7100 7076 2433 7101 7637 6482
4268 11 2 1 100 3808 4012 3894 4031 7638 6859 7441 6736 4977 6861
4269 11 2 1 100 1296 1050 1297 4043 1960 1963 1965 7639 6196 5988
4270 11 2 1 100 409 401 399 3951 431 453 434 6073 5219 7640
4271 11 2 1 100 1044 3194 3184 3896 7641 3251 7642 7643 4133 6742
4272 11 2 1 100 1372 1419 3958 4061 2142 4938 7537 7644 5462 6158
4273 11 2 1 100 3940 4036 3933 4106 5509 6875 7059 5587 7060 7645
4274 11 2 1 100 3189 3176 4024 4053 3236 7646 7647 7507 7353 7508
4275 11 2 1 100 633 3879 634 3980 5485 7146 717 5481 7123 5486
4276 11 2 1 100 3385 3443 3441 3949 7648 3490 7580 7579 7088 7649
4277 11 2 1 100 3381 3570 3389 3949 7650 5922 3408 7651 6107 6337
4278 11 2 1 100 3871 3893 3810 4087 4123 4412 5734 5735 5451 5719
4279 11 2 1 100 630 636 405 3951 672 7652 7572 7122 7571 7653
4280 11 2 1 100 3562 3671 3555 3904 7466 7654 3616 7465 7655 7464
4281 11 2 1 100 3867 4006 1078 4069 7656 7657 7394 6162 7475 7029
4282 11 2 1 100 1386 3913 1244 3950 6111 6309 2589 6112 6310 4160
4283 11 2 1 100 879 1037 1468 3888 7658 1594 6809 6812 6811 7659
4284 11 2 1 100 1310 1311 1313 3931 2972 1848 2681 7142 6604 6403
4285 11 2 1 100 1358 3973 1352 4011 7009 7660 3134 6683 7661 4521
4286 11 2 1 100 3876 3953 1440 4021 7425 7423 7421 5385 7662 6829
4287 11 2 1 100 3844 4023 3884 4039 4245 6240 5539 5594 5596 7607
4288 11 2 1 100 3802 3997 3923 4043 6987 5859 6955 7273 6299 6298
4289 11 2 1 100 1091 1088 1336 3902 2151 2152 2154 4618 6936 6062
4290 11 2 1 100 1154 1145 1107 3989 2247 2188 2248 7561 5465 5190
4291 11 2 1 100 229 230 1048 3994 254 1651 1650 7592 4904 5376
4292 11 2 1 100 1227 1226 1225 3978 2824 2821 2825 7371 4616 4508
4293 11 2 1 100 3810 3893 3871 4045 4412 4123 5734 4413 4555 4196
4294 11 2 1 100 804 462 468 3955 7096 523 7663 7097 7664 7098
4295 11 2 1 100 3890 3934 3794 3947 6345 7665 6770 5003 6364 6346
4296 11 2 1 100 3190 1443 1515 4020 7666 1640 7595 7256 7132 7667
4297 11 2 1 100 1497 1258 1306 4075 2969 2971 1909 7347 6925 6622
4298 11 2 1 100 3853 3999 1062 4110 5992 7021 6994 6808 7369 7286
4299 11 2 1 100 1321 1317 1318 4039 1900 1833 3101 7169 7171 7463
4300 11 2 1 100 1049 251 4029 4043 1774 7064 7458 7518 7067 7066
4301 11 2 1 100 3829 4034 4025 4049 6156 7103 5559 5309 7099 7104
4302 11 2 1 100 251 250 1049 4029 275 1775 1774 7064 7458 7457
4303 11 2 1 100 3727 3387 3379 3916 7260 3418 7578 7264 7182 7262
4304 11 2 1 100 1356 1189 1188 3969 2650 2266 2651 6000 7243 5757
4305 11 2 1 100 3812 4042 3933 4104 7388 6289 5193 6090 6198 6837
4306 11 2 1 100 1315 232 1030 3884 1667 1660 1670 5415 5347 5592
4307 11 2 1 100 3790 4046 3851 4076 7212 7216 6993 6305 4592 7389
4308 11 2 1 100 1049 3882 1050 4043 7456 4528 1877 7518 5988 5990
4309 11 2 1 100 742 398 408 3914 7583 448 7266 7268 7270 7193
4310 11 2 1 100 3826 3939 3854 4028 4165 4703 7668 5630 5947 5779
4311 11 2 1 100 3378 3381 3389 3949 3430 3408 3404 5233 6107 7651
4312 11 2 1 100 1179 1384 1398 3941 2314 2609 2608 6273 4992 4374
4313 11 2 1 100 1245 3878 1246 4078 6793 6985 2693 6794 5231 6795
4314 11 2 1 100 1508 3992 1272 4005 7669 4239 3021 7670 7296 5565
4315 11 2 1 100 1486 1042 3193 3912 1631 7671 7405 7564 7565 7672
4316 11 2 1 100 1442 1232 1291 4083 2849 2858 1887 5807 6821 7597
4317 11 2 1 100 3888 3803 4013 4056 6361 5840 5716 6257 6259 7363
4318 11 2 1 100 4033 4050 3857 4066 7045 7673 7586 6455 7501 7674
4319 11 2 1 100 3794 3933 4036 4106 7236 6875 5910 6772 7645 7060
4320 11 2 1 100 409 477 401 3951 6048 7675 431 6073 7640 6375
4321 11 2 1 100 1395 1373 1199 3956 2429 2439 2703 4827 5322 7041
4322 11 2 1 100 1088 1090 1336 3902 2145 2153 2152 6062 6936 6141
4323 11 2 1 100 1495 1354 1483 4018 3144 1810 2754 7358 6958 6731
4324 11 2 1 100 3558 3560 3916 3988 3642 7676 5726 5723 5728 7677
4325 11 2 1 100 1458 1460 1352 4011 3142 3137 3140 7678 7661 4699
4326 11 2 1 100 1078 3867 1103 4041 7394 5951 2092 7679 6492 6494
4327 11 2 1 100 240 3953 3876 4079 7424 7425 7422 7680 4826 6092
4328 11 2 1 100 3820 3915 3858 4040 5057 4732 4441 5065 5064 5709
4329 11 2 1 100 1139 1388 1148 3920 2407 2409 2398 4215 4487 6188
4330 11 2 1 100 3922 3984 1113 4084 6267 6724 6723 6997 7431 5580
4331 11 2 1 100 3845 3953 3878 4016 5748 5140 5749 5814 5573 7681
4332 11 2 1 100 637 807 631 3903 7488 7682 699 7487 7683 7486
4333 11 2 1 100 464 3914 463 3980 5806 7684 545 5797 7685 5483
4334 11 2 1 100 900 882 899 3994 1012 1013 931 6415 7593 6787
4335 11 2 1 100 1374 1406 1183 4052 2629 2628 2294 6218 6134 7563
4336 11 2 1 100 3807 4050 3909 4072 6954 7686 7687 7688 7689 7690
4337 11 2 1 100 1528 1277 1476 4095 3039 2908 3040 7600 7035 7691
4338 11 2 1 100 1438 1436 1032 3972 1886 1883 1706 5613 5894 7611
4339 11 2 1 100 1099 1098 3999 4065 2022 7567 5993 6700 6701 7568
4340 11 2 1 100 3797 3932 3906 4097 6989 6558 6152 7692 7175 7300
4341 11 2 1 100 3918 4007 1144 4096 6485 7077 7076 6482 7637 7165
4342 11 2 1 100 1467 1522 1045 3923 1647 1786 1947 7693 6295 6303
4343 11 2 1 100 3455 3928 3904 3963 6965 6962 6963 7694 7469 7416
4344 11 2 1 100 1188 1337 1356 4051 2653 2654 2651 7244 6886 7551
4345 11 2 1 100 1298 4020 3863 4091 7695 6805 7298 7299 4780 5496
4346 11 2 1 100 901 877 896 3894 957 1001 1003 4974 4975 7696
4347 11 2 1 100 3861 4058 3900 4077 6707 7112 7135 6469 4859 7545
4348 11 2 1 100 3892 3976 3855 4109 4406 4407 4405 6427 6193 6950
4349 11 2 1 100 16 3877 890 4012 5598 7697 923 6991 7698 6990
4350 11 2 1 100 1307 1466 1048 3960 1957 1956 1659 4211 4749 7204
4351 11 2 1 100 3726 3735 3675 3963 3777 7520 7699 7700 7524 7523
4352 11 2 1 100 1422 1172 1171 4054 2565 2541 2566 7118 6609 5950
4353 11 2 1 100 1043 898 1453 3894 7472 7701 1564 7471 7702 7470
4354 11 2 1 100 1503 1036 1499 3885 1731 1905 1906 5610 6815 4684
4355 11 2 1 100 3939 3990 3854 4037 5690 4950 4703 6354 6329 6357
4356 11 2 1 100 1435 245 1016 3907 1745 1738 1748 5904 6666 5122
4357 11 2 1 100 1152 1151 1144 3918 2432 2431 2433 7100 7076 7145
4358 11 2 1 100 3896 3986 3188 4026 7225 7223 6293 4701 6294 7703
4359 11 2 1 100 3459 3449 3675 3963 3504 7704 7519 7522 7524 7705
4360 11 2 1 100 1457 3899 1341 4049 7280 5774 2135 7281 7706 5310
4361 11 2 1 100 105 111 112 3866 4794 114 7707 4796 4908 4795
4362 11 2 1 100 112 106 105 3866 4907 108 7707 4908 4796 4909
4363 11 2 1 100 3808 4009 3894 4012 7442 6901 7441 7638 6859 7284
4364 11 2 1 100 1317 1023 1318 3954 1677 1834 1833 7462 7438 7008
4365 11 2 1 100 1285 1282 1464 4024 2795 3056 3055 5887 7485 6720
4366 11 2 1 100 230 1305 231 3975 1655 1654 255 4155 4891 7538
4367 11 2 1 100 3970 3857 4050 4066 7251 7673 5254 5804 7674 7501
4368 11 2 1 100 1089 1346 1083 4081 2129 2118 2127 6483 5961 5588
4369 11 2 1 100 286 3859 285 4026 7377 7378 288 7708 7709 7710
4370 11 2 1 100 1174 3911 1155 4057 4523 4894 2485 4621 7711 4622
4371 11 2 1 100 897 3909 1485 4027 7712 7713 7714 7715 7716 7717
4372 11 2 1 100 1127 3917 1360 4015 5055 7006 2329 5056 5353 4320
4373 11 2 1 100 3815 4050 3857 4072 7718 7673 7719 7277 7720 7690
4374 11 2 1 100 889 879 886 3888 1008 988 921 7056 6537 6812
4375 11 2 1 100 638 645 640 3955 703 683 740 7721 6028 5664
4376 11 2 1 100 1520 1304 1512 3961 3092 3096 1934 5408 7317 6335
4377 11 2 1 100 1019 3945 247 4028 7265 5761 1757 7439 5966 5965
4378 11 2 1 100 1445 1292 1016 3907 1800 1799 1801 6339 6666 6610
4379 11 2 1 100 468 471 476 3955 569 534 524 7664 6643 6024
4380 11 2 1 100 3178 3196 3195 3997 3308 3203 3309 6261 6454 7622
4381 11 2 1 100 3850 3795 3946 4065 4761 5676 5677 5246 6748 5537
4382 11 2 1 100 3848 3921 3867 4044 4686 4574 5120 5816 7722 7205
4383 11 2 1 100 1435 1016 1292 3907 1748 1799 1798 5904 6610 6666
4384 11 2 1 100 1100 1459 1389 3981 2211 2210 2044 6536 5678 7237
4385 11 2 1 100 3815 3909 4050 4072 7723 7686 7718 7277 7690 7689
4386 11 2 1 100 749 812 741 3967 7628 7724 791 7629 7725 7630
4387 11 2 1 100 1286 3896 3864 4030 7605 4343 7604 7726 6978 7533
4388 11 2 1 100 877 1453 898 3894 7727 7701 960 7696 7470 7702
4389 11 2 1 100 1181 1278 1241 3868 2618 2617 2616 7070 7011 5472
4390 11 2 1 100 1201 1412 1178 3962 2604 2601 2602 7047 7038 5969
4391 11 2 1 100 875 3894 892 4009 5898 7365 938 7283 7728 6901
4392 11 2 1 100 1045 1522 252 3997 1786 1542 1780 6296 7351 6304
4393 11 2 1 100 1015 1438 3889 4090 1700 5612 7271 7729 6166 6725
4394 11 2 1 100 1068 1101 1070 3927 2053 2052 2051 4634 5541 4451
4395 11 2 1 100 234 1338 235 3971 1679 1678 259 4847 7364 4851
4396 11 2 1 100 1330 3905 1263 4093 6449 6651 2289 6376 7730 6242
4397 11 2 1 100 3909 3925 3807 4095 6930 6952 7687 7037 6982 5702
4398 11 2 1 100 806 3903 807 3967 7731 7486 855 7732 7489 7491
4399 11 2 1 100 1041 1485 897 3909 1579 7714 7733 7734 7712 7713
4400 11 2 1 100 1014 1439 1290 3998 1789 1788 1790 4563 5267 5553
4401 11 2 1 100 403 3914 632 3980 7735 7432 7736 7737 7433 5483
4402 11 2 1 100 3870 3901 3809 4080 4288 4274 4672 5633 5632 6172
4403 11 2 1 100 1207 1434 1204 3910 2729 2728 2726 7119 6502 7081
4404 11 2 1 100 3888 3970 3803 4056 7292 5799 6361 6257 7363 7331
4405 11 2 1 100 1112 1329 1098 4065 2204 2014 2202 6747 7568 7569
4406 11 2 1 100 1442 1291 1033 3944 1887 1889 1888 4315 6919 6820
4407 11 2 1 100 1481 1018 245 4018 1749 1741 1746 5659 5203 7738
4408 11 2 1 100 3441 3444 3445 3988 3525 3528 3527 7089 7427 7085
4409 11 2 1 100 3448 3452 3456 3957 3550 3484 3497 7635 6679 6020
4410 11 2 1 100 3561 3569 3565 3957 3610 3597 3662 7739 6021 5711
4411 11 2 1 100 3912 4038 3814 4070 5438 5439 5187 4568 4879 6336
4412 11 2 1 100 246 1435 1463 3964 1744 1754 1751 7315 7206 5907
4413 11 2 1 100 1104 1418 1392 3901 2231 2230 2124 6567 4321 4241
4414 11 2 1 100 1526 4027 3909 4107 7740 7717 6929 6932 6933 7741
4415 11 2 1 100 888 1450 4073 4074 7742 7743 7496 7623 7310 7744
4416 11 2 1 100 249 1031 250 4019 1769 1768 274 6641 7534 4357
4417 11 2 1 100 1434 3987 3910 4090 7082 5603 7081 7745 4800 6035
4418 11 2 1 100 1380 1122 1179 3941 2323 2312 2324 5901 6273 4840
4419 11 2 1 100 3384 3447 3916 3988 7746 7426 7747 7748 5728 7428
4420 11 2 1 100 3668 3904 3671 3963 7749 7464 3718 7750 7467 7469
4421 11 2 1 100 1147 1333 3875 4068 2354 5420 6315 6462 5868 7176
4422 11 2 1 100 1104 3901 1392 4063 6567 4321 2124 7751 4322 4182
4423 11 2 1 100 467 461 401 3951 503 7752 7753 7754 7640 7481
4424 11 2 1 100 3815 3909 3925 4050 7723 6930 7755 7718 6551 7686
4425 11 2 1 100 144 151 3857 4013 7333 7336 7337 7756 7252 7757
4426 11 2 1 100 1262 1416 1201 3962 2713 2712 2707 5605 7047 5606
4427 11 2 1 100 1413 1180 1412 3897 2612 2600 2613 6767 5968 7186
4428 11 2 1 100 1085 1457 1341 4049 2136 2135 2069 5460 7706 7281
4429 11 2 1 100 3556 3563 3570 3949 3650 3590 3600 7758 6337 5335
4430 11 2 1 100 3443 3457 3450 3949 3487 3477 3537 7649 5216 6633
4431 11 2 1 100 1104 1082 3901 4063 2112 5363 6567 7751 4182 7259
4432 11 2 1 100 644 3903 3926 3967 6941 6972 6971 7759 7328 7491
4433 11 2 1 100 3808 3877 3960 4066 6160 5101 6159 6629 7213 7397
4434 11 2 1 100 3848 3845 4016 4021 5815 5814 5813 5386 7760 6396
4435 11 2 1 100 286 3982 3859 4026 7761 7762 7377 7708 7710 7763
4436 11 2 1 100 880 1469 1040 3877 7764 1549 6905 7074 7075 6944
4437 11 2 1 100 1359 1393 1381 4101 3146 3147 3148 6115 5777 7063
4438 11 2 1 100 1251 1424 1422 3977 2939 2571 2942 5706 6969 6174
4439 11 2 1 100 1244 1386 1175 3913 2589 2549 2587 6309 5533 6111
4440 11 2 1 100 1434 3910 1207 4090 7081 7119 2729 7745 7120 4800
4441 11 2 1 100 3944 4062 3869 4083 6058 7320 4316 5808 4869 7765
4442 11 2 1 100 3852 3970 3787 4023 5132 5130 4676 4679 4678 6122
4443 11 2 1 100 1170 1130 1379 4101 2363 2344 2364 7043 6814 6800
4444 11 2 1 100 1104 1392 1082 4063 2124 2123 2112 7751 7259 4322
4445 11 2 1 100 3736 3732 3571 3916 3766 7766 7312 7263 7314 6014
4446 11 2 1 100 1017 237 1482 3992 1693 1698 1701 6672 7525 6595
4447 11 2 1 100 4027 4056 3815 4092 6878 7275 7276 6948 6530 7418
4448 11 2 1 100 3857 4009 3808 4012 7584 7442 7585 7500 7638 7284
4449 11 2 1 100 875 883 896 4031 990 993 992 5899 4976 6232
4450 11 2 1 100 280 3859 286 4032 7379 7377 7375 7767 7768 4895
4451 11 2 1 100 3794 3947 3849 4042 6364 5039 6236 5514 4463 6471
4452 11 2 1 100 3856 3930 3796 4034 6616 5975 7769 7354 6039 6038
4453 11 2 1 100 19 4026 285 4070 4700 7709 287 4505 7770 5324
4454 11 2 1 100 1112 3946 1329 4065 6422 6824 2204 6747 7569 6748
4455 11 2 1 100 1119 1109 1120 3895 2256 2258 2257 4232 4371 6302
4456 11 2 1 100 1377 1407 1388 3920 2997 2453 2464 6238 6188 6239
4457 11 2 1 100 1501 1265 1245 3878 2917 2916 2918 5746 6793 5755
4458 11 2 1 100 1192 1206 1202 3930 2671 2670 2666 4683 7201 7180
4459 11 2 1 100 3554 3556 3381 3949 3603 7771 7772 7497 7651 7758
4460 11 2 1 100 3886 3907 3801 4037 4313 6630 6201 5182 6202 6328
4461 11 2 1 100 1450 1024 888 4073 1570 7492 7742 7743 7496 7495
4462 11 2 1 100 3909 3807 4073 4095 7687 7773 7033 7037 7036 6982
4463 11 2 1 100 3807 3846 3991 4095 6953 5737 7322 6982 7087 6050
4464 11 2 1 100 1490 1244 1276 3913 2911 2750 2912 5913 5652 6309
4465 11 2 1 100 1340 1153 1152 4096 2470 2466 2471 6098 7101 6649
4466 11 2 1 100 894 1037 879 3888 7774 7658 985 7450 6812 7659
4467 11 2 1 100 630 633 634 3980 714 717 716 7124 7123 5481
4468 11 2 1 100 1083 1087 1088 4063 2120 2126 2125 5958 6244 6547
4469 11 2 1 100 246 1463 247 3964 1751 1750 271 7315 5784 7206
4470 11 2 1 100 1274 1273 1519 3960 2956 3024 3023 6570 6711 5791
4471 11 2 1 100 634 636 630 3951 718 672 716 7121 7122 7653
4472 11 2 1 100 461 467 465 3951 503 549 548 7481 7164 7754
4473 11 2 1 100 3843 3851 3954 4046 6333 5396 4770 7208 7608 7216
4474 11 2 1 100 3867 3978 3848 4098 4577 4507 5120 7775 7051 7403
4475 11 2 1 100 1342 235 1344 3971 1681 1684 1689 5373 5290 7364
4476 11 2 1 100 235 236 1344 3971 260 1685 1684 7364 5290 5148
4477 11 2 1 100 1446 1291 1445 3886 1890 2868 1802 4312 6338 7199
4478 11 2 1 100 3864 3896 3806 4082 4343 4134 4339 5119 4998 7617
4479 11 2 1 100 3796 3930 3856 3995 5975 6616 7769 5627 7069 4663
4480 11 2 1 100 747 752 478 3914 771 7348 7776 6082 7350 7269
4481 11 2 1 100 631 3903 809 3955 7683 7234 7777 7778 7235 6321
4482 11 2 1 100 3871 3918 3810 4045 6480 5696 5734 4555 4413 6647
4483 11 2 1 100 3846 3991 3868 4033 5737 5473 4461 5236 4783 7321
4484 11 2 1 100 1130 3934 1129 4100 6797 7360 2342 6869 7361 6516
4485 11 2 1 100 1355 1091 1336 4093 2168 2154 2169 7219 6937 6605
4486 11 2 1 100 3557 3556 3554 3949 3638 3603 3639 7140 7497 7758
4487 11 2 1 100 3443 3444 3441 3949 3526 3525 3490 7649 7088 7083
4488 11 2 1 100 3808 4031 3894 4108 6736 4977 7441 7552 6177 6179
4489 11 2 1 100 1240 1286 3864 4030 2886 7604 7214 7436 6978 7726
4490 11 2 1 100 3845 3848 3972 4021 5815 5675 5615 6396 6695 5386
4491 11 2 1 100 249 1322 248 4019 1765 1764 273 6641 5035 4940
4492 11 2 1 100 1262 1201 1200 3887 2707 2603 2708 4631 5010 7046
4493 11 2 1 100 802 750 741 3967 7409 792 7779 7410 7725 7130
4494 11 2 1 100 3192 3986 3171 4026 7511 7510 3289 7780 7781 7703
4495 11 2 1 100 1288 1436 1438 4090 2814 1886 1796 7782 6725 7612
4496 11 2 1 100 1026 4027 1326 4107 7783 7784 1853 7785 7786 7741
4497 11 2 1 100 889 894 3888 4092 1009 7450 7056 7787 7454 7453
4498 11 2 1 100 3192 3188 3173 3986 3290 3297 3296 7511 7224 7223
4499 11 2 1 100 1516 3863 1298 4020 7149 7298 3078 7596 7695 6805
4500 11 2 1 100 3902 3984 3839 4067 6187 6185 4862 4715 5287 7788
4501 11 2 1 100 1238 1237 3990 4037 2875 6773 6667 6353 6357 6774
4502 11 2 1 100 631 649 3903 3955 721 6319 7683 7778 6321 6320
4503 11 2 1 100 3442 3904 3460 3957 7107 6245 3531 7110 6248 6250
4504 11 2 1 100 3555 3573 3904 3957 3643 6251 7655 7789 6250 6253
4505 11 2 1 100 462 3903 480 3955 7095 6323 551 7098 6325 6321
4506 11 2 1 100 3793 3936 4004 4087 5033 5185 7603 5764 5452 5736
4507 11 2 1 100 3555 3904 3672 3957 7655 7294 7790 7789 7295 6250
4508 11 2 1 100 1169 3974 1184 4064 6638 7386 2556 5536 7387 5201
4509 11 2 1 100 638 808 645 3955 7791 6476 703 7721 5664 6477
4510 11 2 1 100 3726 3665 3734 3963 7792 7527 3776 7700 7342 7528
4511 11 2 1 100 1162 3893 1391 4045 4669 5574 2522 4670 7793 4196
4512 11 2 1 100 1099 1108 1098 4065 2201 2200 2022 6700 7568 7240
4513 11 2 1 100 1275 1525 4031 4089 3032 6089 7053 7054 5984 7304
4514 11 2 1 100 3735 3454 3459 3963 7794 3514 7521 7523 7522 7795
4515 11 2 1 100 3832 4008 4014 4060 6444 7391 6525 6526 4884 7014
4516 11 2 1 100 150 3857 151 4012 7558 7336 153 7796 7797 7500
4517 11 2 1 100 1373 1395 1143 3956 2429 2428 2184 7041 4501 4827
4518 11 2 1 100 3874 3822 4105 4111 7798 7799 5619 5399 6675 6077
4519 11 2 1 100 3665 3726 3675 3963 7792 7699 3716 7528 7524 7700
4520 11 2 1 100 1273 1275 1455 4031 2950 3026 3025 5982 7598 7053
4521 11 2 1 100 1254 1273 1274 3858 2948 2956 2955 5852 6571 7073
4522 11 2 1 100 1248 1444 1206 4049 2739 2738 2736 6275 7254 7574
4523 11 2 1 100 3851 4000 3954 4046 5250 6532 5396 7216 7608 7560
4524 11 2 1 100 3889 3972 3805 4090 5614 5261 5115 6166 4497 4754
4525 11 2 1 100 878 897 1485 4027 973 7714 7800 7801 7716 7715
4526 11 2 1 100 3813 3852 4023 4052 5948 4679 4572 6478 7802 4888
4527 11 2 1 100 1161 3918 4045 4078 7366 6647 7367 7540 6412 6057
4528 11 2 1 100 1377 1266 1407 4001 2923 2995 2997 5303 7517 6441
4529 11 2 1 100 3834 3933 3886 4062 5194 7380 7137 6378 7547 6348
4530 11 2 1 100 3887 3793 3962 3965 6008 5986 5608 5296 7039 5924
4531 11 2 1 100 3807 4074 4073 4095 7258 7310 7773 6982 7036 7385
4532 11 2 1 100 1405 1131 1133 3947 2367 2365 2368 5680 7141 6541
4533 11 2 1 100 1297 1298 1516 3863 2590 3078 3077 4747 7149 7298
4534 11 2 1 100 3906 4069 3821 4098 6163 6895 6574 6677 6676 7803
4535 11 2 1 100 3455 3454 3928 3963 3517 7804 6965 7694 7416 7795
4536 11 2 1 100 1321 1504 3985 4000 3106 7805 7197 7168 7196 7806
4537 11 2 1 100 286 3171 3982 4026 3282 7807 7761 7708 7763 7781
4538 11 2 1 100 1458 1352 3973 4011 3140 7660 6835 7678 4521 7661
4539 11 2 1 100 3971 4005 3851 4076 5563 4589 5398 7113 4592 4594
4540 11 2 1 100 3804 4005 3971 4076 4705 5563 5350 4706 7113 4594
4541 11 2 1 100 3886 3817 3944 4062 4311 4231 4565 7547 6058 5028
4542 11 2 1 100 3808 4012 3877 4066 7638 6990 6160 6629 7397 7396
4543 11 2 1 100 1255 1504 3915 3985 2960 7808 6034 7159 5278 7805
4544 11 2 1 100 3878 3993 3810 4078 5750 4411 6927 6795 7809 6796
4545 11 2 1 100 3561 3670 3569 3957 7810 6510 3610 7739 5711 6511
4546 11 2 1 100 3859 4026 3806 4070 7710 4702 6577 4897 4506 5324
4547 11 2 1 100 1128 1147 3875 4100 2352 6315 7003 7004 5079 7115
4548 11 2 1 100 1430 1085 4025 4049 2079 6582 6826 7811 7099 5460
4549 11 2 1 100 1019 1402 1295 3945 1814 1813 1766 7265 5159 7058
4550 11 2 1 100 1286 1517 1287 3896 1942 3068 2892 7605 7606 6384
4551 11 2 1 100 3826 3854 3939 4102 7668 4703 4165 4557 4559 5097
4552 11 2 1 100 1379 1126 1124 3874 2332 2331 2333 6813 4350 6370
4553 11 2 1 100 3171 4024 3982 4026 7514 7812 7807 7781 7763 7813
4554 11 2 1 100 1026 902 4027 4092 7814 7815 7783 7816 6948 7817
4555 11 2 1 100 3881 4018 3817 4085 7359 4911 5512 5530 5037 5506
4556 11 2 1 100 804 468 805 3955 7663 7818 834 7097 6831 7664
4557 11 2 1 100 3897 3962 3793 3965 5873 5986 6017 5341 5924 7039
4558 11 2 1 100 1301 1474 3938 4091 3084 5548 5763 5495 5639 5638
4559 11 2 1 100 3931 3970 3815 4050 5131 7819 6402 5076 7718 5254
4560 11 2 1 100 3383 3443 3385 3949 7820 7648 3425 6437 7579 7649
4561 11 2 1 100 1027 1515 1300 4038 1637 1858 1857 7420 7303 7134
4562 11 2 1 100 1389 1462 1101 3981 2218 2217 2054 5678 4900 6507
4563 11 2 1 100 1333 1128 1147 3875 2339 2352 2354 5420 6315 7003
4564 11 2 1 100 3806 3896 4026 4082 4134 4701 4702 4998 7821 7617
4565 11 2 1 100 3669 3667 3448 3957 3698 7634 7822 6935 7635 7109
4566 11 2 1 100 1283 3891 1282 3996 6191 6718 2797 7278 6885 5885
4567 11 2 1 100 3855 3996 3891 4109 6460 5885 6190 6193 6195 7279
4568 11 2 1 100 1283 3996 1282 4109 7278 6885 2797 6194 7823 7279
4569 11 2 1 100 1472 1366 1367 3961 3160 3158 3161 6031 5511 6032
4570 11 2 1 100 3867 3821 4069 4098 7824 6895 6162 7775 7803 6676
4571 11 2 1 100 471 472 460 3866 543 542 533 5392 6661 6979
4572 11 2 1 100 640 629 641 3866 682 712 711 5395 6981 6664
4573 11 2 1 100 636 639 646 3951 737 676 673 7653 6470 5332
4574 11 2 1 100 467 477 470 3951 504 527 568 7754 5329 6375
4575 11 2 1 100 3440 3452 3453 3860 3483 3523 3522 6499 6911 5371
4576 11 2 1 100 3553 3566 3565 3860 3636 3635 3596 6626 5264 6912
4577 11 2 1 100 1229 1230 3998 4097 2839 6363 7825 7460 7374 7504
4578 11 2 1 100 3806 4026 3859 4082 4702 7710 6577 4998 7444 7821
4579 11 2 1 100 3865 3910 3809 4084 4625 4624 4626 6995 4275 4338
4580 11 2 1 100 1432 4025 1075 4069 6758 7826 2087 6759 7827 6760
4581 11 2 1 100 1304 1303 1513 3938 3090 3094 3093 6334 6657 7042
4582 11 2 1 100 3807 3925 3909 4050 6952 6930 7687 6954 7686 6551
4583 11 2 1 100 1396 1187 1339 3943 2647 2539 2648 6137 5006 6234
4584 11 2 1 100 405 636 404 3951 7652 7828 444 7571 7157 7653
4585 11 2 1 100 889 894 879 3888 1009 985 1008 7056 6812 7450
4586 11 2 1 100 3809 3901 3870 4063 4274 4288 4672 4273 6785 4182
4587 11 2 1 100 3862 3915 3799 4008 6211 4731 7829 7830 6669 6671
4588 11 2 1 100 1241 3868 1278 4108 7011 5472 2617 7831 5475 5477
4589 11 2 1 100 236 3971 1437 3987 5148 6845 1686 5150 6846 5149
4590 11 2 1 100 1515 3198 3180 4038 7832 3267 7133 7134 5771 7833
4591 11 2 1 100 1250 3881 1495 4064 5640 7356 2634 7332 7834 5489
4592 11 2 1 100 3921 3972 3805 4044 4752 5261 4146 7205 6226 6140
4593 11 2 1 100 1218 1217 1215 3996 2777 2773 2778 7835 6839 6838
4594 11 2 1 100 3902 3984 3809 4063 6187 5768 5004 5959 4273 5578
4595 11 2 1 100 1169 1249 1184 3974 2558 2557 2556 6638 7386 6868
4596 11 2 1 100 643 750 648 3967 7836 7127 693 7837 7131 7130
4597 11 2 1 100 1026 1498 902 4092 1585 7838 7814 7816 7817 7839
4598 11 2 1 100 746 748 474 3926 777 7840 7325 7323 7324 7062
4599 11 2 1 100 1358 1359 1352 3973 3139 3138 3134 7009 7660 6114
4600 11 2 1 100 1044 3184 1449 3896 7642 4511 1619 7643 4512 4133
4601 11 2 1 100 1413 1414 1180 3897 2614 2611 2612 6767 7186 4398
4602 11 2 1 100 1440 1439 3876 4021 1792 5552 7421 7662 5385 5684
4603 11 2 1 100 1373 3956 1095 3989 7041 6744 2181 7548 7344 5323
4604 11 2 1 100 36 400 461 3980 426 7841 498 7842 7482 7843
4605 11 2 1 100 644 3926 643 3967 6971 7844 707 7759 7837 7328
4606 11 2 1 100 882 15 3994 4013 916 5714 6787 7845 5657 5717
4607 11 2 1 100 3800 3875 3950 4022 5271 4117 6579 5198 4327 4326
4608 11 2 1 100 1136 1348 3995 4094 2393 7068 7401 6644 7319 7158
4609 11 2 1 100 3915 3985 1504 4000 5278 7805 7808 7614 7806 7196
4610 11 2 1 100 3732 3729 3733 3928 3782 3784 3769 6015 7019 7185
4611 11 2 1 100 1211 1334 1111 3969 2269 2246 2267 5698 6980 5094
4612 11 2 1 100 1122 1123 1121 4015 2316 2315 2310 5154 6586 4633
4613 11 2 1 100 900 229 1523 3994 7591 1537 6414 6415 5289 7592
4614 11 2 1 100 3867 4069 3906 4098 6162 6163 5954 7775 6677 7803
4615 11 2 1 100 3815 3925 3909 4107 7755 6930 7723 6915 6933 6730
4616 11 2 1 100 1130 1129 1126 4100 2342 2341 2343 6869 6371 7361
4617 11 2 1 100 1313 1311 1026 4092 1848 1850 1849 6910 7816 6528
4618 11 2 1 100 746 745 3926 3967 795 7846 7323 7326 7328 7847
4619 11 2 1 100 3449 3455 3904 3963 3533 6963 7848 7705 7469 7694
4620 11 2 1 100 3794 4042 3933 4106 5514 6289 7236 6772 7060 6804
4621 11 2 1 100 1454 3194 1044 3896 6738 7641 1616 6741 7643 6742
4622 11 2 1 100 3818 3878 3953 4016 5141 5140 5139 5220 7681 5573
4623 11 2 1 100 3874 3941 3822 4111 4864 4959 7798 5399 6077 6823
4624 11 2 1 100 3848 4044 3867 4098 5816 7722 5120 7051 7775 7849
4625 11 2 1 100 1078 4006 3867 4041 7657 7656 7394 7679 6494 6754
4626 11 2 1 100 240 3876 1014 4079 7422 4562 1715 7680 4824 4826
4627 11 2 1 100 1126 1128 1125 4100 2336 2335 2330 6371 5167 7004
4628 11 2 1 100 3458 3386 3384 3916 7151 3429 7850 7156 7747 7154
4629 11 2 1 100 1197 1198 1185 3922 2638 2637 2635 5326 6966 6010
4630 11 2 1 100 3808 3868 4089 4108 5926 6072 6070 7552 7305 5477
4631 11 2 1 100 475 3926 3903 3967 6973 6972 6943 7851 7491 7328
4632 11 2 1 100 1489 1284 1383 4109 3062 2801 2782 6949 7633 6999
4633 11 2 1 100 1443 3190 1038 4020 7666 7555 1643 7667 7556 7256
4634 11 2 1 100 1305 1030 231 3975 1664 1661 1654 7538 4891 5348
4635 11 2 1 100 3195 252 1522 3997 7621 1542 6452 6454 6304 7351
4636 11 2 1 100 3672 3555 3671 3904 7790 7654 3711 7294 7464 7655
4637 11 2 1 100 1116 3979 1117 4010 6003 6734 2286 6005 6640 6004
4638 11 2 1 100 1461 1233 1231 4083 2853 2852 2854 4819 5430 5865
4639 11 2 1 100 1460 3899 1351 4011 4698 5550 3136 4699 5239 4481
4640 11 2 1 100 631 807 809 3903 7682 845 7777 7683 7234 7486
4641 11 2 1 100 3839 3902 3872 4093 4862 4619 4860 6144 6241 6145
4642 11 2 1 100 1466 1519 3877 3960 3030 6658 7203 7204 5101 6711
4643 11 2 1 100 748 744 747 3926 800 797 774 7062 6085 7233
4644 11 2 1 100 1109 1118 1108 4065 2251 2250 2205 6928 7240 4829
4645 11 2 1 100 405 632 630 3980 7852 669 7572 7573 7124 7433
4646 11 2 1 100 22 3997 3982 4053 6737 7541 7542 7853 7854 6285
4647 11 2 1 100 1231 1229 1456 4097 2843 2845 2844 7459 7855 7460
4648 11 2 1 100 1033 1291 1446 3944 1889 1890 1736 6919 4370 6820
4649 11 2 1 100 3799 3915 3862 4000 4731 6211 7829 7856 5577 7614
4650 11 2 1 100 805 468 476 3955 7818 524 7017 6831 6643 7664
4651 11 2 1 100 3904 3928 3568 3963 6962 6961 6959 7469 7857 7416
4652 11 2 1 100 1354 3881 1494 4085 7357 7858 3145 6732 7859 5530
4653 11 2 1 100 3875 3917 3800 4068 4251 5103 5271 5868 6819 4656
4654 11 2 1 100 3558 3560 3574 3916 3642 3658 3657 5726 6518 7676
4655 11 2 1 100 3445 3461 3447 3916 3545 3544 3529 6521 7426 6520
4656 11 2 1 100 3808 4089 4031 4108 6070 5984 6736 7552 6179 7305
4657 11 2 1 100 1052 1050 1051 3959 1961 1879 1962 4433 5431 4434
4658 11 2 1 100 1308 1487 1034 4029 1893 1892 1779 7860 7092 6508
4659 11 2 1 100 246 1481 245 3964 1747 1746 270 7315 5125 5636
4660 11 2 1 100 1145 1373 1095 3989 2189 2181 2187 5190 7344 7548
4661 11 2 1 100 3815 3970 3857 4050 7819 7251 7719 7718 7673 5254
4662 11 2 1 100 240 1440 1014 3876 1710 1718 1715 7422 4562 7421
4663 11 2 1 100 1261 1280 3925 4107 2907 7288 6728 6729 6730 7289
4664 11 2 1 100 3733 3731 3567 3928 3772 7413 7861 7019 7411 7412
4665 11 2 1 100 1344 3992 1508 4005 5291 7669 1803 5564 7670 5565
4666 11 2 1 100 1277 1211 1243 4095 2759 2655 2760 7691 7437 5701
4667 11 2 1 100 1287 1240 1286 3864 2891 2886 2892 6830 7604 7214
4668 11 2 1 100 3727 3732 3736 3916 3781 3766 3752 7264 7263 6014
4669 11 2 1 100 1160 3931 1194 3979 5682 6380 2296 5683 6381 5419
4670 11 2 1 100 3863 3814 4020 4047 7016 4925 6805 5692 6552 6459
4671 11 2 1 100 1465 4003 3884 4052 7862 5313 5902 5903 4889 6219
4672 11 2 1 100 1349 1159 1350 4094 2506 2508 2507 5275 6291 6490
4673 11 2 1 100 3794 4036 3940 4106 5910 5509 5336 6772 5587 7645
4674 11 2 1 100 747 742 752 3914 798 767 771 6082 7269 7268
4675 11 2 1 100 1313 1026 1326 4107 1849 1853 1852 6914 7786 7785
4676 11 2 1 100 3917 4015 3825 4055 4320 4318 4249 6608 4970 7863
4677 11 2 1 100 3182 1522 1467 3923 6453 1647 7864 6753 7693 6303
4678 11 2 1 100 3937 4046 4008 4060 7209 7390 7865 6075 7014 7392
4679 11 2 1 100 3668 3449 3904 3963 7866 7848 7749 7750 7469 7705
4680 11 2 1 100 3731 3928 3730 3963 7412 7867 3778 7415 7868 7416
4681 11 2 1 100 1202 3930 1206 4058 7201 7180 2670 7202 7869 6706
4682 11 2 1 100 1241 4040 3868 4108 7012 5066 7011 7831 5477 7870
4683 11 2 1 100 1293 1292 1238 4037 2882 2877 2883 7136 6353 6611
4684 11 2 1 100 644 637 3903 3967 719 7487 6941 7759 7491 7490
4685 11 2 1 100 407 647 403 3914 7220 7871 438 7194 7735 7222
4686 11 2 1 100 3385 3441 3447 3988 7580 3493 7872 7581 7428 7089
4687 11 2 1 100 1466 1469 1048 3877 1959 1958 1956 7203 4902 6944
4688 11 2 1 100 1170 1358 1357 3890 2561 2560 2374 6790 4999 6682
4689 11 2 1 100 239 1440 240 3953 1711 1710 264 6828 7424 7423
4690 11 2 1 100 1366 1118 1365 3942 2302 2300 2303 6276 5281 4596
4691 11 2 1 100 3863 3802 3923 4043 5691 6955 6806 5989 6299 7273
4692 11 2 1 100 464 482 463 3914 556 555 545 5806 7684 6653
4693 11 2 1 100 633 632 651 3914 715 725 724 5478 6655 7432
4694 11 2 1 100 1264 1206 3930 4058 2720 7180 7248 7020 6706 7869
4695 11 2 1 100 880 885 1469 3877 945 7091 7764 7074 6944 5319
4696 11 2 1 100 1404 1421 1256 3977 2584 2963 2962 4526 6545 5712
4697 11 2 1 100 3800 3976 3950 4068 5104 6102 6579 6819 5867 4657
4698 11 2 1 100 3557 3559 3566 3880 3651 3654 3653 7139 6636 6561
4699 11 2 1 100 3446 3444 3453 3880 3539 3541 3540 6559 6637 7084
4700 11 2 1 100 3380 336 3554 3988 3409 3602 7873 7874 7499 7875
4701 11 2 1 100 3898 3981 3801 3990 4637 5547 5546 5896 4948 6355
4702 11 2 1 100 1136 1348 1138 3995 2393 2392 2391 7401 5679 7068
4703 11 2 1 100 3668 3442 3667 3904 7876 7108 3701 7749 7106 7107
4704 11 2 1 100 1466 1307 1506 3960 1957 1897 3028 7204 5979 4211
4705 11 2 1 100 1049 1031 1050 3882 1778 1878 1877 7456 4528 4423
4706 11 2 1 100 1213 1216 3976 4068 2552 6101 6584 6585 4657 7362
4707 11 2 1 100 3891 3982 3802 4053 7877 7878 6988 6286 7529 7854
4708 11 2 1 100 1277 3925 1476 4095 7879 7105 2908 7691 7035 5702
4709 11 2 1 100 3857 4050 3807 4072 7673 6954 7880 7720 7688 7690
4710 11 2 1 100 806 462 804 3903 7881 7096 831 7731 7094 7095
4711 11 2 1 100 1465 1426 1257 4052 1876 2965 2966 5903 7117 4887
4712 11 2 1 100 1221 1207 1205 3910 2731 2727 2732 4149 7190 7119
4713 11 2 1 100 3844 3960 3858 3985 4329 6569 4244 4243 4208 6385
4714 11 2 1 100 1473 3894 1029 4108 7882 5522 1868 7883 6578 6177
4715 11 2 1 100 3816 3982 3891 4024 7884 7877 7539 6438 5888 7812
4716 11 2 1 100 3171 3986 4024 4026 7510 7513 7514 7781 7813 7703
4717 11 2 1 100 3956 3989 3832 4060 5323 4776 5321 4882 6526 6892
4718 11 2 1 100 1321 3985 1035 4039 7197 6717 1899 7169 6612 7198
4719 11 2 1 100 1458 3973 1419 4061 6835 5669 2144 6836 6158 5344
4720 11 2 1 100 22 21 280 4032 284 283 7885 6896 7767 5861
4721 11 2 1 100 1317 233 3954 4039 1669 4899 7462 7463 5759 5758
4722 11 2 1 100 3884 4023 3852 4052 6240 4679 4801 4889 4888 7802
4723 11 2 1 100 1458 1419 1086 4061 2144 2143 2140 6836 6923 6158
4724 11 2 1 100 469 3903 806 3967 7886 7731 7887 7888 7732 7491
4725 11 2 1 100 1110 1425 1423 3939 2262 2264 2261 4465 6788 5414
4726 11 2 1 100 1042 3183 3193 3912 7889 3258 7671 7672 7565 5836
4727 11 2 1 100 14 888 881 4073 913 912 904 7306 7494 7496
4728 11 2 1 100 1412 1180 1178 3965 2600 2193 2601 7274 6181 7187
4729 11 2 1 100 3829 3856 4034 4049 6123 7354 6156 5309 7104 6109
4730 11 2 1 100 743 745 628 3926 787 7890 7618 7619 7515 7846
4731 11 2 1 100 1222 3972 1436 4090 4753 7611 2812 4474 7612 4754
4732 11 2 1 100 150 4009 3857 4012 7891 7584 7558 7796 7500 7284
4733 11 2 1 100 1512 1367 1448 3912 3163 1843 1930 7316 5544 5833
4734 11 2 1 100 1506 1505 1274 3985 3031 2957 3027 6386 6572 7160
4735 11 2 1 100 3669 3448 3456 3957 7822 3497 7138 6935 6679 7635
4736 11 2 1 100 630 632 633 3980 669 715 714 7124 5481 7433
4737 11 2 1 100 1156 1362 1365 3942 2492 2494 2309 4363 5281 5781
4738 11 2 1 100 466 465 472 3879 559 563 562 6592 6726 7163
4739 11 2 1 100 634 635 641 3879 727 732 731 7146 6727 6590
4740 11 2 1 100 1523 229 1048 3994 1537 1650 1653 5289 4904 7592
4741 11 2 1 100 3827 4018 3881 4064 5204 7359 5487 5199 5489 7007
4742 11 2 1 100 812 479 469 3967 7627 517 7892 7630 7888 7631
4743 11 2 1 100 144 3857 143 4056 7337 7335 146 7893 7894 7330
4744 11 2 1 100 3931 4050 3815 4107 5076 7718 6402 6687 6915 7400
4745 11 2 1 100 3816 3891 3982 4048 7539 7877 7884 6230 7895 7615
4746 11 2 1 100 3812 3973 4061 4106 4520 5344 4489 6598 6045 7577
4747 11 2 1 100 3919 3797 4017 4034 5100 6182 6862 7896 6184 6155
4748 11 2 1 100 3853 3840 4110 4111 4988 5299 6808 4466 7897 4384
4749 11 2 1 100 892 898 888 4074 1002 963 914 7546 7623 7473
4750 11 2 1 100 3930 4034 3856 4049 6038 7354 6616 6822 6109 7104
4751 11 2 1 100 3816 3982 3859 4048 7884 7762 7898 6230 7899 7895
4752 11 2 1 100 3861 3821 3930 4058 5940 5974 4659 6707 6706 6893
4753 11 2 1 100 3819 4002 3917 4015 4833 5244 5102 4709 4320 5292
4754 11 2 1 100 3797 3952 4016 4098 6119 6135 5996 6678 7162 6746
4755 11 2 1 100 3441 3445 3447 3988 3527 3529 3493 7089 7428 7427
4756 11 2 1 100 243 242 1033 3944 267 1727 1726 4229 6919 5158
4757 11 2 1 100 1455 893 1040 4031 7900 6906 1552 7598 6909 6908
4758 11 2 1 100 3572 3676 3671 3963 7338 3712 7901 7343 7467 7341
4759 11 2 1 100 3836 3929 4022 4102 4439 5197 6365 6326 5464 6065
4760 11 2 1 100 3815 3857 3970 4056 7719 7251 7819 7275 7331 7330
4761 11 2 1 100 3896 3986 3816 4030 7225 6103 7616 7533 5918 6106
4762 11 2 1 100 1321 1318 1504 4000 3101 3104 3106 7168 7806 7167
4763 11 2 1 100 3728 3439 3730 3928 7601 7902 3762 7602 7867 7503
4764 11 2 1 100 1345 1084 1079 4006 2109 2098 2107 5052 5937 6358
4765 11 2 1 100 3905 3979 3813 4010 6110 4931 4367 6448 6093 6004
4766 11 2 1 100 1514 3986 1531 4024 7903 6104 1866 7904 7905 7513
4767 11 2 1 100 1301 1299 1474 4091 3083 3085 3084 5495 5638 6755
4768 11 2 1 100 3192 3179 3171 4024 3288 3287 3289 7512 7514 7906
4769 11 2 1 100 1525 1473 1029 4108 1869 1868 1870 6178 6578 7883
4770 11 2 1 100 885 890 16 3877 926 923 924 5319 5598 7697
4771 11 2 1 100 3794 3947 3934 3974 6364 6346 7665 5024 6549 5040
4772 11 2 1 100 1015 1438 237 3889 1700 1697 1690 7271 6594 5612
4773 11 2 1 100 1315 1030 1465 3884 1670 1875 1874 5415 5902 5347
4774 11 2 1 100 3919 3952 3797 4034 6120 6119 5100 7896 6155 6080
4775 11 2 1 100 1056 1054 1055 3908 1980 1975 1981 5304 5956 5572
4776 11 2 1 100 1074 4025 3906 4069 6951 6844 6557 7907 6163 6760
4777 11 2 1 100 811 802 807 3967 853 854 842 7129 7489 7410
4778 11 2 1 100 3794 3934 3890 4105 7665 6345 6770 5062 7908 7909
4779 11 2 1 100 3807 3857 4033 4050 7880 7586 7044 6954 7045 7673
4780 11 2 1 100 1373 1143 1094 3956 2184 2183 2180 7041 5929 4501
4781 11 2 1 100 1148 1408 1387 4035 2451 2450 2399 5382 6763 6097
4782 11 2 1 100 3443 3383 3457 3949 7820 6632 3487 7649 6633 6437
4783 11 2 1 100 3815 3857 4056 4072 7719 7330 7275 7277 6881 7720
4784 11 2 1 100 3794 3974 3934 4105 5024 6549 7665 5062 7909 7594
4785 11 2 1 100 1168 3950 1216 4068 6857 6099 2553 6858 7362 5867
4786 11 2 1 100 3857 3970 3803 4066 7251 5799 7250 7501 5802 5804
4787 11 2 1 100 1128 1146 1147 4100 2350 2353 2352 7004 7115 5266
4788 11 2 1 100 1263 3905 1337 4093 6651 7550 2986 7730 7910 6242
4789 11 2 1 100 1291 1234 3886 4083 2859 5870 7199 6821 5567 5871
4790 11 2 1 100 1480 3983 1502 4079 7911 5658 1829 7912 6091 6209
4791 11 2 1 100 1267 1502 1279 3983 2991 3002 3001 4553 7913 5658
4792 11 2 1 100 1382 1146 1129 4100 2359 2351 2357 6515 7361 5266
4793 11 2 1 100 280 286 22 4032 7375 289 7885 7767 6896 7768
4794 11 2 1 100 882 16 15 4013 915 148 916 7845 5717 5599
4795 11 2 1 100 1503 3983 1480 4079 6200 7911 1725 7914 7912 6209
4796 11 2 1 100 3889 3987 1015 4090 6043 7272 7271 6166 7729 6035
4797 11 2 1 100 1317 233 1023 3954 1669 1674 1677 7462 7008 4899
4798 11 2 1 100 3728 3733 3729 3928 3785 3784 3759 7602 7185 7019
4799 11 2 1 100 245 1018 244 4018 1741 1740 269 5203 4912 7738
4800 11 2 1 100 1478 3892 1322 4019 6424 4569 1894 6714 4940 4939
4801 11 2 1 100 1028 1514 3197 3986 1610 7915 7916 7917 7918 7903
4802 11 2 1 100 3803 3960 3877 4066 4153 5101 4901 5802 7397 7213
4803 11 2 1 100 1382 1129 1131 3934 2357 2355 2358 6513 6563 7360
4804 11 2 1 100 1184 1250 1495 4064 2632 2634 2631 7387 7834 7332
4805 11 2 1 100 1329 1210 1058 3946 2004 1993 2002 6824 5316 5211
4806 11 2 1 100 3807 3991 4074 4095 7322 6055 7258 6982 7385 7087
4807 11 2 1 100 1061 1062 1060 4110 2011 2010 2005 7230 7285 7369
4808 11 2 1 100 3857 4009 3807 4033 7584 7257 7880 7586 7044 6899
4809 11 2 1 100 3789 4077 4044 4098 6833 6635 5964 7919 7849 7920
4810 11 2 1 100 3796 3856 4034 4088 7769 7354 6039 6467 7355 6125
4811 11 2 1 100 892 4009 3894 4074 7728 6901 7365 7546 6903 6902
4812 11 2 1 100 1142 1140 1157 3966 2411 2413 2412 7040 4915 6888
4813 11 2 1 100 1144 4007 1369 4096 7077 6463 2420 7637 6607 7165
4814 11 2 1 100 3826 4028 3854 4102 5630 5947 7668 4557 5097 7921
4815 11 2 1 100 1433 3939 1423 3990 6204 6788 2880 6205 6789 5690
4816 11 2 1 100 3909 4072 13 4073 7689 7477 7922 7033 7478 7448
4817 11 2 1 100 1245 1196 1208 4078 2690 2685 2691 6794 6411 7625
4818 11 2 1 100 812 802 741 3967 852 7779 7724 7630 7725 7410
4819 11 2 1 100 239 1440 3953 4021 1711 7423 6828 6394 6829 7662
4820 11 2 1 100 1479 1508 1272 4005 3022 3021 3020 6775 7296 7670
4821 11 2 1 100 3804 3865 3971 3987 4870 4852 5350 5349 5149 5602
4822 11 2 1 100 1204 1197 1186 4084 2640 2636 2641 7072 7430 6996
4823 11 2 1 100 1247 1206 1192 3930 2672 2671 2673 6614 4683 7180
4824 11 2 1 100 1354 1495 1494 3881 3144 2938 3145 7357 7858 7356
4825 11 2 1 100 748 743 744 3926 799 784 800 7062 7233 7619
4826 11 2 1 100 474 3926 475 3967 7324 6973 537 7327 7851 7328
4827 11 2 1 100 1179 1398 1381 3941 2608 2607 2606 6273 4960 4992
4828 11 2 1 100 1432 1430 1075 4025 2089 2078 2087 6758 7826 6826
4829 11 2 1 100 243 1033 1446 3944 1726 1736 1735 4229 4370 6919
4830 11 2 1 100 1242 1253 1252 4040 2904 2903 2902 7923 6474 7226
4831 11 2 1 100 3809 3984 3902 4067 5768 6187 5004 5591 4715 7788
4832 11 2 1 100 3862 4014 3948 4054 7440 5245 5575 5977 5049 6807
4833 11 2 1 100 745 643 3926 3967 7924 7844 7846 7847 7328 7837
4834 11 2 1 100 1364 1362 1363 3942 3151 3070 3152 5798 4359 5781
4835 11 2 1 100 1476 3909 1451 4073 7032 7925 1926 7034 7926 7033
4836 11 2 1 100 3817 4018 3881 4036 4911 7359 5512 5912 5911 7927
4837 11 2 1 100 3881 4018 3827 4036 7359 5204 5487 5911 5508 7927
4838 11 2 1 100 1049 250 1031 3882 1775 1768 1778 7456 4423 7455
4839 11 2 1 100 1332 1294 3917 4002 2345 7048 5837 5838 5244 7049
4840 11 2 1 100 3822 3890 4101 4105 7928 6866 5776 7799 7929 7908
4841 11 2 1 100 1165 1187 1171 4054 2538 2537 2536 5047 6609 6272
4842 11 2 1 100 3812 3927 3899 4104 4297 4954 4477 6090 6388 4457
4843 11 2 1 100 1511 1479 1177 4005 2599 2596 2597 7301 5788 6775
4844 11 2 1 100 3822 3890 4105 4106 7928 7908 7799 5585 7930 6752
4845 11 2 1 100 806 804 809 3903 831 860 862 7731 7234 7094
4846 11 2 1 100 1064 1061 1399 4110 2018 2007 2019 6207 5298 7230
4847 11 2 1 100 3802 4032 3859 4047 6956 4895 7931 5422 6576 6553
4848 11 2 1 100 405 403 632 3980 441 7736 7852 7573 7433 7737
4849 11 2 1 100 1448 3183 1042 3912 5834 7889 1628 5544 7672 5836
4850 11 2 1 100 1303 1471 1513 3938 3095 2274 3094 7042 6657 7241
4851 11 2 1 100 3855 4029 3891 4048 6390 6283 6190 5880 7615 6391
4852 11 2 1 100 3847 3878 4071 4078 5569 5570 5223 5165 7932 6795
4853 11 2 1 100 3800 3950 3875 4068 6579 4117 5271 6819 5868 5867
4854 11 2 1 100 1091 1092 1089 4081 2156 2155 2150 4518 6483 4516
4855 11 2 1 100 895 902 884 4027 1007 979 997 6945 7933 7815
4856 11 2 1 100 336 3560 3554 3988 3604 3606 3602 7875 7499 7677
4857 11 2 1 100 3672 3668 3667 3904 3723 3701 3724 7294 7106 7749
4858 11 2 1 100 1078 4006 1077 4069 7657 7934 2090 7475 7935 7029
4859 11 2 1 100 1179 1381 1380 3941 2606 2605 2324 6273 5901 4960
4860 11 2 1 100 1324 1117 1194 3979 2297 2295 2298 6131 6381 6734
4861 11 2 1 100 3384 3385 3447 3988 3428 7872 7746 7748 7428 7581
4862 11 2 1 100 1371 1063 3958 4110 2021 6817 5666 7368 6208 6913
4863 11 2 1 100 3906 3978 3867 4098 7536 4577 5954 6677 7775 7403
4864 11 2 1 100 1131 1130 1132 3934 2356 2361 2360 6563 6344 6797
4865 11 2 1 100 1175 1169 1184 4064 2548 2556 2555 5535 7387 5536
4866 11 2 1 100 1166 1177 1164 3948 2533 2532 2530 5938 5128 5441
4867 11 2 1 100 1413 1415 1203 4086 2722 2669 2723 6768 7023 5875
4868 11 2 1 100 1074 1075 4025 4069 2076 7826 6951 7907 6760 7827
4869 11 2 1 100 1457 1351 1460 3899 2930 3136 3124 7280 4698 5550
4870 11 2 1 100 1310 1194 1160 3931 2514 2296 2512 7142 5682 6380
4871 11 2 1 100 1430 1444 1085 4049 2138 2137 2079 7811 5460 7574
4872 11 2 1 100 807 806 809 3903 855 862 845 7486 7234 7731
4873 11 2 1 100 1433 1400 1423 3939 3168 2260 2880 6204 6788 5503
4874 11 2 1 100 3794 4105 3890 4106 5062 7908 6770 6772 6752 7930
4875 11 2 1 100 3567 3568 3928 3963 3631 6961 7411 7414 7416 7857
4876 11 2 1 100 1133 1149 1405 3947 2377 2379 2368 7141 5680 5378
4877 11 2 1 100 1337 1263 1356 3905 2986 2984 2654 7550 6117 6651
4878 11 2 1 100 884 902 1498 4092 979 7838 7936 7937 7839 7817
4879 11 2 1 100 1195 1196 4045 4078 2518 7938 4588 6410 6412 7625
4880 11 2 1 100 285 4026 3859 4070 7709 7710 7378 7770 4897 5324
4881 11 2 1 100 3564 3571 3732 3916 3620 7766 6012 6013 6014 7314
4882 11 2 1 100 898 892 877 3894 1002 1000 960 7470 7696 7365
4883 11 2 1 100 3792 4105 3940 4111 5620 5337 4291 4382 6078 6675
4884 11 2 1 100 3900 4058 3861 4086 7112 6707 7135 6769 6505 7247
4885 11 2 1 100 3982 4024 3816 4026 7812 6438 7884 7763 7939 7813
4886 11 2 1 100 1431 1084 1417 3900 2132 2130 2133 7111 4640 6596
4887 11 2 1 100 1252 1255 1424 3915 2945 2947 2940 5853 6210 6034
4888 11 2 1 100 894 1312 1037 3888 7451 1591 7774 7450 7659 7449
4889 11 2 1 100 1312 4075 3888 4092 7940 6926 7449 7452 7454 6529
4890 11 2 1 100 1330 1263 1337 4093 2289 2986 2985 6376 7910 7730
4891 11 2 1 100 3937 3790 4046 4060 5532 7212 7209 6075 7392 4916
4892 11 2 1 100 3730 3928 3454 3963 7867 7804 7941 7868 7795 7416
4893 11 2 1 100 250 1308 1034 4029 1776 1779 1771 7457 7092 7860
4894 11 2 1 100 235 1437 236 3971 1687 1686 260 7364 5148 6845
4895 11 2 1 100 3192 3986 3179 4024 7511 7942 3288 7512 7906 7513
4896 11 2 1 100 1090 1330 1336 4093 2162 2164 2153 6143 6937 6376
4897 11 2 1 100 884 876 895 4092 995 998 997 7937 6947 6946
4898 11 2 1 100 3798 3989 3969 4051 6762 5466 5457 6372 6887 7144
4899 11 2 1 100 3918 3830 4071 4103 5686 5687 5688 7943 7290 6255
4900 11 2 1 100 1463 1019 247 4028 1760 1757 1750 7207 5966 7439
4901 11 2 1 100 3671 3668 3672 3904 3718 3723 3711 7464 7294 7749
4902 11 2 1 100 3838 3934 3974 4105 6514 6549 5026 5063 7594 7909
4903 11 2 1 100 3982 3997 3802 4053 7541 6987 7878 7854 7529 6285
4904 11 2 1 100 3964 4028 3836 4102 5967 6399 5655 5733 6326 7921
4905 11 2 1 100 1467 3175 3182 3923 7944 3276 7864 7693 6753 7282
4906 11 2 1 100 3873 3995 3796 4088 4219 5627 5626 4430 6467 7945
4907 11 2 1 100 1284 1487 1283 4109 3058 3057 2799 6999 6194 6497
4908 11 2 1 100 1220 1217 1239 4030 2775 2790 2789 6539 7636 6540
4909 11 2 1 100 3381 3556 3570 3949 7771 3600 7650 7651 6337 7758
4910 11 2 1 100 1456 1102 3932 4097 2220 6555 5909 7855 7300 7174
4911 11 2 1 100 1288 1222 1436 4090 2744 2812 2814 7782 7612 4474
4912 11 2 1 100 3859 3982 3816 4026 7762 7884 7898 7710 7939 7763
4913 11 2 1 100 1289 1436 1224 3972 1882 2813 2822 7445 5674 7611
4914 11 2 1 100 3861 4086 4007 4103 6505 6506 6343 6379 7946 6970
4915 11 2 1 100 3836 4028 3945 4102 6399 5965 4538 6326 7005 7921
4916 11 2 1 100 646 404 636 3951 6495 7828 673 6470 7653 7157
4917 11 2 1 100 1309 4040 1241 4108 7947 7012 2897 7948 7831 7870
4918 11 2 1 100 3792 4022 3929 4102 4654 5197 4138 4558 6065 5464
4919 11 2 1 100 1481 1483 1018 4018 1812 1811 1749 5659 7738 6958
4920 11 2 1 100 3797 4017 3932 4097 6182 5359 6989 7692 7300 7949
4921 11 2 1 100 3934 4101 3890 4105 6802 6866 6345 7909 7908 7929
4922 11 2 1 100 1447 1390 1452 3978 2226 2222 2837 5510 7535 6212
4923 11 2 1 100 241 1503 1480 4079 1722 1725 1717 4922 7912 7914
4924 11 2 1 100 3815 3970 3931 4075 7819 5131 6402 6406 6405 7293
4925 11 2 1 100 898 1043 888 4074 7472 7950 963 7473 7623 7474
4926 11 2 1 100 1154 1155 1145 3911 2436 2435 2247 5856 5189 4894
4927 11 2 1 100 3445 3455 3461 3928 3542 3519 3545 6522 6523 6965
4928 11 2 1 100 3574 3568 3558 3928 3632 3656 3657 6519 5720 6961
4929 11 2 1 100 1296 1516 3923 4043 1915 7148 7951 7639 6299 7150
4930 11 2 1 100 1277 1243 3925 4095 2760 5744 7879 7691 5702 7437
4931 11 2 1 100 4007 4086 3830 4103 6506 6418 6464 7946 6255 6970
4932 11 2 1 100 3192 3188 3986 4026 3290 7223 7511 7780 7703 6294
4933 11 2 1 100 4044 4077 3867 4098 6635 7952 7722 7849 7775 7920
4934 11 2 1 100 473 747 478 3914 6081 7776 507 6083 7350 6082
4935 11 2 1 100 1155 3911 1173 4057 4894 5766 2480 7711 5767 4622
4936 11 2 1 100 1205 3910 1204 4084 7190 6502 2642 7953 7072 4338
4937 11 2 1 100 1509 1482 238 3993 1707 1699 1704 6171 6001 6872
4938 11 2 1 100 475 3903 469 3967 6943 7886 553 7851 7888 7491
4939 11 2 1 100 749 746 479 3967 778 7954 7626 7629 7631 7326
4940 11 2 1 100 3859 3982 286 4032 7762 7761 7377 4895 7768 7543
4941 11 2 1 100 1304 1513 1472 3961 3093 3099 3098 6335 6031 6308
4942 11 2 1 100 809 808 638 3955 848 7791 7955 7235 7721 6477
4943 11 2 1 100 3386 3379 3384 3916 3419 3434 3429 7154 7747 7182
4944 11 2 1 100 474 748 459 3926 7840 7575 513 7324 7516 7062
4945 11 2 1 100 14 881 13 4073 904 903 140 7306 7478 7494
4946 11 2 1 100 1095 1373 1094 3956 2181 2180 2175 6744 5929 7041
4947 11 2 1 100 150 143 3857 4072 7557 7335 7558 7956 7720 7957
4948 11 2 1 100 407 403 398 3914 438 452 449 7194 7193 7735
4949 11 2 1 100 1494 3881 1250 4085 7858 5640 2936 7859 5641 5530
4950 11 2 1 100 3197 3173 1028 3986 3245 7958 7916 7918 7917 7224
4951 11 2 1 100 285 3859 279 4070 7378 7589 7588 7770 7959 4897
4952 11 2 1 100 1514 1531 1285 4024 1866 3066 3067 7904 5887 7905
4953 11 2 1 100 1254 1273 3858 4089 2948 7073 5852 6920 6071 5792
4954 11 2 1 100 3197 1514 3179 3986 7915 7960 3242 7918 7942 7903
4955 11 2 1 100 465 3879 464 3980 7163 5795 547 7483 5797 5486
4956 11 2 1 100 1215 1219 3996 4109 2780 7961 6839 7302 7279 7962
4957 11 2 1 100 3558 3880 3557 3988 5722 7139 3640 5723 7498 5724
4958 11 2 1 100 3808 4033 3857 4066 5927 7586 7585 6629 7501 6455
4959 11 2 1 100 3919 4034 4017 4088 7896 6184 6862 7166 7398 7355
4960 11 2 1 100 481 467 470 3951 565 568 540 6691 5329 7754
4961 11 2 1 100 650 639 636 3951 710 737 733 6693 7653 5332
4962 11 2 1 100 3856 3796 3995 4088 7769 5627 7069 6125 7945 6467
4963 11 2 1 100 3575 3563 3556 3949 3634 3650 3648 6697 7758 5335
4964 11 2 1 100 3443 3450 3462 3949 3537 3520 3536 7649 6699 5216
4965 11 2 1 100 1326 4027 1526 4107 7784 7740 3050 7786 6932 7741
4966 11 2 1 100 1497 3888 1312 4075 7346 7449 1911 7347 7940 6926
4967 11 2 1 100 1279 1499 1269 3983 3011 3010 3000 7913 5561 6816
4968 11 2 1 100 1496 3896 1286 4030 7531 7605 2888 7532 7726 7533
4969 11 2 1 100 3562 3904 3568 3963 7465 6959 3645 7468 7857 7469
4970 11 2 1 100 3561 3672 3670 3957 7963 3708 7810 7739 6511 7295
4971 11 2 1 100 3802 4047 3859 4048 5422 6576 7931 5424 7899 5423
4972 11 2 1 100 1158 1415 1411 4086 2500 2504 2503 6417 6350 5875
4973 11 2 1 100 1063 1065 1372 3958 2025 2028 2027 6817 7537 6818
4974 11 2 1 100 3882 4029 3802 4043 6389 6400 5435 5990 7273 7067
4975 11 2 1 100 1102 1390 1074 3906 2084 2083 2072 6556 6557 5999
4976 11 2 1 100 3821 4069 4006 4077 6895 7029 7434 6575 7544 7964
4977 11 2 1 100 1431 3900 1203 4058 7111 7022 2717 6976 7245 7112
4978 11 2 1 100 631 809 638 3955 7777 7955 702 7778 7721 7235
4979 11 2 1 100 3815 3888 3970 4075 7965 7292 7819 6406 7293 6926
4980 11 2 1 100 1429 1293 1425 4028 3074 2884 3075 6473 5631 6229
4981 11 2 1 100 1115 1116 1117 4010 2280 2286 2285 6544 6640 6005
4982 11 2 1 100 3811 3959 3882 4099 4365 4422 4611 5442 5436 6271
4983 11 2 1 100 1162 1391 1195 4045 2522 2524 2516 4670 4588 7793
4984 11 2 1 100 3813 4023 3884 4052 4572 6240 5467 6478 4889 7802
4985 11 2 1 100 1372 1398 1371 3958 3165 3164 2029 7537 5666 4993
4986 11 2 1 100 1074 3906 1076 4069 6557 5953 2081 7907 6161 6163
4987 11 2 1 100 633 651 644 3926 724 708 730 5480 6971 6656
4988 11 2 1 100 464 475 482 3926 560 539 556 5796 6654 6973
4989 11 2 1 100 1271 1499 1500 3885 3009 1904 3019 5428 5826 6815
4990 11 2 1 100 3837 4002 3864 4030 5243 4981 4697 6128 6978 6743
4991 11 2 1 100 1161 4045 1196 4078 7367 7938 2517 7540 7625 6412
4992 11 2 1 100 3385 3381 3949 3988 3437 7651 7579 7581 7086 7966
4993 11 2 1 100 405 3951 401 3980 7571 7640 456 7573 7967 7125
4994 11 2 1 100 1372 3958 1065 4061 7537 6818 2028 7644 7345 5462
4995 11 2 1 100 1076 1074 1390 3906 2081 2083 2082 5953 5999 6557
4996 11 2 1 100 649 635 644 3903 736 729 723 6319 6941 6591
4997 11 2 1 100 3862 4014 4008 4046 7440 7391 7830 7479 7390 7217
4998 11 2 1 100 480 475 466 3903 554 561 566 6323 6593 6943
4999 11 2 1 100 1161 1195 1196 4045 2515 2518 2517 7367 7938 4588
5000 11 2 1 100 3816 4026 3896 4082 7939 4701 7616 6165 7617 7821
5001 11 2 1 100 3819 4015 3917 4055 4709 4320 5102 5360 6608 7863
5002 11 2 1 100 3800 3929 3924 4055 4920 5501 5091 5773 5499 4971
5003 11 2 1 100 1228 1227 1229 4097 2829 2834 2833 7476 7460 7372
5004 11 2 1 100 1508 1344 1017 3992 1803 1695 1804 7669 6672 5291
5005 11 2 1 100 3733 3567 3552 3928 7861 3626 7559 7019 7502 7411
5006 11 2 1 100 3731 3734 3572 3963 3773 7339 7968 7415 7343 7342
5007 11 2 1 100 3387 3571 3382 3916 7313 7969 3415 7262 7970 7314
5008 11 2 1 100 1495 1250 1494 3881 2634 2936 2938 7356 7858 5640
5009 11 2 1 100 1492 4073 1450 4074 7382 7743 1839 7383 7744 7310
5010 11 2 1 100 3822 4061 3973 4106 5256 5344 5670 5585 7577 6045
5011 11 2 1 100 3797 3869 4017 4097 6533 6535 6182 7692 7949 7461
5012 11 2 1 100 1328 1190 1335 3991 2661 2663 2662 7971 6890 5738
5013 11 2 1 100 1456 1452 1102 4097 2224 2223 2220 7855 7174 7173
5014 11 2 1 100 3832 4008 3862 4014 6444 7830 7972 6525 7440 7391
5015 11 2 1 100 1464 4024 1530 4053 7485 6721 1918 7973 7352 7353
5016 11 2 1 100 1077 4006 1432 4069 7934 6974 2088 7935 6759 7029
5017 11 2 1 100 3573 3559 3568 3904 3660 3655 3647 6251 6959 6562
5018 11 2 1 100 3446 3460 3455 3904 3546 3534 3543 6560 6963 6245
5019 11 2 1 100 3729 3737 3458 3916 3756 7152 7974 7184 7156 7155
5020 11 2 1 100 1520 3912 1486 4038 5407 7564 1933 6783 7408 5438
5021 11 2 1 100 22 3181 3997 4053 3226 7975 6737 7853 6285 7976
5022 11 2 1 100 3555 3672 3561 3957 7790 7963 3613 7789 7739 7295
5023 11 2 1 100 3857 4012 3808 4066 7500 7638 7585 7501 6629 7396
5024 11 2 1 100 3810 4071 3878 4078 5697 5570 6927 7809 6795 7932
5025 11 2 1 100 1277 1243 1476 3925 2760 2909 2908 7879 7105 5744
5026 11 2 1 100 804 805 809 3955 834 861 860 7097 7235 6831
5027 11 2 1 100 401 477 467 3951 7675 504 7753 7640 7754 6375
5028 11 2 1 100 286 3982 22 4032 7761 7542 289 7768 6896 7543
5029 11 2 1 100 3937 4008 3798 4060 7865 6443 5786 6075 5945 7014
5030 11 2 1 100 150 3857 4009 4072 7558 7584 7891 7956 7447 7720
5031 11 2 1 100 3385 3380 3381 3988 3436 3411 3437 7581 7966 7874
5032 11 2 1 100 1057 1056 1055 3908 1985 1981 1986 4751 5956 5304
5033 11 2 1 100 1488 1386 1244 3950 2785 2589 2913 5235 6310 6112
5034 11 2 1 100 875 4009 150 4012 7283 7891 936 6860 7796 7284
5035 11 2 1 100 3804 3971 3865 4076 5350 4852 4870 4706 6076 7113
5036 11 2 1 100 469 462 806 3903 520 7881 7887 7886 7731 7095
5037 11 2 1 100 1499 1036 1500 3885 1905 1902 1904 6815 5826 4684
5038 11 2 1 100 3909 4027 891 4072 7717 7000 7977 7689 7211 6882
5039 11 2 1 100 1397 1187 3943 4054 2646 6234 5528 6409 5280 6272
5040 11 2 1 100 3449 3442 3668 3904 3503 7876 7866 7848 7749 7107
5041 11 2 1 100 400 405 401 3980 457 456 430 7843 7967 7573
5042 11 2 1 100 3847 4071 3918 4078 5223 5688 5849 5165 6057 7932
5043 11 2 1 100 1218 1215 1219 3996 2778 2780 2779 7835 7961 6839
5044 11 2 1 100 3449 3454 3455 3963 3551 3517 3533 7705 7694 7795
5045 11 2 1 100 1175 1209 3913 4064 2585 5624 5533 5535 5413 5625
5046 11 2 1 100 1078 1103 1394 4041 2092 2104 2103 7679 6645 6492
5047 11 2 1 100 628 745 643 3926 7890 7924 692 7515 7844 7846
5048 11 2 1 100 3787 4050 4033 4066 5074 7045 4781 6064 6455 7674
5049 11 2 1 100 3822 3941 3874 4101 4959 4864 7798 5776 6801 6583
5050 11 2 1 100 1271 3885 1500 4085 5428 5826 3019 5429 5827 4389
5051 11 2 1 100 3787 3970 4050 4066 5130 5254 5074 6064 7674 5804
5052 11 2 1 100 3937 3968 3798 4008 5787 4306 5786 7865 6443 6670
5053 11 2 1 100 3832 3862 3977 4054 7972 6176 4822 6408 6439 5977
5054 11 2 1 100 1019 248 247 3945 1756 272 1757 7265 5761 4710
5055 11 2 1 100 1289 1436 3972 4021 1882 7611 7445 6735 6695 7978
5056 11 2 1 100 3985 4000 3799 4039 7196 7856 4209 7198 7576 7170
5057 11 2 1 100 1127 1332 1294 3917 2346 2345 2347 5055 7048 5837
5058 11 2 1 100 881 163 1024 888 964 1569 7493 912 7492 962
5059 11 2 1 100 151 4012 3857 4013 7797 7500 7336 7757 7252 6992
5060 11 2 1 100 1087 1392 1105 4063 2122 2149 2148 6547 6237 4322
5061 11 2 1 100 3799 4000 3862 4046 7856 5577 7829 7210 7479 7560
5062 11 2 1 100 3795 3895 3999 4065 5068 5994 6446 5537 6701 4828
5063 11 2 1 100 889 3888 4056 4092 7056 6257 7057 7787 7418 7454
5064 11 2 1 100 1198 1403 1316 4003 2695 1821 2700 6011 6416 5672
5065 11 2 1 100 1019 1295 248 3945 1766 1763 1756 7265 4710 5159
5066 11 2 1 100 3931 3970 3852 4075 5131 5132 4694 6405 6624 7293
5067 11 2 1 100 3859 3982 3802 4048 7762 7878 7931 7899 5424 7895
5068 11 2 1 100 1032 3972 1436 4021 5894 7611 1883 6694 7978 6695
5069 11 2 1 100 408 402 478 3914 424 7979 7349 7270 7350 7980
5070 11 2 1 100 4009 4072 3807 4073 7447 7688 7257 7307 7773 7448
5071 11 2 1 100 1051 1053 3959 4059 1967 7228 5431 6524 5270 7419
5072 11 2 1 100 3832 3977 3862 4008 4822 6176 7972 6444 7830 6852
5073 11 2 1 100 1291 1234 1445 3886 2859 2866 2868 7199 6338 5870
5074 11 2 1 100 1155 1154 1173 3911 2436 2481 2480 4894 5766 5856
5075 11 2 1 100 1519 1469 1466 3877 1924 1959 3030 6658 7203 6944
5076 11 2 1 100 1152 1144 1369 4096 2433 2420 2434 7101 6607 7637
5077 11 2 1 100 1440 1439 1014 3876 1792 1789 1718 7421 4562 5552
5078 11 2 1 100 1207 1204 1205 3910 2726 2642 2727 7119 7190 6502
5079 11 2 1 100 3802 3997 3982 4032 6987 7541 7878 6956 7543 5863
5080 11 2 1 100 1261 1280 1243 3925 2907 2906 2657 6728 5744 7288
5081 11 2 1 100 1473 1527 3894 4108 3043 7981 7882 7883 6177 7982
5082 11 2 1 100 1529 1308 1047 4029 1951 1785 1952 6565 6366 7860
5083 11 2 1 100 1309 4089 4040 4108 7983 6733 7947 7948 7870 7305
5084 11 2 1 100 1375 1113 3984 4084 2237 6724 5579 4184 5580 7431
5085 11 2 1 100 1069 1070 1071 3927 2050 2056 2055 5134 4837 5541
5086 11 2 1 100 1306 1258 1426 3975 2971 2964 2970 6429 4805 6621
5087 11 2 1 100 143 4056 3857 4072 7894 7330 7335 7957 7720 6881
5088 11 2 1 100 1515 1027 3198 4038 1637 7984 7832 7134 7833 7420
5089 11 2 1 100 3451 3729 3458 3916 7183 7974 3507 6967 7156 7184
5090 11 2 1 100 1216 1168 1386 3950 2553 2545 2554 6099 6112 6857
5091 11 2 1 100 3925 3815 4050 4107 7755 7718 6551 6730 7400 6915
5092 11 2 1 100 3795 3924 3929 4055 4762 5501 4260 5362 4971 5499
5093 11 2 1 100 1480 1279 1502 3983 3045 3002 1829 7911 5658 7913
5094 11 2 1 100 1023 233 234 3954 1674 258 1675 7008 4844 4899
5095 11 2 1 100 3185 21 3923 4032 3219 5860 7147 5743 5862 5861
5096 11 2 1 100 1043 3894 1527 4074 7471 7981 1937 7474 6665 6903
5097 11 2 1 100 3730 3439 3454 3928 7902 3513 7941 7867 7804 7503
5098 11 2 1 100 3799 3985 3915 4000 4209 5278 4731 7856 7614 7196
5099 11 2 1 100 3815 3970 3888 4056 7819 7292 7965 7275 6257 7331
5100 11 2 1 100 1302 1027 1301 4038 1859 1855 1860 5437 6435 7420
5101 11 2 1 100 241 240 1014 4079 265 1715 1714 4922 4824 7680
5102 11 2 1 100 1331 1218 1285 3996 2788 2794 2796 5914 5884 7835
5103 11 2 1 100 3888 4075 3815 4092 6926 6406 7965 7454 6530 6529
5104 11 2 1 100 891 13 3909 4072 906 7922 7977 7211 7689 7477
5105 11 2 1 100 3667 3669 3672 3957 3698 3725 3724 7109 7295 6935
5106 11 2 1 100 1196 1245 1246 4078 2690 2693 2692 7625 5231 6794
5107 11 2 1 100 3440 301 312 3329 6498 3339 3478 6917 3372 3370
5108 11 2 1 100 1520 1042 1486 3912 1932 1631 1933 5407 7564 7672
5109 11 2 1 100 1332 1127 1333 3917 2346 2337 2349 5837 5421 5055
5110 11 2 1 100 3171 286 285 4026 3282 288 3283 7781 7709 7708
5111 11 2 1 100 1266 1265 1267 4001 2921 2990 2989 6441 4554 5756
5112 11 2 1 100 1015 1288 1438 4090 1795 1796 1700 7729 6725 7782
5113 11 2 1 100 295 3328 322 3553 3366 3369 3347 6786 3591 6921
5114 11 2 1 100 630 405 50 632 7572 439 668 669 664 7852
5115 11 2 1 100 3798 3969 3905 4051 5457 6292 4369 6372 6374 6887
5116 11 2 1 100 1217 3996 1331 4030 6838 5914 2787 6540 5917 5919
5117 11 2 1 100 3821 3867 4077 4098 7824 7952 6575 6676 7920 7775
5118 11 2 1 100 887 1451 3909 4073 7985 7925 7986 7987 7033 7926
5119 11 2 1 100 644 643 637 3967 707 738 719 7759 7490 7837
5120 11 2 1 100 1147 1212 1333 4068 2447 2449 2354 6462 7176 5891
5121 11 2 1 100 1228 1229 1230 3998 2833 2839 2838 6867 6363 7825
5122 11 2 1 100 889 4056 876 4092 7057 6879 935 7787 6946 7418
5123 11 2 1 100 1355 4051 3872 4093 7484 6373 7218 7219 6241 6587
5124 11 2 1 100 3815 4027 3909 4072 7276 7717 7723 7277 7689 6882
5125 11 2 1 100 229 1046 230 3994 1649 1648 254 7592 5376 6314
5126 11 2 1 100 3859 4026 3816 4082 7710 7939 7898 7444 6165 7821
5127 11 2 1 100 3856 3995 3873 4088 7069 4219 7988 6125 4430 7945
5128 11 2 1 100 3832 4014 3862 4054 6525 7440 7972 6408 5977 6807
5129 11 2 1 100 808 805 803 3955 857 859 858 6477 4484 6831
5130 11 2 1 100 1051 1402 1053 4059 1969 1968 1967 6524 7419 6689
5131 11 2 1 100 3932 4017 3869 4097 5359 6535 4867 7300 7461 7949
5132 11 2 1 100 887 3909 13 4073 7986 7922 907 7987 7478 7033
5133 11 2 1 100 1317 1321 1035 4039 1900 1899 1671 7463 6612 7169
5134 11 2 1 100 201 3177 3183 1448 3252 3213 3255 1623 5834 5835
5135 11 2 1 100 1440 1289 1439 4021 1885 2832 1792 7662 5684 6735
5136 11 2 1 100 3799 3862 4008 4046 7829 7830 6669 7210 7390 7479
5137 11 2 1 100 3891 4029 3802 4048 6283 6400 6988 7615 5424 6391
5138 11 2 1 100 1267 1279 1269 3983 3001 3000 2999 4553 5561 7913
5139 11 2 1 100 349 3443 3441 3385 3485 3490 3489 3423 7580 7648
5140 11 2 1 100 1169 1382 1249 3974 2444 2559 2558 6638 6868 6548
5141 11 2 1 100 890 3877 880 4031 7697 7074 1010 7989 6907 5983
5142 11 2 1 100 1255 1505 1504 3985 2953 2959 2960 7159 7805 7160
5143 11 2 1 100 1506 1035 1321 3985 1898 1899 1901 6386 7197 6717
5144 11 2 1 100 876 4056 143 4072 6879 7894 933 6880 7957 6881
5145 11 2 1 100 3802 3982 3891 4048 7878 7877 6988 5424 7615 7895
5146 11 2 1 100 1142 1141 3966 4007 2410 5821 7040 7030 6347 6221
5147 11 2 1 100 3867 4044 3824 4077 7722 6634 7990 7952 4550 6635
5148 11 2 1 100 3822 3940 4105 4111 4985 5337 7799 6077 6675 6078
5149 11 2 1 100 3187 279 3172 4070 3212 3278 3280 6512 4878 7959
5150 11 2 1 100 3824 3867 4041 4044 7990 6494 4300 6634 7189 7722
5151 11 2 1 100 1251 1242 1252 4040 2623 2902 2901 5707 6474 7923
5152 11 2 1 100 3882 4019 3855 4029 4424 6715 6138 6389 6390 7093
5153 11 2 1 100 3816 4048 3859 4082 6230 7899 7898 6165 7444 6069
5154 11 2 1 100 1105 1106 1090 3984 2161 2160 2147 6214 6186 6300
5155 11 2 1 100 637 648 807 3967 696 7624 7488 7490 7489 7131
5156 11 2 1 100 1045 1467 3923 4043 1947 7693 6295 6297 6299 7991
5157 11 2 1 100 350 3441 3447 3385 3488 3493 3492 3424 7872 7580
5158 11 2 1 100 3826 4028 3945 4059 5630 5965 6225 5284 5269 6079
5159 11 2 1 100 631 638 649 3955 702 722 721 7778 6320 7721
5160 11 2 1 100 1219 1283 1282 4109 2798 2797 2793 7962 7823 6194
5161 11 2 1 100 462 480 468 3955 551 550 523 7098 7664 6325
5162 11 2 1 100 3857 144 4013 4056 7337 7756 7252 7330 6259 7893
5163 11 2 1 100 3555 3561 3573 3957 3613 3644 3643 7789 6253 7739
5164 11 2 1 100 3442 3460 3448 3957 3531 3530 3500 7110 7635 6248
5165 11 2 1 100 105 82 460 578 602 528 6660 620 7025 619
5166 11 2 1 100 579 111 91 629 624 597 622 7027 678 6663
5167 11 2 1 100 1466 1506 1274 3960 3028 3027 3029 7204 6570 5979
5168 11 2 1 100 4009 4073 3807 4074 7307 7773 7257 6902 7258 7310
5169 11 2 1 100 16 4012 151 4013 6991 7797 154 5599 7757 6992
5170 11 2 1 100 1466 1274 1519 3960 3029 3023 3030 7204 6711 6570
5171 11 2 1 100 1323 1322 1478 3892 1824 1894 3115 4854 6424 4569
5172 11 2 1 100 402 400 36 3980 427 426 422 7992 7842 7843
5173 11 2 1 100 1514 3179 3986 4024 7960 7942 7903 7904 7513 7906
5174 11 2 1 100 3821 4077 3952 4098 6575 6468 5943 6676 6746 7920
5175 11 2 1 100 1140 1138 1347 3995 2401 2403 2402 6889 4661 5679
5176 11 2 1 100 1400 1110 1423 3939 1999 2261 2260 5503 6788 4465
5177 11 2 1 100 83 106 460 578 608 6884 529 618 7025 621
5178 11 2 1 100 579 92 112 629 623 613 625 7027 6883 677
5179 11 2 1 100 3958 4110 3840 4111 6208 5299 5461 6440 4384 7897
5180 11 2 1 100 321 3328 294 3553 3368 3367 3332 3592 6625 6921
5181 11 2 1 100 51 405 630 636 440 7572 667 671 672 7652
5182 11 2 1 100 3670 3669 3666 3957 3720 3722 3721 6511 4545 6935
5183 11 2 1 100 1473 1278 1527 4108 2899 3044 3043 7883 7982 5475
5184 11 2 1 100 1411 3962 1416 4096 6349 5606 2716 6606 5934 5936
5185 11 2 1 100 3915 3977 3820 4008 5705 5647 5057 6671 6674 6852
5186 11 2 1 100 3862 3977 3915 4008 6176 5705 6211 7830 6671 6852
5187 11 2 1 100 3329 3440 302 313 6917 6863 3371 3373 3352 3479
5188 11 2 1 100 1501 1509 1022 3953 1832 1712 1831 5747 7200 6169
5189 11 2 1 100 1476 1041 1451 3909 1925 1576 1926 7032 7925 7734
5190 11 2 1 100 3952 4077 3789 4098 6468 6833 6351 6746 7919 7920
5191 11 2 1 100 3809 4067 3865 4084 5591 6702 4626 4275 6995 7993
5192 11 2 1 100 884 4027 902 4092 7933 7815 979 7937 7817 6948
5193 11 2 1 100 1388 1407 1148 3920 2453 2452 2409 6188 4487 6239
5194 11 2 1 100 1337 3905 4051 4093 7550 6374 7551 7910 6587 6242
5195 11 2 1 100 1395 1397 1396 3943 2704 2649 2711 4792 6137 5528
5196 11 2 1 100 1041 1526 1485 3909 1927 1929 1579 7734 7713 6929
5197 11 2 1 100 1015 3987 1434 4090 7272 7082 1794 7729 7745 6035
5198 11 2 1 100 1454 3896 1496 3986 6741 7531 1863 7311 7530 7225
5199 11 2 1 100 1304 1472 1512 3961 3098 3097 3096 6335 7317 6031
5200 11 2 1 100 1098 1062 1099 3999 2013 2023 2022 7567 5993 7021
5201 11 2 1 100 252 3195 18 3196 7621 3201 277 7620 3200 3203
5202 11 2 1 100 899 17 900 229 930 927 931 7590 7591 253
5203 11 2 1 100 1332 1220 1294 4002 2776 2804 2345 5838 7049 6501
5204 11 2 1 100 3883 3999 3853 4110 5402 5992 4136 5300 6808 7286
5205 11 2 1 100 1213 1168 1216 4068 2551 2553 2552 6585 7362 6858
5206 11 2 1 100 3453 3452 3448 3957 3523 3550 3549 6684 7635 6020
5207 11 2 1 100 3566 3561 3565 3957 3663 3662 3635 6685 6021 7739
5208 11 2 1 100 1106 1114 1115 4010 2240 2243 2242 6301 6544 6269
5209 11 2 1 100 1457 1460 1341 3899 3124 3123 2135 7280 5774 4698
5210 11 2 1 100 1305 1426 1030 3975 1873 1872 1664 7538 5348 4805
5211 11 2 1 100 1433 1459 1100 3990 2214 2211 2212 6205 5895 7238
5212 11 2 1 100 471 468 472 3955 569 570 543 6024 6764 7664
5213 11 2 1 100 641 638 640 3955 739 740 711 6765 6028 7721
5214 11 2 1 100 3676 3665 3671 3963 3715 3717 3712 7341 7467 7528
5215 11 2 1 100 3867 3824 4006 4077 7990 5054 7656 7952 7544 4550
5216 11 2 1 100 1371 1062 1063 4110 2020 2015 2021 7368 6913 7369
5217 11 2 1 100 3575 3556 3557 3949 3648 3638 3649 6697 7140 7758
5218 11 2 1 100 3444 3443 3462 3949 3526 3536 3535 7083 6699 7649
5219 11 2 1 100 876 143 891 4072 933 905 934 6880 7211 7957
5220 11 2 1 100 3186 22 3982 4053 3223 7542 7994 7995 7854 7853
5221 11 2 1 100 1076 1078 1077 4069 2091 2090 2086 6161 7935 7475
5222 11 2 1 100 1181 1173 1327 4057 2576 2578 2577 7071 6168 5767
5223 11 2 1 100 746 745 748 3926 795 801 777 7323 7062 7846
5224 11 2 1 100 3172 280 3185 4032 3279 3218 3281 4875 5743 7767
5225 11 2 1 100 1174 1155 1173 4057 2485 2480 2486 4621 5767 7711
5226 11 2 1 100 1215 3976 1383 4109 6589 7632 2769 7302 7633 6950
5227 11 2 1 100 1253 4040 1242 4089 7226 7923 2904 6750 7996 6733
5228 11 2 1 100 3382 336 3380 3988 3413 3409 3414 7997 7874 7875
5229 11 2 1 100 3825 4015 3895 4055 4318 4740 4415 4970 5361 7863
5230 11 2 1 100 3895 4015 3819 4055 4740 4709 4233 5361 5360 7863
5231 11 2 1 100 650 636 634 3951 733 718 734 6693 7121 7653
5232 11 2 1 100 481 465 467 3951 564 549 565 6691 7754 7164
5233 11 2 1 100 37 461 400 401 499 7841 425 429 430 7752
5234 11 2 1 100 1464 1530 1039 4053 1918 1917 1604 7973 7509 7352
5235 11 2 1 100 3798 3989 3872 4060 6762 7178 5844 5945 5118 6892
5236 11 2 1 100 1240 1239 1286 4030 2803 2887 2886 7436 7726 7636
5237 11 2 1 100 3907 4018 3817 4036 4913 4911 4266 6627 5912 7927
5238 11 2 1 100 1068 1070 1069 3927 2051 2050 2046 4634 5134 5541
5239 11 2 1 100 1406 4003 1465 4052 7562 7862 2967 7563 5903 6219
5240 11 2 1 100 1279 1503 1499 3983 3046 1906 3011 7913 6816 6200
5241 11 2 1 100 3826 3945 4028 4102 6225 5965 5630 4557 7921 7005
5242 11 2 1 100 1217 1218 1331 3996 2777 2788 2787 6838 5914 7835
5243 11 2 1 100 3890 3973 3822 4101 6897 5670 7928 6866 5776 5778
5244 11 2 1 100 1394 1428 1427 3921 2227 2819 2233 6680 5146 4573
5245 11 2 1 100 3856 4088 3873 4094 6125 4430 7988 5276 6709 7435
5246 11 2 1 100 1077 1084 1432 4006 2097 2099 2088 7934 6974 6358
5247 11 2 1 100 1431 1417 1203 3900 2133 2725 2717 7111 7022 4640
5248 11 2 1 100 3733 3730 3731 3928 3786 3778 3772 7019 7412 7867
5249 11 2 1 100 285 20 19 4070 7998 278 287 7770 4505 5900
5250 11 2 1 100 1328 1492 1450 4074 3119 1839 3120 7999 7744 7383
5251 11 2 1 100 3675 3449 3668 3963 7704 7866 3702 7524 7750 7705
5252 11 2 1 100 1202 1431 1203 4058 2718 2717 2668 7202 7245 6976
5253 11 2 1 100 3909 4027 3815 4107 7717 7276 7723 6933 6915 7741
5254 11 2 1 100 1309 1242 1241 4040 2896 2621 2897 7947 7012 7923
5255 11 2 1 100 1102 1072 1378 3932 2073 2062 2074 6555 4419 4816
5256 11 2 1 100 1420 1494 1250 4085 2937 2936 2934 6457 5641 7859
5257 11 2 1 100 3380 3381 3554 335 3411 7772 7873 3410 3601 3406
5258 11 2 1 100 1188 3969 1111 4051 7243 6980 2197 7244 7080 6887
5259 11 2 1 100 1504 1510 3915 4000 2961 6841 7808 7806 7614 7613
5260 11 2 1 100 15 4013 144 4056 5717 7756 147 6258 7893 6259
5261 11 2 1 100 244 1018 1353 4018 1740 1743 1733 4912 5229 7738
5262 11 2 1 100 1028 3173 1454 3986 7958 6739 1613 7917 7311 7224
5263 11 2 1 100 405 403 50 632 441 437 439 7852 664 7736
5264 11 2 1 100 1096 3965 1385 4081 5839 5516 2174 6527 5517 5366
5265 11 2 1 100 1335 1328 3991 4095 2662 7971 6890 6413 7087 8000
5266 11 2 1 100 1259 1497 1312 4075 2968 1911 2975 8001 7940 7347
5267 11 2 1 100 3818 3953 3876 4016 5139 7425 5011 5220 5997 7681
5268 11 2 1 100 745 743 748 3926 787 799 801 7846 7062 7619
5269 11 2 1 100 1175 1209 1244 3913 2585 2588 2587 5533 6309 5624
5270 11 2 1 100 1372 1371 1063 3958 2029 2021 2027 7537 6817 5666
5271 11 2 1 100 150 14 13 4072 152 140 8002 7956 7477 7446
5272 11 2 1 100 3868 3808 4033 4108 5926 5927 4783 5477 7553 7552
5273 11 2 1 100 1228 1229 3998 4097 2833 7825 6867 7476 7374 7460
5274 11 2 1 100 888 1043 1450 4074 7950 1567 7742 7623 7744 7474
5275 11 2 1 100 1158 1369 1142 4007 2424 2421 2422 6342 7030 6463
5276 11 2 1 100 1043 1453 1527 3894 1564 1938 1937 7471 7981 7702
5277 11 2 1 100 246 247 1493 3964 271 1753 1752 7315 6224 5784
5278 11 2 1 100 3869 3797 3998 4097 6533 6316 4174 7461 7374 7692
5279 11 2 1 100 3867 4006 3824 4041 7656 5054 7990 6494 4300 6754
5280 11 2 1 100 1381 1393 1380 4101 3147 3167 2605 5777 7287 7063
5281 11 2 1 100 1338 1437 235 3971 1688 1687 1678 4851 7364 6845
5282 11 2 1 100 3385 349 3443 3383 3423 3485 7648 3425 7820 3421
5283 11 2 1 100 1209 1276 1244 3913 2751 2750 2588 5624 6309 5652
5284 11 2 1 100 1528 1476 1451 4073 3040 1926 1840 7599 7926 7034
5285 11 2 1 100 3886 4062 3944 4083 7547 6058 4565 5567 5808 7765
5286 11 2 1 100 880 890 885 3877 1010 926 945 7074 5319 7697
5287 11 2 1 100 1291 1232 1234 4083 2858 2856 2859 6821 5871 7597
5288 11 2 1 100 1279 1480 1503 3983 3045 1725 3046 7913 6200 7911
5289 11 2 1 100 1108 1118 1368 4065 2250 2254 2253 7240 6002 4829
5290 11 2 1 100 3873 3995 3856 4094 4219 7069 7988 6709 5276 7319
5291 11 2 1 100 3797 3906 3978 4097 6152 7536 7402 7692 7373 7175
5292 11 2 1 100 1450 1024 163 888 1570 1569 1565 7742 962 7492
5293 11 2 1 100 1500 1354 1494 4085 3143 3145 3018 5827 7859 6732
5294 11 2 1 100 3447 350 3385 3384 3492 3424 7872 7746 3428 3426
5295 11 2 1 100 3853 4110 3958 4111 6808 6208 5667 4466 6440 7897
5296 11 2 1 100 1276 1481 1493 3964 3035 1755 3036 5653 6224 5636
5297 11 2 1 100 3859 4048 4047 4082 7899 5423 6576 7444 5560 6069
5298 11 2 1 100 893 890 880 4031 1011 1010 948 6908 6907 7989
5299 11 2 1 100 3728 3730 3733 3928 3762 3786 3785 7602 7019 7867
5300 11 2 1 100 1141 1139 1140 3966 2405 2400 2406 5821 6888 4873
5301 11 2 1 100 251 1047 1308 4029 1782 1785 1777 7064 7860 6366
5302 11 2 1 100 1105 1375 1113 3984 2238 2237 2236 6214 6724 5579
5303 11 2 1 100 3872 3989 3956 4060 7178 5323 7297 5118 4882 6892
5304 11 2 1 100 1485 3909 1526 4027 7713 6929 1929 7716 7740 7717
5305 11 2 1 100 1350 1358 1352 4011 3135 3134 3133 6290 7661 6683
5306 11 2 1 100 405 51 404 636 440 442 444 7652 7828 671
5307 11 2 1 100 1123 1127 1360 4015 2327 2329 2318 4633 5353 5056
5308 11 2 1 100 884 895 4027 4092 997 6945 7933 7937 6948 6947
5309 11 2 1 100 3874 4101 3934 4105 6801 6802 6798 5619 7909 7929
5310 11 2 1 100 887 891 13 3909 909 906 907 7986 7922 7977
5311 11 2 1 100 1219 1282 3996 4109 2793 6885 7961 7962 7279 7823
5312 11 2 1 100 3571 3560 3382 3916 3607 8003 7969 7314 7970 7676
5313 11 2 1 100 1022 3953 240 4079 7200 7424 1709 7610 7680 6092
5314 11 2 1 100 3876 3953 3818 4079 7425 5139 5011 4826 5892 6092
5315 11 2 1 100 3934 4100 3874 4105 6516 5168 6798 7909 5619 8004
5316 11 2 1 100 3820 4040 3868 4057 5065 5066 4444 5649 6359 6581
5317 11 2 1 100 1319 1320 1318 4000 3103 3102 1835 5623 7167 5381
5318 11 2 1 100 402 463 3914 3980 8005 7684 7980 7992 5483 7685
5319 11 2 1 100 1473 1453 1029 3894 1867 1561 1868 7882 5522 7702
5320 11 2 1 100 461 465 464 3980 548 547 546 7482 5797 7483
5321 11 2 1 100 3558 3557 3554 3988 3640 3639 3641 5723 7499 7498
5322 11 2 1 100 252 1047 251 3997 1783 1782 276 7351 7065 6367
5323 11 2 1 100 3796 3952 3919 4034 4965 6120 5345 6039 7896 6080
5324 11 2 1 100 3838 4100 3934 4105 5077 6516 6514 5063 7909 8004
5325 11 2 1 100 1312 1311 4075 4092 2974 6404 7940 7452 6529 6528
5326 11 2 1 100 3798 3872 3989 4051 5844 7178 6762 6372 7144 6373
5327 11 2 1 100 644 628 643 3926 706 692 707 6971 7844 7515
5328 11 2 1 100 1060 1098 1329 3999 2012 2014 2003 6843 6825 7567
5329 11 2 1 100 474 459 475 3926 513 538 537 7324 6973 7516
5330 11 2 1 100 336 3382 3560 3988 3413 8003 3604 7875 7677 7997
5331 11 2 1 100 1079 4006 1078 4041 5937 7657 2096 5498 7679 6754
5332 11 2 1 100 3458 3447 3451 3916 3494 3548 3507 7156 6967 7426
5333 11 2 1 100 3564 3560 3571 3916 3661 3607 3620 6013 7314 7676
5334 11 2 1 100 1421 1251 1422 3977 2624 2942 2941 5712 6969 5706
5335 11 2 1 100 1193 1183 1257 4052 2511 2626 2625 5454 7117 6134
5336 11 2 1 100 402 3914 403 3980 7980 7735 451 7992 7737 5483
5337 11 2 1 100 3867 4069 3821 4077 6162 6895 7824 7952 6575 7964
5338 11 2 1 100 1301 1474 1303 3938 3084 3088 3087 5763 7042 5548
5339 11 2 1 100 1211 1111 1189 3969 2267 2265 2268 5698 5757 6980
5340 11 2 1 100 1405 1249 1382 3974 2933 2559 2369 5681 6548 6868
5341 11 2 1 100 1512 1472 1367 3961 3097 3161 3163 7317 5511 6031
5342 11 2 1 100 1134 1159 1136 4094 2383 2382 2381 4334 6644 6490
5343 11 2 1 100 3799 3954 4000 4046 6722 6532 7856 7210 7560 7608
5344 11 2 1 100 3919 4017 3791 4088 6862 4395 4943 7166 4381 7398
5345 11 2 1 100 3384 3916 3382 3988 7747 7970 3435 7748 7997 5728
5346 11 2 1 100 1227 1225 1447 3978 2825 2827 2826 7371 5510 4616
5347 11 2 1 100 1242 1182 1241 4040 2620 2615 2621 7923 7012 6580
5348 11 2 1 100 880 156 1040 1469 943 1548 6905 7764 1549 1544
5349 11 2 1 100 1470 3997 3181 4053 8006 7975 8007 8008 7976 6285
5350 11 2 1 100 1193 1259 1310 4075 2677 2679 2513 6681 7393 8001
5351 11 2 1 100 1251 1182 1242 4040 2622 2620 2623 5707 7923 6580
5352 11 2 1 100 481 460 472 3866 541 542 544 6690 6979 6661
5353 11 2 1 100 1264 1202 1206 4058 2719 2670 2720 7020 7869 7202
5354 11 2 1 100 650 641 629 3866 713 712 709 6692 6664 6981
5355 11 2 1 100 3802 3982 3859 4032 7878 7762 7931 6956 4895 7543
5356 11 2 1 100 285 279 20 4070 7588 281 7998 7770 5900 7959
5357 11 2 1 100 3382 3916 3560 3988 7970 7676 8003 7997 7677 5728
5358 11 2 1 100 3447 3458 3384 3916 3494 7850 7746 7426 7747 7156
5359 11 2 1 100 150 4009 14 4072 7891 7308 152 7956 7446 7447
5360 11 2 1 100 3891 4024 3982 4053 5888 7812 7877 6286 7854 7353
5361 11 2 1 100 1408 1270 1409 4035 3006 3015 3014 6097 6433 4385
5362 11 2 1 100 3876 3848 4016 4021 4492 5813 5997 5385 7760 5386
5363 11 2 1 100 1037 1497 1306 3888 1910 1909 1908 7659 6428 7346
5364 11 2 1 100 1288 1015 1434 4090 1795 1794 1793 7782 7745 7729
5365 11 2 1 100 1236 1292 1445 4037 2876 1800 2867 5505 7055 6611
5366 11 2 1 100 3567 3568 3552 3928 3631 3630 3626 7411 7502 6961
5367 11 2 1 100 3455 3454 3439 3928 3517 3513 3518 6965 7503 7804
5368 11 2 1 100 1037 1306 1468 3888 1908 1907 1594 7659 6811 6428
5369 11 2 1 100 3827 4018 3907 4036 5204 4913 5121 5508 6627 7927
5370 11 2 1 100 1255 1504 1510 3915 2960 2961 2958 6034 6841 7808
5371 11 2 1 100 1080 1394 1104 4041 2102 2114 2113 4930 6568 6645
5372 11 2 1 100 3816 3996 3891 4048 5915 5885 7539 6230 7615 6066
5373 11 2 1 100 402 463 478 3914 8005 497 7979 7980 7350 7684
5374 11 2 1 100 1224 1436 1222 3972 2813 2812 2810 5674 4753 7611
5375 11 2 1 100 3729 3727 3737 3916 3783 3753 3756 7184 7155 7264
5376 11 2 1 100 1470 1047 3997 4053 1954 6367 8006 8008 6285 6368
5377 11 2 1 100 3566 3553 3575 3860 3636 3633 3637 6912 6696 6626
5378 11 2 1 100 3440 3453 3462 3860 3522 3524 3521 6499 6698 6911
5379 11 2 1 100 884 889 876 4092 996 935 995 7937 6946 7787
5380 11 2 1 100 751 742 744 3914 768 796 781 7195 7231 7268
5381 11 2 1 100 1430 1085 1073 4025 2079 2068 2077 6826 6074 6582
5382 11 2 1 100 150 13 143 4072 8002 145 7557 7956 7957 7477
5383 11 2 1 100 3921 4041 3867 4044 6493 6494 4574 7205 7722 7189
5384 11 2 1 100 3857 3807 4009 4072 7880 7257 7584 7720 7447 7688
5385 11 2 1 100 3893 3992 3804 4005 4238 5351 5782 5783 4705 5565
5386 11 2 1 100 1478 1322 1034 4019 1894 1773 1895 6714 6716 4940
5387 11 2 1 100 473 478 463 3914 507 497 557 6083 7684 7350
5388 11 2 1 100 642 632 647 3914 726 666 686 7001 7222 7432
5389 11 2 1 100 1024 1450 1492 4073 1570 1839 1838 7495 7382 7743
5390 11 2 1 100 3899 4011 3812 4104 4481 4479 4477 6388 6090 6780
5391 11 2 1 100 1216 1386 1488 3950 2554 2785 2784 6099 5235 6112
5392 11 2 1 100 405 404 401 3951 444 455 456 7571 7640 7157
5393 11 2 1 100 3836 3950 3913 4022 4857 4160 5651 6365 4455 4327
5394 11 2 1 100 1529 1475 1283 3891 1955 3060 3059 6564 6191 6873
5395 11 2 1 100 1411 1416 1369 4096 2716 2474 2502 6606 6607 5934
5396 11 2 1 100 3189 3179 1514 4024 3239 7960 8009 7647 7904 7906
5397 11 2 1 100 3730 3454 3735 3963 7941 7794 3763 7868 7523 7795
5398 11 2 1 100 1312 1311 1259 4075 2974 2973 2975 7940 8001 6404
5399 11 2 1 100 3675 3668 3665 3963 3702 3719 3716 7524 7528 7750
5400 11 2 1 100 3954 3799 4000 4039 6722 7856 6532 5759 7170 7576
5401 11 2 1 100 3383 3385 3381 3949 3425 3437 3431 6437 7651 7579
5402 11 2 1 100 1280 1476 1243 3925 2910 2909 2906 7288 5744 7105
5403 11 2 1 100 1303 1474 1471 3938 3088 2758 3095 7042 7241 5548
5404 11 2 1 100 4040 4089 3868 4108 6733 6072 5066 7870 5477 7305
5405 11 2 1 100 1302 1520 1486 4038 3091 1933 1861 5437 7408 6783
5406 11 2 1 100 1397 1187 1396 3943 2646 2647 2649 5528 6137 6234
5407 11 2 1 100 1189 1111 1188 3969 2265 2197 2266 5757 7243 6980
5408 11 2 1 100 21 3182 3185 3923 3220 3222 3219 5860 7147 6753
5409 11 2 1 100 647 632 403 3914 666 7736 7871 7222 7735 7432
5410 11 2 1 100 3795 3999 3946 4065 6446 5403 5676 5537 6748 6701
5411 11 2 1 100 1129 1130 1131 3934 2342 2356 2355 7360 6563 6797
5412 11 2 1 100 461 37 467 401 499 501 503 7752 7753 429
5413 11 2 1 100 1097 1188 1111 4051 2198 2197 2196 7078 7080 7244
5414 11 2 1 100 875 4012 890 4031 6860 7698 939 5899 7989 6861
5415 11 2 1 100 3953 4016 3845 4021 7681 5814 5748 6829 6396 7760
5416 11 2 1 100 894 1498 1312 4092 8010 1588 7451 7453 7452 7839
5417 11 2 1 100 3186 3982 3171 4024 7994 7807 3285 8011 7514 7812
5418 11 2 1 100 1215 1213 1383 3976 2768 2770 2769 6589 7632 6584
5419 11 2 1 100 1116 1160 1117 3979 2291 2290 2286 6003 6734 5683
5420 11 2 1 100 1142 1141 1140 3966 2410 2406 2411 7040 6888 5821
5421 11 2 1 100 3449 3459 3454 3963 3504 3514 3551 7705 7795 7522
5422 11 2 1 100 1529 1487 1308 4029 3061 1893 1951 6565 7860 6508
5423 11 2 1 100 1038 3175 1467 3923 7566 7944 1646 7554 7693 7282
5424 11 2 1 100 1075 1074 1076 4069 2076 2081 2080 7827 6161 7907
5425 11 2 1 100 1038 3923 1516 4020 7554 7148 1914 7556 7596 6617
5426 11 2 1 100 3442 358 3667 3448 3498 3697 7108 3500 7634 3496
5427 11 2 1 100 1256 3977 1422 4054 6545 6969 2569 6546 7118 6439
5428 11 2 1 100 3173 198 1454 3194 3243 1612 6739 3248 6738 3247
5429 11 2 1 100 1328 1327 1190 3991 2660 2579 2661 7971 5738 6167
5430 11 2 1 100 3191 3180 3198 4038 3294 3267 3303 5843 7833 5771
5431 11 2 1 100 3978 3998 3797 4097 4509 6316 7402 7373 7692 7374
5432 11 2 1 100 1434 1437 1260 3987 1797 2977 2730 7082 6673 6846
5433 11 2 1 100 335 3381 3554 3556 3406 7772 3601 3599 3603 7771
5434 11 2 1 100 3791 3933 4042 4104 6197 6289 4462 4456 6837 6198
5435 11 2 1 100 150 875 892 4009 936 938 911 7891 7728 7283
5436 11 2 1 100 3815 4056 3888 4092 7275 6257 7965 6530 7454 7418
5437 11 2 1 100 1470 1524 3181 3997 1598 8012 8007 8006 7975 8013
5438 11 2 1 100 1352 1460 1351 4011 3137 3136 3132 7661 5239 4699
5439 11 2 1 100 1372 1086 1419 4061 2039 2143 2142 7644 6158 6923
5440 11 2 1 100 1376 1196 1246 4078 2519 2692 2694 5164 5231 7625
5441 11 2 1 100 3847 4007 3918 4103 6222 6485 5849 6042 7943 7946
5442 11 2 1 100 3789 4016 3952 4098 5227 6135 6351 7919 6746 7162
5443 11 2 1 100 1046 1306 1305 3975 1949 1948 1658 6313 7538 6429
5444 11 2 1 100 1246 1266 1377 4001 2920 2923 2922 5230 5303 6441
5445 11 2 1 100 3799 3968 3937 4008 4175 5787 5471 6669 7865 6670
5446 11 2 1 100 1491 3991 1328 4074 6053 7971 3118 6054 7999 6055
5447 11 2 1 100 171 1468 886 879 1593 6810 986 984 988 6809
5448 11 2 1 100 1467 3175 208 3182 7944 3271 1644 7864 3275 3276
5449 11 2 1 100 3448 3460 3453 3957 3530 3547 3549 7635 6684 6248
5450 11 2 1 100 3566 3573 3561 3957 3659 3644 3663 6685 7739 6253
5451 11 2 1 100 1475 1530 1283 3891 1921 3054 3060 6873 6191 6719
5452 11 2 1 100 1329 1112 1471 3946 2204 2271 2270 6824 6876 6422
5453 11 2 1 100 468 480 472 3955 550 567 570 7664 6764 6325
5454 11 2 1 100 649 638 641 3955 722 739 735 6320 6765 7721
5455 11 2 1 100 3816 4024 3986 4026 6438 7513 6103 7939 7703 7813
5456 11 2 1 100 3824 3936 4044 4080 4547 6227 6634 6279 7417 6280
5457 11 2 1 100 1216 1489 1383 3976 2783 2782 2771 6101 7632 6642
5458 11 2 1 100 643 745 750 3967 7924 788 7836 7837 7130 7847
5459 11 2 1 100 1387 1409 1149 4035 2456 2455 2389 6763 5379 6433
5460 11 2 1 100 3189 1514 1464 4024 8009 1607 8014 7647 7485 7904
5461 11 2 1 100 1096 1180 1385 3965 2192 2194 2174 5839 5516 7187
5462 11 2 1 100 1433 1423 1237 3990 2880 2879 2881 6205 6773 6789
5463 11 2 1 100 3838 3874 4100 4105 5946 5168 5077 5063 8004 5619
5464 11 2 1 100 890 4012 3877 4031 7698 6990 7697 7989 5983 6861
5465 11 2 1 100 809 805 808 3955 861 857 848 7235 6477 6831
5466 11 2 1 100 474 475 469 3967 537 553 571 7327 7888 7851
5467 11 2 1 100 1294 1240 1361 4002 2805 2893 2895 7049 4835 7215
5468 11 2 1 100 377 3555 3562 3671 3611 3616 3615 3709 7466 7654
5469 11 2 1 100 812 469 806 3967 7892 7887 828 7630 7732 7888
5470 11 2 1 100 3834 3869 4062 4083 4968 7320 6378 4817 7765 4869
5471 11 2 1 100 1121 1360 1156 4015 2317 2319 2308 6586 4707 5353
5472 11 2 1 100 239 240 1022 3953 264 1709 1708 6828 7200 7424
5473 11 2 1 100 3834 4062 3886 4083 6378 7547 7137 4817 5567 7765
5474 11 2 1 100 3861 4007 3966 4103 6343 6347 4744 6379 6668 7946
5475 11 2 1 100 651 632 642 3914 725 726 704 6655 7001 7432
5476 11 2 1 100 482 473 463 3914 536 557 555 6653 7684 6083
5477 11 2 1 100 1054 1052 1053 3959 1970 1966 1971 5822 7228 4433
5478 11 2 1 100 886 1468 1521 3994 6810 1595 8015 6538 8016 6834
5479 11 2 1 100 3822 4101 3874 4105 5776 6801 7798 7799 5619 7929
5480 11 2 1 100 1397 1256 1187 4054 2645 2568 2646 6409 6272 6546
5481 11 2 1 100 633 635 634 3879 728 727 717 5485 7146 6590
5482 11 2 1 100 465 466 464 3879 559 558 547 7163 5795 6592
5483 11 2 1 100 3839 3984 3922 4067 6185 6267 5110 5287 5206 7788
5484 11 2 1 100 1511 1343 1479 4005 3111 3127 2599 7301 6775 6939
5485 11 2 1 100 3884 4003 3813 4052 5313 6189 5467 4889 6478 6219
5486 11 2 1 100 1117 1160 1194 3979 2290 2296 2295 6734 6381 5683
5487 11 2 1 100 3669 3667 358 3448 3698 3697 3693 7822 3496 7634
5488 11 2 1 100 3672 3669 3670 3957 3725 3720 3708 7295 6511 6935
5489 11 2 1 100 3560 3564 3574 3916 3661 3628 3658 7676 6518 6013
5490 11 2 1 100 3461 3451 3447 3916 3516 3548 3544 6520 7426 6967
5491 11 2 1 100 648 637 643 3967 696 738 693 7131 7837 7490
5492 11 2 1 100 3822 3973 3890 4106 5670 6897 7928 5585 6752 7577
5493 11 2 1 100 1209 1495 1483 4064 2630 2754 2753 5625 5412 7834
5494 11 2 1 100 3805 4044 3936 4080 6226 6227 5117 6233 6280 7417
5495 11 2 1 100 3853 3958 3941 4111 5667 4961 4472 4466 6823 6440
5496 11 2 1 100 3941 3958 3822 4111 4961 4937 4959 6823 6077 6440
5497 11 2 1 100 249 250 1034 4019 274 1771 1770 6641 6716 7534
5498 11 2 1 100 1065 1067 1086 4061 2035 2038 2037 7345 6923 4490
5499 11 2 1 100 1375 1186 1113 4084 2279 2278 2237 4184 7431 7430
5500 11 2 1 100 3559 3557 3558 3880 3651 3640 3652 6561 5722 7139
5501 11 2 1 100 3444 3446 3445 3880 3539 3538 3528 7084 7102 6559
5502 11 2 1 100 1194 1310 1313 3931 2514 2681 2680 6380 6604 7142
5503 11 2 1 100 1254 1253 1273 4089 2944 2949 2948 6920 5792 6750
5504 11 2 1 100 1428 1223 1427 3921 2818 2808 2819 4573 5146 5618
5505 11 2 1 100 896 877 892 3894 1001 1000 994 4975 7365 7696
5506 11 2 1 100 246 1493 1481 3964 1752 1755 1747 7315 5636 6224
5507 11 2 1 100 1458 1359 1419 3973 3141 3149 2144 6835 5669 6114
5508 11 2 1 100 1227 3978 1452 4097 7371 7535 2836 7372 7173 7373
5509 11 2 1 100 631 637 126 807 699 695 697 7682 840 7488
5510 11 2 1 100 741 746 749 3967 794 778 791 7725 7629 7326
5511 11 2 1 100 1509 1281 1482 3993 3052 3051 1707 6171 6872 6602
5512 11 2 1 100 3186 3181 22 4053 3227 3226 3223 7995 7853 7976
5513 11 2 1 100 3183 3193 202 1042 3258 3257 3254 7889 1626 7671
5514 11 2 1 100 1323 1478 1489 3892 3115 3064 3116 4854 6419 6424
5515 11 2 1 100 1044 1449 1517 3896 1619 1944 1943 7643 6384 4512
5516 11 2 1 100 1411 1412 1201 3962 2714 2604 2715 6349 7047 5969
5517 11 2 1 100 1402 1429 1401 4059 1815 3169 1979 6689 5882 6782
5518 11 2 1 100 464 463 461 3980 545 500 546 5797 7482 7685
5519 11 2 1 100 1416 1411 1201 3962 2716 2715 2712 5606 7047 6349
5520 11 2 1 100 3562 3572 3671 3963 3617 7901 7466 7468 7467 7343
5521 11 2 1 100 3810 4045 3918 4078 4413 6647 5696 7809 6057 6412
5522 11 2 1 100 897 165 1041 1451 968 1575 7733 8017 1576 1571
5523 11 2 1 100 899 886 1521 3994 989 8015 8018 7593 8016 6538
5524 11 2 1 100 884 1498 894 4092 7936 8010 982 7937 7453 7839
5525 11 2 1 100 479 746 474 3967 7954 7325 514 7631 7327 7326
5526 11 2 1 100 1289 1032 1436 4021 1884 1883 1882 6735 7978 6694
5527 11 2 1 100 3562 3568 3567 3963 3645 3631 3664 7468 7414 7857
5528 11 2 1 100 1507 3992 1482 3993 6456 7525 1806 6451 6872 4240
5529 11 2 1 100 3966 4007 3847 4103 6347 6222 5820 6668 6042 7946
5530 11 2 1 100 1175 1184 1209 4064 2555 2586 2585 5535 5625 7387
5531 11 2 1 100 3192 3173 3197 3986 3296 3245 3299 7511 7918 7224
5532 11 2 1 100 1348 1247 1347 3995 2926 2674 2404 7068 4661 6916
5533 11 2 1 100 802 812 806 3967 852 828 856 7410 7732 7630
5534 11 2 1 100 3918 4007 3830 4103 6485 6464 5686 7943 6255 7946
5535 11 2 1 100 3731 3726 3734 3963 3779 3776 3773 7415 7342 7700
5536 11 2 1 100 1142 1144 1141 4007 2416 2415 2410 7030 6221 7077
5537 11 2 1 100 1092 1096 1385 4081 2172 2174 2158 4516 5517 6527
5538 11 2 1 100 3900 4006 3824 4077 5053 5054 4452 4859 4550 7544
5539 11 2 1 100 3192 3197 3179 3986 3299 3242 3288 7511 7942 7918
5540 11 2 1 100 322 3565 295 3553 3595 5263 3347 3591 6786 3596
5541 11 2 1 100 1193 1258 1259 4075 2675 2678 2677 6681 8001 6622
5542 11 2 1 100 1186 1205 1204 4084 2643 2642 2641 7430 7072 7953
5543 11 2 1 100 3196 3181 1524 3997 3230 8012 8019 7622 8013 7975
5544 11 2 1 100 1354 1353 1018 4018 1808 1743 1809 6731 7738 5229
5545 11 2 1 100 3177 201 1025 1448 3252 1621 5059 5835 1625 1623
5546 11 2 1 100 74 805 804 468 832 834 830 522 7663 7818
5547 11 2 1 100 887 897 891 3909 970 1006 909 7986 7977 7712
5548 11 2 1 100 1282 1283 1530 3891 2797 3054 3053 6718 6719 6191
5549 11 2 1 100 156 880 885 1469 943 945 941 1544 7091 7764
5550 11 2 1 100 3387 3382 3379 3916 3415 3433 3418 7262 7182 7970
5551 11 2 1 100 3797 3978 3906 4098 7402 7536 6152 6678 6677 7403
5552 11 2 1 100 1527 1453 1473 3894 1938 1867 3043 7981 7882 7702
5553 11 2 1 100 401 404 399 3951 455 454 453 7640 5219 7157
5554 11 2 1 100 408 398 402 3914 448 450 424 7270 7980 7193
5555 11 2 1 100 889 884 894 4092 996 982 1009 7787 7453 7937
5556 11 2 1 100 1022 1480 1502 4079 1719 1829 1828 7610 6091 7912
5557 11 2 1 100 462 74 804 468 518 830 7096 523 7663 522
5558 11 2 1 100 312 3450 301 3440 3476 5215 3339 3478 6498 3480
5559 11 2 1 100 1359 1458 1352 3973 3141 3140 3138 6114 7660 6835
5560 11 2 1 100 1530 3891 1475 4053 6719 6873 1921 7352 6874 6286
5561 11 2 1 100 1374 1198 1406 4003 2639 2701 2629 6217 7562 6011
5562 11 2 1 100 1486 3193 203 3174 7405 3256 1629 7404 3260 3261
5563 11 2 1 100 1102 1378 1456 3932 2074 2221 2220 6555 5909 4419
5564 11 2 1 100 3449 3455 3442 3904 3533 3532 3503 7848 7107 6963
5565 11 2 1 100 3562 3555 3568 3904 3616 3646 3645 7465 6959 7655
5566 11 2 1 100 1310 1259 1311 4075 2679 2973 2972 7393 6404 8001
5567 11 2 1 100 898 162 888 1043 959 961 963 7472 7950 1562
5568 11 2 1 100 1355 1337 4051 4093 2652 7551 7484 7219 6587 7910
5569 11 2 1 100 1041 1476 1526 3909 1925 1928 1927 7734 6929 7032
5570 11 2 1 100 3558 3554 3560 3988 3641 3606 3642 5723 7677 7499
5571 11 2 1 100 899 1521 229 3994 8018 1536 7590 7593 7592 8016
5572 11 2 1 100 3847 3918 4071 4103 5849 5688 5223 6042 7290 7943
5573 11 2 1 100 644 637 631 3903 719 699 720 6941 7683 7487
5574 11 2 1 100 469 475 462 3903 553 552 520 7886 7095 6943
5575 11 2 1 100 3796 4034 3919 4088 6039 7896 5345 6467 7166 7355
5576 11 2 1 100 638 127 808 809 700 847 7791 7955 848 843
5577 11 2 1 100 3176 3189 194 1039 3236 3235 3231 7506 1600 7505
5578 11 2 1 100 3383 3381 3378 3949 3431 3430 3432 6437 5233 7651
5579 11 2 1 100 875 150 151 4012 936 153 937 6860 7797 7796
5580 11 2 1 100 1317 232 233 4039 1668 257 1669 7463 5758 5595
5581 11 2 1 100 3183 3187 3193 3912 3215 3302 3258 5836 7565 7587
5582 11 2 1 100 901 160 877 1453 953 955 957 8020 7727 1560
5583 11 2 1 100 1317 1035 232 4039 1671 1663 1668 7463 5595 6612
5584 11 2 1 100 1335 1492 1328 4095 3037 3119 2662 6413 8000 7384
5585 11 2 1 100 1098 1060 1062 3999 2012 2010 2013 7567 7021 6843
5586 11 2 1 100 1290 1439 1228 3998 1788 2831 2840 5267 6867 5553
5587 11 2 1 100 3572 3567 3731 3963 3627 7413 7968 7343 7415 7414
5588 11 2 1 100 313 3440 302 3452 3479 6863 3352 3481 5369 3483
5589 11 2 1 100 1309 1525 4089 4108 3033 7304 7983 7948 7305 6178
5590 11 2 1 100 640 112 92 629 5393 613 681 682 677 6883
5591 11 2 1 100 16 144 15 4013 8021 147 148 5599 5717 7756
5592 11 2 1 100 1524 252 3196 3997 1543 7620 8019 8013 7622 7351
5593 11 2 1 100 3867 4006 4069 4077 7656 7029 6162 7952 7964 7544
5594 11 2 1 100 83 106 471 460 608 5390 531 529 533 6884
5595 11 2 1 100 3197 197 1028 3173 3240 1609 7916 3245 7958 3244
5596 11 2 1 100 1448 3183 202 1042 5834 3254 1624 1628 1626 7889
5597 11 2 1 100 1465 1406 1316 4003 2967 2702 3100 7862 6416 7562
5598 11 2 1 100 1285 1464 1514 4024 3055 1607 3067 5887 7904 7485
5599 11 2 1 100 1376 1161 1196 4078 2469 2517 2519 5164 7625 7540
5600 11 2 1 100 3174 3187 3191 4038 3301 3295 3300 7406 5843 5842
5601 11 2 1 100 1073 1074 1075 4025 2070 2076 2075 6074 7826 6951
5602 11 2 1 100 1337 1188 1355 4051 2653 2199 2652 7551 7484 7244
5603 11 2 1 100 3922 3865 4067 4084 5043 6702 5206 6997 7993 6995
5604 11 2 1 100 251 1308 250 4029 1777 1776 275 7064 7457 7860
5605 11 2 1 100 809 631 126 807 7777 697 844 845 840 7682
5606 11 2 1 100 1216 1383 1213 3976 2771 2770 2552 6101 6584 7632
5607 11 2 1 100 294 3563 321 3553 5334 3588 3332 6625 3592 3593
5608 11 2 1 100 470 105 82 460 5328 602 526 530 528 6660
5609 11 2 1 100 639 91 111 629 674 597 5331 679 6663 678
5610 11 2 1 100 1029 901 159 1484 5523 952 1557 1558 1553 6983
5611 11 2 1 100 1246 1265 1266 4001 2915 2921 2920 5230 6441 5756
5612 11 2 1 100 1077 1078 1079 4006 2090 2096 2095 7934 5937 7657
5613 11 2 1 100 1504 1505 1321 3985 2959 3114 3106 7805 7197 7160
5614 11 2 1 100 3935 4067 3790 4076 4730 4714 4664 5809 6305 7031
5615 11 2 1 100 1416 1340 1152 4096 2472 2471 2473 5934 7101 6098
5616 11 2 1 100 1255 1510 1424 3915 2958 2573 2947 6034 6210 6841
5617 11 2 1 100 3672 376 3561 3670 3706 3608 7963 3708 7810 3704
5618 11 2 1 100 1309 1242 4040 4089 2896 7923 7947 7983 6733 7996
5619 11 2 1 100 3555 377 3672 3671 3611 3707 7790 7654 3711 3709
5620 11 2 1 100 1112 1108 1368 4065 2203 2253 2252 6747 6002 7240
5621 11 2 1 100 3830 4007 3918 4096 6464 6485 5686 6481 6482 7165
5622 11 2 1 100 883 875 890 4031 990 939 991 6232 7989 5899
5623 11 2 1 100 144 16 151 4013 8021 154 7333 7756 7757 5599
5624 11 2 1 100 1256 1422 1171 4054 2569 2566 2567 6546 6609 7118
5625 11 2 1 100 3935 4004 3804 4087 4643 4872 4871 6330 5628 5452
5626 11 2 1 100 751 116 647 642 758 657 7221 8022 686 684
5627 11 2 1 100 1421 1422 1256 3977 2941 2569 2963 5712 6545 6969
5628 11 2 1 100 746 748 65 474 777 773 775 7325 512 7840
5629 11 2 1 100 1288 1434 1207 4090 1793 2729 2743 7782 7120 7745
5630 11 2 1 100 3876 4016 3953 4021 5997 7681 7425 5385 6829 7760
5631 11 2 1 100 1107 1095 1097 3989 2185 2177 2186 5465 7143 7344
5632 11 2 1 100 3788 4047 4048 4082 4994 5423 5878 4191 6069 5560
5633 11 2 1 100 1105 1113 1106 3984 2236 2235 2161 6214 6300 6724
5634 11 2 1 100 743 117 744 628 783 779 784 7618 7609 687
5635 11 2 1 100 1470 1475 1047 4053 1919 1953 1954 8008 6368 6874
5636 11 2 1 100 1096 1178 1180 3965 2190 2193 2192 5839 7187 6181
5637 11 2 1 100 1486 203 3193 1042 1629 3256 7405 1631 7671 1627
5638 11 2 1 100 385 3564 3732 3733 3619 6012 3764 3768 3769 7018
5639 11 2 1 100 1528 4073 1492 4095 7599 7382 1842 7600 7384 7036
5640 11 2 1 100 3730 3728 368 3439 3762 3758 3760 7902 3508 7601
5641 11 2 1 100 747 473 64 748 6081 505 770 774 772 7061
5642 11 2 1 100 886 882 15 3994 919 916 920 6538 5714 6787
5643 11 2 1 100 1042 1520 1512 3912 1932 1934 1931 7672 7316 5407
5644 11 2 1 100 642 744 117 628 7232 779 685 689 687 7609
5645 11 2 1 100 628 743 118 745 7618 782 688 7890 786 787
5646 11 2 1 100 3567 3731 3733 386 7413 3772 7861 3624 3767 3771
5647 11 2 1 100 1496 1239 1331 4030 2889 2791 2890 7532 5917 7636
5648 11 2 1 100 1261 1325 1280 4107 2979 2978 2907 6729 7289 6686
5649 11 2 1 100 1507 1017 1482 3992 1805 1701 1806 6456 7525 6672
5650 11 2 1 100 1114 1374 1116 4010 2283 2282 2281 6269 6005 6215
5651 11 2 1 100 1372 1065 1086 4061 2028 2037 2039 7644 6923 7345
5652 11 2 1 100 3799 4008 3937 4046 6669 7865 5471 7210 7209 7390
5653 11 2 1 100 1089 1385 1346 4081 2157 2159 2129 6483 5588 5517
5654 11 2 1 100 22 3181 3178 3997 3226 3225 3217 6737 6261 7975
5655 11 2 1 100 3922 4067 3984 4084 5206 7788 6267 6997 5580 7993
5656 11 2 1 100 1222 1288 1207 4090 2744 2743 2741 4474 7120 7782
5657 11 2 1 100 16 890 151 4012 923 922 154 6991 7797 7698
5658 11 2 1 100 1447 1452 1227 3978 2837 2836 2826 5510 7371 7535
5659 11 2 1 100 119 643 750 648 691 7836 763 661 7127 693
5660 11 2 1 100 1448 1042 1512 3912 1628 1931 1930 5544 7316 7672
5661 11 2 1 100 1470 1047 1524 3997 1954 1787 1598 8006 8013 6367
5662 11 2 1 100 160 901 1029 1453 953 5523 1556 1560 1561 8020
5663 11 2 1 100 1329 1471 1210 3946 2270 2757 2004 6824 5211 6876
5664 11 2 1 100 236 1437 1015 3987 1686 1694 1691 5150 7272 6846
5665 11 2 1 100 3186 286 3171 3982 3224 3282 3285 7994 7807 7761
5666 11 2 1 100 3877 4012 3808 4031 6990 7638 6160 5983 6736 6861
5667 11 2 1 100 3936 4004 3805 4080 5185 5597 5117 6280 6233 6030
5668 11 2 1 100 881 1024 164 4073 7493 1568 965 7494 8023 7495
5669 11 2 1 100 1443 1515 206 3190 1640 1636 1638 7666 3269 7595
5670 11 2 1 100 1040 1469 1519 3877 1549 1924 1923 7075 6658 6944
5671 11 2 1 100 3816 3986 3896 4026 6103 7225 7616 7939 4701 7703
5672 11 2 1 100 1350 1352 1351 4011 3133 3132 3131 6290 5239 7661
5673 11 2 1 100 3186 3982 4024 4053 7994 7812 8011 7995 7353 7854
5674 11 2 1 100 1299 1298 1176 4091 2592 2591 2593 6755 5294 7299
5675 11 2 1 100 3735 3726 3730 3963 3777 3780 3763 7523 7868 7700
5676 11 2 1 100 1228 1230 1290 3998 2838 2841 2840 6867 5267 6363
5677 11 2 1 100 1459 1235 1462 3981 2872 2862 2873 7237 6507 5179
5678 11 2 1 100 3186 4024 3176 4053 8011 7646 3306 7995 7508 7353
5679 11 2 1 100 881 164 887 4073 965 966 908 7494 7987 8023
5680 11 2 1 100 3454 3735 3459 369 7794 7521 3514 3511 3474 3744
5681 11 2 1 100 897 887 165 1451 970 967 968 8017 1571 7985
5682 11 2 1 100 1294 1220 1240 4002 2804 2802 2805 7049 7215 6501
5683 11 2 1 100 162 1450 888 1043 1566 7742 961 1562 7950 1567
5684 11 2 1 100 1079 1078 1080 4041 2096 2101 2100 5498 4930 7679
5685 11 2 1 100 3573 3568 3555 3904 3647 3646 3643 6251 7655 6959
5686 11 2 1 100 3455 3460 3442 3904 3534 3531 3532 6963 7107 6245
5687 11 2 1 100 193 3176 1039 4053 3232 7506 1599 8024 7509 7508
5688 11 2 1 100 649 644 631 3903 723 720 721 6319 7683 6941
5689 11 2 1 100 462 475 480 3903 552 554 551 7095 6323 6943
5690 11 2 1 100 573 99 575 813 627 588 610 4583 4585 819
5691 11 2 1 100 3197 1028 196 1514 7916 1608 3241 7915 1606 1610
5692 11 2 1 100 1040 157 880 893 1547 944 6905 6906 948 946
5693 11 2 1 100 1484 1275 1525 4031 3034 3032 1871 6984 6089 7053
5694 11 2 1 100 1238 1236 1237 4037 2874 2869 2875 6353 6774 5505
5695 11 2 1 100 239 1032 1440 4021 1702 1713 1711 6394 7662 6694
5696 11 2 1 100 3807 4072 3909 4073 7688 7689 7687 7773 7033 7448
5697 11 2 1 100 1296 3923 1467 4043 7951 7693 1912 7639 7991 6299
5698 11 2 1 100 3673 330 3323 3327 3678 3377 4603 4605 3357 3363
5699 11 2 1 100 3324 306 3389 3322 3360 3394 4600 3337 4602 3375
5700 11 2 1 100 572 44 409 574 616 412 4606 603 4608 581
5701 11 2 1 100 902 167 1026 4027 974 1581 7814 7815 7783 8025
5702 11 2 1 100 3906 4025 3821 4069 6844 6894 6574 6163 6895 6760
5703 11 2 1 100 1239 1496 1286 4030 2889 2888 2887 7636 7726 7532
5704 11 2 1 100 1229 1227 1452 4097 2834 2836 2835 7460 7173 7372
5705 11 2 1 100 889 15 144 4056 917 147 918 7057 7893 6258
5706 11 2 1 100 1064 1063 1061 4110 2017 2016 2018 6207 7230 6913
5707 11 2 1 100 193 1470 3181 4053 1597 8007 3228 8024 7976 8008
5708 11 2 1 100 193 1039 1470 4053 1599 1601 1597 8024 8008 7509
5709 11 2 1 100 3854 4028 3964 4102 5947 5967 5908 5097 5733 7921
5710 11 2 1 100 1186 1375 1205 4084 2279 2644 2643 7430 7953 4184
5711 11 2 1 100 164 1451 887 4073 1572 7985 966 8023 7987 7926
5712 11 2 1 100 359 3667 3668 3442 3696 3701 3700 3499 7876 7108
5713 11 2 1 100 1112 1098 1108 4065 2202 2200 2203 6747 7240 7568
5714 11 2 1 100 1496 1454 1286 3896 1863 1940 2888 7531 7605 6741
5715 11 2 1 100 1463 1429 1019 4028 1817 1816 1760 7207 7439 6473
5716 11 2 1 100 1393 1379 1380 4101 2564 2334 3167 7063 7287 6814
5717 11 2 1 100 1277 1335 1211 4095 2762 2761 2759 7691 5701 6413
5718 11 2 1 100 3822 4105 3940 4106 7799 5337 4985 5585 5587 7930
5719 11 2 1 100 1053 1401 1055 4059 1978 1977 1976 7419 5957 5882
5720 11 2 1 100 3185 3182 3175 3923 3222 3276 3304 7147 7282 6753
5721 11 2 1 100 1218 1282 1285 3996 2792 2795 2794 7835 5884 6885
5722 11 2 1 100 1531 1514 1028 3986 1866 1610 1864 6104 7917 7903
5723 11 2 1 100 1364 1366 1365 3942 3157 2303 3153 5798 5281 6276
5724 11 2 1 100 3809 3984 4067 4084 5768 7788 5591 4275 7993 5580
5725 11 2 1 100 197 1454 1028 3173 1611 1613 1609 3244 7958 6739
5726 11 2 1 100 1272 1508 1507 3992 3021 1807 2748 4239 6456 7669
5727 11 2 1 100 1507 1281 1208 3993 2749 2746 2747 6451 4194 6602
5728 11 2 1 100 1509 239 1022 3953 1705 1708 1712 6169 7200 6828
5729 11 2 1 100 3552 3568 3574 3928 3630 3632 3629 7502 6519 6961
5730 11 2 1 100 3455 3439 3461 3928 3518 3515 3519 6965 6523 7503
5731 11 2 1 100 474 748 65 459 7840 773 512 513 508 7575
5732 11 2 1 100 3666 3325 3323 329 4784 3351 4542 3690 3376 3365
5733 11 2 1 100 399 45 572 576 432 617 4788 4790 598 583
5734 11 2 1 100 3326 3378 307 3322 4785 3403 3359 3343 3374 4787
5735 11 2 1 100 73 804 806 462 829 831 827 519 7881 7096
5736 11 2 1 100 127 638 631 809 700 702 698 843 7777 7955
5737 11 2 1 100 745 741 750 3967 793 792 788 7847 7130 7725
5738 11 2 1 100 628 644 651 3926 706 708 705 7515 6656 6971
5739 11 2 1 100 482 475 459 3926 539 538 535 6654 7516 6973
5740 11 2 1 100 100 577 803 573 591 4823 837 626 4483 615
5741 11 2 1 100 1024 1451 164 4073 1573 1572 1568 7495 8023 7926
5742 11 2 1 100 193 3181 3176 4053 3228 3233 3232 8024 7508 7976
5743 11 2 1 100 3940 4105 3794 4106 5337 5062 5336 5587 6772 7930
5744 11 2 1 100 1497 1037 1312 3888 1910 1591 1911 7346 7449 7659
5745 11 2 1 100 3793 4004 3935 4087 7603 4643 4953 5764 6330 5452
5746 11 2 1 100 168 902 1026 1498 975 7814 1580 1584 1585 7838
5747 11 2 1 100 1393 1170 1379 4101 2563 2364 2564 7063 6814 7043
5748 11 2 1 100 1312 894 169 1498 7451 980 1587 1588 1583 8010
5749 11 2 1 100 1484 901 159 883 6983 952 1553 7526 950 954
5750 11 2 1 100 1443 1038 1516 4020 1643 1914 1916 7667 7596 7556
5751 11 2 1 100 1233 1234 1232 4083 2857 2856 2851 5865 7597 5871
5752 11 2 1 100 1284 1283 1219 4109 2799 2798 2800 6999 7962 6194
5753 11 2 1 100 1215 1383 1219 4109 2769 2781 2780 7302 7962 7633
5754 11 2 1 100 1433 1237 1459 3990 2881 2871 2214 6205 7238 6773
5755 11 2 1 100 3793 4004 3936 4080 7603 5185 5033 5662 6280 6030
5756 11 2 1 100 3733 3567 386 3552 7861 3624 3767 7559 3622 3626
5757 11 2 1 100 1233 1232 1231 4083 2851 2847 2852 5865 5430 7597
5758 11 2 1 100 1343 1344 1508 4005 3125 1803 3126 6939 7670 5564
5759 11 2 1 100 3832 3943 4014 4054 5446 4325 6525 6408 6807 5280
5760 11 2 1 100 1107 1145 1095 3989 2188 2187 2185 5465 7344 5190
5761 11 2 1 100 171 1468 879 1037 1593 6809 984 1589 7658 1594
5762 11 2 1 100 1038 3175 208 1467 7566 3271 1642 1646 1644 7944
5763 11 2 1 100 1362 1364 1365 3942 3151 3153 2494 5781 5281 5798
5764 11 2 1 100 748 473 64 459 7061 505 772 7575 509 510
5765 11 2 1 100 385 3564 3733 3552 3619 7018 3768 3621 7559 3623
5766 11 2 1 100 1053 1052 1051 3959 1966 1962 1967 7228 5431 4433
5767 11 2 1 100 3571 3387 3382 337 7313 3415 7969 3582 3412 3397
5768 11 2 1 100 405 402 403 3980 458 451 441 7573 7737 7992
5769 11 2 1 100 479 474 469 3967 514 571 517 7631 7888 7327
5770 11 2 1 100 3384 3382 3385 3988 3435 3438 3428 7748 7581 7997
5771 11 2 1 100 393 3676 3734 3665 3688 7340 3749 3713 7527 3715
5772 11 2 1 100 1464 194 3189 1039 1602 3235 8014 1604 7505 1600
5773 11 2 1 100 1296 1049 1050 4043 1946 1877 1960 7639 5988 7518
5774 11 2 1 100 898 161 1043 1453 958 1563 7472 7701 1564 1559
5775 11 2 1 100 3555 376 3561 3672 3612 3608 3613 7790 7963 3706
5776 11 2 1 100 1389 1459 1462 3981 2210 2873 2218 5678 6507 7237
5777 11 2 1 100 802 806 807 3967 856 855 854 7410 7489 7732
5778 11 2 1 100 1286 1044 1517 3896 1941 1943 1942 7605 6384 7643
5779 11 2 1 100 166 1041 1485 897 1574 1579 1578 969 7714 7733
5780 11 2 1 100 1369 1144 1142 4007 2420 2416 2421 6463 7030 7077
5781 11 2 1 100 878 166 1485 897 971 1578 7800 973 7714 969
5782 11 2 1 100 1429 1463 1293 4028 1817 3076 3074 6473 6229 7207
5783 11 2 1 100 144 143 876 4056 146 933 932 7893 6879 7894
5784 11 2 1 100 1077 1432 1075 4069 2088 2087 2085 7935 7827 6759
5785 11 2 1 100 1159 1349 1348 4094 2506 2505 2394 6490 7158 5275
5786 11 2 1 100 1431 1264 1432 4058 2721 2987 2134 6976 6756 7020
5787 11 2 1 100 1034 1322 249 4019 1773 1765 1770 6716 6641 4940
5788 11 2 1 100 106 151 16 112 8026 154 8027 4907 871 873
5789 11 2 1 100 16 144 106 15 8021 867 8027 148 865 147
5790 11 2 1 100 112 151 105 106 873 8028 7707 4907 108 8026
5791 11 2 1 100 1049 1045 251 4043 1784 1781 1774 7518 7066 6297
5792 11 2 1 100 1354 1018 1483 4018 1809 1811 1810 6731 6958 7738
5793 11 2 1 100 134 812 741 749 816 7724 789 761 791 7628
5794 11 2 1 100 402 478 35 408 7979 487 423 424 413 7349
5795 11 2 1 100 1241 1278 1473 4108 2617 2899 2898 7831 7883 5475
5796 11 2 1 100 1477 1511 1177 3948 2598 2597 2544 5831 5441 5248
5797 11 2 1 100 1027 3198 205 1515 7984 3262 1633 1637 1635 7832
5798 11 2 1 100 902 168 884 1498 975 977 979 7838 7936 1584
5799 11 2 1 100 1443 1516 1298 4020 1916 3078 3081 7667 7695 7596
5800 11 2 1 100 3727 343 3387 3736 3750 3398 7260 3752 7261 3739
5801 11 2 1 100 752 742 58 408 767 766 753 7267 415 7266
5802 11 2 1 100 3810 3918 4071 4078 5696 5688 5697 7809 7932 6057
5803 11 2 1 100 3192 3171 3188 4026 3289 3284 3290 7780 6294 7781
5804 11 2 1 100 3459 360 3675 3449 3472 3684 7519 3504 7704 3502
5805 11 2 1 100 192 1524 3196 3181 1539 8019 3199 3229 3230 8012
5806 11 2 1 100 118 643 628 745 690 692 688 786 7890 7924
5807 11 2 1 100 895 891 878 4027 999 1004 1005 6945 7801 7000
5808 11 2 1 100 1181 1182 1174 4057 2581 2580 2575 7071 4621 5731
5809 11 2 1 100 19 3188 285 4026 3207 3206 287 4700 7709 6294
5810 11 2 1 100 161 898 877 1453 958 960 956 1559 7727 7701
5811 11 2 1 100 1188 1097 1355 4051 2198 2179 2199 7244 7484 7078
5812 11 2 1 100 285 301 294 295 3319 4645 8029 8030 297 7570
5813 11 2 1 100 285 301 295 302 3319 7570 8030 3321 4725 304
5814 11 2 1 100 3439 368 3730 3454 3508 3760 7902 3513 7941 3512
5815 11 2 1 100 1209 1184 1495 4064 2586 2631 2630 5625 7834 7387
5816 11 2 1 100 1022 240 1480 4079 1709 1716 1719 7610 7912 7680
5817 11 2 1 100 479 72 812 469 491 815 7627 517 7892 516
5818 11 2 1 100 1046 1521 1468 3994 1652 1595 1950 6314 6834 8016
5819 11 2 1 100 144 16 106 151 8021 8027 867 7333 8026 154
5820 11 2 1 100 1491 1327 1328 3991 3042 2660 3118 6053 7971 6167
5821 11 2 1 100 3729 3732 3727 3916 3782 3781 3783 7184 7264 6014
5822 11 2 1 100 158 893 1455 4031 947 7900 1550 8031 7598 6908
5823 11 2 1 100 747 744 742 3914 797 796 798 6082 7268 7231
5824 11 2 1 100 3179 3197 196 1514 3242 3241 3237 7960 1606 7915
5825 11 2 1 100 1162 1161 1153 4045 2475 2468 2476 4670 6646 7367
5826 11 2 1 100 1306 1426 1305 3975 2970 1873 1948 6429 7538 4805
5827 11 2 1 100 1406 1465 1257 4052 2967 2966 2627 7563 7117 5903
5828 11 2 1 100 195 3189 1514 1464 3234 8009 1605 1603 1607 8014
5829 11 2 1 100 883 890 893 4031 991 1011 951 6232 6908 7989
5830 11 2 1 100 1443 1300 1515 4020 3082 1858 1640 7667 7132 6703
5831 11 2 1 100 894 884 169 1498 982 978 980 8010 1583 7936
5832 11 2 1 100 1299 1314 1474 4091 2594 2755 3085 6755 5638 5671
5833 11 2 1 100 1166 1477 1177 3948 2542 2544 2533 5938 5441 5831
5834 11 2 1 100 3567 3572 3562 3963 3627 3617 3664 7414 7468 7343
5835 11 2 1 100 1121 1123 1360 4015 2315 2318 2317 6586 5353 4633
5836 11 2 1 100 1082 1087 1083 4063 2121 2120 2116 7259 5958 6547
5837 11 2 1 100 1038 1467 1296 3923 1646 1912 1913 7554 7951 7693
5838 11 2 1 100 1309 1253 1242 4089 2905 2904 2896 7983 7996 6750
5839 11 2 1 100 1505 1506 1321 3985 3031 1901 3114 7160 7197 6386
5840 11 2 1 100 157 1040 1455 893 1547 1552 1551 946 7900 6906
5841 11 2 1 100 3665 3668 3671 3963 3719 3718 3717 7528 7467 7750
5842 11 2 1 100 1348 1347 1138 3995 2404 2403 2392 7068 5679 4661
5843 11 2 1 100 1516 1038 1296 3923 1914 1913 1915 7148 7951 7554
5844 11 2 1 100 1498 1026 1311 4092 1585 1850 1851 7839 6528 7816
5845 11 2 1 100 1525 1275 1309 4089 3032 2952 3033 7304 7983 7054
5846 11 2 1 100 1286 1454 1044 3896 1940 1616 1941 7605 7643 6741
5847 11 2 1 100 1456 1229 1452 4097 2845 2835 2224 7855 7173 7460
5848 11 2 1 100 1147 1168 1212 4068 2445 2448 2447 6462 5891 6858
5849 11 2 1 100 3381 3389 3570 334 3408 5922 7650 3407 3578 3395
5850 11 2 1 100 394 3675 3726 3735 3685 7699 3774 3746 3777 7520
5851 11 2 1 100 407 398 59 751 449 447 421 7192 757 7191
5852 11 2 1 100 344 3386 3737 3379 3400 7153 3741 3416 7181 3419
5853 11 2 1 100 329 3666 3325 3674 3690 4784 3365 3680 5086 3691
5854 11 2 1 100 399 406 45 576 435 417 432 4790 583 5070
5855 11 2 1 100 307 3378 3326 3388 3403 4785 3359 3390 8032 3405
5856 11 2 1 100 3190 1515 206 3180 7595 1636 3269 3270 3265 7133
5857 11 2 1 100 811 750 135 802 7128 764 825 853 850 7409
5858 11 2 1 100 1213 1212 1168 4068 2550 2448 2551 6585 6858 5891
5859 11 2 1 100 803 577 100 810 4823 591 837 839 820 5083
5860 11 2 1 100 3442 3668 359 3449 7876 3700 3499 3503 3501 7866
5861 11 2 1 100 1408 1409 1387 4035 3014 2456 2450 6097 6763 6433
5862 11 2 1 100 899 882 886 3994 1013 919 989 7593 6538 6787
5863 11 2 1 100 1444 1248 1457 4049 2739 2929 2139 7574 7281 6275
5864 11 2 1 100 3176 3181 3186 4053 3233 3227 3306 7508 7995 7976
5865 11 2 1 100 469 73 806 462 515 827 7887 520 7881 519
5866 11 2 1 100 302 295 285 286 4725 8030 3321 3320 288 8033
5867 11 2 1 100 294 280 285 295 3315 7376 8029 297 8030 3314
5868 11 2 1 100 1524 192 1470 3181 1539 1596 1598 8012 8007 3229
5869 11 2 1 100 1045 1296 1467 4043 1945 1912 1947 6297 7991 7639
5870 11 2 1 100 1526 1280 1326 4107 3049 3047 3050 6932 7786 7289
5871 11 2 1 100 1450 1491 1328 4074 1935 3118 3120 7744 7999 6054
5872 11 2 1 100 3196 3178 3181 3997 3308 3225 3230 7622 7975 6261
5873 11 2 1 100 1024 1492 1528 4073 1838 1842 1841 7495 7599 7382
5874 11 2 1 100 1299 1176 1314 4091 2593 1984 2594 6755 5671 5294
5875 11 2 1 100 1515 3198 205 3180 7832 3262 1635 7133 3266 3267
5876 11 2 1 100 150 112 105 111 874 7707 8034 872 4794 114
5877 11 2 1 100 3174 3198 204 4038 3264 3263 3259 7406 8035 7833
5878 11 2 1 100 3734 3726 393 3665 3776 3775 3749 7527 3713 7792
5879 11 2 1 100 1494 1420 1271 4085 2937 3013 3017 7859 5429 6457
5880 11 2 1 100 1084 1077 1079 4006 2097 2095 2098 6358 5937 7934
5881 11 2 1 100 1491 1043 1527 4074 1936 1937 1939 6054 6665 7474
5882 11 2 1 100 402 405 400 3980 458 457 427 7992 7843 7573
5883 11 2 1 100 803 99 573 813 836 627 4483 838 4583 819
5884 11 2 1 100 3179 195 3189 1514 3238 3234 3239 7960 8009 1605
5885 11 2 1 100 337 3382 3571 3560 3412 7969 3582 3605 3607 8003
5886 11 2 1 100 1507 1508 1017 3992 1807 1804 1805 6456 6672 7669
5887 11 2 1 100 3385 3382 3380 3988 3438 3414 3436 7581 7874 7997
5888 11 2 1 100 295 280 285 286 3314 7376 8030 8033 288 7375
5889 11 2 1 100 3184 1044 199 3194 7642 1615 3250 3251 3246 7641
5890 11 2 1 100 3323 3666 330 3673 4542 3689 3377 4603 3678 3692
5891 11 2 1 100 306 3378 3389 3322 3402 3404 3394 3375 4602 4787
5892 11 2 1 100 572 409 44 399 4606 412 616 4788 433 434
5893 11 2 1 100 1191 1203 1415 4086 2667 2669 2501 7329 5875 7023
5894 11 2 1 100 3565 295 25 322 5263 298 5262 3595 3346 3347
5895 11 2 1 100 1406 1257 1183 4052 2627 2626 2628 7563 6134 7117
5896 11 2 1 100 1159 1348 1136 4094 2394 2393 2382 6490 6644 7158
5897 11 2 1 100 150 112 151 105 874 873 153 8034 8028 7707
5898 11 2 1 100 151 143 105 106 7334 866 8028 8026 108 868
5899 11 2 1 100 3726 3665 3675 394 7792 3716 7699 3774 3685 3714
5900 11 2 1 100 1191 1415 1158 4086 2501 2500 2495 7329 6417 5875
5901 11 2 1 100 1258 1497 1259 4075 2969 2968 2678 6622 8001 7347
5902 11 2 1 100 1062 1061 1063 4110 2011 2016 2015 7369 6913 7230
5903 11 2 1 100 1444 1457 1085 4049 2139 2136 2137 7574 5460 7281
5904 11 2 1 100 1044 1454 198 3194 1616 1612 1614 7641 3247 6738
5905 11 2 1 100 881 887 13 4073 908 907 903 7494 7478 7987
5906 11 2 1 100 35 463 478 402 495 497 487 423 7979 8005
5907 11 2 1 100 1430 1073 1075 4025 2077 2075 2078 6826 7826 6074
5908 11 2 1 100 3379 3382 3384 3916 3433 3435 3434 7182 7747 7970
5909 11 2 1 100 899 886 172 1521 989 987 929 8018 1535 8015
5910 11 2 1 100 209 3182 3195 1522 3274 3277 3202 1540 6452 6453
5911 11 2 1 100 116 751 744 642 758 781 780 684 7232 8022
5912 11 2 1 100 1239 1217 1331 4030 2790 2787 2791 7636 5917 6540
5913 11 2 1 100 402 398 403 3914 450 452 451 7980 7735 7193
5914 11 2 1 100 3198 1027 204 4038 7984 1632 3263 7833 8035 7420
5915 11 2 1 100 143 151 144 106 7334 7333 146 868 867 8026
5916 11 2 1 100 313 302 26 3452 3352 305 3353 3481 5368 5369
5917 11 2 1 100 1114 1116 1115 4010 2281 2280 2243 6269 6544 6005
5918 11 2 1 100 1082 1392 1087 4063 2123 2122 2121 7259 6547 4322
5919 11 2 1 100 92 11 112 640 611 115 613 681 5393 5394
5920 11 2 1 100 83 106 10 471 608 109 606 531 5389 5390
5921 11 2 1 100 13 111 150 105 8036 872 8002 864 8034 4794
5922 11 2 1 100 1198 1316 1406 4003 2700 2702 2701 6011 7562 6416
5923 11 2 1 100 1326 1485 1526 4027 1854 1929 3050 7784 7740 7716
5924 11 2 1 100 38 409 477 401 411 6048 483 428 7675 431
5925 11 2 1 100 1238 1292 1236 4037 2877 2876 2874 6353 5505 6611
5926 11 2 1 100 476 75 805 813 493 833 7017 6027 835 817
5927 11 2 1 100 1468 172 886 1521 1592 987 6810 1595 8015 1535
5928 11 2 1 100 3182 209 1467 1522 3274 1645 7864 6453 1647 1540
5929 11 2 1 100 3179 3186 3171 4024 3286 3285 3287 7906 7514 8011
5930 11 2 1 100 3669 357 3673 3456 3694 3679 3695 7138 6060 3468
5931 11 2 1 100 1437 1434 1015 3987 1797 1794 1694 6846 7272 7082
5932 11 2 1 100 1256 1171 1187 4054 2567 2537 2568 6546 6272 6609
5933 11 2 1 100 1028 1496 1531 3986 1862 1865 1864 7917 6104 7530
5934 11 2 1 100 3186 3189 3176 4024 3307 3236 3306 8011 7646 7647
5935 11 2 1 100 3183 202 201 1448 3254 220 3255 5834 1623 1624
5936 11 2 1 100 812 802 134 741 852 851 816 7724 789 7779
5937 11 2 1 100 343 3387 3379 3727 3398 3418 3417 3750 7578 7260
5938 11 2 1 100 408 742 58 398 7266 766 415 448 446 7583
5939 11 2 1 100 479 749 66 746 7626 759 490 7954 776 778
5940 11 2 1 100 3572 3731 387 3734 7968 3770 3587 7339 3748 3773
5941 11 2 1 100 1416 1152 1369 4096 2473 2434 2474 5934 6607 7101
5942 11 2 1 100 241 1480 240 4079 1717 1716 265 4922 7680 7912
5943 11 2 1 100 199 1044 3184 1449 1615 7642 3250 1617 4511 1619
5944 11 2 1 100 3737 344 3379 3727 3741 3416 7181 3753 7578 3751
5945 11 2 1 100 398 742 59 751 7583 765 447 7191 757 768
5946 11 2 1 100 1162 1195 1161 4045 2516 2515 2475 4670 7367 4588
5947 11 2 1 100 1355 1336 1337 4093 2169 3121 2652 7219 7910 6937
5948 11 2 1 100 802 750 135 741 7409 764 850 7779 790 792
5949 11 2 1 100 1092 1385 1089 4081 2158 2157 2155 4516 6483 5517
5950 11 2 1 100 1485 1026 167 4027 1582 1581 1577 7716 8025 7783
5951 11 2 1 100 14 150 892 4009 152 911 910 7308 7728 7891
5952 11 2 1 100 3187 20 279 4070 3211 281 3212 6512 7959 5900
5953 11 2 1 100 3570 3381 334 3556 7650 3407 3578 3600 3598 7771
5954 11 2 1 100 1078 1394 1080 4041 2103 2102 2101 7679 4930 6645
5955 11 2 1 100 111 14 13 150 870 140 8036 872 8002 152
5956 11 2 1 100 1494 1271 1500 4085 3017 3019 3018 7859 5827 5429
5957 11 2 1 100 1454 1496 1028 3986 1863 1862 1613 7311 7917 7530
5958 11 2 1 100 1218 1219 1282 3996 2779 2793 2792 7835 6885 7961
5959 11 2 1 100 1128 1126 1129 4100 2336 2341 2340 7004 7361 6371
5960 11 2 1 100 1524 252 18 3196 1543 277 1538 8019 3200 7620
5961 11 2 1 100 1523 900 17 229 6414 927 1533 1537 253 7591
5962 11 2 1 100 1522 3195 18 252 6452 3201 1541 1542 277 7621
5963 11 2 1 100 229 899 17 1521 7590 930 253 1536 1534 8018
5964 11 2 1 100 155 885 900 1523 940 942 928 1532 6414 5318
5965 11 2 1 100 3190 3175 207 1038 3273 3272 3268 7555 1641 7566
5966 11 2 1 100 1484 158 1455 4031 1554 1550 1555 6984 7598 8031
5967 11 2 1 100 119 643 745 750 691 7924 785 763 788 7836
5968 11 2 1 100 312 3450 24 301 3476 5642 3338 3339 303 5215
5969 11 2 1 100 1504 1320 1510 4000 3105 3112 2961 7806 7613 5381
5970 11 2 1 100 891 143 13 4072 905 145 906 7211 7477 7957
5971 11 2 1 100 3190 207 1443 1038 3268 1639 7666 7555 1643 1641
5972 11 2 1 100 1450 163 162 888 1565 181 1566 7742 961 962
5973 11 2 1 100 150 143 105 151 7557 866 8034 153 8028 7334
5974 11 2 1 100 280 294 285 279 3315 8029 7376 282 7588 3313
5975 11 2 1 100 1032 1289 1440 4021 1884 1885 1713 6694 7662 6735
5976 11 2 1 100 3184 200 199 1449 3249 218 3250 4511 1617 1618
5977 11 2 1 100 171 172 886 1468 190 987 986 1593 6810 1592
5978 11 2 1 100 209 208 3182 1467 227 3275 3274 1645 7864 1644
5979 11 2 1 100 3730 3735 3454 369 3763 7794 7941 3761 3511 3744
5980 11 2 1 100 1128 1129 1146 4100 2340 2351 2350 7004 5266 7361
5981 11 2 1 100 1053 1402 1401 4059 1968 1979 1978 7419 5882 6689
5982 11 2 1 100 91 111 8 639 597 113 595 674 5754 5331
5983 11 2 1 100 82 9 105 470 599 107 602 526 5328 5753
5984 11 2 1 100 1336 1330 1337 4093 2164 2985 3121 6937 7910 6376
5985 11 2 1 100 3563 321 23 294 3588 3333 5765 5334 296 3332
5986 11 2 1 100 1318 1320 1504 4000 3102 3105 3104 7167 7806 5381
5987 11 2 1 100 1181 1174 1173 4057 2575 2486 2576 7071 5767 4621
5988 11 2 1 100 13 105 150 143 864 8034 8002 145 7557 866
5989 11 2 1 100 878 902 895 4027 976 1007 1005 7801 6945 7815
5990 11 2 1 100 3185 280 21 4032 3218 283 3219 5743 5861 7767
5991 11 2 1 100 155 885 1523 1469 940 5318 1532 1545 1546 7091
5992 11 2 1 100 477 467 38 401 504 502 483 7675 428 7753
5993 11 2 1 100 3186 22 286 3982 3223 289 3224 7994 7761 7542
5994 11 2 1 100 1431 1202 1264 4058 2718 2719 2721 6976 7020 7202
5995 11 2 1 100 1077 1075 1076 4069 2085 2080 2086 7935 6161 7827
5996 11 2 1 100 478 747 63 752 7776 769 488 7348 755 771
5997 11 2 1 100 193 192 3181 1470 211 3229 3228 1597 8007 1596
5998 11 2 1 100 1507 1482 1281 3993 1806 3051 2749 6451 6602 6872
5999 11 2 1 100 229 1521 1046 3994 1536 1652 1649 7592 6314 8016
6000 11 2 1 100 3571 3736 384 3732 7312 3740 3584 7766 3765 3766
6001 11 2 1 100 1309 1473 1525 4108 2900 1869 3033 7948 6178 7883
6002 11 2 1 100 302 25 295 286 4726 298 4725 3320 8033 8037
6003 11 2 1 100 3676 378 3572 3671 3686 3586 7338 3712 7901 3710
6004 11 2 1 100 16 106 11 15 8027 4906 149 148 869 865
6005 11 2 1 100 16 106 112 11 8027 4907 871 149 115 4906
6006 11 2 1 100 3174 204 1486 4038 3259 1630 7404 7406 7408 8035
6007 11 2 1 100 476 805 75 468 7017 833 493 524 521 7818
6008 11 2 1 100 125 648 811 807 663 7126 823 841 842 7624
6009 11 2 1 100 3171 285 3188 4026 3283 3206 3284 7781 6294 7709
6010 11 2 1 100 3456 3669 357 3448 7138 3694 3468 3497 3495 7822
6011 11 2 1 100 1473 1309 1241 4108 2900 2897 2898 7883 7831 7948
6012 11 2 1 100 806 812 72 469 828 815 826 7887 516 7892
6013 11 2 1 100 3179 3189 3186 4024 3239 3307 3286 7906 8011 7647
6014 11 2 1 100 1450 1043 1491 4074 1567 1936 1935 7744 6054 7474
6015 11 2 1 100 1312 170 894 1037 1586 981 7451 1591 7774 1590
6016 11 2 1 100 311 24 3450 3457 3340 5642 3475 3464 3477 7090
6017 11 2 1 100 23 3570 320 3563 5920 3576 3334 5765 3589 3590
6018 11 2 1 100 1343 1508 1479 4005 3126 3022 3127 6939 6775 7670
6019 11 2 1 100 3668 3675 360 3449 3702 3684 3699 7866 3502 7704
6020 11 2 1 100 280 22 25 21 7885 3316 3312 283 293 284
6021 11 2 1 100 25 280 295 286 3312 3314 298 8037 8033 7375
6022 11 2 1 100 1443 1298 1300 4020 3081 3079 3082 7667 6703 7695
6023 11 2 1 100 646 90 8 639 654 594 5987 676 5754 675
6024 11 2 1 100 81 9 470 477 600 5753 525 485 527 6047
6025 11 2 1 100 323 25 3565 3569 3348 5262 3594 3580 3597 5710
6026 11 2 1 100 314 26 3456 3452 3354 6061 3466 3482 3484 5368
6027 11 2 1 100 1325 1313 1326 4107 2683 1852 3048 6686 7786 6914
6028 11 2 1 100 1219 1383 1284 4109 2781 2801 2800 7962 6999 7633
6029 11 2 1 100 640 93 11 645 680 612 5394 683 5663 659
6030 11 2 1 100 476 84 10 471 494 607 6026 534 5389 532
6031 11 2 1 100 90 8 576 646 594 596 585 654 5071 5987
6032 11 2 1 100 9 81 574 477 600 582 601 6047 6046 485
6033 11 2 1 100 879 894 170 1037 985 981 983 7658 1590 7774
6034 11 2 1 100 645 93 11 577 659 612 5663 5080 614 589
6035 11 2 1 100 476 10 84 575 6026 607 494 6025 587 609
6036 11 2 1 100 3569 323 25 3325 3580 3348 5710 5085 3349 3350
6037 11 2 1 100 3456 3327 26 314 6059 3356 6061 3466 3354 3355
6038 11 2 1 100 155 156 885 1469 174 941 940 1545 7091 1544
6039 11 2 1 100 3457 311 24 3326 3464 3340 7090 8038 3341 3342
6040 11 2 1 100 3570 3324 23 320 5921 3336 5920 3576 3334 3335
6041 11 2 1 100 197 198 1454 3173 216 1612 1611 3244 6739 3243
6042 11 2 1 100 22 280 25 286 7885 3312 3316 289 8037 7375
6043 11 2 1 100 13 111 105 9 8036 4794 864 139 107 5255
6044 11 2 1 100 1455 1275 1484 4031 3026 3034 1555 7598 6984 7053
6045 11 2 1 100 1039 1530 1475 4053 1917 1921 1920 7509 6874 7352
6046 11 2 1 100 3731 3730 3726 3963 3778 3780 3779 7415 7700 7868
6047 11 2 1 100 294 285 23 301 8029 8039 296 4645 5107 3319
6048 11 2 1 100 3564 3571 384 3732 3620 3584 3618 6012 3765 7766
6049 11 2 1 100 63 473 747 478 506 6081 769 488 7776 507
6050 11 2 1 100 204 1027 1486 4038 1632 1634 1630 8035 7408 7420
6051 11 2 1 100 3176 194 193 1039 3231 212 3232 7506 1599 1600
6052 11 2 1 100 1528 1492 1277 4095 1842 3038 3039 7600 7691 7384
6053 11 2 1 100 1047 252 1524 3997 1783 1543 1787 6367 8013 7351
6054 11 2 1 100 746 66 479 474 776 490 7954 7325 514 511
6055 11 2 1 100 1253 1275 1273 4089 2951 2950 2949 6750 5792 7054
6056 11 2 1 100 14 111 13 8 870 8036 140 141 863 113
6057 11 2 1 100 746 741 745 3967 794 793 795 7326 7847 7725
6058 11 2 1 100 3198 3174 3191 4038 3264 3300 3303 7833 5843 7406
6059 11 2 1 100 1325 1326 1280 4107 3048 3047 2978 6686 7289 7786
6060 11 2 1 100 387 3567 3731 3572 3625 7413 3770 3587 7968 3627
6061 11 2 1 100 323 25 322 3565 3348 3346 327 3594 3595 5262
6062 11 2 1 100 26 314 313 3452 3354 318 3353 5368 3481 3482
6063 11 2 1 100 93 11 92 640 612 611 97 680 681 5394
6064 11 2 1 100 10 84 83 471 607 88 606 5389 531 532
6065 11 2 1 100 206 207 1443 3190 225 1639 1638 3269 7666 3268
6066 11 2 1 100 164 163 1024 881 182 1569 1568 965 7493 964
6067 11 2 1 100 902 167 168 1026 974 186 975 7814 1580 1581
6068 11 2 1 100 3325 3569 30 3674 5085 3579 3364 5086 3681 5087
6069 11 2 1 100 577 645 7 810 5080 658 590 5083 821 5082
6070 11 2 1 100 3386 351 3458 3384 3401 3470 7151 3429 7850 3427
6071 11 2 1 100 576 406 3 646 5070 416 584 5071 652 5072
6072 11 2 1 100 205 204 3198 1027 223 3263 3262 1633 7984 1632
6073 11 2 1 100 1302 1486 1027 4038 1861 1634 1859 5437 7420 7408
6074 11 2 1 100 3326 3457 27 3388 8038 3463 3358 8032 3391 6631
6075 11 2 1 100 1277 1492 1335 4095 3038 3037 2762 7691 6413 7384
6076 11 2 1 100 894 169 170 1312 980 188 981 7451 1586 1587
6077 11 2 1 100 407 49 403 647 420 436 438 7220 7871 655
6078 11 2 1 100 1470 1039 1475 4053 1601 1920 1919 8008 6874 7509
6079 11 2 1 100 157 156 1040 880 175 1548 1547 944 6905 943
6080 11 2 1 100 572 44 45 399 616 47 617 4788 432 433
6081 11 2 1 100 306 307 3378 3322 309 3403 3402 3375 4787 3374
6082 11 2 1 100 3323 3666 329 330 4542 3690 3376 3377 332 3689
6083 11 2 1 100 803 99 100 573 836 102 837 4483 626 627
6084 11 2 1 100 1528 1451 1024 4073 1840 1573 1841 7599 7495 7926
6085 11 2 1 100 1326 1026 1485 4027 1853 1582 1854 7784 7716 7783
6086 11 2 1 100 151 890 875 4012 922 939 937 7797 6860 7698
6087 11 2 1 100 3665 3726 393 394 7792 3775 3713 3714 396 3774
6088 11 2 1 100 285 20 23 19 7998 290 8039 287 3310 278
6089 11 2 1 100 343 3379 344 3727 3417 3416 346 3750 3751 7578
6090 11 2 1 100 59 58 742 398 61 766 765 447 7583 446
6091 11 2 1 100 91 8 90 639 595 594 95 674 675 5754
6092 11 2 1 100 81 9 82 470 600 599 86 525 526 5753
6093 11 2 1 100 285 294 23 279 8029 296 8039 7588 3311 3313
6094 11 2 1 100 802 135 134 741 850 137 851 7779 789 790
6095 11 2 1 100 348 3388 3457 3383 3392 6631 3465 3420 6632 3422
6096 11 2 1 100 24 312 311 3450 3338 316 3340 5642 3475 3476
6097 11 2 1 100 23 320 321 3563 3334 325 3333 5765 3588 3589
6098 11 2 1 100 6 476 575 813 492 6025 586 818 4585 6027
6099 11 2 1 100 3327 3673 29 3456 4605 3677 3362 6059 3467 6060
6100 11 2 1 100 1 409 574 477 410 4608 580 484 6046 6048
6101 11 2 1 100 351 3447 3458 3384 3491 3494 3470 3427 7850 7746
6102 11 2 1 100 368 3728 367 3439 3758 3757 372 3508 3509 7601
6103 11 2 1 100 164 165 887 1451 183 967 966 1572 7985 1571
6104 11 2 1 100 3324 3389 28 3570 4600 3393 3361 5921 3577 5922
6105 11 2 1 100 118 117 743 628 122 783 782 688 7618 687
6106 11 2 1 100 158 157 1455 893 176 1551 1550 947 7900 946
6107 11 2 1 100 3189 195 194 1464 3234 213 3235 8014 1602 1603
6108 11 2 1 100 1498 1311 1312 4092 1851 2974 1588 7839 7452 6528
6109 11 2 1 100 20 285 23 279 7998 8039 290 281 3311 7588
6110 11 2 1 100 3734 34 3572 3676 3747 3585 7339 7340 7338 3687
6111 11 2 1 100 1253 1309 1275 4089 2905 2952 2951 6750 7054 7983
6112 11 2 1 100 647 407 4 751 7220 419 656 7221 756 7192
6113 11 2 1 100 337 336 3382 3560 341 3413 3412 3605 8003 3604
6114 11 2 1 100 467 37 38 401 501 42 502 7753 428 429
6115 11 2 1 100 463 35 36 402 495 40 496 8005 422 423
6116 11 2 1 100 335 334 3381 3556 339 3407 3406 3599 7771 3598
6117 11 2 1 100 752 2 478 408 754 486 7348 7267 7349 414
6118 11 2 1 100 647 49 403 632 655 436 7871 666 7736 665
6119 11 2 1 100 889 144 876 4056 918 932 935 7057 6879 7893
6120 11 2 1 100 3458 3737 32 3386 7152 3742 3469 7151 3399 7153
6121 11 2 1 100 3736 31 3387 3571 3738 3396 7261 7312 7313 3583
6122 11 2 1 100 406 404 52 646 445 443 418 5072 653 6495
6123 11 2 1 100 3674 3569 375 3670 5087 3581 3682 3705 3703 6510
6124 11 2 1 100 810 645 128 808 5082 660 822 849 846 6476
6125 11 2 1 100 106 10 11 15 109 110 4906 865 869 142
6126 11 2 1 100 3562 3572 378 3671 3617 3586 3614 7466 3710 7901
6127 11 2 1 100 1486 203 204 3174 1629 222 1630 7404 3259 3260
6128 11 2 1 100 648 125 637 807 663 694 696 7624 7488 841
6129 11 2 1 100 36 37 461 400 41 499 498 426 7841 425
6130 11 2 1 100 335 3554 3380 336 3601 7873 3410 340 3409 3602
6131 11 2 1 100 901 159 160 1029 952 178 953 5523 1556 1557
6132 11 2 1 100 22 25 26 286 3316 299 300 289 3318 8037
6133 11 2 1 100 3457 3443 348 3383 3487 3486 3465 6632 3420 7820
6134 11 2 1 100 302 26 25 286 305 299 4726 3320 8037 3318
6135 11 2 1 100 648 750 12 811 7127 762 662 7126 824 7128
6136 11 2 1 100 749 5 812 479 760 814 7628 7626 7627 489
6137 11 2 1 100 1045 1049 1296 4043 1784 1946 1945 6297 7639 7518
6138 11 2 1 100 1041 166 165 897 1574 184 1575 7733 968 969
6139 11 2 1 100 1524 18 192 3196 1538 210 1539 8019 3199 3200
6140 11 2 1 100 3669 358 357 3448 3693 362 3694 7822 3495 3496
6141 11 2 1 100 8 111 13 9 113 8036 863 104 139 5255
6142 11 2 1 100 805 74 75 468 832 79 833 7818 521 522
6143 11 2 1 100 3667 359 358 3442 3696 363 3697 7108 3498 3499
6144 11 2 1 100 574 81 1 477 582 85 580 6046 484 485
6145 11 2 1 100 576 3 90 646 584 94 585 5071 654 652
6146 11 2 1 100 30 323 3569 3325 328 3580 3579 3364 5085 3350
6147 11 2 1 100 3456 29 3327 314 3467 3362 6059 3466 3355 319
6148 11 2 1 100 476 84 6 575 494 89 492 6025 586 587
6149 11 2 1 100 645 7 93 577 658 98 659 5080 589 590
6150 11 2 1 100 646 404 52 636 6495 443 653 673 670 7828
6151 11 2 1 100 285 23 301 24 8039 5107 3319 3317 303 291
6152 11 2 1 100 83 82 578 460 87 619 618 529 7025 528
6153 11 2 1 100 91 92 579 629 96 623 622 678 7027 677
6154 11 2 1 100 160 161 877 1453 179 956 955 1560 7727 1559
6155 11 2 1 100 313 312 3329 3440 317 3372 3373 3479 6917 3478
6156 11 2 1 100 321 322 3328 3553 326 3369 3368 3592 6921 3591
6157 11 2 1 100 28 3324 3570 320 3361 5921 3577 324 3576 3335
6158 11 2 1 100 27 311 3457 3326 315 3464 3463 3358 8038 3342
6159 11 2 1 100 3459 3675 33 3735 7519 3683 3473 7521 3745 7520
6160 11 2 1 100 645 638 128 808 703 701 660 6476 846 7791
6161 11 2 1 100 404 51 52 636 442 56 443 7828 670 671
6162 11 2 1 100 350 3447 351 3384 3492 3491 355 3426 3427 7746
6163 11 2 1 100 3561 375 3569 3670 3609 3581 3610 7810 6510 3703
6164 11 2 1 100 3443 349 348 3383 3485 353 3486 7820 3420 3421
6165 11 2 1 100 49 50 403 632 54 437 436 665 7736 664
6166 11 2 1 100 1484 159 158 883 1553 177 1554 7526 949 950
6167 11 2 1 100 3179 196 195 1514 3237 214 3238 7960 1605 1606
6168 11 2 1 100 478 63 2 752 488 67 486 7348 754 755
6169 11 2 1 100 23 285 19 24 8039 287 3310 291 292 3317
6170 11 2 1 100 884 168 169 1498 977 187 978 7936 1583 1584
6171 11 2 1 100 804 73 74 462 829 78 830 7096 518 519
6172 11 2 1 100 366 3451 367 3729 3506 3505 371 3754 3755 7183
6173 11 2 1 100 34 378 3572 3676 383 3586 3585 3687 7338 3686
6174 11 2 1 100 648 12 125 811 662 129 663 7126 823 824
6175 11 2 1 100 3564 384 385 3732 3618 389 3619 6012 3764 3765
6176 11 2 1 100 3676 3734 34 393 7340 3747 3687 3688 395 3749
6177 11 2 1 100 1025 200 201 3177 1620 219 1621 5059 3252 3253
6178 11 2 1 100 117 116 744 642 121 780 779 685 7232 684
6179 11 2 1 100 3571 3736 31 384 7312 3738 3583 3584 388 3740
6180 11 2 1 100 1515 205 206 3180 1635 224 1636 7133 3265 3266
6181 11 2 1 100 360 359 3668 3449 364 3700 3699 3502 7866 3501
6182 11 2 1 100 72 73 806 469 77 827 826 516 7887 515
6183 11 2 1 100 899 172 17 1521 929 191 930 8018 1534 1535
6184 11 2 1 100 18 209 3195 1522 228 3202 3201 1541 6452 1540
6185 11 2 1 100 3388 3457 27 348 6631 3463 3391 3392 352 3465
6186 11 2 1 100 643 118 119 745 690 123 691 7924 785 786
6187 11 2 1 100 64 63 473 747 68 506 505 770 6081 769
6188 11 2 1 100 65 66 746 474 70 776 775 512 7325 511
6189 11 2 1 100 407 4 49 647 419 53 420 7220 655 656
6190 11 2 1 100 3561 376 375 3670 3608 380 3609 7810 3703 3704
6191 11 2 1 100 898 161 162 1043 958 180 959 7472 1562 1563
6192 11 2 1 100 3175 208 207 1038 3271 226 3272 7566 1641 1642
6193 11 2 1 100 638 127 128 808 700 132 701 7791 846 847
6194 11 2 1 100 3569 375 30 3674 3581 379 3579 5087 3681 3682
6195 11 2 1 100 406 52 3 646 418 57 416 5072 652 653
6196 11 2 1 100 645 128 7 810 660 133 658 5082 821 822
6197 11 2 1 100 3454 368 3730 369 3512 3760 7941 3511 3761 373
6198 11 2 1 100 812 134 5 749 816 136 814 7628 760 761
6199 11 2 1 100 58 2 752 408 60 754 753 415 7267 414
6200 11 2 1 100 31 3387 343 3736 3396 3398 345 3738 3739 7261
6201 11 2 1 100 3193 203 202 1042 3256 221 3257 7671 1626 1627
6202 11 2 1 100 407 59 4 751 421 62 419 7192 756 757
6203 11 2 1 100 3386 3737 32 344 7153 3742 3399 3400 347 3741
6204 11 2 1 100 750 135 12 811 764 138 762 7128 824 825
6205 11 2 1 100 3731 3567 387 386 7413 3625 3770 3771 391 3624
6206 11 2 1 100 351 3458 32 3386 3470 3469 356 3401 3399 7151
6207 11 2 1 100 66 5 749 479 71 760 759 490 7626 489
6208 11 2 1 100 3572 387 34 3734 3587 392 3585 7339 3747 3748
6209 11 2 1 100 167 166 1485 878 185 1578 1577 972 7800 971
6210 11 2 1 100 647 4 116 751 656 120 657 7221 758 756
6211 11 2 1 100 307 3326 27 3388 3359 3358 310 3390 3391 8032
6212 11 2 1 100 394 33 3675 3735 397 3683 3685 3746 7520 3745
6213 11 2 1 100 406 3 45 576 416 48 417 5070 583 584
6214 11 2 1 100 577 7 100 810 590 103 591 5083 820 821
6215 11 2 1 100 32 366 3737 3458 370 3743 3742 3469 7152 3471
6216 11 2 1 100 329 3325 30 3674 3365 3364 331 3680 3681 5086
6217 11 2 1 100 17 155 900 1523 173 928 927 1533 6414 1532
6218 11 2 1 100 126 127 631 809 131 698 697 844 7777 843
6219 11 2 1 100 360 3675 33 3459 3684 3683 365 3472 3473 7519
6220 11 2 1 100 812 5 72 479 814 76 815 7627 491 489
6221 11 2 1 100 306 3389 28 3324 3394 3393 308 3360 3361 4600
6222 11 2 1 100 409 44 1 574 412 46 410 4608 580 581
6223 11 2 1 100 575 99 6 813 588 101 586 4585 818 819
6224 11 2 1 100 3570 3389 28 334 5922 3393 3577 3578 338 3395
6225 11 2 1 100 29 330 3673 3327 333 3678 3677 3362 4605 3363
6226 11 2 1 100 478 2 35 408 486 39 487 7349 413 414
6227 11 2 1 100 750 12 119 648 762 124 763 7127 661 662
6228 11 2 1 100 33 3459 3735 369 3473 7521 3745 374 3744 3474
6229 11 2 1 100 3673 357 29 3456 3679 361 3677 6060 3467 3468
6230 11 2 1 100 1 38 409 477 43 411 410 484 6048 483
6231 11 2 1 100 879 170 171 1037 983 189 984 7658 1589 1590
6232 11 2 1 100 196 197 1028 3197 215 1609 1608 3241 7916 3240
6233 11 2 1 100 405 50 51 630 439 55 440 7572 667 668
6234 11 2 1 100 476 6 75 813 492 80 493 6027 817 818
6235 11 2 1 100 350 349 3441 3385 354 3489 3488 3424 7580 3423
6236 11 2 1 100 3571 31 3387 337 3583 3396 7313 3582 3397 342
6237 11 2 1 100 377 376 3555 3672 381 3612 3611 3707 7790 3706
6238 11 2 1 100 378 377 3562 3671 382 3615 3614 3710 7466 3709
6239 11 2 1 100 125 126 637 807 130 695 694 841 7488 840
6240 11 2 1 100 385 3733 386 3552 3768 3767 390 3621 3622 7559
6241 11 2 1 100 748 64 65 459 772 69 773 7575 508 509
6242 11 2 1 100 198 199 1044 3194 217 1615 1614 3247 7641 3246
6243 11 2 1 100 3947 4094 3873 3835 4335 6709 4717 4346 5432 4348
6244 11 2 1 100 3873 4094 3947 1135 6709 4335 4717 4718 4332 4336
6245 11 2 1 100 4023 3985 4039 3844 4210 7198 7607 4245 5594 4243
6246 11 2 1 100 4023 4039 3985 3799 7607 7198 4210 4178 4209 7576
6247 11 2 1 100 3998 3848 3797 3876 4495 7050 6316 4496 5098 4492
6248 11 2 1 100 3998 3797 3848 3978 6316 7050 4495 4509 4507 7402
6249 11 2 1 100 4045 3993 4078 3810 4198 6796 6412 4413 7809 4411
6250 11 2 1 100 4045 4078 3993 1208 6412 6796 4198 4197 4194 6411
6251 11 2 1 100 4070 4032 279 3172 4880 8040 7959 4878 3278 4875
6252 11 2 1 100 4070 279 4032 3859 7959 8040 4880 4897 4895 7589
6253 11 2 1 100 280 279 4032 3172 282 8040 7767 3279 4875 3278
6254 11 2 1 100 280 4032 279 3859 7767 8040 282 7379 7589 4895
6255 11 2 1 100 4016 3847 3952 3818 5221 4967 6135 5220 4966 4963
6256 11 2 1 100 4016 3952 3847 3789 6135 4967 5221 5227 5226 6351
6257 11 2 1 100 4045 1272 1391 1195 4258 2689 7793 4588 2524 2688
6258 11 2 1 100 4045 1391 1272 3893 7793 2689 4258 4196 4213 5574
6259 11 2 1 100 3955 813 10 476 6832 4584 4486 6643 6026 6027
6260 11 2 1 100 3955 10 813 803 4486 4584 6832 4484 838 4482
6261 11 2 1 100 3673 3957 26 3666 6934 4544 4604 3692 4543 4545
6262 11 2 1 100 26 3957 3673 3456 4544 6934 4604 6061 6060 6679
6263 11 2 1 100 3928 3988 3445 3880 5725 7427 6522 5721 7102 5724
6264 11 2 1 100 3445 3988 3928 3916 7427 5725 6522 6521 5727 5728
6265 11 2 1 100 4105 3827 3792 3940 5061 4945 5620 5337 4291 4947
6266 11 2 1 100 4063 1081 3901 3870 7015 4286 4182 6785 4288 4284
6267 11 2 1 100 4063 3901 1081 1082 4182 4286 7015 7259 2110 5363
6268 11 2 1 100 4085 4035 1420 1270 4390 6432 6457 4388 3012 4385
6269 11 2 1 100 4085 1420 4035 3849 6457 6432 4390 4928 4927 6475
6270 11 2 1 100 3918 3936 3871 3810 5685 5034 6480 5696 5734 4810
6271 11 2 1 100 3871 3936 3918 3830 5034 5685 6480 5031 5686 4548
6272 11 2 1 100 3913 1169 1167 1175 5534 2442 4159 5533 2547 2548
6273 11 2 1 100 3913 1167 1169 3838 4159 2442 5534 4158 5540 4114
6274 11 2 1 100 24 3949 3326 3378 5406 8041 3341 4786 4785 5233
6275 11 2 1 100 24 3326 3949 3457 3341 8041 5406 7090 6633 8038
6276 11 2 1 100 3388 3326 3949 3378 8032 8041 6436 3405 5233 4785
6277 11 2 1 100 3388 3949 3326 3457 6436 8041 8032 6631 8038 6633
6278 11 2 1 100 3969 1243 3842 1189 5745 8042 5458 5757 5973 2656
6279 11 2 1 100 3969 3842 1243 3925 5458 8042 5745 5699 5744 6550
6280 11 2 1 100 1261 3842 1243 1189 5971 8042 2657 2658 2656 5973
6281 11 2 1 100 1261 1243 3842 3925 2657 8042 5971 6728 6550 5744
6282 11 2 1 100 1074 3932 4025 1072 6554 5558 6951 2071 5557 4816
6283 11 2 1 100 4025 3932 1074 3906 5558 6554 6951 6844 6557 6558
6284 11 2 1 100 4070 3183 3187 20 6150 3215 6512 5900 3211 3214
6285 11 2 1 100 4070 3187 3183 3912 6512 3215 6150 4568 5836 7587
6286 11 2 1 100 4091 1052 1054 3959 4778 1970 5824 4779 5822 4433
6287 11 2 1 100 4091 1054 1052 1176 5824 1970 4778 5294 1972 1973
6288 11 2 1 100 3933 3898 4106 3812 5195 5586 7060 5193 6598 4308
6289 11 2 1 100 3933 4106 3898 3801 7060 5586 5195 5545 5546 6228
6290 11 2 1 100 4040 1182 1421 1251 6580 2583 8043 5707 2624 2622
6291 11 2 1 100 1421 1182 4040 3820 2583 6580 8043 5730 5065 5729
6292 11 2 1 100 1421 3977 4040 1251 5712 5708 8043 2624 5707 5706
6293 11 2 1 100 4040 3977 1421 3820 5708 5712 8043 5065 5730 5647
6294 11 2 1 100 3906 1103 3978 1390 5955 6213 7536 5999 6212 2094
6295 11 2 1 100 3906 3978 1103 3867 7536 6213 5955 5954 5951 4577
6296 11 2 1 100 3915 1254 3985 3858 5854 7161 5278 4732 4208 5852
6297 11 2 1 100 3915 3985 1254 1255 5278 7161 5854 6034 2946 7159
6298 11 2 1 100 3937 3884 4023 3799 5468 6240 7239 5471 4178 5469
6299 11 2 1 100 3937 4023 3884 3813 7239 6240 5468 5112 5467 4572
6300 11 2 1 100 3942 1368 3961 1366 5556 6033 4187 6276 6032 2304
6301 11 2 1 100 3942 3961 1368 3850 4187 6033 5556 4199 5554 4201
6302 11 2 1 100 3896 1287 1363 1517 7606 3071 4342 6384 3072 3068
6303 11 2 1 100 3896 1363 1287 3864 4342 3071 7606 4343 6830 4340
6304 11 2 1 100 4084 1418 1205 3910 4242 2734 7953 4338 7190 4337
6305 11 2 1 100 4084 1205 1418 1375 7953 2734 4242 4184 2735 2644
6306 11 2 1 100 4052 1116 1374 4010 6006 2282 6218 6007 6215 6005
6307 11 2 1 100 4052 1374 1116 1183 6218 2282 6006 6134 2293 2294
6308 11 2 1 100 4017 4104 4088 3829 4458 6127 7398 4688 6124 4689
6309 11 2 1 100 4088 4104 4017 3791 6127 4458 7398 4381 4395 4456
6310 11 2 1 100 3950 1323 1489 3892 4855 3116 6420 4856 6419 4854
6311 11 2 1 100 3950 1489 1323 1488 6420 3116 4855 5235 3117 2786
6312 11 2 1 100 3978 1103 1428 1447 6213 2228 4576 5510 2229 2225
6313 11 2 1 100 3978 1428 1103 3867 4576 2228 6213 4577 5951 4575
6314 11 2 1 100 3828 3956 1092 1094 4735 8044 4613 5828 2170 5929
6315 11 2 1 100 3828 1092 3956 3872 4613 8044 4735 4612 7297 4515
6316 11 2 1 100 1093 1092 3956 1094 2165 8044 6745 2171 5929 2170
6317 11 2 1 100 1093 3956 1092 3872 6745 8044 2165 5400 4515 7297
6318 11 2 1 100 4033 4108 3991 3868 7553 5476 7321 4783 5473 5477
6319 11 2 1 100 3995 3861 3796 3930 4662 5941 5627 4663 5975 4659
6320 11 2 1 100 3995 3796 3861 3966 5627 5941 4662 4746 4744 5805
6321 11 2 1 100 4013 882 885 3994 7845 925 5601 5657 5320 6787
6322 11 2 1 100 4013 885 882 16 5601 925 7845 5599 915 924
6323 11 2 1 100 3932 1231 4097 3869 5343 7459 7300 4867 7461 5342
6324 11 2 1 100 3932 4097 1231 1456 7300 7459 5343 5909 2844 7855
6325 11 2 1 100 4103 3936 4077 3830 7291 4552 6256 6255 4551 4548
6326 11 2 1 100 4103 4077 3936 3789 6256 4552 7291 6352 6243 6833
6327 11 2 1 100 4024 1531 3816 3986 7905 5931 6438 7513 6103 6104
6328 11 2 1 100 4024 3816 1531 1285 6438 5931 7905 5887 3066 5930
6329 11 2 1 100 4020 1301 4038 3814 5494 6435 5995 4925 5439 5493
6330 11 2 1 100 4020 4038 1301 1300 5995 6435 5494 6703 1856 7303
6331 11 2 1 100 4037 1435 1293 1292 6327 3073 7136 6611 2882 1798
6332 11 2 1 100 4037 1293 1435 3854 7136 3073 6327 6329 5906 6022
6333 11 2 1 100 3968 3911 4008 3820 5825 6445 6670 4955 6674 5648
6334 11 2 1 100 3968 4008 3911 3798 6670 6445 5825 4306 5998 6443
6335 11 2 1 100 3959 1031 1050 1051 4355 1878 4434 5431 1879 1880
6336 11 2 1 100 3959 1050 1031 3882 4434 1878 4355 4422 4423 4528
6337 11 2 1 100 1300 4091 1298 1299 6704 7299 3079 3080 2592 6755
6338 11 2 1 100 1298 4091 1300 4020 7299 6704 3079 7695 6703 5496
6339 11 2 1 100 4011 1458 1370 3973 7678 2141 4480 4521 4519 6835
6340 11 2 1 100 4011 1370 1458 1460 4480 2141 7678 4699 3142 3122
6341 11 2 1 100 3946 1513 3938 3850 6423 6657 5549 5677 4989 6307
6342 11 2 1 100 3946 3938 1513 1471 5549 6657 6423 6876 2274 7241
6343 11 2 1 100 4016 4044 4098 3789 5818 7849 7162 5227 7919 5964
6344 11 2 1 100 4098 4044 4016 3848 7849 5818 7162 7051 5813 5816
6345 11 2 1 100 3981 3933 3886 3834 5258 7380 5178 5253 7137 5194
6346 11 2 1 100 3981 3886 3933 3801 5178 7380 5258 5547 5545 6201
6347 11 2 1 100 4001 1407 1268 1266 7517 2996 4127 6441 2993 2995
6348 11 2 1 100 4001 1268 1407 3920 4127 2996 7517 4278 6239 4277
6349 11 2 1 100 3995 1137 1136 3873 4923 2386 7401 4219 6708 4409
6350 11 2 1 100 3995 1136 1137 1138 7401 2386 4923 5679 2390 2391
6351 11 2 1 100 4000 1477 1510 3862 5832 2574 7613 5577 6840 5923
6352 11 2 1 100 4000 1510 1477 1320 7613 2574 5832 5381 3113 3112
6353 11 2 1 100 4003 1315 1465 3884 5897 1874 7862 5313 5902 5415
6354 11 2 1 100 4003 1465 1315 1316 7862 1874 5897 6416 1819 3100
6355 11 2 1 100 4058 1430 3930 1264 6827 8045 6706 7020 7248 2988
6356 11 2 1 100 4058 3930 1430 4025 6706 8045 6827 6757 6826 6898
6357 11 2 1 100 1444 3930 1430 1264 7249 8045 2138 2740 2988 7248
6358 11 2 1 100 4051 1107 3969 1111 7079 5095 6887 7080 6980 2195
6359 11 2 1 100 4051 3969 1107 3989 6887 5095 7079 7144 5465 5466
6360 11 2 1 100 4005 1391 1272 1479 6096 2689 7296 6775 3020 2595
6361 11 2 1 100 4005 1272 1391 3893 7296 2689 6096 5783 5574 4213
6362 11 2 1 100 4086 1202 3861 1191 7246 8046 6505 7329 7318 2665
6363 11 2 1 100 4086 3861 1202 4058 6505 8046 7246 7247 7202 6707
6364 11 2 1 100 1192 3861 1202 1191 4682 8046 2666 2497 2665 7318
6365 11 2 1 100 1192 1202 3861 4058 2666 8046 4682 6705 6707 7202
6366 11 2 1 100 4109 1478 1489 1284 6426 3064 6949 6999 3062 3063
6367 11 2 1 100 4109 1489 1478 3892 6949 3064 6426 6427 6424 6419
6368 11 2 1 100 4031 1519 1040 1455 6659 1923 6909 7598 1552 1922
6369 11 2 1 100 4031 1040 1519 3877 6909 1923 6659 5983 6658 7075
6370 11 2 1 100 1341 4049 1071 1085 7706 5308 2058 2069 2067 5460
6371 11 2 1 100 1071 4049 1341 3899 5308 7706 2058 5306 5774 5310
6372 11 2 1 100 3991 4108 4074 1278 5476 8047 6055 5474 6056 5475
6373 11 2 1 100 1527 4074 4108 1278 6665 8047 7982 3044 5475 6056
6374 11 2 1 100 1527 4108 4074 3894 7982 8047 6665 7981 6903 6177
6375 11 2 1 100 4105 4022 3827 3838 5621 5463 5061 5063 5022 4328
6376 11 2 1 100 4105 3827 4022 3792 5061 5463 5621 5620 4654 4945
6377 11 2 1 100 3985 1254 1274 3858 7161 2955 6572 4208 6571 5852
6378 11 2 1 100 3985 1274 1254 1505 6572 2955 7161 7160 2954 2957
6379 11 2 1 100 3998 1227 1226 1228 7370 2824 4494 6867 2828 2829
6380 11 2 1 100 3998 1226 1227 3978 4494 2824 7370 4509 7371 4508
6381 11 2 1 100 4079 1503 3833 241 7914 5609 4825 4922 4921 1722
6382 11 2 1 100 4079 3833 1503 3983 4825 5609 7914 6209 6200 6199
6383 11 2 1 100 3989 1093 3956 1095 7179 6745 5323 7344 6744 2176
6384 11 2 1 100 3989 3956 1093 3872 5323 6745 7179 7178 5400 7297
6385 11 2 1 100 1367 1025 3806 1518 1844 5058 5490 1846 4540 1845
6386 11 2 1 100 1367 3806 1025 1448 5490 5058 1844 1843 1625 5543
6387 11 2 1 100 1117 3905 1324 1263 6639 6118 2297 2288 2299 6651
6388 11 2 1 100 1117 1324 3905 3979 2297 6118 6639 6734 6110 6131
6389 11 2 1 100 3193 4038 3187 3174 7407 5842 3302 3261 3301 7406
6390 11 2 1 100 3187 4038 3193 3912 5842 7407 3302 7587 7565 5438
6391 11 2 1 100 1088 4081 1091 1089 6063 4518 2151 2128 2150 6483
6392 11 2 1 100 1091 4081 1088 3902 4518 6063 2151 4618 6062 4620
6393 11 2 1 100 4035 1137 1135 1387 6331 2385 4719 6763 2387 2388
6394 11 2 1 100 4035 1135 1137 3873 4719 2385 6331 4720 4409 4718
6395 11 2 1 100 4110 1059 1060 1061 6203 2001 7285 7230 2005 2006
6396 11 2 1 100 4110 1060 1059 3883 7285 2001 6203 5300 5830 6842
6397 11 2 1 100 4049 1430 3930 4025 7811 8045 6822 7099 6898 6826
6398 11 2 1 100 4049 3930 1430 1444 6822 8045 7811 7574 2138 7249
6399 11 2 1 100 4061 3840 1065 3898 5257 8048 7345 4644 6777 4982
6400 11 2 1 100 4061 1065 3840 3958 7345 8048 5257 5462 5461 6818
6401 11 2 1 100 1064 1065 3840 3898 2026 8048 5643 5646 4982 6777
6402 11 2 1 100 1064 3840 1065 3958 5643 8048 2026 6206 6818 5461
6403 11 2 1 100 4083 1230 1442 1232 7549 2848 5807 7597 2849 2846
6404 11 2 1 100 4083 1442 1230 3869 5807 2848 7549 4869 6362 4169
6405 11 2 1 100 4018 1495 4064 1483 7358 7834 7007 6958 5412 2754
6406 11 2 1 100 4018 4064 1495 3881 7007 7834 7358 7359 7356 5489
6407 11 2 1 100 1531 4030 1496 1331 6105 7532 1865 3065 2890 5917
6408 11 2 1 100 1496 4030 1531 3986 7532 6105 1865 7530 6104 6106
6409 11 2 1 100 4107 1026 3815 1313 7785 8049 6915 6914 6603 1849
6410 11 2 1 100 4107 3815 1026 4027 6915 8049 7785 7741 7783 7276
6411 11 2 1 100 4092 3815 1026 1313 6530 8049 7816 6910 1849 6603
6412 11 2 1 100 4092 1026 3815 4027 7816 8049 6530 6948 7276 7783
6413 11 2 1 100 4101 1358 1170 3890 6865 2561 7043 6866 6790 6682
6414 11 2 1 100 4101 1170 1358 1393 7043 2561 6865 7063 2562 2563
6415 11 2 1 100 401 3980 461 400 7967 7482 7752 430 7841 7843
6416 11 2 1 100 461 3980 401 3951 7482 7967 7752 7481 7640 7125
6417 11 2 1 100 3988 3381 3554 3380 7966 7772 7499 7874 7873 3411
6418 11 2 1 100 3988 3554 3381 3949 7499 7772 7966 7086 7651 7497
6419 11 2 1 100 1297 4043 1516 1296 6196 7150 3077 1965 1915 7639
6420 11 2 1 100 1516 4043 1297 3863 7150 6196 3077 7149 4747 5989
6421 11 2 1 100 1449 3177 200 1025 4617 3253 1618 1622 1620 5059
6422 11 2 1 100 200 3177 1449 3184 3253 4617 1618 3249 4511 3209
6423 11 2 1 100 4027 897 891 878 7715 1006 7000 7801 1004 973
6424 11 2 1 100 4027 891 897 3909 7000 1006 7715 7717 7712 7977
6425 11 2 1 100 4074 14 892 4009 7309 910 7546 6902 7728 7308
6426 11 2 1 100 4074 892 14 888 7546 910 7309 7623 913 914
6427 11 2 1 100 3931 1325 1313 1194 6398 2683 6604 6380 2680 2682
6428 11 2 1 100 3931 1313 1325 4107 6604 2683 6398 6687 6686 6914
6429 11 2 1 100 4053 1464 3189 1039 7973 8014 7507 7509 7505 1604
6430 11 2 1 100 4053 3189 1464 4024 7507 8014 7973 7353 7485 7647
6431 11 2 1 100 901 1453 3894 1029 8020 7702 4974 5523 5522 1561
6432 11 2 1 100 3894 1453 901 877 7702 8020 4974 7696 957 7727
6433 11 2 1 100 751 642 3914 744 8022 7001 7195 781 7231 7232
6434 11 2 1 100 3914 642 751 647 7001 8022 7195 7222 7221 686
6435 11 2 1 100 36 3980 463 402 7842 7685 496 422 8005 7992
6436 11 2 1 100 463 3980 36 461 7685 7842 496 500 498 7482
6437 11 2 1 100 3729 3458 366 3451 7974 3471 3754 7183 3506 3507
6438 11 2 1 100 366 3458 3729 3737 3471 7974 3754 3743 3756 7152
6439 11 2 1 100 4095 1328 4074 1492 8000 7999 7385 7384 7383 3119
6440 11 2 1 100 4095 4074 1328 3991 7385 7999 8000 7087 7971 6055
6441 11 2 1 100 1451 897 3909 1041 8017 7712 7925 1576 7734 7733
6442 11 2 1 100 1451 3909 897 887 7925 7712 8017 7985 970 7986
6443 11 2 1 100 3439 3729 367 3451 7582 3755 3509 3510 3505 7183
6444 11 2 1 100 3439 367 3729 3728 3509 3755 7582 7601 3759 3757
6445 11 2 1 100 4027 167 878 902 8025 972 7801 7815 976 974
6446 11 2 1 100 4027 878 167 1485 7801 972 8025 7716 1577 7800
6447 11 2 1 100 4031 158 883 1484 8031 949 6232 6984 7526 1554
6448 11 2 1 100 4031 883 158 893 6232 949 8031 6908 947 951
6449 11 2 1 100 4108 4074 4033 3991 8047 6904 7553 5476 7321 6055
6450 11 2 1 100 4108 4033 4074 3894 7553 6904 8047 6177 6903 6900
$EndElements
