ISO-10303-21;
HEADER;
FILE_DESCRIPTION(('Open CASCADE Model'),'2;1');
FILE_NAME('Open CASCADE Shape Model','2026-10-02T17:35:52',('Author'),(
    'Open CASCADE'),'Open CASCADE STEP processor 7.8','Open CASCADE 7.8'
  ,'Unknown');
FILE_SCHEMA(('AUTOMOTIVE_DESIGN { 1 0 10303 214 1 1 1 1 }'));
ENDSEC;
DATA;
#1 = APPLICATION_PROTOCOL_DEFINITION('international standard',
  'automotive_design',2000,#2);
#2 = APPLICATION_CONTEXT(
  'core data for automotive mechanical design processes');
#3 = SHAPE_DEFINITION_REPRESENTATION(#4,#10);
#4 = PRODUCT_DEFINITION_SHAPE('','',#5);
#5 = PRODUCT_DEFINITION('design','',#6,#9);
#6 = PRODUCT_DEFINITION_FORMATION('','',#7);
#7 = PRODUCT('Open CASCADE STEP translator 7.8 1',
  'Open CASCADE STEP translator 7.8 1','',(#8));
#8 = PRODUCT_CONTEXT('',#2,'mechanical');
#9 = PRODUCT_DEFINITION_CONTEXT('part definition',#2,'design');
#10 = SHAPE_REPRESENTATION('',(#11,#15,#1913,#2555,#2885),#3531);
#11 = AXIS2_PLACEMENT_3D('',#12,#13,#14);
#12 = CARTESIAN_POINT('',(0.,0.,0.));
#13 = DIRECTION('',(0.,0.,1.));
#14 = DIRECTION('',(1.,0.,-0.));
#15 = MANIFOLD_SOLID_BREP('Air',#16);
#16 = CLOSED_SHELL('',(#17,#465,#903,#952,#1001,#1050,#1191,#1218,#1245,
    #1294,#1343,#1370,#1446,#1570,#1619,#1716,#1723,#1730,#1757,#1784,
    #1811,#1838,#1845,#1872,#1899,#1906));
#17 = ADVANCED_FACE('Air::TangentialFlux',(#18,#351),#32,.F.);
#18 = FACE_BOUND('',#19,.F.);
#19 = EDGE_LOOP('',(#20,#55,#83,#111,#139,#162,#190,#218,#246,#269,#297,
    #325));
#20 = ORIENTED_EDGE('',*,*,#21,.F.);
#21 = EDGE_CURVE('',#22,#24,#26,.T.);
#22 = VERTEX_POINT('',#23);
#23 = CARTESIAN_POINT('',(0.,0.,-0.1));
#24 = VERTEX_POINT('',#25);
#25 = CARTESIAN_POINT('',(0.,0.,0.));
#26 = SURFACE_CURVE('',#27,(#31,#43),.PCURVE_S1.);
#27 = LINE('',#28,#29);
#28 = CARTESIAN_POINT('',(0.,0.,-0.1));
#29 = VECTOR('',#30,1.);
#30 = DIRECTION('',(0.,0.,1.));
#31 = PCURVE('',#32,#37);
#32 = PLANE('',#33);
#33 = AXIS2_PLACEMENT_3D('',#34,#35,#36);
#34 = CARTESIAN_POINT('',(0.,0.,-0.1));
#35 = DIRECTION('',(1.,0.,-0.));
#36 = DIRECTION('',(0.,0.,1.));
#37 = DEFINITIONAL_REPRESENTATION('',(#38),#42);
#38 = LINE('',#39,#40);
#39 = CARTESIAN_POINT('',(0.,0.));
#40 = VECTOR('',#41,1.);
#41 = DIRECTION('',(1.,0.));
#42 = ( GEOMETRIC_REPRESENTATION_CONTEXT(2) 
PARAMETRIC_REPRESENTATION_CONTEXT() REPRESENTATION_CONTEXT('2D SPACE',''
  ) );
#43 = PCURVE('',#44,#49);
#44 = PLANE('',#45);
#45 = AXIS2_PLACEMENT_3D('',#46,#47,#48);
#46 = CARTESIAN_POINT('',(0.,0.,-0.1));
#47 = DIRECTION('',(-0.,1.,0.));
#48 = DIRECTION('',(0.,0.,1.));
#49 = DEFINITIONAL_REPRESENTATION('',(#50),#54);
#50 = LINE('',#51,#52);
#51 = CARTESIAN_POINT('',(0.,0.));
#52 = VECTOR('',#53,1.);
#53 = DIRECTION('',(1.,0.));
#54 = ( GEOMETRIC_REPRESENTATION_CONTEXT(2) 
PARAMETRIC_REPRESENTATION_CONTEXT() REPRESENTATION_CONTEXT('2D SPACE',''
  ) );
#55 = ORIENTED_EDGE('',*,*,#56,.T.);
#56 = EDGE_CURVE('',#22,#57,#59,.T.);
#57 = VERTEX_POINT('',#58);
#58 = CARTESIAN_POINT('',(0.,0.25,-0.1));
#59 = SURFACE_CURVE('',#60,(#64,#71),.PCURVE_S1.);
#60 = LINE('',#61,#62);
#61 = CARTESIAN_POINT('',(0.,0.,-0.1));
#62 = VECTOR('',#63,1.);
#63 = DIRECTION('',(-0.,1.,0.));
#64 = PCURVE('',#32,#65);
#65 = DEFINITIONAL_REPRESENTATION('',(#66),#70);
#66 = LINE('',#67,#68);
#67 = CARTESIAN_POINT('',(0.,0.));
#68 = VECTOR('',#69,1.);
#69 = DIRECTION('',(0.,-1.));
#70 = ( GEOMETRIC_REPRESENTATION_CONTEXT(2) 
PARAMETRIC_REPRESENTATION_CONTEXT() REPRESENTATION_CONTEXT('2D SPACE',''
  ) );
#71 = PCURVE('',#72,#77);
#72 = PLANE('',#73);
#73 = AXIS2_PLACEMENT_3D('',#74,#75,#76);
#74 = CARTESIAN_POINT('',(0.,0.,-0.1));
#75 = DIRECTION('',(0.,0.,1.));
#76 = DIRECTION('',(1.,0.,-0.));
#77 = DEFINITIONAL_REPRESENTATION('',(#78),#82);
#78 = LINE('',#79,#80);
#79 = CARTESIAN_POINT('',(0.,0.));
#80 = VECTOR('',#81,1.);
#81 = DIRECTION('',(0.,1.));
#82 = ( GEOMETRIC_REPRESENTATION_CONTEXT(2) 
PARAMETRIC_REPRESENTATION_CONTEXT() REPRESENTATION_CONTEXT('2D SPACE',''
  ) );
#83 = ORIENTED_EDGE('',*,*,#84,.T.);
#84 = EDGE_CURVE('',#57,#85,#87,.T.);
#85 = VERTEX_POINT('',#86);
#86 = CARTESIAN_POINT('',(0.,0.25,0.25));
#87 = SURFACE_CURVE('',#88,(#92,#99),.PCURVE_S1.);
#88 = LINE('',#89,#90);
#89 = CARTESIAN_POINT('',(0.,0.25,-0.1));
#90 = VECTOR('',#91,1.);
#91 = DIRECTION('',(0.,0.,1.));
#92 = PCURVE('',#32,#93);
#93 = DEFINITIONAL_REPRESENTATION('',(#94),#98);
#94 = LINE('',#95,#96);
#95 = CARTESIAN_POINT('',(0.,-0.25));
#96 = VECTOR('',#97,1.);
#97 = DIRECTION('',(1.,0.));
#98 = ( GEOMETRIC_REPRESENTATION_CONTEXT(2) 
PARAMETRIC_REPRESENTATION_CONTEXT() REPRESENTATION_CONTEXT('2D SPACE',''
  ) );
#99 = PCURVE('',#100,#105);
#100 = PLANE('',#101);
#101 = AXIS2_PLACEMENT_3D('',#102,#103,#104);
#102 = CARTESIAN_POINT('',(0.,0.25,-0.1));
#103 = DIRECTION('',(-0.,1.,0.));
#104 = DIRECTION('',(0.,0.,1.));
#105 = DEFINITIONAL_REPRESENTATION('',(#106),#110);
#106 = LINE('',#107,#108);
#107 = CARTESIAN_POINT('',(0.,0.));
#108 = VECTOR('',#109,1.);
#109 = DIRECTION('',(1.,0.));
#110 = ( GEOMETRIC_REPRESENTATION_CONTEXT(2) 
PARAMETRIC_REPRESENTATION_CONTEXT() REPRESENTATION_CONTEXT('2D SPACE',''
  ) );
#111 = ORIENTED_EDGE('',*,*,#112,.F.);
#112 = EDGE_CURVE('',#113,#85,#115,.T.);
#113 = VERTEX_POINT('',#114);
#114 = CARTESIAN_POINT('',(0.,0.,0.25));
#115 = SURFACE_CURVE('',#116,(#120,#127),.PCURVE_S1.);
#116 = LINE('',#117,#118);
#117 = CARTESIAN_POINT('',(0.,0.,0.25));
#118 = VECTOR('',#119,1.);
#119 = DIRECTION('',(-0.,1.,0.));
#120 = PCURVE('',#32,#121);
#121 = DEFINITIONAL_REPRESENTATION('',(#122),#126);
#122 = LINE('',#123,#124);
#123 = CARTESIAN_POINT('',(0.35,0.));
#124 = VECTOR('',#125,1.);
#125 = DIRECTION('',(0.,-1.));
#126 = ( GEOMETRIC_REPRESENTATION_CONTEXT(2) 
PARAMETRIC_REPRESENTATION_CONTEXT() REPRESENTATION_CONTEXT('2D SPACE',''
  ) );
#127 = PCURVE('',#128,#133);
#128 = PLANE('',#129);
#129 = AXIS2_PLACEMENT_3D('',#130,#131,#132);
#130 = CARTESIAN_POINT('',(0.,0.,0.25));
#131 = DIRECTION('',(0.,0.,1.));
#132 = DIRECTION('',(1.,0.,-0.));
#133 = DEFINITIONAL_REPRESENTATION('',(#134),#138);
#134 = LINE('',#135,#136);
#135 = CARTESIAN_POINT('',(0.,0.));
#136 = VECTOR('',#137,1.);
#137 = DIRECTION('',(0.,1.));
#138 = ( GEOMETRIC_REPRESENTATION_CONTEXT(2) 
PARAMETRIC_REPRESENTATION_CONTEXT() REPRESENTATION_CONTEXT('2D SPACE',''
  ) );
#139 = ORIENTED_EDGE('',*,*,#140,.F.);
#140 = EDGE_CURVE('',#141,#113,#143,.T.);
#141 = VERTEX_POINT('',#142);
#142 = CARTESIAN_POINT('',(0.,0.,0.125));
#143 = SURFACE_CURVE('',#144,(#148,#155),.PCURVE_S1.);
#144 = LINE('',#145,#146);
#145 = CARTESIAN_POINT('',(0.,0.,-0.1));
#146 = VECTOR('',#147,1.);
#147 = DIRECTION('',(0.,0.,1.));
#148 = PCURVE('',#32,#149);
#149 = DEFINITIONAL_REPRESENTATION('',(#150),#154);
#150 = LINE('',#151,#152);
#151 = CARTESIAN_POINT('',(0.,0.));
#152 = VECTOR('',#153,1.);
#153 = DIRECTION('',(1.,0.));
#154 = ( GEOMETRIC_REPRESENTATION_CONTEXT(2) 
PARAMETRIC_REPRESENTATION_CONTEXT() REPRESENTATION_CONTEXT('2D SPACE',''
  ) );
#155 = PCURVE('',#44,#156);
#156 = DEFINITIONAL_REPRESENTATION('',(#157),#161);
#157 = LINE('',#158,#159);
#158 = CARTESIAN_POINT('',(0.,0.));
#159 = VECTOR('',#160,1.);
#160 = DIRECTION('',(1.,0.));
#161 = ( GEOMETRIC_REPRESENTATION_CONTEXT(2) 
PARAMETRIC_REPRESENTATION_CONTEXT() REPRESENTATION_CONTEXT('2D SPACE',''
  ) );
#162 = ORIENTED_EDGE('',*,*,#163,.T.);
#163 = EDGE_CURVE('',#141,#164,#166,.T.);
#164 = VERTEX_POINT('',#165);
#165 = CARTESIAN_POINT('',(0.,5.E-03,0.125));
#166 = SURFACE_CURVE('',#167,(#171,#178),.PCURVE_S1.);
#167 = LINE('',#168,#169);
#168 = CARTESIAN_POINT('',(0.,0.,0.125));
#169 = VECTOR('',#170,1.);
#170 = DIRECTION('',(0.,1.,0.));
#171 = PCURVE('',#32,#172);
#172 = DEFINITIONAL_REPRESENTATION('',(#173),#177);
#173 = LINE('',#174,#175);
#174 = CARTESIAN_POINT('',(0.225,0.));
#175 = VECTOR('',#176,1.);
#176 = DIRECTION('',(0.,-1.));
#177 = ( GEOMETRIC_REPRESENTATION_CONTEXT(2) 
PARAMETRIC_REPRESENTATION_CONTEXT() REPRESENTATION_CONTEXT('2D SPACE',''
  ) );
#178 = PCURVE('',#179,#184);
#179 = PLANE('',#180);
#180 = AXIS2_PLACEMENT_3D('',#181,#182,#183);
#181 = CARTESIAN_POINT('',(1.25E-02,0.,0.125));
#182 = DIRECTION('',(0.,-0.,1.));
#183 = DIRECTION('',(-1.,0.,0.));
#184 = DEFINITIONAL_REPRESENTATION('',(#185),#189);
#185 = LINE('',#186,#187);
#186 = CARTESIAN_POINT('',(1.25E-02,0.));
#187 = VECTOR('',#188,1.);
#188 = DIRECTION('',(0.,-1.));
#189 = ( GEOMETRIC_REPRESENTATION_CONTEXT(2) 
PARAMETRIC_REPRESENTATION_CONTEXT() REPRESENTATION_CONTEXT('2D SPACE',''
  ) );
#190 = ORIENTED_EDGE('',*,*,#191,.T.);
#191 = EDGE_CURVE('',#164,#192,#194,.T.);
#192 = VERTEX_POINT('',#193);
#193 = CARTESIAN_POINT('',(0.,5.E-03,2.65E-02));
#194 = SURFACE_CURVE('',#195,(#199,#206),.PCURVE_S1.);
#195 = LINE('',#196,#197);
#196 = CARTESIAN_POINT('',(0.,5.E-03,0.125));
#197 = VECTOR('',#198,1.);
#198 = DIRECTION('',(0.,0.,-1.));
#199 = PCURVE('',#32,#200);
#200 = DEFINITIONAL_REPRESENTATION('',(#201),#205);
#201 = LINE('',#202,#203);
#202 = CARTESIAN_POINT('',(0.225,-5.E-03));
#203 = VECTOR('',#204,1.);
#204 = DIRECTION('',(-1.,0.));
#205 = ( GEOMETRIC_REPRESENTATION_CONTEXT(2) 
PARAMETRIC_REPRESENTATION_CONTEXT() REPRESENTATION_CONTEXT('2D SPACE',''
  ) );
#206 = PCURVE('',#207,#212);
#207 = PLANE('',#208);
#208 = AXIS2_PLACEMENT_3D('',#209,#210,#211);
#209 = CARTESIAN_POINT('',(6.25E-03,5.E-03,7.575E-02));
#210 = DIRECTION('',(-0.,-1.,-0.));
#211 = DIRECTION('',(0.,0.,-1.));
#212 = DEFINITIONAL_REPRESENTATION('',(#213),#217);
#213 = LINE('',#214,#215);
#214 = CARTESIAN_POINT('',(-4.925E-02,-6.25E-03));
#215 = VECTOR('',#216,1.);
#216 = DIRECTION('',(1.,0.));
#217 = ( GEOMETRIC_REPRESENTATION_CONTEXT(2) 
PARAMETRIC_REPRESENTATION_CONTEXT() REPRESENTATION_CONTEXT('2D SPACE',''
  ) );
#218 = ORIENTED_EDGE('',*,*,#219,.F.);
#219 = EDGE_CURVE('',#220,#192,#222,.T.);
#220 = VERTEX_POINT('',#221);
#221 = CARTESIAN_POINT('',(0.,0.,2.65E-02));
#222 = SURFACE_CURVE('',#223,(#227,#234),.PCURVE_S1.);
#223 = LINE('',#224,#225);
#224 = CARTESIAN_POINT('',(0.,0.,2.65E-02));
#225 = VECTOR('',#226,1.);
#226 = DIRECTION('',(0.,1.,0.));
#227 = PCURVE('',#32,#228);
#228 = DEFINITIONAL_REPRESENTATION('',(#229),#233);
#229 = LINE('',#230,#231);
#230 = CARTESIAN_POINT('',(0.1265,0.));
#231 = VECTOR('',#232,1.);
#232 = DIRECTION('',(0.,-1.));
#233 = ( GEOMETRIC_REPRESENTATION_CONTEXT(2) 
PARAMETRIC_REPRESENTATION_CONTEXT() REPRESENTATION_CONTEXT('2D SPACE',''
  ) );
#234 = PCURVE('',#235,#240);
#235 = PLANE('',#236);
#236 = AXIS2_PLACEMENT_3D('',#237,#238,#239);
#237 = CARTESIAN_POINT('',(0.,0.,2.65E-02));
#238 = DIRECTION('',(0.,0.,-1.));
#239 = DIRECTION('',(1.,0.,0.));
#240 = DEFINITIONAL_REPRESENTATION('',(#241),#245);
#241 = LINE('',#242,#243);
#242 = CARTESIAN_POINT('',(0.,0.));
#243 = VECTOR('',#244,1.);
#244 = DIRECTION('',(0.,-1.));
#245 = ( GEOMETRIC_REPRESENTATION_CONTEXT(2) 
PARAMETRIC_REPRESENTATION_CONTEXT() REPRESENTATION_CONTEXT('2D SPACE',''
  ) );
#246 = ORIENTED_EDGE('',*,*,#247,.F.);
#247 = EDGE_CURVE('',#248,#220,#250,.T.);
#248 = VERTEX_POINT('',#249);
#249 = CARTESIAN_POINT('',(0.,0.,2.5E-02));
#250 = SURFACE_CURVE('',#251,(#255,#262),.PCURVE_S1.);
#251 = LINE('',#252,#253);
#252 = CARTESIAN_POINT('',(0.,0.,-0.1));
#253 = VECTOR('',#254,1.);
#254 = DIRECTION('',(0.,0.,1.));
#255 = PCURVE('',#32,#256);
#256 = DEFINITIONAL_REPRESENTATION('',(#257),#261);
#257 = LINE('',#258,#259);
#258 = CARTESIAN_POINT('',(0.,0.));
#259 = VECTOR('',#260,1.);
#260 = DIRECTION('',(1.,0.));
#261 = ( GEOMETRIC_REPRESENTATION_CONTEXT(2) 
PARAMETRIC_REPRESENTATION_CONTEXT() REPRESENTATION_CONTEXT('2D SPACE',''
  ) );
#262 = PCURVE('',#44,#263);
#263 = DEFINITIONAL_REPRESENTATION('',(#264),#268);
#264 = LINE('',#265,#266);
#265 = CARTESIAN_POINT('',(0.,0.));
#266 = VECTOR('',#267,1.);
#267 = DIRECTION('',(1.,0.));
#268 = ( GEOMETRIC_REPRESENTATION_CONTEXT(2) 
PARAMETRIC_REPRESENTATION_CONTEXT() REPRESENTATION_CONTEXT('2D SPACE',''
  ) );
#269 = ORIENTED_EDGE('',*,*,#270,.T.);
#270 = EDGE_CURVE('',#248,#271,#273,.T.);
#271 = VERTEX_POINT('',#272);
#272 = CARTESIAN_POINT('',(0.,1.25E-02,2.5E-02));
#273 = SURFACE_CURVE('',#274,(#278,#285),.PCURVE_S1.);
#274 = LINE('',#275,#276);
#275 = CARTESIAN_POINT('',(0.,0.,2.5E-02));
#276 = VECTOR('',#277,1.);
#277 = DIRECTION('',(0.,1.,0.));
#278 = PCURVE('',#32,#279);
#279 = DEFINITIONAL_REPRESENTATION('',(#280),#284);
#280 = LINE('',#281,#282);
#281 = CARTESIAN_POINT('',(0.125,0.));
#282 = VECTOR('',#283,1.);
#283 = DIRECTION('',(0.,-1.));
#284 = ( GEOMETRIC_REPRESENTATION_CONTEXT(2) 
PARAMETRIC_REPRESENTATION_CONTEXT() REPRESENTATION_CONTEXT('2D SPACE',''
  ) );
#285 = PCURVE('',#286,#291);
#286 = PLANE('',#287);
#287 = AXIS2_PLACEMENT_3D('',#288,#289,#290);
#288 = CARTESIAN_POINT('',(3.85E-02,0.,2.5E-02));
#289 = DIRECTION('',(0.,-0.,1.));
#290 = DIRECTION('',(-1.,0.,0.));
#291 = DEFINITIONAL_REPRESENTATION('',(#292),#296);
#292 = LINE('',#293,#294);
#293 = CARTESIAN_POINT('',(3.85E-02,0.));
#294 = VECTOR('',#295,1.);
#295 = DIRECTION('',(0.,-1.));
#296 = ( GEOMETRIC_REPRESENTATION_CONTEXT(2) 
PARAMETRIC_REPRESENTATION_CONTEXT() REPRESENTATION_CONTEXT('2D SPACE',''
  ) );
#297 = ORIENTED_EDGE('',*,*,#298,.T.);
#298 = EDGE_CURVE('',#271,#299,#301,.T.);
#299 = VERTEX_POINT('',#300);
#300 = CARTESIAN_POINT('',(0.,1.25E-02,0.));
#301 = SURFACE_CURVE('',#302,(#306,#313),.PCURVE_S1.);
#302 = LINE('',#303,#304);
#303 = CARTESIAN_POINT('',(0.,1.25E-02,2.5E-02));
#304 = VECTOR('',#305,1.);
#305 = DIRECTION('',(0.,0.,-1.));
#306 = PCURVE('',#32,#307);
#307 = DEFINITIONAL_REPRESENTATION('',(#308),#312);
#308 = LINE('',#309,#310);
#309 = CARTESIAN_POINT('',(0.125,-1.25E-02));
#310 = VECTOR('',#311,1.);
#311 = DIRECTION('',(-1.,0.));
#312 = ( GEOMETRIC_REPRESENTATION_CONTEXT(2) 
PARAMETRIC_REPRESENTATION_CONTEXT() REPRESENTATION_CONTEXT('2D SPACE',''
  ) );
#313 = PCURVE('',#314,#319);
#314 = PLANE('',#315);
#315 = AXIS2_PLACEMENT_3D('',#316,#317,#318);
#316 = CARTESIAN_POINT('',(3.992610062893E-02,1.25E-02,
    7.146226415094E-02));
#317 = DIRECTION('',(-0.,-1.,-0.));
#318 = DIRECTION('',(0.,0.,-1.));
#319 = DEFINITIONAL_REPRESENTATION('',(#320),#324);
#320 = LINE('',#321,#322);
#321 = CARTESIAN_POINT('',(4.646226415094E-02,-3.992610062893E-02));
#322 = VECTOR('',#323,1.);
#323 = DIRECTION('',(1.,0.));
#324 = ( GEOMETRIC_REPRESENTATION_CONTEXT(2) 
PARAMETRIC_REPRESENTATION_CONTEXT() REPRESENTATION_CONTEXT('2D SPACE',''
  ) );
#325 = ORIENTED_EDGE('',*,*,#326,.F.);
#326 = EDGE_CURVE('',#24,#299,#327,.T.);
#327 = SURFACE_CURVE('',#328,(#332,#339),.PCURVE_S1.);
#328 = LINE('',#329,#330);
#329 = CARTESIAN_POINT('',(0.,0.,0.));
#330 = VECTOR('',#331,1.);
#331 = DIRECTION('',(0.,1.,0.));
#332 = PCURVE('',#32,#333);
#333 = DEFINITIONAL_REPRESENTATION('',(#334),#338);
#334 = LINE('',#335,#336);
#335 = CARTESIAN_POINT('',(0.1,0.));
#336 = VECTOR('',#337,1.);
#337 = DIRECTION('',(0.,-1.));
#338 = ( GEOMETRIC_REPRESENTATION_CONTEXT(2) 
PARAMETRIC_REPRESENTATION_CONTEXT() REPRESENTATION_CONTEXT('2D SPACE',''
  ) );
#339 = PCURVE('',#340,#345);
#340 = PLANE('',#341);
#341 = AXIS2_PLACEMENT_3D('',#342,#343,#344);
#342 = CARTESIAN_POINT('',(0.,0.,0.));
#343 = DIRECTION('',(0.,0.,-1.));
#344 = DIRECTION('',(1.,0.,0.));
#345 = DEFINITIONAL_REPRESENTATION('',(#346),#350);
#346 = LINE('',#347,#348);
#347 = CARTESIAN_POINT('',(0.,0.));
#348 = VECTOR('',#349,1.);
#349 = DIRECTION('',(0.,-1.));
#350 = ( GEOMETRIC_REPRESENTATION_CONTEXT(2) 
PARAMETRIC_REPRESENTATION_CONTEXT() REPRESENTATION_CONTEXT('2D SPACE',''
  ) );
#351 = FACE_BOUND('',#352,.F.);
#352 = EDGE_LOOP('',(#353,#383,#411,#439));
#353 = ORIENTED_EDGE('',*,*,#354,.F.);
#354 = EDGE_CURVE('',#355,#357,#359,.T.);
#355 = VERTEX_POINT('',#356);
#356 = CARTESIAN_POINT('',(0.,3.75E-02,2.67E-02));
#357 = VERTEX_POINT('',#358);
#358 = CARTESIAN_POINT('',(0.,3.75E-02,0.1233));
#359 = SURFACE_CURVE('',#360,(#364,#371),.PCURVE_S1.);
#360 = LINE('',#361,#362);
#361 = CARTESIAN_POINT('',(0.,3.75E-02,2.67E-02));
#362 = VECTOR('',#363,1.);
#363 = DIRECTION('',(0.,0.,1.));
#364 = PCURVE('',#32,#365);
#365 = DEFINITIONAL_REPRESENTATION('',(#366),#370);
#366 = LINE('',#367,#368);
#367 = CARTESIAN_POINT('',(0.1267,-3.75E-02));
#368 = VECTOR('',#369,1.);
#369 = DIRECTION('',(1.,0.));
#370 = ( GEOMETRIC_REPRESENTATION_CONTEXT(2) 
PARAMETRIC_REPRESENTATION_CONTEXT() REPRESENTATION_CONTEXT('2D SPACE',''
  ) );
#371 = PCURVE('',#372,#377);
#372 = PLANE('',#373);
#373 = AXIS2_PLACEMENT_3D('',#374,#375,#376);
#374 = CARTESIAN_POINT('',(1.45E-02,3.75E-02,2.67E-02));
#375 = DIRECTION('',(0.,-1.,0.));
#376 = DIRECTION('',(-1.,0.,0.));
#377 = DEFINITIONAL_REPRESENTATION('',(#378),#382);
#378 = LINE('',#379,#380);
#379 = CARTESIAN_POINT('',(1.45E-02,0.));
#380 = VECTOR('',#381,1.);
#381 = DIRECTION('',(0.,-1.));
#382 = ( GEOMETRIC_REPRESENTATION_CONTEXT(2) 
PARAMETRIC_REPRESENTATION_CONTEXT() REPRESENTATION_CONTEXT('2D SPACE',''
  ) );
#383 = ORIENTED_EDGE('',*,*,#384,.T.);
#384 = EDGE_CURVE('',#355,#385,#387,.T.);
#385 = VERTEX_POINT('',#386);
#386 = CARTESIAN_POINT('',(0.,1.95E-02,2.67E-02));
#387 = SURFACE_CURVE('',#388,(#392,#399),.PCURVE_S1.);
#388 = LINE('',#389,#390);
#389 = CARTESIAN_POINT('',(0.,3.75E-02,2.67E-02));
#390 = VECTOR('',#391,1.);
#391 = DIRECTION('',(0.,-1.,0.));
#392 = PCURVE('',#32,#393);
#393 = DEFINITIONAL_REPRESENTATION('',(#394),#398);
#394 = LINE('',#395,#396);
#395 = CARTESIAN_POINT('',(0.1267,-3.75E-02));
#396 = VECTOR('',#397,1.);
#397 = DIRECTION('',(0.,1.));
#398 = ( GEOMETRIC_REPRESENTATION_CONTEXT(2) 
PARAMETRIC_REPRESENTATION_CONTEXT() REPRESENTATION_CONTEXT('2D SPACE',''
  ) );
#399 = PCURVE('',#400,#405);
#400 = PLANE('',#401);
#401 = AXIS2_PLACEMENT_3D('',#402,#403,#404);
#402 = CARTESIAN_POINT('',(1.704066928433E-02,1.704066928433E-02,
    2.67E-02));
#403 = DIRECTION('',(0.,0.,1.));
#404 = DIRECTION('',(1.,0.,-0.));
#405 = DEFINITIONAL_REPRESENTATION('',(#406),#410);
#406 = LINE('',#407,#408);
#407 = CARTESIAN_POINT('',(-1.704066928433E-02,2.045933071567E-02));
#408 = VECTOR('',#409,1.);
#409 = DIRECTION('',(0.,-1.));
#410 = ( GEOMETRIC_REPRESENTATION_CONTEXT(2) 
PARAMETRIC_REPRESENTATION_CONTEXT() REPRESENTATION_CONTEXT('2D SPACE',''
  ) );
#411 = ORIENTED_EDGE('',*,*,#412,.T.);
#412 = EDGE_CURVE('',#385,#413,#415,.T.);
#413 = VERTEX_POINT('',#414);
#414 = CARTESIAN_POINT('',(0.,1.95E-02,0.1233));
#415 = SURFACE_CURVE('',#416,(#420,#427),.PCURVE_S1.);
#416 = LINE('',#417,#418);
#417 = CARTESIAN_POINT('',(0.,1.95E-02,2.67E-02));
#418 = VECTOR('',#419,1.);
#419 = DIRECTION('',(0.,0.,1.));
#420 = PCURVE('',#32,#421);
#421 = DEFINITIONAL_REPRESENTATION('',(#422),#426);
#422 = LINE('',#423,#424);
#423 = CARTESIAN_POINT('',(0.1267,-1.95E-02));
#424 = VECTOR('',#425,1.);
#425 = DIRECTION('',(1.,0.));
#426 = ( GEOMETRIC_REPRESENTATION_CONTEXT(2) 
PARAMETRIC_REPRESENTATION_CONTEXT() REPRESENTATION_CONTEXT('2D SPACE',''
  ) );
#427 = PCURVE('',#428,#433);
#428 = PLANE('',#429);
#429 = AXIS2_PLACEMENT_3D('',#430,#431,#432);
#430 = CARTESIAN_POINT('',(1.45E-02,1.95E-02,2.67E-02));
#431 = DIRECTION('',(0.,-1.,0.));
#432 = DIRECTION('',(-1.,0.,0.));
#433 = DEFINITIONAL_REPRESENTATION('',(#434),#438);
#434 = LINE('',#435,#436);
#435 = CARTESIAN_POINT('',(1.45E-02,0.));
#436 = VECTOR('',#437,1.);
#437 = DIRECTION('',(0.,-1.));
#438 = ( GEOMETRIC_REPRESENTATION_CONTEXT(2) 
PARAMETRIC_REPRESENTATION_CONTEXT() REPRESENTATION_CONTEXT('2D SPACE',''
  ) );
#439 = ORIENTED_EDGE('',*,*,#440,.F.);
#440 = EDGE_CURVE('',#357,#413,#441,.T.);
#441 = SURFACE_CURVE('',#442,(#446,#453),.PCURVE_S1.);
#442 = LINE('',#443,#444);
#443 = CARTESIAN_POINT('',(0.,3.75E-02,0.1233));
#444 = VECTOR('',#445,1.);
#445 = DIRECTION('',(0.,-1.,0.));
#446 = PCURVE('',#32,#447);
#447 = DEFINITIONAL_REPRESENTATION('',(#448),#452);
#448 = LINE('',#449,#450);
#449 = CARTESIAN_POINT('',(0.2233,-3.75E-02));
#450 = VECTOR('',#451,1.);
#451 = DIRECTION('',(0.,1.));
#452 = ( GEOMETRIC_REPRESENTATION_CONTEXT(2) 
PARAMETRIC_REPRESENTATION_CONTEXT() REPRESENTATION_CONTEXT('2D SPACE',''
  ) );
#453 = PCURVE('',#454,#459);
#454 = PLANE('',#455);
#455 = AXIS2_PLACEMENT_3D('',#456,#457,#458);
#456 = CARTESIAN_POINT('',(1.704066928433E-02,1.704066928433E-02,0.1233)
  );
#457 = DIRECTION('',(0.,0.,1.));
#458 = DIRECTION('',(1.,0.,-0.));
#459 = DEFINITIONAL_REPRESENTATION('',(#460),#464);
#460 = LINE('',#461,#462);
#461 = CARTESIAN_POINT('',(-1.704066928433E-02,2.045933071567E-02));
#462 = VECTOR('',#463,1.);
#463 = DIRECTION('',(0.,-1.));
#464 = ( GEOMETRIC_REPRESENTATION_CONTEXT(2) 
PARAMETRIC_REPRESENTATION_CONTEXT() REPRESENTATION_CONTEXT('2D SPACE',''
  ) );
#465 = ADVANCED_FACE('Air::TangentialFlux',(#466,#799),#44,.F.);
#466 = FACE_BOUND('',#467,.F.);
#467 = EDGE_LOOP('',(#468,#491,#519,#540,#541,#564,#592,#620,#648,#676,
    #704,#725,#726,#749,#777,#798));
#468 = ORIENTED_EDGE('',*,*,#469,.T.);
#469 = EDGE_CURVE('',#113,#470,#472,.T.);
#470 = VERTEX_POINT('',#471);
#471 = CARTESIAN_POINT('',(0.2,0.,0.25));
#472 = SURFACE_CURVE('',#473,(#477,#484),.PCURVE_S1.);
#473 = LINE('',#474,#475);
#474 = CARTESIAN_POINT('',(0.,0.,0.25));
#475 = VECTOR('',#476,1.);
#476 = DIRECTION('',(1.,0.,-0.));
#477 = PCURVE('',#44,#478);
#478 = DEFINITIONAL_REPRESENTATION('',(#479),#483);
#479 = LINE('',#480,#481);
#480 = CARTESIAN_POINT('',(0.35,0.));
#481 = VECTOR('',#482,1.);
#482 = DIRECTION('',(0.,1.));
#483 = ( GEOMETRIC_REPRESENTATION_CONTEXT(2) 
PARAMETRIC_REPRESENTATION_CONTEXT() REPRESENTATION_CONTEXT('2D SPACE',''
  ) );
#484 = PCURVE('',#128,#485);
#485 = DEFINITIONAL_REPRESENTATION('',(#486),#490);
#486 = LINE('',#487,#488);
#487 = CARTESIAN_POINT('',(0.,0.));
#488 = VECTOR('',#489,1.);
#489 = DIRECTION('',(1.,0.));
#490 = ( GEOMETRIC_REPRESENTATION_CONTEXT(2) 
PARAMETRIC_REPRESENTATION_CONTEXT() REPRESENTATION_CONTEXT('2D SPACE',''
  ) );
#491 = ORIENTED_EDGE('',*,*,#492,.F.);
#492 = EDGE_CURVE('',#493,#470,#495,.T.);
#493 = VERTEX_POINT('',#494);
#494 = CARTESIAN_POINT('',(0.2,0.,-0.1));
#495 = SURFACE_CURVE('',#496,(#500,#507),.PCURVE_S1.);
#496 = LINE('',#497,#498);
#497 = CARTESIAN_POINT('',(0.2,0.,-0.1));
#498 = VECTOR('',#499,1.);
#499 = DIRECTION('',(0.,0.,1.));
#500 = PCURVE('',#44,#501);
#501 = DEFINITIONAL_REPRESENTATION('',(#502),#506);
#502 = LINE('',#503,#504);
#503 = CARTESIAN_POINT('',(0.,0.2));
#504 = VECTOR('',#505,1.);
#505 = DIRECTION('',(1.,0.));
#506 = ( GEOMETRIC_REPRESENTATION_CONTEXT(2) 
PARAMETRIC_REPRESENTATION_CONTEXT() REPRESENTATION_CONTEXT('2D SPACE',''
  ) );
#507 = PCURVE('',#508,#513);
#508 = PLANE('',#509);
#509 = AXIS2_PLACEMENT_3D('',#510,#511,#512);
#510 = CARTESIAN_POINT('',(0.2,0.,-0.1));
#511 = DIRECTION('',(1.,0.,-0.));
#512 = DIRECTION('',(0.,0.,1.));
#513 = DEFINITIONAL_REPRESENTATION('',(#514),#518);
#514 = LINE('',#515,#516);
#515 = CARTESIAN_POINT('',(0.,0.));
#516 = VECTOR('',#517,1.);
#517 = DIRECTION('',(1.,0.));
#518 = ( GEOMETRIC_REPRESENTATION_CONTEXT(2) 
PARAMETRIC_REPRESENTATION_CONTEXT() REPRESENTATION_CONTEXT('2D SPACE',''
  ) );
#519 = ORIENTED_EDGE('',*,*,#520,.F.);
#520 = EDGE_CURVE('',#22,#493,#521,.T.);
#521 = SURFACE_CURVE('',#522,(#526,#533),.PCURVE_S1.);
#522 = LINE('',#523,#524);
#523 = CARTESIAN_POINT('',(0.,0.,-0.1));
#524 = VECTOR('',#525,1.);
#525 = DIRECTION('',(1.,0.,-0.));
#526 = PCURVE('',#44,#527);
#527 = DEFINITIONAL_REPRESENTATION('',(#528),#532);
#528 = LINE('',#529,#530);
#529 = CARTESIAN_POINT('',(0.,0.));
#530 = VECTOR('',#531,1.);
#531 = DIRECTION('',(0.,1.));
#532 = ( GEOMETRIC_REPRESENTATION_CONTEXT(2) 
PARAMETRIC_REPRESENTATION_CONTEXT() REPRESENTATION_CONTEXT('2D SPACE',''
  ) );
#533 = PCURVE('',#72,#534);
#534 = DEFINITIONAL_REPRESENTATION('',(#535),#539);
#535 = LINE('',#536,#537);
#536 = CARTESIAN_POINT('',(0.,0.));
#537 = VECTOR('',#538,1.);
#538 = DIRECTION('',(1.,0.));
#539 = ( GEOMETRIC_REPRESENTATION_CONTEXT(2) 
PARAMETRIC_REPRESENTATION_CONTEXT() REPRESENTATION_CONTEXT('2D SPACE',''
  ) );
#540 = ORIENTED_EDGE('',*,*,#21,.T.);
#541 = ORIENTED_EDGE('',*,*,#542,.T.);
#542 = EDGE_CURVE('',#24,#543,#545,.T.);
#543 = VERTEX_POINT('',#544);
#544 = CARTESIAN_POINT('',(6.35E-02,0.,0.));
#545 = SURFACE_CURVE('',#546,(#550,#557),.PCURVE_S1.);
#546 = LINE('',#547,#548);
#547 = CARTESIAN_POINT('',(0.,0.,0.));
#548 = VECTOR('',#549,1.);
#549 = DIRECTION('',(1.,0.,0.));
#550 = PCURVE('',#44,#551);
#551 = DEFINITIONAL_REPRESENTATION('',(#552),#556);
#552 = LINE('',#553,#554);
#553 = CARTESIAN_POINT('',(0.1,0.));
#554 = VECTOR('',#555,1.);
#555 = DIRECTION('',(0.,1.));
#556 = ( GEOMETRIC_REPRESENTATION_CONTEXT(2) 
PARAMETRIC_REPRESENTATION_CONTEXT() REPRESENTATION_CONTEXT('2D SPACE',''
  ) );
#557 = PCURVE('',#340,#558);
#558 = DEFINITIONAL_REPRESENTATION('',(#559),#563);
#559 = LINE('',#560,#561);
#560 = CARTESIAN_POINT('',(0.,0.));
#561 = VECTOR('',#562,1.);
#562 = DIRECTION('',(1.,0.));
#563 = ( GEOMETRIC_REPRESENTATION_CONTEXT(2) 
PARAMETRIC_REPRESENTATION_CONTEXT() REPRESENTATION_CONTEXT('2D SPACE',''
  ) );
#564 = ORIENTED_EDGE('',*,*,#565,.T.);
#565 = EDGE_CURVE('',#543,#566,#568,.T.);
#566 = VERTEX_POINT('',#567);
#567 = CARTESIAN_POINT('',(6.35E-02,0.,0.15));
#568 = SURFACE_CURVE('',#569,(#573,#580),.PCURVE_S1.);
#569 = LINE('',#570,#571);
#570 = CARTESIAN_POINT('',(6.35E-02,0.,0.));
#571 = VECTOR('',#572,1.);
#572 = DIRECTION('',(0.,0.,1.));
#573 = PCURVE('',#44,#574);
#574 = DEFINITIONAL_REPRESENTATION('',(#575),#579);
#575 = LINE('',#576,#577);
#576 = CARTESIAN_POINT('',(0.1,6.35E-02));
#577 = VECTOR('',#578,1.);
#578 = DIRECTION('',(1.,0.));
#579 = ( GEOMETRIC_REPRESENTATION_CONTEXT(2) 
PARAMETRIC_REPRESENTATION_CONTEXT() REPRESENTATION_CONTEXT('2D SPACE',''
  ) );
#580 = PCURVE('',#581,#586);
#581 = PLANE('',#582);
#582 = AXIS2_PLACEMENT_3D('',#583,#584,#585);
#583 = CARTESIAN_POINT('',(6.35E-02,0.,0.));
#584 = DIRECTION('',(1.,0.,0.));
#585 = DIRECTION('',(0.,0.,1.));
#586 = DEFINITIONAL_REPRESENTATION('',(#587),#591);
#587 = LINE('',#588,#589);
#588 = CARTESIAN_POINT('',(0.,0.));
#589 = VECTOR('',#590,1.);
#590 = DIRECTION('',(1.,0.));
#591 = ( GEOMETRIC_REPRESENTATION_CONTEXT(2) 
PARAMETRIC_REPRESENTATION_CONTEXT() REPRESENTATION_CONTEXT('2D SPACE',''
  ) );
#592 = ORIENTED_EDGE('',*,*,#593,.T.);
#593 = EDGE_CURVE('',#566,#594,#596,.T.);
#594 = VERTEX_POINT('',#595);
#595 = CARTESIAN_POINT('',(1.35E-02,0.,0.15));
#596 = SURFACE_CURVE('',#597,(#601,#608),.PCURVE_S1.);
#597 = LINE('',#598,#599);
#598 = CARTESIAN_POINT('',(6.35E-02,0.,0.15));
#599 = VECTOR('',#600,1.);
#600 = DIRECTION('',(-1.,0.,0.));
#601 = PCURVE('',#44,#602);
#602 = DEFINITIONAL_REPRESENTATION('',(#603),#607);
#603 = LINE('',#604,#605);
#604 = CARTESIAN_POINT('',(0.25,6.35E-02));
#605 = VECTOR('',#606,1.);
#606 = DIRECTION('',(0.,-1.));
#607 = ( GEOMETRIC_REPRESENTATION_CONTEXT(2) 
PARAMETRIC_REPRESENTATION_CONTEXT() REPRESENTATION_CONTEXT('2D SPACE',''
  ) );
#608 = PCURVE('',#609,#614);
#609 = PLANE('',#610);
#610 = AXIS2_PLACEMENT_3D('',#611,#612,#613);
#611 = CARTESIAN_POINT('',(6.35E-02,0.,0.15));
#612 = DIRECTION('',(0.,-0.,1.));
#613 = DIRECTION('',(-1.,0.,0.));
#614 = DEFINITIONAL_REPRESENTATION('',(#615),#619);
#615 = LINE('',#616,#617);
#616 = CARTESIAN_POINT('',(0.,0.));
#617 = VECTOR('',#618,1.);
#618 = DIRECTION('',(1.,0.));
#619 = ( GEOMETRIC_REPRESENTATION_CONTEXT(2) 
PARAMETRIC_REPRESENTATION_CONTEXT() REPRESENTATION_CONTEXT('2D SPACE',''
  ) );
#620 = ORIENTED_EDGE('',*,*,#621,.T.);
#621 = EDGE_CURVE('',#594,#622,#624,.T.);
#622 = VERTEX_POINT('',#623);
#623 = CARTESIAN_POINT('',(1.35E-02,0.,0.125));
#624 = SURFACE_CURVE('',#625,(#629,#636),.PCURVE_S1.);
#625 = LINE('',#626,#627);
#626 = CARTESIAN_POINT('',(1.35E-02,0.,0.15));
#627 = VECTOR('',#628,1.);
#628 = DIRECTION('',(0.,0.,-1.));
#629 = PCURVE('',#44,#630);
#630 = DEFINITIONAL_REPRESENTATION('',(#631),#635);
#631 = LINE('',#632,#633);
#632 = CARTESIAN_POINT('',(0.25,1.35E-02));
#633 = VECTOR('',#634,1.);
#634 = DIRECTION('',(-1.,0.));
#635 = ( GEOMETRIC_REPRESENTATION_CONTEXT(2) 
PARAMETRIC_REPRESENTATION_CONTEXT() REPRESENTATION_CONTEXT('2D SPACE',''
  ) );
#636 = PCURVE('',#637,#642);
#637 = PLANE('',#638);
#638 = AXIS2_PLACEMENT_3D('',#639,#640,#641);
#639 = CARTESIAN_POINT('',(1.35E-02,0.,0.15));
#640 = DIRECTION('',(-1.,0.,0.));
#641 = DIRECTION('',(0.,0.,-1.));
#642 = DEFINITIONAL_REPRESENTATION('',(#643),#647);
#643 = LINE('',#644,#645);
#644 = CARTESIAN_POINT('',(0.,-0.));
#645 = VECTOR('',#646,1.);
#646 = DIRECTION('',(1.,0.));
#647 = ( GEOMETRIC_REPRESENTATION_CONTEXT(2) 
PARAMETRIC_REPRESENTATION_CONTEXT() REPRESENTATION_CONTEXT('2D SPACE',''
  ) );
#648 = ORIENTED_EDGE('',*,*,#649,.T.);
#649 = EDGE_CURVE('',#622,#650,#652,.T.);
#650 = VERTEX_POINT('',#651);
#651 = CARTESIAN_POINT('',(3.85E-02,0.,0.125));
#652 = SURFACE_CURVE('',#653,(#657,#664),.PCURVE_S1.);
#653 = LINE('',#654,#655);
#654 = CARTESIAN_POINT('',(1.35E-02,0.,0.125));
#655 = VECTOR('',#656,1.);
#656 = DIRECTION('',(1.,0.,0.));
#657 = PCURVE('',#44,#658);
#658 = DEFINITIONAL_REPRESENTATION('',(#659),#663);
#659 = LINE('',#660,#661);
#660 = CARTESIAN_POINT('',(0.225,1.35E-02));
#661 = VECTOR('',#662,1.);
#662 = DIRECTION('',(0.,1.));
#663 = ( GEOMETRIC_REPRESENTATION_CONTEXT(2) 
PARAMETRIC_REPRESENTATION_CONTEXT() REPRESENTATION_CONTEXT('2D SPACE',''
  ) );
#664 = PCURVE('',#665,#670);
#665 = PLANE('',#666);
#666 = AXIS2_PLACEMENT_3D('',#667,#668,#669);
#667 = CARTESIAN_POINT('',(1.35E-02,0.,0.125));
#668 = DIRECTION('',(0.,0.,-1.));
#669 = DIRECTION('',(1.,0.,0.));
#670 = DEFINITIONAL_REPRESENTATION('',(#671),#675);
#671 = LINE('',#672,#673);
#672 = CARTESIAN_POINT('',(0.,0.));
#673 = VECTOR('',#674,1.);
#674 = DIRECTION('',(1.,0.));
#675 = ( GEOMETRIC_REPRESENTATION_CONTEXT(2) 
PARAMETRIC_REPRESENTATION_CONTEXT() REPRESENTATION_CONTEXT('2D SPACE',''
  ) );
#676 = ORIENTED_EDGE('',*,*,#677,.T.);
#677 = EDGE_CURVE('',#650,#678,#680,.T.);
#678 = VERTEX_POINT('',#679);
#679 = CARTESIAN_POINT('',(3.85E-02,0.,2.5E-02));
#680 = SURFACE_CURVE('',#681,(#685,#692),.PCURVE_S1.);
#681 = LINE('',#682,#683);
#682 = CARTESIAN_POINT('',(3.85E-02,0.,0.125));
#683 = VECTOR('',#684,1.);
#684 = DIRECTION('',(0.,0.,-1.));
#685 = PCURVE('',#44,#686);
#686 = DEFINITIONAL_REPRESENTATION('',(#687),#691);
#687 = LINE('',#688,#689);
#688 = CARTESIAN_POINT('',(0.225,3.85E-02));
#689 = VECTOR('',#690,1.);
#690 = DIRECTION('',(-1.,0.));
#691 = ( GEOMETRIC_REPRESENTATION_CONTEXT(2) 
PARAMETRIC_REPRESENTATION_CONTEXT() REPRESENTATION_CONTEXT('2D SPACE',''
  ) );
#692 = PCURVE('',#693,#698);
#693 = PLANE('',#694);
#694 = AXIS2_PLACEMENT_3D('',#695,#696,#697);
#695 = CARTESIAN_POINT('',(3.85E-02,0.,0.125));
#696 = DIRECTION('',(-1.,0.,0.));
#697 = DIRECTION('',(0.,0.,-1.));
#698 = DEFINITIONAL_REPRESENTATION('',(#699),#703);
#699 = LINE('',#700,#701);
#700 = CARTESIAN_POINT('',(0.,-0.));
#701 = VECTOR('',#702,1.);
#702 = DIRECTION('',(1.,0.));
#703 = ( GEOMETRIC_REPRESENTATION_CONTEXT(2) 
PARAMETRIC_REPRESENTATION_CONTEXT() REPRESENTATION_CONTEXT('2D SPACE',''
  ) );
#704 = ORIENTED_EDGE('',*,*,#705,.T.);
#705 = EDGE_CURVE('',#678,#248,#706,.T.);
#706 = SURFACE_CURVE('',#707,(#711,#718),.PCURVE_S1.);
#707 = LINE('',#708,#709);
#708 = CARTESIAN_POINT('',(3.85E-02,0.,2.5E-02));
#709 = VECTOR('',#710,1.);
#710 = DIRECTION('',(-1.,0.,0.));
#711 = PCURVE('',#44,#712);
#712 = DEFINITIONAL_REPRESENTATION('',(#713),#717);
#713 = LINE('',#714,#715);
#714 = CARTESIAN_POINT('',(0.125,3.85E-02));
#715 = VECTOR('',#716,1.);
#716 = DIRECTION('',(0.,-1.));
#717 = ( GEOMETRIC_REPRESENTATION_CONTEXT(2) 
PARAMETRIC_REPRESENTATION_CONTEXT() REPRESENTATION_CONTEXT('2D SPACE',''
  ) );
#718 = PCURVE('',#286,#719);
#719 = DEFINITIONAL_REPRESENTATION('',(#720),#724);
#720 = LINE('',#721,#722);
#721 = CARTESIAN_POINT('',(0.,0.));
#722 = VECTOR('',#723,1.);
#723 = DIRECTION('',(1.,0.));
#724 = ( GEOMETRIC_REPRESENTATION_CONTEXT(2) 
PARAMETRIC_REPRESENTATION_CONTEXT() REPRESENTATION_CONTEXT('2D SPACE',''
  ) );
#725 = ORIENTED_EDGE('',*,*,#247,.T.);
#726 = ORIENTED_EDGE('',*,*,#727,.T.);
#727 = EDGE_CURVE('',#220,#728,#730,.T.);
#728 = VERTEX_POINT('',#729);
#729 = CARTESIAN_POINT('',(1.25E-02,0.,2.65E-02));
#730 = SURFACE_CURVE('',#731,(#735,#742),.PCURVE_S1.);
#731 = LINE('',#732,#733);
#732 = CARTESIAN_POINT('',(0.,0.,2.65E-02));
#733 = VECTOR('',#734,1.);
#734 = DIRECTION('',(1.,0.,0.));
#735 = PCURVE('',#44,#736);
#736 = DEFINITIONAL_REPRESENTATION('',(#737),#741);
#737 = LINE('',#738,#739);
#738 = CARTESIAN_POINT('',(0.1265,0.));
#739 = VECTOR('',#740,1.);
#740 = DIRECTION('',(0.,1.));
#741 = ( GEOMETRIC_REPRESENTATION_CONTEXT(2) 
PARAMETRIC_REPRESENTATION_CONTEXT() REPRESENTATION_CONTEXT('2D SPACE',''
  ) );
#742 = PCURVE('',#235,#743);
#743 = DEFINITIONAL_REPRESENTATION('',(#744),#748);
#744 = LINE('',#745,#746);
#745 = CARTESIAN_POINT('',(0.,0.));
#746 = VECTOR('',#747,1.);
#747 = DIRECTION('',(1.,0.));
#748 = ( GEOMETRIC_REPRESENTATION_CONTEXT(2) 
PARAMETRIC_REPRESENTATION_CONTEXT() REPRESENTATION_CONTEXT('2D SPACE',''
  ) );
#749 = ORIENTED_EDGE('',*,*,#750,.T.);
#750 = EDGE_CURVE('',#728,#751,#753,.T.);
#751 = VERTEX_POINT('',#752);
#752 = CARTESIAN_POINT('',(1.25E-02,0.,0.125));
#753 = SURFACE_CURVE('',#754,(#758,#765),.PCURVE_S1.);
#754 = LINE('',#755,#756);
#755 = CARTESIAN_POINT('',(1.25E-02,0.,2.65E-02));
#756 = VECTOR('',#757,1.);
#757 = DIRECTION('',(0.,0.,1.));
#758 = PCURVE('',#44,#759);
#759 = DEFINITIONAL_REPRESENTATION('',(#760),#764);
#760 = LINE('',#761,#762);
#761 = CARTESIAN_POINT('',(0.1265,1.25E-02));
#762 = VECTOR('',#763,1.);
#763 = DIRECTION('',(1.,0.));
#764 = ( GEOMETRIC_REPRESENTATION_CONTEXT(2) 
PARAMETRIC_REPRESENTATION_CONTEXT() REPRESENTATION_CONTEXT('2D SPACE',''
  ) );
#765 = PCURVE('',#766,#771);
#766 = PLANE('',#767);
#767 = AXIS2_PLACEMENT_3D('',#768,#769,#770);
#768 = CARTESIAN_POINT('',(1.25E-02,0.,2.65E-02));
#769 = DIRECTION('',(1.,0.,0.));
#770 = DIRECTION('',(0.,0.,1.));
#771 = DEFINITIONAL_REPRESENTATION('',(#772),#776);
#772 = LINE('',#773,#774);
#773 = CARTESIAN_POINT('',(0.,0.));
#774 = VECTOR('',#775,1.);
#775 = DIRECTION('',(1.,0.));
#776 = ( GEOMETRIC_REPRESENTATION_CONTEXT(2) 
PARAMETRIC_REPRESENTATION_CONTEXT() REPRESENTATION_CONTEXT('2D SPACE',''
  ) );
#777 = ORIENTED_EDGE('',*,*,#778,.T.);
#778 = EDGE_CURVE('',#751,#141,#779,.T.);
#779 = SURFACE_CURVE('',#780,(#784,#791),.PCURVE_S1.);
#780 = LINE('',#781,#782);
#781 = CARTESIAN_POINT('',(1.25E-02,0.,0.125));
#782 = VECTOR('',#783,1.);
#783 = DIRECTION('',(-1.,0.,0.));
#784 = PCURVE('',#44,#785);
#785 = DEFINITIONAL_REPRESENTATION('',(#786),#790);
#786 = LINE('',#787,#788);
#787 = CARTESIAN_POINT('',(0.225,1.25E-02));
#788 = VECTOR('',#789,1.);
#789 = DIRECTION('',(0.,-1.));
#790 = ( GEOMETRIC_REPRESENTATION_CONTEXT(2) 
PARAMETRIC_REPRESENTATION_CONTEXT() REPRESENTATION_CONTEXT('2D SPACE',''
  ) );
#791 = PCURVE('',#179,#792);
#792 = DEFINITIONAL_REPRESENTATION('',(#793),#797);
#793 = LINE('',#794,#795);
#794 = CARTESIAN_POINT('',(0.,0.));
#795 = VECTOR('',#796,1.);
#796 = DIRECTION('',(1.,0.));
#797 = ( GEOMETRIC_REPRESENTATION_CONTEXT(2) 
PARAMETRIC_REPRESENTATION_CONTEXT() REPRESENTATION_CONTEXT('2D SPACE',''
  ) );
#798 = ORIENTED_EDGE('',*,*,#140,.T.);
#799 = FACE_BOUND('',#800,.F.);
#800 = EDGE_LOOP('',(#801,#831,#854,#882));
#801 = ORIENTED_EDGE('',*,*,#802,.F.);
#802 = EDGE_CURVE('',#803,#805,#807,.T.);
#803 = VERTEX_POINT('',#804);
#804 = CARTESIAN_POINT('',(1.95E-02,0.,2.67E-02));
#805 = VERTEX_POINT('',#806);
#806 = CARTESIAN_POINT('',(1.95E-02,0.,0.1233));
#807 = SURFACE_CURVE('',#808,(#812,#819),.PCURVE_S1.);
#808 = LINE('',#809,#810);
#809 = CARTESIAN_POINT('',(1.95E-02,0.,2.67E-02));
#810 = VECTOR('',#811,1.);
#811 = DIRECTION('',(0.,0.,1.));
#812 = PCURVE('',#44,#813);
#813 = DEFINITIONAL_REPRESENTATION('',(#814),#818);
#814 = LINE('',#815,#816);
#815 = CARTESIAN_POINT('',(0.1267,1.95E-02));
#816 = VECTOR('',#817,1.);
#817 = DIRECTION('',(1.,0.));
#818 = ( GEOMETRIC_REPRESENTATION_CONTEXT(2) 
PARAMETRIC_REPRESENTATION_CONTEXT() REPRESENTATION_CONTEXT('2D SPACE',''
  ) );
#819 = PCURVE('',#820,#825);
#820 = PLANE('',#821);
#821 = AXIS2_PLACEMENT_3D('',#822,#823,#824);
#822 = CARTESIAN_POINT('',(1.95E-02,0.,2.67E-02));
#823 = DIRECTION('',(-1.,0.,0.));
#824 = DIRECTION('',(0.,1.,0.));
#825 = DEFINITIONAL_REPRESENTATION('',(#826),#830);
#826 = LINE('',#827,#828);
#827 = CARTESIAN_POINT('',(0.,0.));
#828 = VECTOR('',#829,1.);
#829 = DIRECTION('',(0.,-1.));
#830 = ( GEOMETRIC_REPRESENTATION_CONTEXT(2) 
PARAMETRIC_REPRESENTATION_CONTEXT() REPRESENTATION_CONTEXT('2D SPACE',''
  ) );
#831 = ORIENTED_EDGE('',*,*,#832,.T.);
#832 = EDGE_CURVE('',#803,#833,#835,.T.);
#833 = VERTEX_POINT('',#834);
#834 = CARTESIAN_POINT('',(3.75E-02,0.,2.67E-02));
#835 = SURFACE_CURVE('',#836,(#840,#847),.PCURVE_S1.);
#836 = LINE('',#837,#838);
#837 = CARTESIAN_POINT('',(0.,0.,2.67E-02));
#838 = VECTOR('',#839,1.);
#839 = DIRECTION('',(1.,0.,0.));
#840 = PCURVE('',#44,#841);
#841 = DEFINITIONAL_REPRESENTATION('',(#842),#846);
#842 = LINE('',#843,#844);
#843 = CARTESIAN_POINT('',(0.1267,0.));
#844 = VECTOR('',#845,1.);
#845 = DIRECTION('',(0.,1.));
#846 = ( GEOMETRIC_REPRESENTATION_CONTEXT(2) 
PARAMETRIC_REPRESENTATION_CONTEXT() REPRESENTATION_CONTEXT('2D SPACE',''
  ) );
#847 = PCURVE('',#400,#848);
#848 = DEFINITIONAL_REPRESENTATION('',(#849),#853);
#849 = LINE('',#850,#851);
#850 = CARTESIAN_POINT('',(-1.704066928433E-02,-1.704066928433E-02));
#851 = VECTOR('',#852,1.);
#852 = DIRECTION('',(1.,0.));
#853 = ( GEOMETRIC_REPRESENTATION_CONTEXT(2) 
PARAMETRIC_REPRESENTATION_CONTEXT() REPRESENTATION_CONTEXT('2D SPACE',''
  ) );
#854 = ORIENTED_EDGE('',*,*,#855,.T.);
#855 = EDGE_CURVE('',#833,#856,#858,.T.);
#856 = VERTEX_POINT('',#857);
#857 = CARTESIAN_POINT('',(3.75E-02,0.,0.1233));
#858 = SURFACE_CURVE('',#859,(#863,#870),.PCURVE_S1.);
#859 = LINE('',#860,#861);
#860 = CARTESIAN_POINT('',(3.75E-02,0.,2.67E-02));
#861 = VECTOR('',#862,1.);
#862 = DIRECTION('',(0.,0.,1.));
#863 = PCURVE('',#44,#864);
#864 = DEFINITIONAL_REPRESENTATION('',(#865),#869);
#865 = LINE('',#866,#867);
#866 = CARTESIAN_POINT('',(0.1267,3.75E-02));
#867 = VECTOR('',#868,1.);
#868 = DIRECTION('',(1.,0.));
#869 = ( GEOMETRIC_REPRESENTATION_CONTEXT(2) 
PARAMETRIC_REPRESENTATION_CONTEXT() REPRESENTATION_CONTEXT('2D SPACE',''
  ) );
#870 = PCURVE('',#871,#876);
#871 = PLANE('',#872);
#872 = AXIS2_PLACEMENT_3D('',#873,#874,#875);
#873 = CARTESIAN_POINT('',(3.75E-02,0.,2.67E-02));
#874 = DIRECTION('',(-1.,0.,0.));
#875 = DIRECTION('',(0.,1.,0.));
#876 = DEFINITIONAL_REPRESENTATION('',(#877),#881);
#877 = LINE('',#878,#879);
#878 = CARTESIAN_POINT('',(0.,0.));
#879 = VECTOR('',#880,1.);
#880 = DIRECTION('',(0.,-1.));
#881 = ( GEOMETRIC_REPRESENTATION_CONTEXT(2) 
PARAMETRIC_REPRESENTATION_CONTEXT() REPRESENTATION_CONTEXT('2D SPACE',''
  ) );
#882 = ORIENTED_EDGE('',*,*,#883,.F.);
#883 = EDGE_CURVE('',#805,#856,#884,.T.);
#884 = SURFACE_CURVE('',#885,(#889,#896),.PCURVE_S1.);
#885 = LINE('',#886,#887);
#886 = CARTESIAN_POINT('',(0.,0.,0.1233));
#887 = VECTOR('',#888,1.);
#888 = DIRECTION('',(1.,0.,0.));
#889 = PCURVE('',#44,#890);
#890 = DEFINITIONAL_REPRESENTATION('',(#891),#895);
#891 = LINE('',#892,#893);
#892 = CARTESIAN_POINT('',(0.2233,0.));
#893 = VECTOR('',#894,1.);
#894 = DIRECTION('',(0.,1.));
#895 = ( GEOMETRIC_REPRESENTATION_CONTEXT(2) 
PARAMETRIC_REPRESENTATION_CONTEXT() REPRESENTATION_CONTEXT('2D SPACE',''
  ) );
#896 = PCURVE('',#454,#897);
#897 = DEFINITIONAL_REPRESENTATION('',(#898),#902);
#898 = LINE('',#899,#900);
#899 = CARTESIAN_POINT('',(-1.704066928433E-02,-1.704066928433E-02));
#900 = VECTOR('',#901,1.);
#901 = DIRECTION('',(1.,0.));
#902 = ( GEOMETRIC_REPRESENTATION_CONTEXT(2) 
PARAMETRIC_REPRESENTATION_CONTEXT() REPRESENTATION_CONTEXT('2D SPACE',''
  ) );
#903 = ADVANCED_FACE('Air::Boundary',(#904),#72,.F.);
#904 = FACE_BOUND('',#905,.F.);
#905 = EDGE_LOOP('',(#906,#907,#908,#931));
#906 = ORIENTED_EDGE('',*,*,#56,.F.);
#907 = ORIENTED_EDGE('',*,*,#520,.T.);
#908 = ORIENTED_EDGE('',*,*,#909,.T.);
#909 = EDGE_CURVE('',#493,#910,#912,.T.);
#910 = VERTEX_POINT('',#911);
#911 = CARTESIAN_POINT('',(0.2,0.25,-0.1));
#912 = SURFACE_CURVE('',#913,(#917,#924),.PCURVE_S1.);
#913 = LINE('',#914,#915);
#914 = CARTESIAN_POINT('',(0.2,0.,-0.1));
#915 = VECTOR('',#916,1.);
#916 = DIRECTION('',(-0.,1.,0.));
#917 = PCURVE('',#72,#918);
#918 = DEFINITIONAL_REPRESENTATION('',(#919),#923);
#919 = LINE('',#920,#921);
#920 = CARTESIAN_POINT('',(0.2,0.));
#921 = VECTOR('',#922,1.);
#922 = DIRECTION('',(0.,1.));
#923 = ( GEOMETRIC_REPRESENTATION_CONTEXT(2) 
PARAMETRIC_REPRESENTATION_CONTEXT() REPRESENTATION_CONTEXT('2D SPACE',''
  ) );
#924 = PCURVE('',#508,#925);
#925 = DEFINITIONAL_REPRESENTATION('',(#926),#930);
#926 = LINE('',#927,#928);
#927 = CARTESIAN_POINT('',(0.,0.));
#928 = VECTOR('',#929,1.);
#929 = DIRECTION('',(0.,-1.));
#930 = ( GEOMETRIC_REPRESENTATION_CONTEXT(2) 
PARAMETRIC_REPRESENTATION_CONTEXT() REPRESENTATION_CONTEXT('2D SPACE',''
  ) );
#931 = ORIENTED_EDGE('',*,*,#932,.F.);
#932 = EDGE_CURVE('',#57,#910,#933,.T.);
#933 = SURFACE_CURVE('',#934,(#938,#945),.PCURVE_S1.);
#934 = LINE('',#935,#936);
#935 = CARTESIAN_POINT('',(0.,0.25,-0.1));
#936 = VECTOR('',#937,1.);
#937 = DIRECTION('',(1.,0.,-0.));
#938 = PCURVE('',#72,#939);
#939 = DEFINITIONAL_REPRESENTATION('',(#940),#944);
#940 = LINE('',#941,#942);
#941 = CARTESIAN_POINT('',(0.,0.25));
#942 = VECTOR('',#943,1.);
#943 = DIRECTION('',(1.,0.));
#944 = ( GEOMETRIC_REPRESENTATION_CONTEXT(2) 
PARAMETRIC_REPRESENTATION_CONTEXT() REPRESENTATION_CONTEXT('2D SPACE',''
  ) );
#945 = PCURVE('',#100,#946);
#946 = DEFINITIONAL_REPRESENTATION('',(#947),#951);
#947 = LINE('',#948,#949);
#948 = CARTESIAN_POINT('',(0.,0.));
#949 = VECTOR('',#950,1.);
#950 = DIRECTION('',(0.,1.));
#951 = ( GEOMETRIC_REPRESENTATION_CONTEXT(2) 
PARAMETRIC_REPRESENTATION_CONTEXT() REPRESENTATION_CONTEXT('2D SPACE',''
  ) );
#952 = ADVANCED_FACE('Yoke::Boundary',(#953),#340,.F.);
#953 = FACE_BOUND('',#954,.F.);
#954 = EDGE_LOOP('',(#955,#956,#979,#1000));
#955 = ORIENTED_EDGE('',*,*,#326,.T.);
#956 = ORIENTED_EDGE('',*,*,#957,.T.);
#957 = EDGE_CURVE('',#299,#958,#960,.T.);
#958 = VERTEX_POINT('',#959);
#959 = CARTESIAN_POINT('',(6.35E-02,1.25E-02,0.));
#960 = SURFACE_CURVE('',#961,(#965,#972),.PCURVE_S1.);
#961 = LINE('',#962,#963);
#962 = CARTESIAN_POINT('',(0.,1.25E-02,0.));
#963 = VECTOR('',#964,1.);
#964 = DIRECTION('',(1.,0.,0.));
#965 = PCURVE('',#340,#966);
#966 = DEFINITIONAL_REPRESENTATION('',(#967),#971);
#967 = LINE('',#968,#969);
#968 = CARTESIAN_POINT('',(0.,-1.25E-02));
#969 = VECTOR('',#970,1.);
#970 = DIRECTION('',(1.,0.));
#971 = ( GEOMETRIC_REPRESENTATION_CONTEXT(2) 
PARAMETRIC_REPRESENTATION_CONTEXT() REPRESENTATION_CONTEXT('2D SPACE',''
  ) );
#972 = PCURVE('',#314,#973);
#973 = DEFINITIONAL_REPRESENTATION('',(#974),#978);
#974 = LINE('',#975,#976);
#975 = CARTESIAN_POINT('',(7.146226415094E-02,-3.992610062893E-02));
#976 = VECTOR('',#977,1.);
#977 = DIRECTION('',(0.,1.));
#978 = ( GEOMETRIC_REPRESENTATION_CONTEXT(2) 
PARAMETRIC_REPRESENTATION_CONTEXT() REPRESENTATION_CONTEXT('2D SPACE',''
  ) );
#979 = ORIENTED_EDGE('',*,*,#980,.F.);
#980 = EDGE_CURVE('',#543,#958,#981,.T.);
#981 = SURFACE_CURVE('',#982,(#986,#993),.PCURVE_S1.);
#982 = LINE('',#983,#984);
#983 = CARTESIAN_POINT('',(6.35E-02,0.,0.));
#984 = VECTOR('',#985,1.);
#985 = DIRECTION('',(0.,1.,0.));
#986 = PCURVE('',#340,#987);
#987 = DEFINITIONAL_REPRESENTATION('',(#988),#992);
#988 = LINE('',#989,#990);
#989 = CARTESIAN_POINT('',(6.35E-02,0.));
#990 = VECTOR('',#991,1.);
#991 = DIRECTION('',(0.,-1.));
#992 = ( GEOMETRIC_REPRESENTATION_CONTEXT(2) 
PARAMETRIC_REPRESENTATION_CONTEXT() REPRESENTATION_CONTEXT('2D SPACE',''
  ) );
#993 = PCURVE('',#581,#994);
#994 = DEFINITIONAL_REPRESENTATION('',(#995),#999);
#995 = LINE('',#996,#997);
#996 = CARTESIAN_POINT('',(0.,0.));
#997 = VECTOR('',#998,1.);
#998 = DIRECTION('',(0.,-1.));
#999 = ( GEOMETRIC_REPRESENTATION_CONTEXT(2) 
PARAMETRIC_REPRESENTATION_CONTEXT() REPRESENTATION_CONTEXT('2D SPACE',''
  ) );
#1000 = ORIENTED_EDGE('',*,*,#542,.F.);
#1001 = ADVANCED_FACE('Air::Boundary',(#1002),#100,.T.);
#1002 = FACE_BOUND('',#1003,.T.);
#1003 = EDGE_LOOP('',(#1004,#1005,#1006,#1029));
#1004 = ORIENTED_EDGE('',*,*,#932,.F.);
#1005 = ORIENTED_EDGE('',*,*,#84,.T.);
#1006 = ORIENTED_EDGE('',*,*,#1007,.T.);
#1007 = EDGE_CURVE('',#85,#1008,#1010,.T.);
#1008 = VERTEX_POINT('',#1009);
#1009 = CARTESIAN_POINT('',(0.2,0.25,0.25));
#1010 = SURFACE_CURVE('',#1011,(#1015,#1022),.PCURVE_S1.);
#1011 = LINE('',#1012,#1013);
#1012 = CARTESIAN_POINT('',(0.,0.25,0.25));
#1013 = VECTOR('',#1014,1.);
#1014 = DIRECTION('',(1.,0.,-0.));
#1015 = PCURVE('',#100,#1016);
#1016 = DEFINITIONAL_REPRESENTATION('',(#1017),#1021);
#1017 = LINE('',#1018,#1019);
#1018 = CARTESIAN_POINT('',(0.35,0.));
#1019 = VECTOR('',#1020,1.);
#1020 = DIRECTION('',(0.,1.));
#1021 = ( GEOMETRIC_REPRESENTATION_CONTEXT(2) 
PARAMETRIC_REPRESENTATION_CONTEXT() REPRESENTATION_CONTEXT('2D SPACE',''
  ) );
#1022 = PCURVE('',#128,#1023);
#1023 = DEFINITIONAL_REPRESENTATION('',(#1024),#1028);
#1024 = LINE('',#1025,#1026);
#1025 = CARTESIAN_POINT('',(0.,0.25));
#1026 = VECTOR('',#1027,1.);
#1027 = DIRECTION('',(1.,0.));
#1028 = ( GEOMETRIC_REPRESENTATION_CONTEXT(2) 
PARAMETRIC_REPRESENTATION_CONTEXT() REPRESENTATION_CONTEXT('2D SPACE',''
  ) );
#1029 = ORIENTED_EDGE('',*,*,#1030,.F.);
#1030 = EDGE_CURVE('',#910,#1008,#1031,.T.);
#1031 = SURFACE_CURVE('',#1032,(#1036,#1043),.PCURVE_S1.);
#1032 = LINE('',#1033,#1034);
#1033 = CARTESIAN_POINT('',(0.2,0.25,-0.1));
#1034 = VECTOR('',#1035,1.);
#1035 = DIRECTION('',(0.,0.,1.));
#1036 = PCURVE('',#100,#1037);
#1037 = DEFINITIONAL_REPRESENTATION('',(#1038),#1042);
#1038 = LINE('',#1039,#1040);
#1039 = CARTESIAN_POINT('',(0.,0.2));
#1040 = VECTOR('',#1041,1.);
#1041 = DIRECTION('',(1.,0.));
#1042 = ( GEOMETRIC_REPRESENTATION_CONTEXT(2) 
PARAMETRIC_REPRESENTATION_CONTEXT() REPRESENTATION_CONTEXT('2D SPACE',''
  ) );
#1043 = PCURVE('',#508,#1044);
#1044 = DEFINITIONAL_REPRESENTATION('',(#1045),#1049);
#1045 = LINE('',#1046,#1047);
#1046 = CARTESIAN_POINT('',(0.,-0.25));
#1047 = VECTOR('',#1048,1.);
#1048 = DIRECTION('',(1.,0.));
#1049 = ( GEOMETRIC_REPRESENTATION_CONTEXT(2) 
PARAMETRIC_REPRESENTATION_CONTEXT() REPRESENTATION_CONTEXT('2D SPACE',''
  ) );
#1050 = ADVANCED_FACE('Yoke::Boundary',(#1051),#314,.T.);
#1051 = FACE_BOUND('',#1052,.T.);
#1052 = EDGE_LOOP('',(#1053,#1054,#1077,#1100,#1123,#1146,#1169,#1190));
#1053 = ORIENTED_EDGE('',*,*,#957,.T.);
#1054 = ORIENTED_EDGE('',*,*,#1055,.T.);
#1055 = EDGE_CURVE('',#958,#1056,#1058,.T.);
#1056 = VERTEX_POINT('',#1057);
#1057 = CARTESIAN_POINT('',(6.35E-02,1.25E-02,0.15));
#1058 = SURFACE_CURVE('',#1059,(#1063,#1070),.PCURVE_S1.);
#1059 = LINE('',#1060,#1061);
#1060 = CARTESIAN_POINT('',(6.35E-02,1.25E-02,0.));
#1061 = VECTOR('',#1062,1.);
#1062 = DIRECTION('',(0.,0.,1.));
#1063 = PCURVE('',#314,#1064);
#1064 = DEFINITIONAL_REPRESENTATION('',(#1065),#1069);
#1065 = LINE('',#1066,#1067);
#1066 = CARTESIAN_POINT('',(7.146226415094E-02,2.357389937107E-02));
#1067 = VECTOR('',#1068,1.);
#1068 = DIRECTION('',(-1.,0.));
#1069 = ( GEOMETRIC_REPRESENTATION_CONTEXT(2) 
PARAMETRIC_REPRESENTATION_CONTEXT() REPRESENTATION_CONTEXT('2D SPACE',''
  ) );
#1070 = PCURVE('',#581,#1071);
#1071 = DEFINITIONAL_REPRESENTATION('',(#1072),#1076);
#1072 = LINE('',#1073,#1074);
#1073 = CARTESIAN_POINT('',(0.,-1.25E-02));
#1074 = VECTOR('',#1075,1.);
#1075 = DIRECTION('',(1.,0.));
#1076 = ( GEOMETRIC_REPRESENTATION_CONTEXT(2) 
PARAMETRIC_REPRESENTATION_CONTEXT() REPRESENTATION_CONTEXT('2D SPACE',''
  ) );
#1077 = ORIENTED_EDGE('',*,*,#1078,.T.);
#1078 = EDGE_CURVE('',#1056,#1079,#1081,.T.);
#1079 = VERTEX_POINT('',#1080);
#1080 = CARTESIAN_POINT('',(1.35E-02,1.25E-02,0.15));
#1081 = SURFACE_CURVE('',#1082,(#1086,#1093),.PCURVE_S1.);
#1082 = LINE('',#1083,#1084);
#1083 = CARTESIAN_POINT('',(6.35E-02,1.25E-02,0.15));
#1084 = VECTOR('',#1085,1.);
#1085 = DIRECTION('',(-1.,0.,0.));
#1086 = PCURVE('',#314,#1087);
#1087 = DEFINITIONAL_REPRESENTATION('',(#1088),#1092);
#1088 = LINE('',#1089,#1090);
#1089 = CARTESIAN_POINT('',(-7.853773584906E-02,2.357389937107E-02));
#1090 = VECTOR('',#1091,1.);
#1091 = DIRECTION('',(0.,-1.));
#1092 = ( GEOMETRIC_REPRESENTATION_CONTEXT(2) 
PARAMETRIC_REPRESENTATION_CONTEXT() REPRESENTATION_CONTEXT('2D SPACE',''
  ) );
#1093 = PCURVE('',#609,#1094);
#1094 = DEFINITIONAL_REPRESENTATION('',(#1095),#1099);
#1095 = LINE('',#1096,#1097);
#1096 = CARTESIAN_POINT('',(0.,-1.25E-02));
#1097 = VECTOR('',#1098,1.);
#1098 = DIRECTION('',(1.,0.));
#1099 = ( GEOMETRIC_REPRESENTATION_CONTEXT(2) 
PARAMETRIC_REPRESENTATION_CONTEXT() REPRESENTATION_CONTEXT('2D SPACE',''
  ) );
#1100 = ORIENTED_EDGE('',*,*,#1101,.T.);
#1101 = EDGE_CURVE('',#1079,#1102,#1104,.T.);
#1102 = VERTEX_POINT('',#1103);
#1103 = CARTESIAN_POINT('',(1.35E-02,1.25E-02,0.125));
#1104 = SURFACE_CURVE('',#1105,(#1109,#1116),.PCURVE_S1.);
#1105 = LINE('',#1106,#1107);
#1106 = CARTESIAN_POINT('',(1.35E-02,1.25E-02,0.15));
#1107 = VECTOR('',#1108,1.);
#1108 = DIRECTION('',(0.,0.,-1.));
#1109 = PCURVE('',#314,#1110);
#1110 = DEFINITIONAL_REPRESENTATION('',(#1111),#1115);
#1111 = LINE('',#1112,#1113);
#1112 = CARTESIAN_POINT('',(-7.853773584906E-02,-2.642610062893E-02));
#1113 = VECTOR('',#1114,1.);
#1114 = DIRECTION('',(1.,0.));
#1115 = ( GEOMETRIC_REPRESENTATION_CONTEXT(2) 
PARAMETRIC_REPRESENTATION_CONTEXT() REPRESENTATION_CONTEXT('2D SPACE',''
  ) );
#1116 = PCURVE('',#637,#1117);
#1117 = DEFINITIONAL_REPRESENTATION('',(#1118),#1122);
#1118 = LINE('',#1119,#1120);
#1119 = CARTESIAN_POINT('',(0.,-1.25E-02));
#1120 = VECTOR('',#1121,1.);
#1121 = DIRECTION('',(1.,0.));
#1122 = ( GEOMETRIC_REPRESENTATION_CONTEXT(2) 
PARAMETRIC_REPRESENTATION_CONTEXT() REPRESENTATION_CONTEXT('2D SPACE',''
  ) );
#1123 = ORIENTED_EDGE('',*,*,#1124,.T.);
#1124 = EDGE_CURVE('',#1102,#1125,#1127,.T.);
#1125 = VERTEX_POINT('',#1126);
#1126 = CARTESIAN_POINT('',(3.85E-02,1.25E-02,0.125));
#1127 = SURFACE_CURVE('',#1128,(#1132,#1139),.PCURVE_S1.);
#1128 = LINE('',#1129,#1130);
#1129 = CARTESIAN_POINT('',(1.35E-02,1.25E-02,0.125));
#1130 = VECTOR('',#1131,1.);
#1131 = DIRECTION('',(1.,0.,0.));
#1132 = PCURVE('',#314,#1133);
#1133 = DEFINITIONAL_REPRESENTATION('',(#1134),#1138);
#1134 = LINE('',#1135,#1136);
#1135 = CARTESIAN_POINT('',(-5.353773584906E-02,-2.642610062893E-02));
#1136 = VECTOR('',#1137,1.);
#1137 = DIRECTION('',(0.,1.));
#1138 = ( GEOMETRIC_REPRESENTATION_CONTEXT(2) 
PARAMETRIC_REPRESENTATION_CONTEXT() REPRESENTATION_CONTEXT('2D SPACE',''
  ) );
#1139 = PCURVE('',#665,#1140);
#1140 = DEFINITIONAL_REPRESENTATION('',(#1141),#1145);
#1141 = LINE('',#1142,#1143);
#1142 = CARTESIAN_POINT('',(0.,-1.25E-02));
#1143 = VECTOR('',#1144,1.);
#1144 = DIRECTION('',(1.,0.));
#1145 = ( GEOMETRIC_REPRESENTATION_CONTEXT(2) 
PARAMETRIC_REPRESENTATION_CONTEXT() REPRESENTATION_CONTEXT('2D SPACE',''
  ) );
#1146 = ORIENTED_EDGE('',*,*,#1147,.T.);
#1147 = EDGE_CURVE('',#1125,#1148,#1150,.T.);
#1148 = VERTEX_POINT('',#1149);
#1149 = CARTESIAN_POINT('',(3.85E-02,1.25E-02,2.5E-02));
#1150 = SURFACE_CURVE('',#1151,(#1155,#1162),.PCURVE_S1.);
#1151 = LINE('',#1152,#1153);
#1152 = CARTESIAN_POINT('',(3.85E-02,1.25E-02,0.125));
#1153 = VECTOR('',#1154,1.);
#1154 = DIRECTION('',(0.,0.,-1.));
#1155 = PCURVE('',#314,#1156);
#1156 = DEFINITIONAL_REPRESENTATION('',(#1157),#1161);
#1157 = LINE('',#1158,#1159);
#1158 = CARTESIAN_POINT('',(-5.353773584906E-02,-1.426100628931E-03));
#1159 = VECTOR('',#1160,1.);
#1160 = DIRECTION('',(1.,0.));
#1161 = ( GEOMETRIC_REPRESENTATION_CONTEXT(2) 
PARAMETRIC_REPRESENTATION_CONTEXT() REPRESENTATION_CONTEXT('2D SPACE',''
  ) );
#1162 = PCURVE('',#693,#1163);
#1163 = DEFINITIONAL_REPRESENTATION('',(#1164),#1168);
#1164 = LINE('',#1165,#1166);
#1165 = CARTESIAN_POINT('',(0.,-1.25E-02));
#1166 = VECTOR('',#1167,1.);
#1167 = DIRECTION('',(1.,0.));
#1168 = ( GEOMETRIC_REPRESENTATION_CONTEXT(2) 
PARAMETRIC_REPRESENTATION_CONTEXT() REPRESENTATION_CONTEXT('2D SPACE',''
  ) );
#1169 = ORIENTED_EDGE('',*,*,#1170,.T.);
#1170 = EDGE_CURVE('',#1148,#271,#1171,.T.);
#1171 = SURFACE_CURVE('',#1172,(#1176,#1183),.PCURVE_S1.);
#1172 = LINE('',#1173,#1174);
#1173 = CARTESIAN_POINT('',(3.85E-02,1.25E-02,2.5E-02));
#1174 = VECTOR('',#1175,1.);
#1175 = DIRECTION('',(-1.,0.,0.));
#1176 = PCURVE('',#314,#1177);
#1177 = DEFINITIONAL_REPRESENTATION('',(#1178),#1182);
#1178 = LINE('',#1179,#1180);
#1179 = CARTESIAN_POINT('',(4.646226415094E-02,-1.426100628931E-03));
#1180 = VECTOR('',#1181,1.);
#1181 = DIRECTION('',(0.,-1.));
#1182 = ( GEOMETRIC_REPRESENTATION_CONTEXT(2) 
PARAMETRIC_REPRESENTATION_CONTEXT() REPRESENTATION_CONTEXT('2D SPACE',''
  ) );
#1183 = PCURVE('',#286,#1184);
#1184 = DEFINITIONAL_REPRESENTATION('',(#1185),#1189);
#1185 = LINE('',#1186,#1187);
#1186 = CARTESIAN_POINT('',(0.,-1.25E-02));
#1187 = VECTOR('',#1188,1.);
#1188 = DIRECTION('',(1.,0.));
#1189 = ( GEOMETRIC_REPRESENTATION_CONTEXT(2) 
PARAMETRIC_REPRESENTATION_CONTEXT() REPRESENTATION_CONTEXT('2D SPACE',''
  ) );
#1190 = ORIENTED_EDGE('',*,*,#298,.T.);
#1191 = ADVANCED_FACE('Air::Boundary',(#1192),#128,.T.);
#1192 = FACE_BOUND('',#1193,.T.);
#1193 = EDGE_LOOP('',(#1194,#1195,#1196,#1217));
#1194 = ORIENTED_EDGE('',*,*,#112,.F.);
#1195 = ORIENTED_EDGE('',*,*,#469,.T.);
#1196 = ORIENTED_EDGE('',*,*,#1197,.T.);
#1197 = EDGE_CURVE('',#470,#1008,#1198,.T.);
#1198 = SURFACE_CURVE('',#1199,(#1203,#1210),.PCURVE_S1.);
#1199 = LINE('',#1200,#1201);
#1200 = CARTESIAN_POINT('',(0.2,0.,0.25));
#1201 = VECTOR('',#1202,1.);
#1202 = DIRECTION('',(-0.,1.,0.));
#1203 = PCURVE('',#128,#1204);
#1204 = DEFINITIONAL_REPRESENTATION('',(#1205),#1209);
#1205 = LINE('',#1206,#1207);
#1206 = CARTESIAN_POINT('',(0.2,0.));
#1207 = VECTOR('',#1208,1.);
#1208 = DIRECTION('',(0.,1.));
#1209 = ( GEOMETRIC_REPRESENTATION_CONTEXT(2) 
PARAMETRIC_REPRESENTATION_CONTEXT() REPRESENTATION_CONTEXT('2D SPACE',''
  ) );
#1210 = PCURVE('',#508,#1211);
#1211 = DEFINITIONAL_REPRESENTATION('',(#1212),#1216);
#1212 = LINE('',#1213,#1214);
#1213 = CARTESIAN_POINT('',(0.35,0.));
#1214 = VECTOR('',#1215,1.);
#1215 = DIRECTION('',(0.,-1.));
#1216 = ( GEOMETRIC_REPRESENTATION_CONTEXT(2) 
PARAMETRIC_REPRESENTATION_CONTEXT() REPRESENTATION_CONTEXT('2D SPACE',''
  ) );
#1217 = ORIENTED_EDGE('',*,*,#1007,.F.);
#1218 = ADVANCED_FACE('Yoke::Boundary',(#1219),#286,.F.);
#1219 = FACE_BOUND('',#1220,.F.);
#1220 = EDGE_LOOP('',(#1221,#1242,#1243,#1244));
#1221 = ORIENTED_EDGE('',*,*,#1222,.T.);
#1222 = EDGE_CURVE('',#678,#1148,#1223,.T.);
#1223 = SURFACE_CURVE('',#1224,(#1228,#1235),.PCURVE_S1.);
#1224 = LINE('',#1225,#1226);
#1225 = CARTESIAN_POINT('',(3.85E-02,0.,2.5E-02));
#1226 = VECTOR('',#1227,1.);
#1227 = DIRECTION('',(0.,1.,0.));
#1228 = PCURVE('',#286,#1229);
#1229 = DEFINITIONAL_REPRESENTATION('',(#1230),#1234);
#1230 = LINE('',#1231,#1232);
#1231 = CARTESIAN_POINT('',(0.,0.));
#1232 = VECTOR('',#1233,1.);
#1233 = DIRECTION('',(0.,-1.));
#1234 = ( GEOMETRIC_REPRESENTATION_CONTEXT(2) 
PARAMETRIC_REPRESENTATION_CONTEXT() REPRESENTATION_CONTEXT('2D SPACE',''
  ) );
#1235 = PCURVE('',#693,#1236);
#1236 = DEFINITIONAL_REPRESENTATION('',(#1237),#1241);
#1237 = LINE('',#1238,#1239);
#1238 = CARTESIAN_POINT('',(0.1,0.));
#1239 = VECTOR('',#1240,1.);
#1240 = DIRECTION('',(0.,-1.));
#1241 = ( GEOMETRIC_REPRESENTATION_CONTEXT(2) 
PARAMETRIC_REPRESENTATION_CONTEXT() REPRESENTATION_CONTEXT('2D SPACE',''
  ) );
#1242 = ORIENTED_EDGE('',*,*,#1170,.T.);
#1243 = ORIENTED_EDGE('',*,*,#270,.F.);
#1244 = ORIENTED_EDGE('',*,*,#705,.F.);
#1245 = ADVANCED_FACE('Pole::Boundary',(#1246),#179,.F.);
#1246 = FACE_BOUND('',#1247,.F.);
#1247 = EDGE_LOOP('',(#1248,#1271,#1292,#1293));
#1248 = ORIENTED_EDGE('',*,*,#1249,.T.);
#1249 = EDGE_CURVE('',#751,#1250,#1252,.T.);
#1250 = VERTEX_POINT('',#1251);
#1251 = CARTESIAN_POINT('',(1.25E-02,5.E-03,0.125));
#1252 = SURFACE_CURVE('',#1253,(#1257,#1264),.PCURVE_S1.);
#1253 = LINE('',#1254,#1255);
#1254 = CARTESIAN_POINT('',(1.25E-02,0.,0.125));
#1255 = VECTOR('',#1256,1.);
#1256 = DIRECTION('',(0.,1.,0.));
#1257 = PCURVE('',#179,#1258);
#1258 = DEFINITIONAL_REPRESENTATION('',(#1259),#1263);
#1259 = LINE('',#1260,#1261);
#1260 = CARTESIAN_POINT('',(0.,0.));
#1261 = VECTOR('',#1262,1.);
#1262 = DIRECTION('',(0.,-1.));
#1263 = ( GEOMETRIC_REPRESENTATION_CONTEXT(2) 
PARAMETRIC_REPRESENTATION_CONTEXT() REPRESENTATION_CONTEXT('2D SPACE',''
  ) );
#1264 = PCURVE('',#766,#1265);
#1265 = DEFINITIONAL_REPRESENTATION('',(#1266),#1270);
#1266 = LINE('',#1267,#1268);
#1267 = CARTESIAN_POINT('',(9.85E-02,0.));
#1268 = VECTOR('',#1269,1.);
#1269 = DIRECTION('',(0.,-1.));
#1270 = ( GEOMETRIC_REPRESENTATION_CONTEXT(2) 
PARAMETRIC_REPRESENTATION_CONTEXT() REPRESENTATION_CONTEXT('2D SPACE',''
  ) );
#1271 = ORIENTED_EDGE('',*,*,#1272,.T.);
#1272 = EDGE_CURVE('',#1250,#164,#1273,.T.);
#1273 = SURFACE_CURVE('',#1274,(#1278,#1285),.PCURVE_S1.);
#1274 = LINE('',#1275,#1276);
#1275 = CARTESIAN_POINT('',(1.25E-02,5.E-03,0.125));
#1276 = VECTOR('',#1277,1.);
#1277 = DIRECTION('',(-1.,0.,0.));
#1278 = PCURVE('',#179,#1279);
#1279 = DEFINITIONAL_REPRESENTATION('',(#1280),#1284);
#1280 = LINE('',#1281,#1282);
#1281 = CARTESIAN_POINT('',(0.,-5.E-03));
#1282 = VECTOR('',#1283,1.);
#1283 = DIRECTION('',(1.,0.));
#1284 = ( GEOMETRIC_REPRESENTATION_CONTEXT(2) 
PARAMETRIC_REPRESENTATION_CONTEXT() REPRESENTATION_CONTEXT('2D SPACE',''
  ) );
#1285 = PCURVE('',#207,#1286);
#1286 = DEFINITIONAL_REPRESENTATION('',(#1287),#1291);
#1287 = LINE('',#1288,#1289);
#1288 = CARTESIAN_POINT('',(-4.925E-02,6.25E-03));
#1289 = VECTOR('',#1290,1.);
#1290 = DIRECTION('',(0.,-1.));
#1291 = ( GEOMETRIC_REPRESENTATION_CONTEXT(2) 
PARAMETRIC_REPRESENTATION_CONTEXT() REPRESENTATION_CONTEXT('2D SPACE',''
  ) );
#1292 = ORIENTED_EDGE('',*,*,#163,.F.);
#1293 = ORIENTED_EDGE('',*,*,#778,.F.);
#1294 = ADVANCED_FACE('Pole::Boundary',(#1295),#235,.F.);
#1295 = FACE_BOUND('',#1296,.F.);
#1296 = EDGE_LOOP('',(#1297,#1298,#1321,#1342));
#1297 = ORIENTED_EDGE('',*,*,#219,.T.);
#1298 = ORIENTED_EDGE('',*,*,#1299,.T.);
#1299 = EDGE_CURVE('',#192,#1300,#1302,.T.);
#1300 = VERTEX_POINT('',#1301);
#1301 = CARTESIAN_POINT('',(1.25E-02,5.E-03,2.65E-02));
#1302 = SURFACE_CURVE('',#1303,(#1307,#1314),.PCURVE_S1.);
#1303 = LINE('',#1304,#1305);
#1304 = CARTESIAN_POINT('',(0.,5.E-03,2.65E-02));
#1305 = VECTOR('',#1306,1.);
#1306 = DIRECTION('',(1.,0.,0.));
#1307 = PCURVE('',#235,#1308);
#1308 = DEFINITIONAL_REPRESENTATION('',(#1309),#1313);
#1309 = LINE('',#1310,#1311);
#1310 = CARTESIAN_POINT('',(0.,-5.E-03));
#1311 = VECTOR('',#1312,1.);
#1312 = DIRECTION('',(1.,0.));
#1313 = ( GEOMETRIC_REPRESENTATION_CONTEXT(2) 
PARAMETRIC_REPRESENTATION_CONTEXT() REPRESENTATION_CONTEXT('2D SPACE',''
  ) );
#1314 = PCURVE('',#207,#1315);
#1315 = DEFINITIONAL_REPRESENTATION('',(#1316),#1320);
#1316 = LINE('',#1317,#1318);
#1317 = CARTESIAN_POINT('',(4.925E-02,-6.25E-03));
#1318 = VECTOR('',#1319,1.);
#1319 = DIRECTION('',(0.,1.));
#1320 = ( GEOMETRIC_REPRESENTATION_CONTEXT(2) 
PARAMETRIC_REPRESENTATION_CONTEXT() REPRESENTATION_CONTEXT('2D SPACE',''
  ) );
#1321 = ORIENTED_EDGE('',*,*,#1322,.F.);
#1322 = EDGE_CURVE('',#728,#1300,#1323,.T.);
#1323 = SURFACE_CURVE('',#1324,(#1328,#1335),.PCURVE_S1.);
#1324 = LINE('',#1325,#1326);
#1325 = CARTESIAN_POINT('',(1.25E-02,0.,2.65E-02));
#1326 = VECTOR('',#1327,1.);
#1327 = DIRECTION('',(0.,1.,0.));
#1328 = PCURVE('',#235,#1329);
#1329 = DEFINITIONAL_REPRESENTATION('',(#1330),#1334);
#1330 = LINE('',#1331,#1332);
#1331 = CARTESIAN_POINT('',(1.25E-02,0.));
#1332 = VECTOR('',#1333,1.);
#1333 = DIRECTION('',(0.,-1.));
#1334 = ( GEOMETRIC_REPRESENTATION_CONTEXT(2) 
PARAMETRIC_REPRESENTATION_CONTEXT() REPRESENTATION_CONTEXT('2D SPACE',''
  ) );
#1335 = PCURVE('',#766,#1336);
#1336 = DEFINITIONAL_REPRESENTATION('',(#1337),#1341);
#1337 = LINE('',#1338,#1339);
#1338 = CARTESIAN_POINT('',(0.,0.));
#1339 = VECTOR('',#1340,1.);
#1340 = DIRECTION('',(0.,-1.));
#1341 = ( GEOMETRIC_REPRESENTATION_CONTEXT(2) 
PARAMETRIC_REPRESENTATION_CONTEXT() REPRESENTATION_CONTEXT('2D SPACE',''
  ) );
#1342 = ORIENTED_EDGE('',*,*,#727,.F.);
#1343 = ADVANCED_FACE('Pole::Boundary',(#1344),#207,.T.);
#1344 = FACE_BOUND('',#1345,.T.);
#1345 = EDGE_LOOP('',(#1346,#1347,#1368,#1369));
#1346 = ORIENTED_EDGE('',*,*,#1299,.T.);
#1347 = ORIENTED_EDGE('',*,*,#1348,.T.);
#1348 = EDGE_CURVE('',#1300,#1250,#1349,.T.);
#1349 = SURFACE_CURVE('',#1350,(#1354,#1361),.PCURVE_S1.);
#1350 = LINE('',#1351,#1352);
#1351 = CARTESIAN_POINT('',(1.25E-02,5.E-03,2.65E-02));
#1352 = VECTOR('',#1353,1.);
#1353 = DIRECTION('',(0.,0.,1.));
#1354 = PCURVE('',#207,#1355);
#1355 = DEFINITIONAL_REPRESENTATION('',(#1356),#1360);
#1356 = LINE('',#1357,#1358);
#1357 = CARTESIAN_POINT('',(4.925E-02,6.25E-03));
#1358 = VECTOR('',#1359,1.);
#1359 = DIRECTION('',(-1.,0.));
#1360 = ( GEOMETRIC_REPRESENTATION_CONTEXT(2) 
PARAMETRIC_REPRESENTATION_CONTEXT() REPRESENTATION_CONTEXT('2D SPACE',''
  ) );
#1361 = PCURVE('',#766,#1362);
#1362 = DEFINITIONAL_REPRESENTATION('',(#1363),#1367);
#1363 = LINE('',#1364,#1365);
#1364 = CARTESIAN_POINT('',(0.,-5.E-03));
#1365 = VECTOR('',#1366,1.);
#1366 = DIRECTION('',(1.,0.));
#1367 = ( GEOMETRIC_REPRESENTATION_CONTEXT(2) 
PARAMETRIC_REPRESENTATION_CONTEXT() REPRESENTATION_CONTEXT('2D SPACE',''
  ) );
#1368 = ORIENTED_EDGE('',*,*,#1272,.T.);
#1369 = ORIENTED_EDGE('',*,*,#191,.T.);
#1370 = ADVANCED_FACE('Coil::Boundary',(#1371),#372,.T.);
#1371 = FACE_BOUND('',#1372,.T.);
#1372 = EDGE_LOOP('',(#1373,#1403,#1424,#1425));
#1373 = ORIENTED_EDGE('',*,*,#1374,.T.);
#1374 = EDGE_CURVE('',#1375,#1377,#1379,.T.);
#1375 = VERTEX_POINT('',#1376);
#1376 = CARTESIAN_POINT('',(1.45E-02,3.75E-02,2.67E-02));
#1377 = VERTEX_POINT('',#1378);
#1378 = CARTESIAN_POINT('',(1.45E-02,3.75E-02,0.1233));
#1379 = SURFACE_CURVE('',#1380,(#1384,#1391),.PCURVE_S1.);
#1380 = LINE('',#1381,#1382);
#1381 = CARTESIAN_POINT('',(1.45E-02,3.75E-02,2.67E-02));
#1382 = VECTOR('',#1383,1.);
#1383 = DIRECTION('',(0.,0.,1.));
#1384 = PCURVE('',#372,#1385);
#1385 = DEFINITIONAL_REPRESENTATION('',(#1386),#1390);
#1386 = LINE('',#1387,#1388);
#1387 = CARTESIAN_POINT('',(0.,-0.));
#1388 = VECTOR('',#1389,1.);
#1389 = DIRECTION('',(0.,-1.));
#1390 = ( GEOMETRIC_REPRESENTATION_CONTEXT(2) 
PARAMETRIC_REPRESENTATION_CONTEXT() REPRESENTATION_CONTEXT('2D SPACE',''
  ) );
#1391 = PCURVE('',#1392,#1397);
#1392 = CYLINDRICAL_SURFACE('',#1393,2.3E-02);
#1393 = AXIS2_PLACEMENT_3D('',#1394,#1395,#1396);
#1394 = CARTESIAN_POINT('',(1.45E-02,1.45E-02,2.67E-02));
#1395 = DIRECTION('',(-0.,0.,-1.));
#1396 = DIRECTION('',(1.,0.,0.));
#1397 = DEFINITIONAL_REPRESENTATION('',(#1398),#1402);
#1398 = LINE('',#1399,#1400);
#1399 = CARTESIAN_POINT('',(-1.570796326795,0.));
#1400 = VECTOR('',#1401,1.);
#1401 = DIRECTION('',(-0.,-1.));
#1402 = ( GEOMETRIC_REPRESENTATION_CONTEXT(2) 
PARAMETRIC_REPRESENTATION_CONTEXT() REPRESENTATION_CONTEXT('2D SPACE',''
  ) );
#1403 = ORIENTED_EDGE('',*,*,#1404,.T.);
#1404 = EDGE_CURVE('',#1377,#357,#1405,.T.);
#1405 = SURFACE_CURVE('',#1406,(#1410,#1417),.PCURVE_S1.);
#1406 = LINE('',#1407,#1408);
#1407 = CARTESIAN_POINT('',(1.45E-02,3.75E-02,0.1233));
#1408 = VECTOR('',#1409,1.);
#1409 = DIRECTION('',(-1.,0.,0.));
#1410 = PCURVE('',#372,#1411);
#1411 = DEFINITIONAL_REPRESENTATION('',(#1412),#1416);
#1412 = LINE('',#1413,#1414);
#1413 = CARTESIAN_POINT('',(0.,-9.66E-02));
#1414 = VECTOR('',#1415,1.);
#1415 = DIRECTION('',(1.,0.));
#1416 = ( GEOMETRIC_REPRESENTATION_CONTEXT(2) 
PARAMETRIC_REPRESENTATION_CONTEXT() REPRESENTATION_CONTEXT('2D SPACE',''
  ) );
#1417 = PCURVE('',#454,#1418);
#1418 = DEFINITIONAL_REPRESENTATION('',(#1419),#1423);
#1419 = LINE('',#1420,#1421);
#1420 = CARTESIAN_POINT('',(-2.54066928433E-03,2.045933071567E-02));
#1421 = VECTOR('',#1422,1.);
#1422 = DIRECTION('',(-1.,0.));
#1423 = ( GEOMETRIC_REPRESENTATION_CONTEXT(2) 
PARAMETRIC_REPRESENTATION_CONTEXT() REPRESENTATION_CONTEXT('2D SPACE',''
  ) );
#1424 = ORIENTED_EDGE('',*,*,#354,.F.);
#1425 = ORIENTED_EDGE('',*,*,#1426,.F.);
#1426 = EDGE_CURVE('',#1375,#355,#1427,.T.);
#1427 = SURFACE_CURVE('',#1428,(#1432,#1439),.PCURVE_S1.);
#1428 = LINE('',#1429,#1430);
#1429 = CARTESIAN_POINT('',(1.45E-02,3.75E-02,2.67E-02));
#1430 = VECTOR('',#1431,1.);
#1431 = DIRECTION('',(-1.,0.,0.));
#1432 = PCURVE('',#372,#1433);
#1433 = DEFINITIONAL_REPRESENTATION('',(#1434),#1438);
#1434 = LINE('',#1435,#1436);
#1435 = CARTESIAN_POINT('',(0.,-0.));
#1436 = VECTOR('',#1437,1.);
#1437 = DIRECTION('',(1.,0.));
#1438 = ( GEOMETRIC_REPRESENTATION_CONTEXT(2) 
PARAMETRIC_REPRESENTATION_CONTEXT() REPRESENTATION_CONTEXT('2D SPACE',''
  ) );
#1439 = PCURVE('',#400,#1440);
#1440 = DEFINITIONAL_REPRESENTATION('',(#1441),#1445);
#1441 = LINE('',#1442,#1443);
#1442 = CARTESIAN_POINT('',(-2.54066928433E-03,2.045933071567E-02));
#1443 = VECTOR('',#1444,1.);
#1444 = DIRECTION('',(-1.,0.));
#1445 = ( GEOMETRIC_REPRESENTATION_CONTEXT(2) 
PARAMETRIC_REPRESENTATION_CONTEXT() REPRESENTATION_CONTEXT('2D SPACE',''
  ) );
#1446 = ADVANCED_FACE('Coil::Boundary',(#1447),#454,.F.);
#1447 = FACE_BOUND('',#1448,.F.);
#1448 = EDGE_LOOP('',(#1449,#1472,#1473,#1496,#1518,#1519,#1520,#1543));
#1449 = ORIENTED_EDGE('',*,*,#1450,.F.);
#1450 = EDGE_CURVE('',#805,#1451,#1453,.T.);
#1451 = VERTEX_POINT('',#1452);
#1452 = CARTESIAN_POINT('',(1.95E-02,1.45E-02,0.1233));
#1453 = SURFACE_CURVE('',#1454,(#1458,#1465),.PCURVE_S1.);
#1454 = LINE('',#1455,#1456);
#1455 = CARTESIAN_POINT('',(1.95E-02,0.,0.1233));
#1456 = VECTOR('',#1457,1.);
#1457 = DIRECTION('',(0.,1.,0.));
#1458 = PCURVE('',#454,#1459);
#1459 = DEFINITIONAL_REPRESENTATION('',(#1460),#1464);
#1460 = LINE('',#1461,#1462);
#1461 = CARTESIAN_POINT('',(2.45933071567E-03,-1.704066928433E-02));
#1462 = VECTOR('',#1463,1.);
#1463 = DIRECTION('',(0.,1.));
#1464 = ( GEOMETRIC_REPRESENTATION_CONTEXT(2) 
PARAMETRIC_REPRESENTATION_CONTEXT() REPRESENTATION_CONTEXT('2D SPACE',''
  ) );
#1465 = PCURVE('',#820,#1466);
#1466 = DEFINITIONAL_REPRESENTATION('',(#1467),#1471);
#1467 = LINE('',#1468,#1469);
#1468 = CARTESIAN_POINT('',(0.,-9.66E-02));
#1469 = VECTOR('',#1470,1.);
#1470 = DIRECTION('',(1.,0.));
#1471 = ( GEOMETRIC_REPRESENTATION_CONTEXT(2) 
PARAMETRIC_REPRESENTATION_CONTEXT() REPRESENTATION_CONTEXT('2D SPACE',''
  ) );
#1472 = ORIENTED_EDGE('',*,*,#883,.T.);
#1473 = ORIENTED_EDGE('',*,*,#1474,.T.);
#1474 = EDGE_CURVE('',#856,#1475,#1477,.T.);
#1475 = VERTEX_POINT('',#1476);
#1476 = CARTESIAN_POINT('',(3.75E-02,1.45E-02,0.1233));
#1477 = SURFACE_CURVE('',#1478,(#1482,#1489),.PCURVE_S1.);
#1478 = LINE('',#1479,#1480);
#1479 = CARTESIAN_POINT('',(3.75E-02,0.,0.1233));
#1480 = VECTOR('',#1481,1.);
#1481 = DIRECTION('',(0.,1.,0.));
#1482 = PCURVE('',#454,#1483);
#1483 = DEFINITIONAL_REPRESENTATION('',(#1484),#1488);
#1484 = LINE('',#1485,#1486);
#1485 = CARTESIAN_POINT('',(2.045933071567E-02,-1.704066928433E-02));
#1486 = VECTOR('',#1487,1.);
#1487 = DIRECTION('',(0.,1.));
#1488 = ( GEOMETRIC_REPRESENTATION_CONTEXT(2) 
PARAMETRIC_REPRESENTATION_CONTEXT() REPRESENTATION_CONTEXT('2D SPACE',''
  ) );
#1489 = PCURVE('',#871,#1490);
#1490 = DEFINITIONAL_REPRESENTATION('',(#1491),#1495);
#1491 = LINE('',#1492,#1493);
#1492 = CARTESIAN_POINT('',(0.,-9.66E-02));
#1493 = VECTOR('',#1494,1.);
#1494 = DIRECTION('',(1.,0.));
#1495 = ( GEOMETRIC_REPRESENTATION_CONTEXT(2) 
PARAMETRIC_REPRESENTATION_CONTEXT() REPRESENTATION_CONTEXT('2D SPACE',''
  ) );
#1496 = ORIENTED_EDGE('',*,*,#1497,.T.);
#1497 = EDGE_CURVE('',#1475,#1377,#1498,.T.);
#1498 = SURFACE_CURVE('',#1499,(#1504,#1511),.PCURVE_S1.);
#1499 = CIRCLE('',#1500,2.3E-02);
#1500 = AXIS2_PLACEMENT_3D('',#1501,#1502,#1503);
#1501 = CARTESIAN_POINT('',(1.45E-02,1.45E-02,0.1233));
#1502 = DIRECTION('',(0.,-0.,1.));
#1503 = DIRECTION('',(1.,0.,0.));
#1504 = PCURVE('',#454,#1505);
#1505 = DEFINITIONAL_REPRESENTATION('',(#1506),#1510);
#1506 = CIRCLE('',#1507,2.3E-02);
#1507 = AXIS2_PLACEMENT_2D('',#1508,#1509);
#1508 = CARTESIAN_POINT('',(-2.54066928433E-03,-2.54066928433E-03));
#1509 = DIRECTION('',(1.,0.));
#1510 = ( GEOMETRIC_REPRESENTATION_CONTEXT(2) 
PARAMETRIC_REPRESENTATION_CONTEXT() REPRESENTATION_CONTEXT('2D SPACE',''
  ) );
#1511 = PCURVE('',#1392,#1512);
#1512 = DEFINITIONAL_REPRESENTATION('',(#1513),#1517);
#1513 = LINE('',#1514,#1515);
#1514 = CARTESIAN_POINT('',(-0.,-9.66E-02));
#1515 = VECTOR('',#1516,1.);
#1516 = DIRECTION('',(-1.,0.));
#1517 = ( GEOMETRIC_REPRESENTATION_CONTEXT(2) 
PARAMETRIC_REPRESENTATION_CONTEXT() REPRESENTATION_CONTEXT('2D SPACE',''
  ) );
#1518 = ORIENTED_EDGE('',*,*,#1404,.T.);
#1519 = ORIENTED_EDGE('',*,*,#440,.T.);
#1520 = ORIENTED_EDGE('',*,*,#1521,.F.);
#1521 = EDGE_CURVE('',#1522,#413,#1524,.T.);
#1522 = VERTEX_POINT('',#1523);
#1523 = CARTESIAN_POINT('',(1.45E-02,1.95E-02,0.1233));
#1524 = SURFACE_CURVE('',#1525,(#1529,#1536),.PCURVE_S1.);
#1525 = LINE('',#1526,#1527);
#1526 = CARTESIAN_POINT('',(1.45E-02,1.95E-02,0.1233));
#1527 = VECTOR('',#1528,1.);
#1528 = DIRECTION('',(-1.,0.,0.));
#1529 = PCURVE('',#454,#1530);
#1530 = DEFINITIONAL_REPRESENTATION('',(#1531),#1535);
#1531 = LINE('',#1532,#1533);
#1532 = CARTESIAN_POINT('',(-2.54066928433E-03,2.45933071567E-03));
#1533 = VECTOR('',#1534,1.);
#1534 = DIRECTION('',(-1.,0.));
#1535 = ( GEOMETRIC_REPRESENTATION_CONTEXT(2) 
PARAMETRIC_REPRESENTATION_CONTEXT() REPRESENTATION_CONTEXT('2D SPACE',''
  ) );
#1536 = PCURVE('',#428,#1537);
#1537 = DEFINITIONAL_REPRESENTATION('',(#1538),#1542);
#1538 = LINE('',#1539,#1540);
#1539 = CARTESIAN_POINT('',(0.,-9.66E-02));
#1540 = VECTOR('',#1541,1.);
#1541 = DIRECTION('',(1.,0.));
#1542 = ( GEOMETRIC_REPRESENTATION_CONTEXT(2) 
PARAMETRIC_REPRESENTATION_CONTEXT() REPRESENTATION_CONTEXT('2D SPACE',''
  ) );
#1543 = ORIENTED_EDGE('',*,*,#1544,.F.);
#1544 = EDGE_CURVE('',#1451,#1522,#1545,.T.);
#1545 = SURFACE_CURVE('',#1546,(#1551,#1558),.PCURVE_S1.);
#1546 = CIRCLE('',#1547,5.E-03);
#1547 = AXIS2_PLACEMENT_3D('',#1548,#1549,#1550);
#1548 = CARTESIAN_POINT('',(1.45E-02,1.45E-02,0.1233));
#1549 = DIRECTION('',(0.,-0.,1.));
#1550 = DIRECTION('',(1.,0.,0.));
#1551 = PCURVE('',#454,#1552);
#1552 = DEFINITIONAL_REPRESENTATION('',(#1553),#1557);
#1553 = CIRCLE('',#1554,5.E-03);
#1554 = AXIS2_PLACEMENT_2D('',#1555,#1556);
#1555 = CARTESIAN_POINT('',(-2.54066928433E-03,-2.54066928433E-03));
#1556 = DIRECTION('',(1.,0.));
#1557 = ( GEOMETRIC_REPRESENTATION_CONTEXT(2) 
PARAMETRIC_REPRESENTATION_CONTEXT() REPRESENTATION_CONTEXT('2D SPACE',''
  ) );
#1558 = PCURVE('',#1559,#1564);
#1559 = CYLINDRICAL_SURFACE('',#1560,5.E-03);
#1560 = AXIS2_PLACEMENT_3D('',#1561,#1562,#1563);
#1561 = CARTESIAN_POINT('',(1.45E-02,1.45E-02,2.67E-02));
#1562 = DIRECTION('',(-0.,0.,-1.));
#1563 = DIRECTION('',(1.,0.,0.));
#1564 = DEFINITIONAL_REPRESENTATION('',(#1565),#1569);
#1565 = LINE('',#1566,#1567);
#1566 = CARTESIAN_POINT('',(-0.,-9.66E-02));
#1567 = VECTOR('',#1568,1.);
#1568 = DIRECTION('',(-1.,0.));
#1569 = ( GEOMETRIC_REPRESENTATION_CONTEXT(2) 
PARAMETRIC_REPRESENTATION_CONTEXT() REPRESENTATION_CONTEXT('2D SPACE',''
  ) );
#1570 = ADVANCED_FACE('Coil::Boundary',(#1571),#428,.F.);
#1571 = FACE_BOUND('',#1572,.F.);
#1572 = EDGE_LOOP('',(#1573,#1596,#1597,#1598));
#1573 = ORIENTED_EDGE('',*,*,#1574,.T.);
#1574 = EDGE_CURVE('',#1575,#1522,#1577,.T.);
#1575 = VERTEX_POINT('',#1576);
#1576 = CARTESIAN_POINT('',(1.45E-02,1.95E-02,2.67E-02));
#1577 = SURFACE_CURVE('',#1578,(#1582,#1589),.PCURVE_S1.);
#1578 = LINE('',#1579,#1580);
#1579 = CARTESIAN_POINT('',(1.45E-02,1.95E-02,2.67E-02));
#1580 = VECTOR('',#1581,1.);
#1581 = DIRECTION('',(0.,0.,1.));
#1582 = PCURVE('',#428,#1583);
#1583 = DEFINITIONAL_REPRESENTATION('',(#1584),#1588);
#1584 = LINE('',#1585,#1586);
#1585 = CARTESIAN_POINT('',(0.,-0.));
#1586 = VECTOR('',#1587,1.);
#1587 = DIRECTION('',(0.,-1.));
#1588 = ( GEOMETRIC_REPRESENTATION_CONTEXT(2) 
PARAMETRIC_REPRESENTATION_CONTEXT() REPRESENTATION_CONTEXT('2D SPACE',''
  ) );
#1589 = PCURVE('',#1559,#1590);
#1590 = DEFINITIONAL_REPRESENTATION('',(#1591),#1595);
#1591 = LINE('',#1592,#1593);
#1592 = CARTESIAN_POINT('',(-1.570796326795,0.));
#1593 = VECTOR('',#1594,1.);
#1594 = DIRECTION('',(-0.,-1.));
#1595 = ( GEOMETRIC_REPRESENTATION_CONTEXT(2) 
PARAMETRIC_REPRESENTATION_CONTEXT() REPRESENTATION_CONTEXT('2D SPACE',''
  ) );
#1596 = ORIENTED_EDGE('',*,*,#1521,.T.);
#1597 = ORIENTED_EDGE('',*,*,#412,.F.);
#1598 = ORIENTED_EDGE('',*,*,#1599,.F.);
#1599 = EDGE_CURVE('',#1575,#385,#1600,.T.);
#1600 = SURFACE_CURVE('',#1601,(#1605,#1612),.PCURVE_S1.);
#1601 = LINE('',#1602,#1603);
#1602 = CARTESIAN_POINT('',(1.45E-02,1.95E-02,2.67E-02));
#1603 = VECTOR('',#1604,1.);
#1604 = DIRECTION('',(-1.,0.,0.));
#1605 = PCURVE('',#428,#1606);
#1606 = DEFINITIONAL_REPRESENTATION('',(#1607),#1611);
#1607 = LINE('',#1608,#1609);
#1608 = CARTESIAN_POINT('',(0.,-0.));
#1609 = VECTOR('',#1610,1.);
#1610 = DIRECTION('',(1.,0.));
#1611 = ( GEOMETRIC_REPRESENTATION_CONTEXT(2) 
PARAMETRIC_REPRESENTATION_CONTEXT() REPRESENTATION_CONTEXT('2D SPACE',''
  ) );
#1612 = PCURVE('',#400,#1613);
#1613 = DEFINITIONAL_REPRESENTATION('',(#1614),#1618);
#1614 = LINE('',#1615,#1616);
#1615 = CARTESIAN_POINT('',(-2.54066928433E-03,2.45933071567E-03));
#1616 = VECTOR('',#1617,1.);
#1617 = DIRECTION('',(-1.,0.));
#1618 = ( GEOMETRIC_REPRESENTATION_CONTEXT(2) 
PARAMETRIC_REPRESENTATION_CONTEXT() REPRESENTATION_CONTEXT('2D SPACE',''
  ) );
#1619 = ADVANCED_FACE('Coil::Boundary',(#1620),#400,.T.);
#1620 = FACE_BOUND('',#1621,.T.);
#1621 = EDGE_LOOP('',(#1622,#1645,#1646,#1669,#1691,#1692,#1693,#1694));
#1622 = ORIENTED_EDGE('',*,*,#1623,.F.);
#1623 = EDGE_CURVE('',#803,#1624,#1626,.T.);
#1624 = VERTEX_POINT('',#1625);
#1625 = CARTESIAN_POINT('',(1.95E-02,1.45E-02,2.67E-02));
#1626 = SURFACE_CURVE('',#1627,(#1631,#1638),.PCURVE_S1.);
#1627 = LINE('',#1628,#1629);
#1628 = CARTESIAN_POINT('',(1.95E-02,0.,2.67E-02));
#1629 = VECTOR('',#1630,1.);
#1630 = DIRECTION('',(0.,1.,0.));
#1631 = PCURVE('',#400,#1632);
#1632 = DEFINITIONAL_REPRESENTATION('',(#1633),#1637);
#1633 = LINE('',#1634,#1635);
#1634 = CARTESIAN_POINT('',(2.45933071567E-03,-1.704066928433E-02));
#1635 = VECTOR('',#1636,1.);
#1636 = DIRECTION('',(0.,1.));
#1637 = ( GEOMETRIC_REPRESENTATION_CONTEXT(2) 
PARAMETRIC_REPRESENTATION_CONTEXT() REPRESENTATION_CONTEXT('2D SPACE',''
  ) );
#1638 = PCURVE('',#820,#1639);
#1639 = DEFINITIONAL_REPRESENTATION('',(#1640),#1644);
#1640 = LINE('',#1641,#1642);
#1641 = CARTESIAN_POINT('',(0.,0.));
#1642 = VECTOR('',#1643,1.);
#1643 = DIRECTION('',(1.,0.));
#1644 = ( GEOMETRIC_REPRESENTATION_CONTEXT(2) 
PARAMETRIC_REPRESENTATION_CONTEXT() REPRESENTATION_CONTEXT('2D SPACE',''
  ) );
#1645 = ORIENTED_EDGE('',*,*,#832,.T.);
#1646 = ORIENTED_EDGE('',*,*,#1647,.T.);
#1647 = EDGE_CURVE('',#833,#1648,#1650,.T.);
#1648 = VERTEX_POINT('',#1649);
#1649 = CARTESIAN_POINT('',(3.75E-02,1.45E-02,2.67E-02));
#1650 = SURFACE_CURVE('',#1651,(#1655,#1662),.PCURVE_S1.);
#1651 = LINE('',#1652,#1653);
#1652 = CARTESIAN_POINT('',(3.75E-02,0.,2.67E-02));
#1653 = VECTOR('',#1654,1.);
#1654 = DIRECTION('',(0.,1.,0.));
#1655 = PCURVE('',#400,#1656);
#1656 = DEFINITIONAL_REPRESENTATION('',(#1657),#1661);
#1657 = LINE('',#1658,#1659);
#1658 = CARTESIAN_POINT('',(2.045933071567E-02,-1.704066928433E-02));
#1659 = VECTOR('',#1660,1.);
#1660 = DIRECTION('',(0.,1.));
#1661 = ( GEOMETRIC_REPRESENTATION_CONTEXT(2) 
PARAMETRIC_REPRESENTATION_CONTEXT() REPRESENTATION_CONTEXT('2D SPACE',''
  ) );
#1662 = PCURVE('',#871,#1663);
#1663 = DEFINITIONAL_REPRESENTATION('',(#1664),#1668);
#1664 = LINE('',#1665,#1666);
#1665 = CARTESIAN_POINT('',(0.,0.));
#1666 = VECTOR('',#1667,1.);
#1667 = DIRECTION('',(1.,0.));
#1668 = ( GEOMETRIC_REPRESENTATION_CONTEXT(2) 
PARAMETRIC_REPRESENTATION_CONTEXT() REPRESENTATION_CONTEXT('2D SPACE',''
  ) );
#1669 = ORIENTED_EDGE('',*,*,#1670,.T.);
#1670 = EDGE_CURVE('',#1648,#1375,#1671,.T.);
#1671 = SURFACE_CURVE('',#1672,(#1677,#1684),.PCURVE_S1.);
#1672 = CIRCLE('',#1673,2.3E-02);
#1673 = AXIS2_PLACEMENT_3D('',#1674,#1675,#1676);
#1674 = CARTESIAN_POINT('',(1.45E-02,1.45E-02,2.67E-02));
#1675 = DIRECTION('',(0.,-0.,1.));
#1676 = DIRECTION('',(1.,0.,0.));
#1677 = PCURVE('',#400,#1678);
#1678 = DEFINITIONAL_REPRESENTATION('',(#1679),#1683);
#1679 = CIRCLE('',#1680,2.3E-02);
#1680 = AXIS2_PLACEMENT_2D('',#1681,#1682);
#1681 = CARTESIAN_POINT('',(-2.54066928433E-03,-2.54066928433E-03));
#1682 = DIRECTION('',(1.,0.));
#1683 = ( GEOMETRIC_REPRESENTATION_CONTEXT(2) 
PARAMETRIC_REPRESENTATION_CONTEXT() REPRESENTATION_CONTEXT('2D SPACE',''
  ) );
#1684 = PCURVE('',#1392,#1685);
#1685 = DEFINITIONAL_REPRESENTATION('',(#1686),#1690);
#1686 = LINE('',#1687,#1688);
#1687 = CARTESIAN_POINT('',(-0.,0.));
#1688 = VECTOR('',#1689,1.);
#1689 = DIRECTION('',(-1.,0.));
#1690 = ( GEOMETRIC_REPRESENTATION_CONTEXT(2) 
PARAMETRIC_REPRESENTATION_CONTEXT() REPRESENTATION_CONTEXT('2D SPACE',''
  ) );
#1691 = ORIENTED_EDGE('',*,*,#1426,.T.);
#1692 = ORIENTED_EDGE('',*,*,#384,.T.);
#1693 = ORIENTED_EDGE('',*,*,#1599,.F.);
#1694 = ORIENTED_EDGE('',*,*,#1695,.F.);
#1695 = EDGE_CURVE('',#1624,#1575,#1696,.T.);
#1696 = SURFACE_CURVE('',#1697,(#1702,#1709),.PCURVE_S1.);
#1697 = CIRCLE('',#1698,5.E-03);
#1698 = AXIS2_PLACEMENT_3D('',#1699,#1700,#1701);
#1699 = CARTESIAN_POINT('',(1.45E-02,1.45E-02,2.67E-02));
#1700 = DIRECTION('',(0.,-0.,1.));
#1701 = DIRECTION('',(1.,0.,0.));
#1702 = PCURVE('',#400,#1703);
#1703 = DEFINITIONAL_REPRESENTATION('',(#1704),#1708);
#1704 = CIRCLE('',#1705,5.E-03);
#1705 = AXIS2_PLACEMENT_2D('',#1706,#1707);
#1706 = CARTESIAN_POINT('',(-2.54066928433E-03,-2.54066928433E-03));
#1707 = DIRECTION('',(1.,0.));
#1708 = ( GEOMETRIC_REPRESENTATION_CONTEXT(2) 
PARAMETRIC_REPRESENTATION_CONTEXT() REPRESENTATION_CONTEXT('2D SPACE',''
  ) );
#1709 = PCURVE('',#1559,#1710);
#1710 = DEFINITIONAL_REPRESENTATION('',(#1711),#1715);
#1711 = LINE('',#1712,#1713);
#1712 = CARTESIAN_POINT('',(-0.,0.));
#1713 = VECTOR('',#1714,1.);
#1714 = DIRECTION('',(-1.,0.));
#1715 = ( GEOMETRIC_REPRESENTATION_CONTEXT(2) 
PARAMETRIC_REPRESENTATION_CONTEXT() REPRESENTATION_CONTEXT('2D SPACE',''
  ) );
#1716 = ADVANCED_FACE('Air::Boundary',(#1717),#508,.T.);
#1717 = FACE_BOUND('',#1718,.T.);
#1718 = EDGE_LOOP('',(#1719,#1720,#1721,#1722));
#1719 = ORIENTED_EDGE('',*,*,#492,.F.);
#1720 = ORIENTED_EDGE('',*,*,#909,.T.);
#1721 = ORIENTED_EDGE('',*,*,#1030,.T.);
#1722 = ORIENTED_EDGE('',*,*,#1197,.F.);
#1723 = ADVANCED_FACE('Pole::Boundary',(#1724),#766,.F.);
#1724 = FACE_BOUND('',#1725,.F.);
#1725 = EDGE_LOOP('',(#1726,#1727,#1728,#1729));
#1726 = ORIENTED_EDGE('',*,*,#1322,.T.);
#1727 = ORIENTED_EDGE('',*,*,#1348,.T.);
#1728 = ORIENTED_EDGE('',*,*,#1249,.F.);
#1729 = ORIENTED_EDGE('',*,*,#750,.F.);
#1730 = ADVANCED_FACE('Yoke::Boundary',(#1731),#581,.F.);
#1731 = FACE_BOUND('',#1732,.F.);
#1732 = EDGE_LOOP('',(#1733,#1734,#1735,#1756));
#1733 = ORIENTED_EDGE('',*,*,#980,.T.);
#1734 = ORIENTED_EDGE('',*,*,#1055,.T.);
#1735 = ORIENTED_EDGE('',*,*,#1736,.F.);
#1736 = EDGE_CURVE('',#566,#1056,#1737,.T.);
#1737 = SURFACE_CURVE('',#1738,(#1742,#1749),.PCURVE_S1.);
#1738 = LINE('',#1739,#1740);
#1739 = CARTESIAN_POINT('',(6.35E-02,0.,0.15));
#1740 = VECTOR('',#1741,1.);
#1741 = DIRECTION('',(0.,1.,0.));
#1742 = PCURVE('',#581,#1743);
#1743 = DEFINITIONAL_REPRESENTATION('',(#1744),#1748);
#1744 = LINE('',#1745,#1746);
#1745 = CARTESIAN_POINT('',(0.15,0.));
#1746 = VECTOR('',#1747,1.);
#1747 = DIRECTION('',(0.,-1.));
#1748 = ( GEOMETRIC_REPRESENTATION_CONTEXT(2) 
PARAMETRIC_REPRESENTATION_CONTEXT() REPRESENTATION_CONTEXT('2D SPACE',''
  ) );
#1749 = PCURVE('',#609,#1750);
#1750 = DEFINITIONAL_REPRESENTATION('',(#1751),#1755);
#1751 = LINE('',#1752,#1753);
#1752 = CARTESIAN_POINT('',(0.,0.));
#1753 = VECTOR('',#1754,1.);
#1754 = DIRECTION('',(0.,-1.));
#1755 = ( GEOMETRIC_REPRESENTATION_CONTEXT(2) 
PARAMETRIC_REPRESENTATION_CONTEXT() REPRESENTATION_CONTEXT('2D SPACE',''
  ) );
#1756 = ORIENTED_EDGE('',*,*,#565,.F.);
#1757 = ADVANCED_FACE('Yoke::Boundary',(#1758),#609,.F.);
#1758 = FACE_BOUND('',#1759,.F.);
#1759 = EDGE_LOOP('',(#1760,#1761,#1762,#1783));
#1760 = ORIENTED_EDGE('',*,*,#1736,.T.);
#1761 = ORIENTED_EDGE('',*,*,#1078,.T.);
#1762 = ORIENTED_EDGE('',*,*,#1763,.F.);
#1763 = EDGE_CURVE('',#594,#1079,#1764,.T.);
#1764 = SURFACE_CURVE('',#1765,(#1769,#1776),.PCURVE_S1.);
#1765 = LINE('',#1766,#1767);
#1766 = CARTESIAN_POINT('',(1.35E-02,0.,0.15));
#1767 = VECTOR('',#1768,1.);
#1768 = DIRECTION('',(0.,1.,0.));
#1769 = PCURVE('',#609,#1770);
#1770 = DEFINITIONAL_REPRESENTATION('',(#1771),#1775);
#1771 = LINE('',#1772,#1773);
#1772 = CARTESIAN_POINT('',(5.E-02,0.));
#1773 = VECTOR('',#1774,1.);
#1774 = DIRECTION('',(0.,-1.));
#1775 = ( GEOMETRIC_REPRESENTATION_CONTEXT(2) 
PARAMETRIC_REPRESENTATION_CONTEXT() REPRESENTATION_CONTEXT('2D SPACE',''
  ) );
#1776 = PCURVE('',#637,#1777);
#1777 = DEFINITIONAL_REPRESENTATION('',(#1778),#1782);
#1778 = LINE('',#1779,#1780);
#1779 = CARTESIAN_POINT('',(0.,-0.));
#1780 = VECTOR('',#1781,1.);
#1781 = DIRECTION('',(0.,-1.));
#1782 = ( GEOMETRIC_REPRESENTATION_CONTEXT(2) 
PARAMETRIC_REPRESENTATION_CONTEXT() REPRESENTATION_CONTEXT('2D SPACE',''
  ) );
#1783 = ORIENTED_EDGE('',*,*,#593,.F.);
#1784 = ADVANCED_FACE('Yoke::Boundary',(#1785),#637,.F.);
#1785 = FACE_BOUND('',#1786,.F.);
#1786 = EDGE_LOOP('',(#1787,#1788,#1789,#1810));
#1787 = ORIENTED_EDGE('',*,*,#1763,.T.);
#1788 = ORIENTED_EDGE('',*,*,#1101,.T.);
#1789 = ORIENTED_EDGE('',*,*,#1790,.F.);
#1790 = EDGE_CURVE('',#622,#1102,#1791,.T.);
#1791 = SURFACE_CURVE('',#1792,(#1796,#1803),.PCURVE_S1.);
#1792 = LINE('',#1793,#1794);
#1793 = CARTESIAN_POINT('',(1.35E-02,0.,0.125));
#1794 = VECTOR('',#1795,1.);
#1795 = DIRECTION('',(0.,1.,0.));
#1796 = PCURVE('',#637,#1797);
#1797 = DEFINITIONAL_REPRESENTATION('',(#1798),#1802);
#1798 = LINE('',#1799,#1800);
#1799 = CARTESIAN_POINT('',(2.5E-02,0.));
#1800 = VECTOR('',#1801,1.);
#1801 = DIRECTION('',(0.,-1.));
#1802 = ( GEOMETRIC_REPRESENTATION_CONTEXT(2) 
PARAMETRIC_REPRESENTATION_CONTEXT() REPRESENTATION_CONTEXT('2D SPACE',''
  ) );
#1803 = PCURVE('',#665,#1804);
#1804 = DEFINITIONAL_REPRESENTATION('',(#1805),#1809);
#1805 = LINE('',#1806,#1807);
#1806 = CARTESIAN_POINT('',(0.,0.));
#1807 = VECTOR('',#1808,1.);
#1808 = DIRECTION('',(0.,-1.));
#1809 = ( GEOMETRIC_REPRESENTATION_CONTEXT(2) 
PARAMETRIC_REPRESENTATION_CONTEXT() REPRESENTATION_CONTEXT('2D SPACE',''
  ) );
#1810 = ORIENTED_EDGE('',*,*,#621,.F.);
#1811 = ADVANCED_FACE('Yoke::Boundary',(#1812),#693,.F.);
#1812 = FACE_BOUND('',#1813,.F.);
#1813 = EDGE_LOOP('',(#1814,#1835,#1836,#1837));
#1814 = ORIENTED_EDGE('',*,*,#1815,.T.);
#1815 = EDGE_CURVE('',#650,#1125,#1816,.T.);
#1816 = SURFACE_CURVE('',#1817,(#1821,#1828),.PCURVE_S1.);
#1817 = LINE('',#1818,#1819);
#1818 = CARTESIAN_POINT('',(3.85E-02,0.,0.125));
#1819 = VECTOR('',#1820,1.);
#1820 = DIRECTION('',(0.,1.,0.));
#1821 = PCURVE('',#693,#1822);
#1822 = DEFINITIONAL_REPRESENTATION('',(#1823),#1827);
#1823 = LINE('',#1824,#1825);
#1824 = CARTESIAN_POINT('',(0.,-0.));
#1825 = VECTOR('',#1826,1.);
#1826 = DIRECTION('',(0.,-1.));
#1827 = ( GEOMETRIC_REPRESENTATION_CONTEXT(2) 
PARAMETRIC_REPRESENTATION_CONTEXT() REPRESENTATION_CONTEXT('2D SPACE',''
  ) );
#1828 = PCURVE('',#665,#1829);
#1829 = DEFINITIONAL_REPRESENTATION('',(#1830),#1834);
#1830 = LINE('',#1831,#1832);
#1831 = CARTESIAN_POINT('',(2.5E-02,0.));
#1832 = VECTOR('',#1833,1.);
#1833 = DIRECTION('',(0.,-1.));
#1834 = ( GEOMETRIC_REPRESENTATION_CONTEXT(2) 
PARAMETRIC_REPRESENTATION_CONTEXT() REPRESENTATION_CONTEXT('2D SPACE',''
  ) );
#1835 = ORIENTED_EDGE('',*,*,#1147,.T.);
#1836 = ORIENTED_EDGE('',*,*,#1222,.F.);
#1837 = ORIENTED_EDGE('',*,*,#677,.F.);
#1838 = ADVANCED_FACE('Yoke::Boundary',(#1839),#665,.F.);
#1839 = FACE_BOUND('',#1840,.F.);
#1840 = EDGE_LOOP('',(#1841,#1842,#1843,#1844));
#1841 = ORIENTED_EDGE('',*,*,#1790,.T.);
#1842 = ORIENTED_EDGE('',*,*,#1124,.T.);
#1843 = ORIENTED_EDGE('',*,*,#1815,.F.);
#1844 = ORIENTED_EDGE('',*,*,#649,.F.);
#1845 = ADVANCED_FACE('Coil::Boundary',(#1846),#820,.F.);
#1846 = FACE_BOUND('',#1847,.F.);
#1847 = EDGE_LOOP('',(#1848,#1849,#1850,#1871));
#1848 = ORIENTED_EDGE('',*,*,#802,.T.);
#1849 = ORIENTED_EDGE('',*,*,#1450,.T.);
#1850 = ORIENTED_EDGE('',*,*,#1851,.F.);
#1851 = EDGE_CURVE('',#1624,#1451,#1852,.T.);
#1852 = SURFACE_CURVE('',#1853,(#1857,#1864),.PCURVE_S1.);
#1853 = LINE('',#1854,#1855);
#1854 = CARTESIAN_POINT('',(1.95E-02,1.45E-02,2.67E-02));
#1855 = VECTOR('',#1856,1.);
#1856 = DIRECTION('',(0.,0.,1.));
#1857 = PCURVE('',#820,#1858);
#1858 = DEFINITIONAL_REPRESENTATION('',(#1859),#1863);
#1859 = LINE('',#1860,#1861);
#1860 = CARTESIAN_POINT('',(1.45E-02,0.));
#1861 = VECTOR('',#1862,1.);
#1862 = DIRECTION('',(0.,-1.));
#1863 = ( GEOMETRIC_REPRESENTATION_CONTEXT(2) 
PARAMETRIC_REPRESENTATION_CONTEXT() REPRESENTATION_CONTEXT('2D SPACE',''
  ) );
#1864 = PCURVE('',#1559,#1865);
#1865 = DEFINITIONAL_REPRESENTATION('',(#1866),#1870);
#1866 = LINE('',#1867,#1868);
#1867 = CARTESIAN_POINT('',(-0.,0.));
#1868 = VECTOR('',#1869,1.);
#1869 = DIRECTION('',(-0.,-1.));
#1870 = ( GEOMETRIC_REPRESENTATION_CONTEXT(2) 
PARAMETRIC_REPRESENTATION_CONTEXT() REPRESENTATION_CONTEXT('2D SPACE',''
  ) );
#1871 = ORIENTED_EDGE('',*,*,#1623,.F.);
#1872 = ADVANCED_FACE('Coil::Boundary',(#1873),#871,.T.);
#1873 = FACE_BOUND('',#1874,.T.);
#1874 = EDGE_LOOP('',(#1875,#1876,#1877,#1898));
#1875 = ORIENTED_EDGE('',*,*,#855,.T.);
#1876 = ORIENTED_EDGE('',*,*,#1474,.T.);
#1877 = ORIENTED_EDGE('',*,*,#1878,.F.);
#1878 = EDGE_CURVE('',#1648,#1475,#1879,.T.);
#1879 = SURFACE_CURVE('',#1880,(#1884,#1891),.PCURVE_S1.);
#1880 = LINE('',#1881,#1882);
#1881 = CARTESIAN_POINT('',(3.75E-02,1.45E-02,2.67E-02));
#1882 = VECTOR('',#1883,1.);
#1883 = DIRECTION('',(0.,0.,1.));
#1884 = PCURVE('',#871,#1885);
#1885 = DEFINITIONAL_REPRESENTATION('',(#1886),#1890);
#1886 = LINE('',#1887,#1888);
#1887 = CARTESIAN_POINT('',(1.45E-02,0.));
#1888 = VECTOR('',#1889,1.);
#1889 = DIRECTION('',(0.,-1.));
#1890 = ( GEOMETRIC_REPRESENTATION_CONTEXT(2) 
PARAMETRIC_REPRESENTATION_CONTEXT() REPRESENTATION_CONTEXT('2D SPACE',''
  ) );
#1891 = PCURVE('',#1392,#1892);
#1892 = DEFINITIONAL_REPRESENTATION('',(#1893),#1897);
#1893 = LINE('',#1894,#1895);
#1894 = CARTESIAN_POINT('',(-1.508455196502E-16,0.));
#1895 = VECTOR('',#1896,1.);
#1896 = DIRECTION('',(-0.,-1.));
#1897 = ( GEOMETRIC_REPRESENTATION_CONTEXT(2) 
PARAMETRIC_REPRESENTATION_CONTEXT() REPRESENTATION_CONTEXT('2D SPACE',''
  ) );
#1898 = ORIENTED_EDGE('',*,*,#1647,.F.);
#1899 = ADVANCED_FACE('Coil::Boundary',(#1900),#1392,.F.);
#1900 = FACE_BOUND('',#1901,.T.);
#1901 = EDGE_LOOP('',(#1902,#1903,#1904,#1905));
#1902 = ORIENTED_EDGE('',*,*,#1878,.T.);
#1903 = ORIENTED_EDGE('',*,*,#1497,.T.);
#1904 = ORIENTED_EDGE('',*,*,#1374,.F.);
#1905 = ORIENTED_EDGE('',*,*,#1670,.F.);
#1906 = ADVANCED_FACE('Coil::Boundary',(#1907),#1559,.T.);
#1907 = FACE_BOUND('',#1908,.F.);
#1908 = EDGE_LOOP('',(#1909,#1910,#1911,#1912));
#1909 = ORIENTED_EDGE('',*,*,#1851,.T.);
#1910 = ORIENTED_EDGE('',*,*,#1544,.T.);
#1911 = ORIENTED_EDGE('',*,*,#1574,.F.);
#1912 = ORIENTED_EDGE('',*,*,#1695,.F.);
#1913 = MANIFOLD_SOLID_BREP('Yoke',#1914);
#1914 = CLOSED_SHELL('',(#1915,#2035,#2111,#2187,#2263,#2339,#2415,#2486
    ,#2533,#2544));
#1915 = ADVANCED_FACE('',(#1916),#1930,.T.);
#1916 = FACE_BOUND('',#1917,.T.);
#1917 = EDGE_LOOP('',(#1918,#1953,#1981,#2009));
#1918 = ORIENTED_EDGE('',*,*,#1919,.T.);
#1919 = EDGE_CURVE('',#1920,#1922,#1924,.T.);
#1920 = VERTEX_POINT('',#1921);
#1921 = CARTESIAN_POINT('',(0.,0.,0.));
#1922 = VERTEX_POINT('',#1923);
#1923 = CARTESIAN_POINT('',(0.,1.25E-02,0.));
#1924 = SURFACE_CURVE('',#1925,(#1929,#1941),.PCURVE_S1.);
#1925 = LINE('',#1926,#1927);
#1926 = CARTESIAN_POINT('',(0.,0.,0.));
#1927 = VECTOR('',#1928,1.);
#1928 = DIRECTION('',(0.,1.,0.));
#1929 = PCURVE('',#1930,#1935);
#1930 = PLANE('',#1931);
#1931 = AXIS2_PLACEMENT_3D('',#1932,#1933,#1934);
#1932 = CARTESIAN_POINT('',(0.,0.,0.));
#1933 = DIRECTION('',(0.,0.,-1.));
#1934 = DIRECTION('',(1.,0.,0.));
#1935 = DEFINITIONAL_REPRESENTATION('',(#1936),#1940);
#1936 = LINE('',#1937,#1938);
#1937 = CARTESIAN_POINT('',(0.,0.));
#1938 = VECTOR('',#1939,1.);
#1939 = DIRECTION('',(0.,-1.));
#1940 = ( GEOMETRIC_REPRESENTATION_CONTEXT(2) 
PARAMETRIC_REPRESENTATION_CONTEXT() REPRESENTATION_CONTEXT('2D SPACE',''
  ) );
#1941 = PCURVE('',#1942,#1947);
#1942 = PLANE('',#1943);
#1943 = AXIS2_PLACEMENT_3D('',#1944,#1945,#1946);
#1944 = CARTESIAN_POINT('',(0.,0.,2.5E-02));
#1945 = DIRECTION('',(-1.,0.,0.));
#1946 = DIRECTION('',(0.,0.,-1.));
#1947 = DEFINITIONAL_REPRESENTATION('',(#1948),#1952);
#1948 = LINE('',#1949,#1950);
#1949 = CARTESIAN_POINT('',(2.5E-02,0.));
#1950 = VECTOR('',#1951,1.);
#1951 = DIRECTION('',(0.,-1.));
#1952 = ( GEOMETRIC_REPRESENTATION_CONTEXT(2) 
PARAMETRIC_REPRESENTATION_CONTEXT() REPRESENTATION_CONTEXT('2D SPACE',''
  ) );
#1953 = ORIENTED_EDGE('',*,*,#1954,.T.);
#1954 = EDGE_CURVE('',#1922,#1955,#1957,.T.);
#1955 = VERTEX_POINT('',#1956);
#1956 = CARTESIAN_POINT('',(6.35E-02,1.25E-02,0.));
#1957 = SURFACE_CURVE('',#1958,(#1962,#1969),.PCURVE_S1.);
#1958 = LINE('',#1959,#1960);
#1959 = CARTESIAN_POINT('',(0.,1.25E-02,0.));
#1960 = VECTOR('',#1961,1.);
#1961 = DIRECTION('',(1.,0.,0.));
#1962 = PCURVE('',#1930,#1963);
#1963 = DEFINITIONAL_REPRESENTATION('',(#1964),#1968);
#1964 = LINE('',#1965,#1966);
#1965 = CARTESIAN_POINT('',(0.,-1.25E-02));
#1966 = VECTOR('',#1967,1.);
#1967 = DIRECTION('',(1.,0.));
#1968 = ( GEOMETRIC_REPRESENTATION_CONTEXT(2) 
PARAMETRIC_REPRESENTATION_CONTEXT() REPRESENTATION_CONTEXT('2D SPACE',''
  ) );
#1969 = PCURVE('',#1970,#1975);
#1970 = PLANE('',#1971);
#1971 = AXIS2_PLACEMENT_3D('',#1972,#1973,#1974);
#1972 = CARTESIAN_POINT('',(3.992610062893E-02,1.25E-02,
    7.146226415094E-02));
#1973 = DIRECTION('',(-0.,-1.,-0.));
#1974 = DIRECTION('',(0.,0.,-1.));
#1975 = DEFINITIONAL_REPRESENTATION('',(#1976),#1980);
#1976 = LINE('',#1977,#1978);
#1977 = CARTESIAN_POINT('',(7.146226415094E-02,-3.992610062893E-02));
#1978 = VECTOR('',#1979,1.);
#1979 = DIRECTION('',(0.,1.));
#1980 = ( GEOMETRIC_REPRESENTATION_CONTEXT(2) 
PARAMETRIC_REPRESENTATION_CONTEXT() REPRESENTATION_CONTEXT('2D SPACE',''
  ) );
#1981 = ORIENTED_EDGE('',*,*,#1982,.F.);
#1982 = EDGE_CURVE('',#1983,#1955,#1985,.T.);
#1983 = VERTEX_POINT('',#1984);
#1984 = CARTESIAN_POINT('',(6.35E-02,0.,0.));
#1985 = SURFACE_CURVE('',#1986,(#1990,#1997),.PCURVE_S1.);
#1986 = LINE('',#1987,#1988);
#1987 = CARTESIAN_POINT('',(6.35E-02,0.,0.));
#1988 = VECTOR('',#1989,1.);
#1989 = DIRECTION('',(0.,1.,0.));
#1990 = PCURVE('',#1930,#1991);
#1991 = DEFINITIONAL_REPRESENTATION('',(#1992),#1996);
#1992 = LINE('',#1993,#1994);
#1993 = CARTESIAN_POINT('',(6.35E-02,0.));
#1994 = VECTOR('',#1995,1.);
#1995 = DIRECTION('',(0.,-1.));
#1996 = ( GEOMETRIC_REPRESENTATION_CONTEXT(2) 
PARAMETRIC_REPRESENTATION_CONTEXT() REPRESENTATION_CONTEXT('2D SPACE',''
  ) );
#1997 = PCURVE('',#1998,#2003);
#1998 = PLANE('',#1999);
#1999 = AXIS2_PLACEMENT_3D('',#2000,#2001,#2002);
#2000 = CARTESIAN_POINT('',(6.35E-02,0.,0.));
#2001 = DIRECTION('',(1.,0.,0.));
#2002 = DIRECTION('',(0.,0.,1.));
#2003 = DEFINITIONAL_REPRESENTATION('',(#2004),#2008);
#2004 = LINE('',#2005,#2006);
#2005 = CARTESIAN_POINT('',(0.,0.));
#2006 = VECTOR('',#2007,1.);
#2007 = DIRECTION('',(0.,-1.));
#2008 = ( GEOMETRIC_REPRESENTATION_CONTEXT(2) 
PARAMETRIC_REPRESENTATION_CONTEXT() REPRESENTATION_CONTEXT('2D SPACE',''
  ) );
#2009 = ORIENTED_EDGE('',*,*,#2010,.F.);
#2010 = EDGE_CURVE('',#1920,#1983,#2011,.T.);
#2011 = SURFACE_CURVE('',#2012,(#2016,#2023),.PCURVE_S1.);
#2012 = LINE('',#2013,#2014);
#2013 = CARTESIAN_POINT('',(0.,0.,0.));
#2014 = VECTOR('',#2015,1.);
#2015 = DIRECTION('',(1.,0.,0.));
#2016 = PCURVE('',#1930,#2017);
#2017 = DEFINITIONAL_REPRESENTATION('',(#2018),#2022);
#2018 = LINE('',#2019,#2020);
#2019 = CARTESIAN_POINT('',(0.,0.));
#2020 = VECTOR('',#2021,1.);
#2021 = DIRECTION('',(1.,0.));
#2022 = ( GEOMETRIC_REPRESENTATION_CONTEXT(2) 
PARAMETRIC_REPRESENTATION_CONTEXT() REPRESENTATION_CONTEXT('2D SPACE',''
  ) );
#2023 = PCURVE('',#2024,#2029);
#2024 = PLANE('',#2025);
#2025 = AXIS2_PLACEMENT_3D('',#2026,#2027,#2028);
#2026 = CARTESIAN_POINT('',(3.992610062893E-02,0.,7.146226415094E-02));
#2027 = DIRECTION('',(-0.,-1.,-0.));
#2028 = DIRECTION('',(0.,0.,-1.));
#2029 = DEFINITIONAL_REPRESENTATION('',(#2030),#2034);
#2030 = LINE('',#2031,#2032);
#2031 = CARTESIAN_POINT('',(7.146226415094E-02,-3.992610062893E-02));
#2032 = VECTOR('',#2033,1.);
#2033 = DIRECTION('',(0.,1.));
#2034 = ( GEOMETRIC_REPRESENTATION_CONTEXT(2) 
PARAMETRIC_REPRESENTATION_CONTEXT() REPRESENTATION_CONTEXT('2D SPACE',''
  ) );
#2035 = ADVANCED_FACE('',(#2036),#1998,.T.);
#2036 = FACE_BOUND('',#2037,.T.);
#2037 = EDGE_LOOP('',(#2038,#2039,#2062,#2090));
#2038 = ORIENTED_EDGE('',*,*,#1982,.T.);
#2039 = ORIENTED_EDGE('',*,*,#2040,.T.);
#2040 = EDGE_CURVE('',#1955,#2041,#2043,.T.);
#2041 = VERTEX_POINT('',#2042);
#2042 = CARTESIAN_POINT('',(6.35E-02,1.25E-02,0.15));
#2043 = SURFACE_CURVE('',#2044,(#2048,#2055),.PCURVE_S1.);
#2044 = LINE('',#2045,#2046);
#2045 = CARTESIAN_POINT('',(6.35E-02,1.25E-02,0.));
#2046 = VECTOR('',#2047,1.);
#2047 = DIRECTION('',(0.,0.,1.));
#2048 = PCURVE('',#1998,#2049);
#2049 = DEFINITIONAL_REPRESENTATION('',(#2050),#2054);
#2050 = LINE('',#2051,#2052);
#2051 = CARTESIAN_POINT('',(0.,-1.25E-02));
#2052 = VECTOR('',#2053,1.);
#2053 = DIRECTION('',(1.,0.));
#2054 = ( GEOMETRIC_REPRESENTATION_CONTEXT(2) 
PARAMETRIC_REPRESENTATION_CONTEXT() REPRESENTATION_CONTEXT('2D SPACE',''
  ) );
#2055 = PCURVE('',#1970,#2056);
#2056 = DEFINITIONAL_REPRESENTATION('',(#2057),#2061);
#2057 = LINE('',#2058,#2059);
#2058 = CARTESIAN_POINT('',(7.146226415094E-02,2.357389937107E-02));
#2059 = VECTOR('',#2060,1.);
#2060 = DIRECTION('',(-1.,0.));
#2061 = ( GEOMETRIC_REPRESENTATION_CONTEXT(2) 
PARAMETRIC_REPRESENTATION_CONTEXT() REPRESENTATION_CONTEXT('2D SPACE',''
  ) );
#2062 = ORIENTED_EDGE('',*,*,#2063,.F.);
#2063 = EDGE_CURVE('',#2064,#2041,#2066,.T.);
#2064 = VERTEX_POINT('',#2065);
#2065 = CARTESIAN_POINT('',(6.35E-02,0.,0.15));
#2066 = SURFACE_CURVE('',#2067,(#2071,#2078),.PCURVE_S1.);
#2067 = LINE('',#2068,#2069);
#2068 = CARTESIAN_POINT('',(6.35E-02,0.,0.15));
#2069 = VECTOR('',#2070,1.);
#2070 = DIRECTION('',(0.,1.,0.));
#2071 = PCURVE('',#1998,#2072);
#2072 = DEFINITIONAL_REPRESENTATION('',(#2073),#2077);
#2073 = LINE('',#2074,#2075);
#2074 = CARTESIAN_POINT('',(0.15,0.));
#2075 = VECTOR('',#2076,1.);
#2076 = DIRECTION('',(0.,-1.));
#2077 = ( GEOMETRIC_REPRESENTATION_CONTEXT(2) 
PARAMETRIC_REPRESENTATION_CONTEXT() REPRESENTATION_CONTEXT('2D SPACE',''
  ) );
#2078 = PCURVE('',#2079,#2084);
#2079 = PLANE('',#2080);
#2080 = AXIS2_PLACEMENT_3D('',#2081,#2082,#2083);
#2081 = CARTESIAN_POINT('',(6.35E-02,0.,0.15));
#2082 = DIRECTION('',(0.,-0.,1.));
#2083 = DIRECTION('',(-1.,0.,0.));
#2084 = DEFINITIONAL_REPRESENTATION('',(#2085),#2089);
#2085 = LINE('',#2086,#2087);
#2086 = CARTESIAN_POINT('',(0.,0.));
#2087 = VECTOR('',#2088,1.);
#2088 = DIRECTION('',(0.,-1.));
#2089 = ( GEOMETRIC_REPRESENTATION_CONTEXT(2) 
PARAMETRIC_REPRESENTATION_CONTEXT() REPRESENTATION_CONTEXT('2D SPACE',''
  ) );
#2090 = ORIENTED_EDGE('',*,*,#2091,.F.);
#2091 = EDGE_CURVE('',#1983,#2064,#2092,.T.);
#2092 = SURFACE_CURVE('',#2093,(#2097,#2104),.PCURVE_S1.);
#2093 = LINE('',#2094,#2095);
#2094 = CARTESIAN_POINT('',(6.35E-02,0.,0.));
#2095 = VECTOR('',#2096,1.);
#2096 = DIRECTION('',(0.,0.,1.));
#2097 = PCURVE('',#1998,#2098);
#2098 = DEFINITIONAL_REPRESENTATION('',(#2099),#2103);
#2099 = LINE('',#2100,#2101);
#2100 = CARTESIAN_POINT('',(0.,0.));
#2101 = VECTOR('',#2102,1.);
#2102 = DIRECTION('',(1.,0.));
#2103 = ( GEOMETRIC_REPRESENTATION_CONTEXT(2) 
PARAMETRIC_REPRESENTATION_CONTEXT() REPRESENTATION_CONTEXT('2D SPACE',''
  ) );
#2104 = PCURVE('',#2024,#2105);
#2105 = DEFINITIONAL_REPRESENTATION('',(#2106),#2110);
#2106 = LINE('',#2107,#2108);
#2107 = CARTESIAN_POINT('',(7.146226415094E-02,2.357389937107E-02));
#2108 = VECTOR('',#2109,1.);
#2109 = DIRECTION('',(-1.,0.));
#2110 = ( GEOMETRIC_REPRESENTATION_CONTEXT(2) 
PARAMETRIC_REPRESENTATION_CONTEXT() REPRESENTATION_CONTEXT('2D SPACE',''
  ) );
#2111 = ADVANCED_FACE('',(#2112),#2079,.T.);
#2112 = FACE_BOUND('',#2113,.T.);
#2113 = EDGE_LOOP('',(#2114,#2115,#2138,#2166));
#2114 = ORIENTED_EDGE('',*,*,#2063,.T.);
#2115 = ORIENTED_EDGE('',*,*,#2116,.T.);
#2116 = EDGE_CURVE('',#2041,#2117,#2119,.T.);
#2117 = VERTEX_POINT('',#2118);
#2118 = CARTESIAN_POINT('',(1.35E-02,1.25E-02,0.15));
#2119 = SURFACE_CURVE('',#2120,(#2124,#2131),.PCURVE_S1.);
#2120 = LINE('',#2121,#2122);
#2121 = CARTESIAN_POINT('',(6.35E-02,1.25E-02,0.15));
#2122 = VECTOR('',#2123,1.);
#2123 = DIRECTION('',(-1.,0.,0.));
#2124 = PCURVE('',#2079,#2125);
#2125 = DEFINITIONAL_REPRESENTATION('',(#2126),#2130);
#2126 = LINE('',#2127,#2128);
#2127 = CARTESIAN_POINT('',(0.,-1.25E-02));
#2128 = VECTOR('',#2129,1.);
#2129 = DIRECTION('',(1.,0.));
#2130 = ( GEOMETRIC_REPRESENTATION_CONTEXT(2) 
PARAMETRIC_REPRESENTATION_CONTEXT() REPRESENTATION_CONTEXT('2D SPACE',''
  ) );
#2131 = PCURVE('',#1970,#2132);
#2132 = DEFINITIONAL_REPRESENTATION('',(#2133),#2137);
#2133 = LINE('',#2134,#2135);
#2134 = CARTESIAN_POINT('',(-7.853773584906E-02,2.357389937107E-02));
#2135 = VECTOR('',#2136,1.);
#2136 = DIRECTION('',(0.,-1.));
#2137 = ( GEOMETRIC_REPRESENTATION_CONTEXT(2) 
PARAMETRIC_REPRESENTATION_CONTEXT() REPRESENTATION_CONTEXT('2D SPACE',''
  ) );
#2138 = ORIENTED_EDGE('',*,*,#2139,.F.);
#2139 = EDGE_CURVE('',#2140,#2117,#2142,.T.);
#2140 = VERTEX_POINT('',#2141);
#2141 = CARTESIAN_POINT('',(1.35E-02,0.,0.15));
#2142 = SURFACE_CURVE('',#2143,(#2147,#2154),.PCURVE_S1.);
#2143 = LINE('',#2144,#2145);
#2144 = CARTESIAN_POINT('',(1.35E-02,0.,0.15));
#2145 = VECTOR('',#2146,1.);
#2146 = DIRECTION('',(0.,1.,0.));
#2147 = PCURVE('',#2079,#2148);
#2148 = DEFINITIONAL_REPRESENTATION('',(#2149),#2153);
#2149 = LINE('',#2150,#2151);
#2150 = CARTESIAN_POINT('',(5.E-02,0.));
#2151 = VECTOR('',#2152,1.);
#2152 = DIRECTION('',(0.,-1.));
#2153 = ( GEOMETRIC_REPRESENTATION_CONTEXT(2) 
PARAMETRIC_REPRESENTATION_CONTEXT() REPRESENTATION_CONTEXT('2D SPACE',''
  ) );
#2154 = PCURVE('',#2155,#2160);
#2155 = PLANE('',#2156);
#2156 = AXIS2_PLACEMENT_3D('',#2157,#2158,#2159);
#2157 = CARTESIAN_POINT('',(1.35E-02,0.,0.15));
#2158 = DIRECTION('',(-1.,0.,0.));
#2159 = DIRECTION('',(0.,0.,-1.));
#2160 = DEFINITIONAL_REPRESENTATION('',(#2161),#2165);
#2161 = LINE('',#2162,#2163);
#2162 = CARTESIAN_POINT('',(0.,-0.));
#2163 = VECTOR('',#2164,1.);
#2164 = DIRECTION('',(0.,-1.));
#2165 = ( GEOMETRIC_REPRESENTATION_CONTEXT(2) 
PARAMETRIC_REPRESENTATION_CONTEXT() REPRESENTATION_CONTEXT('2D SPACE',''
  ) );
#2166 = ORIENTED_EDGE('',*,*,#2167,.F.);
#2167 = EDGE_CURVE('',#2064,#2140,#2168,.T.);
#2168 = SURFACE_CURVE('',#2169,(#2173,#2180),.PCURVE_S1.);
#2169 = LINE('',#2170,#2171);
#2170 = CARTESIAN_POINT('',(6.35E-02,0.,0.15));
#2171 = VECTOR('',#2172,1.);
#2172 = DIRECTION('',(-1.,0.,0.));
#2173 = PCURVE('',#2079,#2174);
#2174 = DEFINITIONAL_REPRESENTATION('',(#2175),#2179);
#2175 = LINE('',#2176,#2177);
#2176 = CARTESIAN_POINT('',(0.,0.));
#2177 = VECTOR('',#2178,1.);
#2178 = DIRECTION('',(1.,0.));
#2179 = ( GEOMETRIC_REPRESENTATION_CONTEXT(2) 
PARAMETRIC_REPRESENTATION_CONTEXT() REPRESENTATION_CONTEXT('2D SPACE',''
  ) );
#2180 = PCURVE('',#2024,#2181);
#2181 = DEFINITIONAL_REPRESENTATION('',(#2182),#2186);
#2182 = LINE('',#2183,#2184);
#2183 = CARTESIAN_POINT('',(-7.853773584906E-02,2.357389937107E-02));
#2184 = VECTOR('',#2185,1.);
#2185 = DIRECTION('',(0.,-1.));
#2186 = ( GEOMETRIC_REPRESENTATION_CONTEXT(2) 
PARAMETRIC_REPRESENTATION_CONTEXT() REPRESENTATION_CONTEXT('2D SPACE',''
  ) );
#2187 = ADVANCED_FACE('',(#2188),#2155,.T.);
#2188 = FACE_BOUND('',#2189,.T.);
#2189 = EDGE_LOOP('',(#2190,#2191,#2214,#2242));
#2190 = ORIENTED_EDGE('',*,*,#2139,.T.);
#2191 = ORIENTED_EDGE('',*,*,#2192,.T.);
#2192 = EDGE_CURVE('',#2117,#2193,#2195,.T.);
#2193 = VERTEX_POINT('',#2194);
#2194 = CARTESIAN_POINT('',(1.35E-02,1.25E-02,0.125));
#2195 = SURFACE_CURVE('',#2196,(#2200,#2207),.PCURVE_S1.);
#2196 = LINE('',#2197,#2198);
#2197 = CARTESIAN_POINT('',(1.35E-02,1.25E-02,0.15));
#2198 = VECTOR('',#2199,1.);
#2199 = DIRECTION('',(0.,0.,-1.));
#2200 = PCURVE('',#2155,#2201);
#2201 = DEFINITIONAL_REPRESENTATION('',(#2202),#2206);
#2202 = LINE('',#2203,#2204);
#2203 = CARTESIAN_POINT('',(0.,-1.25E-02));
#2204 = VECTOR('',#2205,1.);
#2205 = DIRECTION('',(1.,0.));
#2206 = ( GEOMETRIC_REPRESENTATION_CONTEXT(2) 
PARAMETRIC_REPRESENTATION_CONTEXT() REPRESENTATION_CONTEXT('2D SPACE',''
  ) );
#2207 = PCURVE('',#1970,#2208);
#2208 = DEFINITIONAL_REPRESENTATION('',(#2209),#2213);
#2209 = LINE('',#2210,#2211);
#2210 = CARTESIAN_POINT('',(-7.853773584906E-02,-2.642610062893E-02));
#2211 = VECTOR('',#2212,1.);
#2212 = DIRECTION('',(1.,0.));
#2213 = ( GEOMETRIC_REPRESENTATION_CONTEXT(2) 
PARAMETRIC_REPRESENTATION_CONTEXT() REPRESENTATION_CONTEXT('2D SPACE',''
  ) );
#2214 = ORIENTED_EDGE('',*,*,#2215,.F.);
#2215 = EDGE_CURVE('',#2216,#2193,#2218,.T.);
#2216 = VERTEX_POINT('',#2217);
#2217 = CARTESIAN_POINT('',(1.35E-02,0.,0.125));
#2218 = SURFACE_CURVE('',#2219,(#2223,#2230),.PCURVE_S1.);
#2219 = LINE('',#2220,#2221);
#2220 = CARTESIAN_POINT('',(1.35E-02,0.,0.125));
#2221 = VECTOR('',#2222,1.);
#2222 = DIRECTION('',(0.,1.,0.));
#2223 = PCURVE('',#2155,#2224);
#2224 = DEFINITIONAL_REPRESENTATION('',(#2225),#2229);
#2225 = LINE('',#2226,#2227);
#2226 = CARTESIAN_POINT('',(2.5E-02,0.));
#2227 = VECTOR('',#2228,1.);
#2228 = DIRECTION('',(0.,-1.));
#2229 = ( GEOMETRIC_REPRESENTATION_CONTEXT(2) 
PARAMETRIC_REPRESENTATION_CONTEXT() REPRESENTATION_CONTEXT('2D SPACE',''
  ) );
#2230 = PCURVE('',#2231,#2236);
#2231 = PLANE('',#2232);
#2232 = AXIS2_PLACEMENT_3D('',#2233,#2234,#2235);
#2233 = CARTESIAN_POINT('',(1.35E-02,0.,0.125));
#2234 = DIRECTION('',(0.,0.,-1.));
#2235 = DIRECTION('',(1.,0.,0.));
#2236 = DEFINITIONAL_REPRESENTATION('',(#2237),#2241);
#2237 = LINE('',#2238,#2239);
#2238 = CARTESIAN_POINT('',(0.,0.));
#2239 = VECTOR('',#2240,1.);
#2240 = DIRECTION('',(0.,-1.));
#2241 = ( GEOMETRIC_REPRESENTATION_CONTEXT(2) 
PARAMETRIC_REPRESENTATION_CONTEXT() REPRESENTATION_CONTEXT('2D SPACE',''
  ) );
#2242 = ORIENTED_EDGE('',*,*,#2243,.F.);
#2243 = EDGE_CURVE('',#2140,#2216,#2244,.T.);
#2244 = SURFACE_CURVE('',#2245,(#2249,#2256),.PCURVE_S1.);
#2245 = LINE('',#2246,#2247);
#2246 = CARTESIAN_POINT('',(1.35E-02,0.,0.15));
#2247 = VECTOR('',#2248,1.);
#2248 = DIRECTION('',(0.,0.,-1.));
#2249 = PCURVE('',#2155,#2250);
#2250 = DEFINITIONAL_REPRESENTATION('',(#2251),#2255);
#2251 = LINE('',#2252,#2253);
#2252 = CARTESIAN_POINT('',(0.,-0.));
#2253 = VECTOR('',#2254,1.);
#2254 = DIRECTION('',(1.,0.));
#2255 = ( GEOMETRIC_REPRESENTATION_CONTEXT(2) 
PARAMETRIC_REPRESENTATION_CONTEXT() REPRESENTATION_CONTEXT('2D SPACE',''
  ) );
#2256 = PCURVE('',#2024,#2257);
#2257 = DEFINITIONAL_REPRESENTATION('',(#2258),#2262);
#2258 = LINE('',#2259,#2260);
#2259 = CARTESIAN_POINT('',(-7.853773584906E-02,-2.642610062893E-02));
#2260 = VECTOR('',#2261,1.);
#2261 = DIRECTION('',(1.,0.));
#2262 = ( GEOMETRIC_REPRESENTATION_CONTEXT(2) 
PARAMETRIC_REPRESENTATION_CONTEXT() REPRESENTATION_CONTEXT('2D SPACE',''
  ) );
#2263 = ADVANCED_FACE('',(#2264),#2231,.T.);
#2264 = FACE_BOUND('',#2265,.T.);
#2265 = EDGE_LOOP('',(#2266,#2267,#2290,#2318));
#2266 = ORIENTED_EDGE('',*,*,#2215,.T.);
#2267 = ORIENTED_EDGE('',*,*,#2268,.T.);
#2268 = EDGE_CURVE('',#2193,#2269,#2271,.T.);
#2269 = VERTEX_POINT('',#2270);
#2270 = CARTESIAN_POINT('',(3.85E-02,1.25E-02,0.125));
#2271 = SURFACE_CURVE('',#2272,(#2276,#2283),.PCURVE_S1.);
#2272 = LINE('',#2273,#2274);
#2273 = CARTESIAN_POINT('',(1.35E-02,1.25E-02,0.125));
#2274 = VECTOR('',#2275,1.);
#2275 = DIRECTION('',(1.,0.,0.));
#2276 = PCURVE('',#2231,#2277);
#2277 = DEFINITIONAL_REPRESENTATION('',(#2278),#2282);
#2278 = LINE('',#2279,#2280);
#2279 = CARTESIAN_POINT('',(0.,-1.25E-02));
#2280 = VECTOR('',#2281,1.);
#2281 = DIRECTION('',(1.,0.));
#2282 = ( GEOMETRIC_REPRESENTATION_CONTEXT(2) 
PARAMETRIC_REPRESENTATION_CONTEXT() REPRESENTATION_CONTEXT('2D SPACE',''
  ) );
#2283 = PCURVE('',#1970,#2284);
#2284 = DEFINITIONAL_REPRESENTATION('',(#2285),#2289);
#2285 = LINE('',#2286,#2287);
#2286 = CARTESIAN_POINT('',(-5.353773584906E-02,-2.642610062893E-02));
#2287 = VECTOR('',#2288,1.);
#2288 = DIRECTION('',(0.,1.));
#2289 = ( GEOMETRIC_REPRESENTATION_CONTEXT(2) 
PARAMETRIC_REPRESENTATION_CONTEXT() REPRESENTATION_CONTEXT('2D SPACE',''
  ) );
#2290 = ORIENTED_EDGE('',*,*,#2291,.F.);
#2291 = EDGE_CURVE('',#2292,#2269,#2294,.T.);
#2292 = VERTEX_POINT('',#2293);
#2293 = CARTESIAN_POINT('',(3.85E-02,0.,0.125));
#2294 = SURFACE_CURVE('',#2295,(#2299,#2306),.PCURVE_S1.);
#2295 = LINE('',#2296,#2297);
#2296 = CARTESIAN_POINT('',(3.85E-02,0.,0.125));
#2297 = VECTOR('',#2298,1.);
#2298 = DIRECTION('',(0.,1.,0.));
#2299 = PCURVE('',#2231,#2300);
#2300 = DEFINITIONAL_REPRESENTATION('',(#2301),#2305);
#2301 = LINE('',#2302,#2303);
#2302 = CARTESIAN_POINT('',(2.5E-02,0.));
#2303 = VECTOR('',#2304,1.);
#2304 = DIRECTION('',(0.,-1.));
#2305 = ( GEOMETRIC_REPRESENTATION_CONTEXT(2) 
PARAMETRIC_REPRESENTATION_CONTEXT() REPRESENTATION_CONTEXT('2D SPACE',''
  ) );
#2306 = PCURVE('',#2307,#2312);
#2307 = PLANE('',#2308);
#2308 = AXIS2_PLACEMENT_3D('',#2309,#2310,#2311);
#2309 = CARTESIAN_POINT('',(3.85E-02,0.,0.125));
#2310 = DIRECTION('',(-1.,0.,0.));
#2311 = DIRECTION('',(0.,0.,-1.));
#2312 = DEFINITIONAL_REPRESENTATION('',(#2313),#2317);
#2313 = LINE('',#2314,#2315);
#2314 = CARTESIAN_POINT('',(0.,-0.));
#2315 = VECTOR('',#2316,1.);
#2316 = DIRECTION('',(0.,-1.));
#2317 = ( GEOMETRIC_REPRESENTATION_CONTEXT(2) 
PARAMETRIC_REPRESENTATION_CONTEXT() REPRESENTATION_CONTEXT('2D SPACE',''
  ) );
#2318 = ORIENTED_EDGE('',*,*,#2319,.F.);
#2319 = EDGE_CURVE('',#2216,#2292,#2320,.T.);
#2320 = SURFACE_CURVE('',#2321,(#2325,#2332),.PCURVE_S1.);
#2321 = LINE('',#2322,#2323);
#2322 = CARTESIAN_POINT('',(1.35E-02,0.,0.125));
#2323 = VECTOR('',#2324,1.);
#2324 = DIRECTION('',(1.,0.,0.));
#2325 = PCURVE('',#2231,#2326);
#2326 = DEFINITIONAL_REPRESENTATION('',(#2327),#2331);
#2327 = LINE('',#2328,#2329);
#2328 = CARTESIAN_POINT('',(0.,0.));
#2329 = VECTOR('',#2330,1.);
#2330 = DIRECTION('',(1.,0.));
#2331 = ( GEOMETRIC_REPRESENTATION_CONTEXT(2) 
PARAMETRIC_REPRESENTATION_CONTEXT() REPRESENTATION_CONTEXT('2D SPACE',''
  ) );
#2332 = PCURVE('',#2024,#2333);
#2333 = DEFINITIONAL_REPRESENTATION('',(#2334),#2338);
#2334 = LINE('',#2335,#2336);
#2335 = CARTESIAN_POINT('',(-5.353773584906E-02,-2.642610062893E-02));
#2336 = VECTOR('',#2337,1.);
#2337 = DIRECTION('',(0.,1.));
#2338 = ( GEOMETRIC_REPRESENTATION_CONTEXT(2) 
PARAMETRIC_REPRESENTATION_CONTEXT() REPRESENTATION_CONTEXT('2D SPACE',''
  ) );
#2339 = ADVANCED_FACE('',(#2340),#2307,.T.);
#2340 = FACE_BOUND('',#2341,.T.);
#2341 = EDGE_LOOP('',(#2342,#2343,#2366,#2394));
#2342 = ORIENTED_EDGE('',*,*,#2291,.T.);
#2343 = ORIENTED_EDGE('',*,*,#2344,.T.);
#2344 = EDGE_CURVE('',#2269,#2345,#2347,.T.);
#2345 = VERTEX_POINT('',#2346);
#2346 = CARTESIAN_POINT('',(3.85E-02,1.25E-02,2.5E-02));
#2347 = SURFACE_CURVE('',#2348,(#2352,#2359),.PCURVE_S1.);
#2348 = LINE('',#2349,#2350);
#2349 = CARTESIAN_POINT('',(3.85E-02,1.25E-02,0.125));
#2350 = VECTOR('',#2351,1.);
#2351 = DIRECTION('',(0.,0.,-1.));
#2352 = PCURVE('',#2307,#2353);
#2353 = DEFINITIONAL_REPRESENTATION('',(#2354),#2358);
#2354 = LINE('',#2355,#2356);
#2355 = CARTESIAN_POINT('',(0.,-1.25E-02));
#2356 = VECTOR('',#2357,1.);
#2357 = DIRECTION('',(1.,0.));
#2358 = ( GEOMETRIC_REPRESENTATION_CONTEXT(2) 
PARAMETRIC_REPRESENTATION_CONTEXT() REPRESENTATION_CONTEXT('2D SPACE',''
  ) );
#2359 = PCURVE('',#1970,#2360);
#2360 = DEFINITIONAL_REPRESENTATION('',(#2361),#2365);
#2361 = LINE('',#2362,#2363);
#2362 = CARTESIAN_POINT('',(-5.353773584906E-02,-1.426100628931E-03));
#2363 = VECTOR('',#2364,1.);
#2364 = DIRECTION('',(1.,0.));
#2365 = ( GEOMETRIC_REPRESENTATION_CONTEXT(2) 
PARAMETRIC_REPRESENTATION_CONTEXT() REPRESENTATION_CONTEXT('2D SPACE',''
  ) );
#2366 = ORIENTED_EDGE('',*,*,#2367,.F.);
#2367 = EDGE_CURVE('',#2368,#2345,#2370,.T.);
#2368 = VERTEX_POINT('',#2369);
#2369 = CARTESIAN_POINT('',(3.85E-02,0.,2.5E-02));
#2370 = SURFACE_CURVE('',#2371,(#2375,#2382),.PCURVE_S1.);
#2371 = LINE('',#2372,#2373);
#2372 = CARTESIAN_POINT('',(3.85E-02,0.,2.5E-02));
#2373 = VECTOR('',#2374,1.);
#2374 = DIRECTION('',(0.,1.,0.));
#2375 = PCURVE('',#2307,#2376);
#2376 = DEFINITIONAL_REPRESENTATION('',(#2377),#2381);
#2377 = LINE('',#2378,#2379);
#2378 = CARTESIAN_POINT('',(0.1,0.));
#2379 = VECTOR('',#2380,1.);
#2380 = DIRECTION('',(0.,-1.));
#2381 = ( GEOMETRIC_REPRESENTATION_CONTEXT(2) 
PARAMETRIC_REPRESENTATION_CONTEXT() REPRESENTATION_CONTEXT('2D SPACE',''
  ) );
#2382 = PCURVE('',#2383,#2388);
#2383 = PLANE('',#2384);
#2384 = AXIS2_PLACEMENT_3D('',#2385,#2386,#2387);
#2385 = CARTESIAN_POINT('',(3.85E-02,0.,2.5E-02));
#2386 = DIRECTION('',(0.,-0.,1.));
#2387 = DIRECTION('',(-1.,0.,0.));
#2388 = DEFINITIONAL_REPRESENTATION('',(#2389),#2393);
#2389 = LINE('',#2390,#2391);
#2390 = CARTESIAN_POINT('',(0.,0.));
#2391 = VECTOR('',#2392,1.);
#2392 = DIRECTION('',(0.,-1.));
#2393 = ( GEOMETRIC_REPRESENTATION_CONTEXT(2) 
PARAMETRIC_REPRESENTATION_CONTEXT() REPRESENTATION_CONTEXT('2D SPACE',''
  ) );
#2394 = ORIENTED_EDGE('',*,*,#2395,.F.);
#2395 = EDGE_CURVE('',#2292,#2368,#2396,.T.);
#2396 = SURFACE_CURVE('',#2397,(#2401,#2408),.PCURVE_S1.);
#2397 = LINE('',#2398,#2399);
#2398 = CARTESIAN_POINT('',(3.85E-02,0.,0.125));
#2399 = VECTOR('',#2400,1.);
#2400 = DIRECTION('',(0.,0.,-1.));
#2401 = PCURVE('',#2307,#2402);
#2402 = DEFINITIONAL_REPRESENTATION('',(#2403),#2407);
#2403 = LINE('',#2404,#2405);
#2404 = CARTESIAN_POINT('',(0.,-0.));
#2405 = VECTOR('',#2406,1.);
#2406 = DIRECTION('',(1.,0.));
#2407 = ( GEOMETRIC_REPRESENTATION_CONTEXT(2) 
PARAMETRIC_REPRESENTATION_CONTEXT() REPRESENTATION_CONTEXT('2D SPACE',''
  ) );
#2408 = PCURVE('',#2024,#2409);
#2409 = DEFINITIONAL_REPRESENTATION('',(#2410),#2414);
#2410 = LINE('',#2411,#2412);
#2411 = CARTESIAN_POINT('',(-5.353773584906E-02,-1.426100628931E-03));
#2412 = VECTOR('',#2413,1.);
#2413 = DIRECTION('',(1.,0.));
#2414 = ( GEOMETRIC_REPRESENTATION_CONTEXT(2) 
PARAMETRIC_REPRESENTATION_CONTEXT() REPRESENTATION_CONTEXT('2D SPACE',''
  ) );
#2415 = ADVANCED_FACE('',(#2416),#2383,.T.);
#2416 = FACE_BOUND('',#2417,.T.);
#2417 = EDGE_LOOP('',(#2418,#2419,#2442,#2465));
#2418 = ORIENTED_EDGE('',*,*,#2367,.T.);
#2419 = ORIENTED_EDGE('',*,*,#2420,.T.);
#2420 = EDGE_CURVE('',#2345,#2421,#2423,.T.);
#2421 = VERTEX_POINT('',#2422);
#2422 = CARTESIAN_POINT('',(0.,1.25E-02,2.5E-02));
#2423 = SURFACE_CURVE('',#2424,(#2428,#2435),.PCURVE_S1.);
#2424 = LINE('',#2425,#2426);
#2425 = CARTESIAN_POINT('',(3.85E-02,1.25E-02,2.5E-02));
#2426 = VECTOR('',#2427,1.);
#2427 = DIRECTION('',(-1.,0.,0.));
#2428 = PCURVE('',#2383,#2429);
#2429 = DEFINITIONAL_REPRESENTATION('',(#2430),#2434);
#2430 = LINE('',#2431,#2432);
#2431 = CARTESIAN_POINT('',(0.,-1.25E-02));
#2432 = VECTOR('',#2433,1.);
#2433 = DIRECTION('',(1.,0.));
#2434 = ( GEOMETRIC_REPRESENTATION_CONTEXT(2) 
PARAMETRIC_REPRESENTATION_CONTEXT() REPRESENTATION_CONTEXT('2D SPACE',''
  ) );
#2435 = PCURVE('',#1970,#2436);
#2436 = DEFINITIONAL_REPRESENTATION('',(#2437),#2441);
#2437 = LINE('',#2438,#2439);
#2438 = CARTESIAN_POINT('',(4.646226415094E-02,-1.426100628931E-03));
#2439 = VECTOR('',#2440,1.);
#2440 = DIRECTION('',(0.,-1.));
#2441 = ( GEOMETRIC_REPRESENTATION_CONTEXT(2) 
PARAMETRIC_REPRESENTATION_CONTEXT() REPRESENTATION_CONTEXT('2D SPACE',''
  ) );
#2442 = ORIENTED_EDGE('',*,*,#2443,.F.);
#2443 = EDGE_CURVE('',#2444,#2421,#2446,.T.);
#2444 = VERTEX_POINT('',#2445);
#2445 = CARTESIAN_POINT('',(0.,0.,2.5E-02));
#2446 = SURFACE_CURVE('',#2447,(#2451,#2458),.PCURVE_S1.);
#2447 = LINE('',#2448,#2449);
#2448 = CARTESIAN_POINT('',(0.,0.,2.5E-02));
#2449 = VECTOR('',#2450,1.);
#2450 = DIRECTION('',(0.,1.,0.));
#2451 = PCURVE('',#2383,#2452);
#2452 = DEFINITIONAL_REPRESENTATION('',(#2453),#2457);
#2453 = LINE('',#2454,#2455);
#2454 = CARTESIAN_POINT('',(3.85E-02,0.));
#2455 = VECTOR('',#2456,1.);
#2456 = DIRECTION('',(0.,-1.));
#2457 = ( GEOMETRIC_REPRESENTATION_CONTEXT(2) 
PARAMETRIC_REPRESENTATION_CONTEXT() REPRESENTATION_CONTEXT('2D SPACE',''
  ) );
#2458 = PCURVE('',#1942,#2459);
#2459 = DEFINITIONAL_REPRESENTATION('',(#2460),#2464);
#2460 = LINE('',#2461,#2462);
#2461 = CARTESIAN_POINT('',(0.,-0.));
#2462 = VECTOR('',#2463,1.);
#2463 = DIRECTION('',(0.,-1.));
#2464 = ( GEOMETRIC_REPRESENTATION_CONTEXT(2) 
PARAMETRIC_REPRESENTATION_CONTEXT() REPRESENTATION_CONTEXT('2D SPACE',''
  ) );
#2465 = ORIENTED_EDGE('',*,*,#2466,.F.);
#2466 = EDGE_CURVE('',#2368,#2444,#2467,.T.);
#2467 = SURFACE_CURVE('',#2468,(#2472,#2479),.PCURVE_S1.);
#2468 = LINE('',#2469,#2470);
#2469 = CARTESIAN_POINT('',(3.85E-02,0.,2.5E-02));
#2470 = VECTOR('',#2471,1.);
#2471 = DIRECTION('',(-1.,0.,0.));
#2472 = PCURVE('',#2383,#2473);
#2473 = DEFINITIONAL_REPRESENTATION('',(#2474),#2478);
#2474 = LINE('',#2475,#2476);
#2475 = CARTESIAN_POINT('',(0.,0.));
#2476 = VECTOR('',#2477,1.);
#2477 = DIRECTION('',(1.,0.));
#2478 = ( GEOMETRIC_REPRESENTATION_CONTEXT(2) 
PARAMETRIC_REPRESENTATION_CONTEXT() REPRESENTATION_CONTEXT('2D SPACE',''
  ) );
#2479 = PCURVE('',#2024,#2480);
#2480 = DEFINITIONAL_REPRESENTATION('',(#2481),#2485);
#2481 = LINE('',#2482,#2483);
#2482 = CARTESIAN_POINT('',(4.646226415094E-02,-1.426100628931E-03));
#2483 = VECTOR('',#2484,1.);
#2484 = DIRECTION('',(0.,-1.));
#2485 = ( GEOMETRIC_REPRESENTATION_CONTEXT(2) 
PARAMETRIC_REPRESENTATION_CONTEXT() REPRESENTATION_CONTEXT('2D SPACE',''
  ) );
#2486 = ADVANCED_FACE('Yoke::TangentialFlux',(#2487),#1942,.T.);
#2487 = FACE_BOUND('',#2488,.T.);
#2488 = EDGE_LOOP('',(#2489,#2490,#2511,#2512));
#2489 = ORIENTED_EDGE('',*,*,#2443,.T.);
#2490 = ORIENTED_EDGE('',*,*,#2491,.T.);
#2491 = EDGE_CURVE('',#2421,#1922,#2492,.T.);
#2492 = SURFACE_CURVE('',#2493,(#2497,#2504),.PCURVE_S1.);
#2493 = LINE('',#2494,#2495);
#2494 = CARTESIAN_POINT('',(0.,1.25E-02,2.5E-02));
#2495 = VECTOR('',#2496,1.);
#2496 = DIRECTION('',(0.,0.,-1.));
#2497 = PCURVE('',#1942,#2498);
#2498 = DEFINITIONAL_REPRESENTATION('',(#2499),#2503);
#2499 = LINE('',#2500,#2501);
#2500 = CARTESIAN_POINT('',(0.,-1.25E-02));
#2501 = VECTOR('',#2502,1.);
#2502 = DIRECTION('',(1.,0.));
#2503 = ( GEOMETRIC_REPRESENTATION_CONTEXT(2) 
PARAMETRIC_REPRESENTATION_CONTEXT() REPRESENTATION_CONTEXT('2D SPACE',''
  ) );
#2504 = PCURVE('',#1970,#2505);
#2505 = DEFINITIONAL_REPRESENTATION('',(#2506),#2510);
#2506 = LINE('',#2507,#2508);
#2507 = CARTESIAN_POINT('',(4.646226415094E-02,-3.992610062893E-02));
#2508 = VECTOR('',#2509,1.);
#2509 = DIRECTION('',(1.,0.));
#2510 = ( GEOMETRIC_REPRESENTATION_CONTEXT(2) 
PARAMETRIC_REPRESENTATION_CONTEXT() REPRESENTATION_CONTEXT('2D SPACE',''
  ) );
#2511 = ORIENTED_EDGE('',*,*,#1919,.F.);
#2512 = ORIENTED_EDGE('',*,*,#2513,.F.);
#2513 = EDGE_CURVE('',#2444,#1920,#2514,.T.);
#2514 = SURFACE_CURVE('',#2515,(#2519,#2526),.PCURVE_S1.);
#2515 = LINE('',#2516,#2517);
#2516 = CARTESIAN_POINT('',(0.,0.,2.5E-02));
#2517 = VECTOR('',#2518,1.);
#2518 = DIRECTION('',(0.,0.,-1.));
#2519 = PCURVE('',#1942,#2520);
#2520 = DEFINITIONAL_REPRESENTATION('',(#2521),#2525);
#2521 = LINE('',#2522,#2523);
#2522 = CARTESIAN_POINT('',(0.,-0.));
#2523 = VECTOR('',#2524,1.);
#2524 = DIRECTION('',(1.,0.));
#2525 = ( GEOMETRIC_REPRESENTATION_CONTEXT(2) 
PARAMETRIC_REPRESENTATION_CONTEXT() REPRESENTATION_CONTEXT('2D SPACE',''
  ) );
#2526 = PCURVE('',#2024,#2527);
#2527 = DEFINITIONAL_REPRESENTATION('',(#2528),#2532);
#2528 = LINE('',#2529,#2530);
#2529 = CARTESIAN_POINT('',(4.646226415094E-02,-3.992610062893E-02));
#2530 = VECTOR('',#2531,1.);
#2531 = DIRECTION('',(1.,0.));
#2532 = ( GEOMETRIC_REPRESENTATION_CONTEXT(2) 
PARAMETRIC_REPRESENTATION_CONTEXT() REPRESENTATION_CONTEXT('2D SPACE',''
  ) );
#2533 = ADVANCED_FACE('Yoke::TangentialFlux',(#2534),#2024,.T.);
#2534 = FACE_BOUND('',#2535,.T.);
#2535 = EDGE_LOOP('',(#2536,#2537,#2538,#2539,#2540,#2541,#2542,#2543));
#2536 = ORIENTED_EDGE('',*,*,#2010,.T.);
#2537 = ORIENTED_EDGE('',*,*,#2091,.T.);
#2538 = ORIENTED_EDGE('',*,*,#2167,.T.);
#2539 = ORIENTED_EDGE('',*,*,#2243,.T.);
#2540 = ORIENTED_EDGE('',*,*,#2319,.T.);
#2541 = ORIENTED_EDGE('',*,*,#2395,.T.);
#2542 = ORIENTED_EDGE('',*,*,#2466,.T.);
#2543 = ORIENTED_EDGE('',*,*,#2513,.T.);
#2544 = ADVANCED_FACE('',(#2545),#1970,.F.);
#2545 = FACE_BOUND('',#2546,.F.);
#2546 = EDGE_LOOP('',(#2547,#2548,#2549,#2550,#2551,#2552,#2553,#2554));
#2547 = ORIENTED_EDGE('',*,*,#1954,.T.);
#2548 = ORIENTED_EDGE('',*,*,#2040,.T.);
#2549 = ORIENTED_EDGE('',*,*,#2116,.T.);
#2550 = ORIENTED_EDGE('',*,*,#2192,.T.);
#2551 = ORIENTED_EDGE('',*,*,#2268,.T.);
#2552 = ORIENTED_EDGE('',*,*,#2344,.T.);
#2553 = ORIENTED_EDGE('',*,*,#2420,.T.);
#2554 = ORIENTED_EDGE('',*,*,#2491,.T.);
#2555 = MANIFOLD_SOLID_BREP('Pole',#2556);
#2556 = CLOSED_SHELL('',(#2557,#2677,#2753,#2824,#2871,#2878));
#2557 = ADVANCED_FACE('',(#2558),#2572,.T.);
#2558 = FACE_BOUND('',#2559,.T.);
#2559 = EDGE_LOOP('',(#2560,#2595,#2623,#2651));
#2560 = ORIENTED_EDGE('',*,*,#2561,.T.);
#2561 = EDGE_CURVE('',#2562,#2564,#2566,.T.);
#2562 = VERTEX_POINT('',#2563);
#2563 = CARTESIAN_POINT('',(0.,0.,2.65E-02));
#2564 = VERTEX_POINT('',#2565);
#2565 = CARTESIAN_POINT('',(0.,5.E-03,2.65E-02));
#2566 = SURFACE_CURVE('',#2567,(#2571,#2583),.PCURVE_S1.);
#2567 = LINE('',#2568,#2569);
#2568 = CARTESIAN_POINT('',(0.,0.,2.65E-02));
#2569 = VECTOR('',#2570,1.);
#2570 = DIRECTION('',(0.,1.,0.));
#2571 = PCURVE('',#2572,#2577);
#2572 = PLANE('',#2573);
#2573 = AXIS2_PLACEMENT_3D('',#2574,#2575,#2576);
#2574 = CARTESIAN_POINT('',(0.,0.,2.65E-02));
#2575 = DIRECTION('',(0.,0.,-1.));
#2576 = DIRECTION('',(1.,0.,0.));
#2577 = DEFINITIONAL_REPRESENTATION('',(#2578),#2582);
#2578 = LINE('',#2579,#2580);
#2579 = CARTESIAN_POINT('',(0.,0.));
#2580 = VECTOR('',#2581,1.);
#2581 = DIRECTION('',(0.,-1.));
#2582 = ( GEOMETRIC_REPRESENTATION_CONTEXT(2) 
PARAMETRIC_REPRESENTATION_CONTEXT() REPRESENTATION_CONTEXT('2D SPACE',''
  ) );
#2583 = PCURVE('',#2584,#2589);
#2584 = PLANE('',#2585);
#2585 = AXIS2_PLACEMENT_3D('',#2586,#2587,#2588);
#2586 = CARTESIAN_POINT('',(0.,0.,0.125));
#2587 = DIRECTION('',(-1.,0.,0.));
#2588 = DIRECTION('',(0.,0.,-1.));
#2589 = DEFINITIONAL_REPRESENTATION('',(#2590),#2594);
#2590 = LINE('',#2591,#2592);
#2591 = CARTESIAN_POINT('',(9.85E-02,0.));
#2592 = VECTOR('',#2593,1.);
#2593 = DIRECTION('',(0.,-1.));
#2594 = ( GEOMETRIC_REPRESENTATION_CONTEXT(2) 
PARAMETRIC_REPRESENTATION_CONTEXT() REPRESENTATION_CONTEXT('2D SPACE',''
  ) );
#2595 = ORIENTED_EDGE('',*,*,#2596,.T.);
#2596 = EDGE_CURVE('',#2564,#2597,#2599,.T.);
#2597 = VERTEX_POINT('',#2598);
#2598 = CARTESIAN_POINT('',(1.25E-02,5.E-03,2.65E-02));
#2599 = SURFACE_CURVE('',#2600,(#2604,#2611),.PCURVE_S1.);
#2600 = LINE('',#2601,#2602);
#2601 = CARTESIAN_POINT('',(0.,5.E-03,2.65E-02));
#2602 = VECTOR('',#2603,1.);
#2603 = DIRECTION('',(1.,0.,0.));
#2604 = PCURVE('',#2572,#2605);
#2605 = DEFINITIONAL_REPRESENTATION('',(#2606),#2610);
#2606 = LINE('',#2607,#2608);
#2607 = CARTESIAN_POINT('',(0.,-5.E-03));
#2608 = VECTOR('',#2609,1.);
#2609 = DIRECTION('',(1.,0.));
#2610 = ( GEOMETRIC_REPRESENTATION_CONTEXT(2) 
PARAMETRIC_REPRESENTATION_CONTEXT() REPRESENTATION_CONTEXT('2D SPACE',''
  ) );
#2611 = PCURVE('',#2612,#2617);
#2612 = PLANE('',#2613);
#2613 = AXIS2_PLACEMENT_3D('',#2614,#2615,#2616);
#2614 = CARTESIAN_POINT('',(6.25E-03,5.E-03,7.575E-02));
#2615 = DIRECTION('',(-0.,-1.,-0.));
#2616 = DIRECTION('',(0.,0.,-1.));
#2617 = DEFINITIONAL_REPRESENTATION('',(#2618),#2622);
#2618 = LINE('',#2619,#2620);
#2619 = CARTESIAN_POINT('',(4.925E-02,-6.25E-03));
#2620 = VECTOR('',#2621,1.);
#2621 = DIRECTION('',(0.,1.));
#2622 = ( GEOMETRIC_REPRESENTATION_CONTEXT(2) 
PARAMETRIC_REPRESENTATION_CONTEXT() REPRESENTATION_CONTEXT('2D SPACE',''
  ) );
#2623 = ORIENTED_EDGE('',*,*,#2624,.F.);
#2624 = EDGE_CURVE('',#2625,#2597,#2627,.T.);
#2625 = VERTEX_POINT('',#2626);
#2626 = CARTESIAN_POINT('',(1.25E-02,0.,2.65E-02));
#2627 = SURFACE_CURVE('',#2628,(#2632,#2639),.PCURVE_S1.);
#2628 = LINE('',#2629,#2630);
#2629 = CARTESIAN_POINT('',(1.25E-02,0.,2.65E-02));
#2630 = VECTOR('',#2631,1.);
#2631 = DIRECTION('',(0.,1.,0.));
#2632 = PCURVE('',#2572,#2633);
#2633 = DEFINITIONAL_REPRESENTATION('',(#2634),#2638);
#2634 = LINE('',#2635,#2636);
#2635 = CARTESIAN_POINT('',(1.25E-02,0.));
#2636 = VECTOR('',#2637,1.);
#2637 = DIRECTION('',(0.,-1.));
#2638 = ( GEOMETRIC_REPRESENTATION_CONTEXT(2) 
PARAMETRIC_REPRESENTATION_CONTEXT() REPRESENTATION_CONTEXT('2D SPACE',''
  ) );
#2639 = PCURVE('',#2640,#2645);
#2640 = PLANE('',#2641);
#2641 = AXIS2_PLACEMENT_3D('',#2642,#2643,#2644);
#2642 = CARTESIAN_POINT('',(1.25E-02,0.,2.65E-02));
#2643 = DIRECTION('',(1.,0.,0.));
#2644 = DIRECTION('',(0.,0.,1.));
#2645 = DEFINITIONAL_REPRESENTATION('',(#2646),#2650);
#2646 = LINE('',#2647,#2648);
#2647 = CARTESIAN_POINT('',(0.,0.));
#2648 = VECTOR('',#2649,1.);
#2649 = DIRECTION('',(0.,-1.));
#2650 = ( GEOMETRIC_REPRESENTATION_CONTEXT(2) 
PARAMETRIC_REPRESENTATION_CONTEXT() REPRESENTATION_CONTEXT('2D SPACE',''
  ) );
#2651 = ORIENTED_EDGE('',*,*,#2652,.F.);
#2652 = EDGE_CURVE('',#2562,#2625,#2653,.T.);
#2653 = SURFACE_CURVE('',#2654,(#2658,#2665),.PCURVE_S1.);
#2654 = LINE('',#2655,#2656);
#2655 = CARTESIAN_POINT('',(0.,0.,2.65E-02));
#2656 = VECTOR('',#2657,1.);
#2657 = DIRECTION('',(1.,0.,0.));
#2658 = PCURVE('',#2572,#2659);
#2659 = DEFINITIONAL_REPRESENTATION('',(#2660),#2664);
#2660 = LINE('',#2661,#2662);
#2661 = CARTESIAN_POINT('',(0.,0.));
#2662 = VECTOR('',#2663,1.);
#2663 = DIRECTION('',(1.,0.));
#2664 = ( GEOMETRIC_REPRESENTATION_CONTEXT(2) 
PARAMETRIC_REPRESENTATION_CONTEXT() REPRESENTATION_CONTEXT('2D SPACE',''
  ) );
#2665 = PCURVE('',#2666,#2671);
#2666 = PLANE('',#2667);
#2667 = AXIS2_PLACEMENT_3D('',#2668,#2669,#2670);
#2668 = CARTESIAN_POINT('',(6.25E-03,0.,7.575E-02));
#2669 = DIRECTION('',(-0.,-1.,-0.));
#2670 = DIRECTION('',(0.,0.,-1.));
#2671 = DEFINITIONAL_REPRESENTATION('',(#2672),#2676);
#2672 = LINE('',#2673,#2674);
#2673 = CARTESIAN_POINT('',(4.925E-02,-6.25E-03));
#2674 = VECTOR('',#2675,1.);
#2675 = DIRECTION('',(0.,1.));
#2676 = ( GEOMETRIC_REPRESENTATION_CONTEXT(2) 
PARAMETRIC_REPRESENTATION_CONTEXT() REPRESENTATION_CONTEXT('2D SPACE',''
  ) );
#2677 = ADVANCED_FACE('',(#2678),#2640,.T.);
#2678 = FACE_BOUND('',#2679,.T.);
#2679 = EDGE_LOOP('',(#2680,#2681,#2704,#2732));
#2680 = ORIENTED_EDGE('',*,*,#2624,.T.);
#2681 = ORIENTED_EDGE('',*,*,#2682,.T.);
#2682 = EDGE_CURVE('',#2597,#2683,#2685,.T.);
#2683 = VERTEX_POINT('',#2684);
#2684 = CARTESIAN_POINT('',(1.25E-02,5.E-03,0.125));
#2685 = SURFACE_CURVE('',#2686,(#2690,#2697),.PCURVE_S1.);
#2686 = LINE('',#2687,#2688);
#2687 = CARTESIAN_POINT('',(1.25E-02,5.E-03,2.65E-02));
#2688 = VECTOR('',#2689,1.);
#2689 = DIRECTION('',(0.,0.,1.));
#2690 = PCURVE('',#2640,#2691);
#2691 = DEFINITIONAL_REPRESENTATION('',(#2692),#2696);
#2692 = LINE('',#2693,#2694);
#2693 = CARTESIAN_POINT('',(0.,-5.E-03));
#2694 = VECTOR('',#2695,1.);
#2695 = DIRECTION('',(1.,0.));
#2696 = ( GEOMETRIC_REPRESENTATION_CONTEXT(2) 
PARAMETRIC_REPRESENTATION_CONTEXT() REPRESENTATION_CONTEXT('2D SPACE',''
  ) );
#2697 = PCURVE('',#2612,#2698);
#2698 = DEFINITIONAL_REPRESENTATION('',(#2699),#2703);
#2699 = LINE('',#2700,#2701);
#2700 = CARTESIAN_POINT('',(4.925E-02,6.25E-03));
#2701 = VECTOR('',#2702,1.);
#2702 = DIRECTION('',(-1.,0.));
#2703 = ( GEOMETRIC_REPRESENTATION_CONTEXT(2) 
PARAMETRIC_REPRESENTATION_CONTEXT() REPRESENTATION_CONTEXT('2D SPACE',''
  ) );
#2704 = ORIENTED_EDGE('',*,*,#2705,.F.);
#2705 = EDGE_CURVE('',#2706,#2683,#2708,.T.);
#2706 = VERTEX_POINT('',#2707);
#2707 = CARTESIAN_POINT('',(1.25E-02,0.,0.125));
#2708 = SURFACE_CURVE('',#2709,(#2713,#2720),.PCURVE_S1.);
#2709 = LINE('',#2710,#2711);
#2710 = CARTESIAN_POINT('',(1.25E-02,0.,0.125));
#2711 = VECTOR('',#2712,1.);
#2712 = DIRECTION('',(0.,1.,0.));
#2713 = PCURVE('',#2640,#2714);
#2714 = DEFINITIONAL_REPRESENTATION('',(#2715),#2719);
#2715 = LINE('',#2716,#2717);
#2716 = CARTESIAN_POINT('',(9.85E-02,0.));
#2717 = VECTOR('',#2718,1.);
#2718 = DIRECTION('',(0.,-1.));
#2719 = ( GEOMETRIC_REPRESENTATION_CONTEXT(2) 
PARAMETRIC_REPRESENTATION_CONTEXT() REPRESENTATION_CONTEXT('2D SPACE',''
  ) );
#2720 = PCURVE('',#2721,#2726);
#2721 = PLANE('',#2722);
#2722 = AXIS2_PLACEMENT_3D('',#2723,#2724,#2725);
#2723 = CARTESIAN_POINT('',(1.25E-02,0.,0.125));
#2724 = DIRECTION('',(0.,-0.,1.));
#2725 = DIRECTION('',(-1.,0.,0.));
#2726 = DEFINITIONAL_REPRESENTATION('',(#2727),#2731);
#2727 = LINE('',#2728,#2729);
#2728 = CARTESIAN_POINT('',(0.,0.));
#2729 = VECTOR('',#2730,1.);
#2730 = DIRECTION('',(0.,-1.));
#2731 = ( GEOMETRIC_REPRESENTATION_CONTEXT(2) 
PARAMETRIC_REPRESENTATION_CONTEXT() REPRESENTATION_CONTEXT('2D SPACE',''
  ) );
#2732 = ORIENTED_EDGE('',*,*,#2733,.F.);
#2733 = EDGE_CURVE('',#2625,#2706,#2734,.T.);
#2734 = SURFACE_CURVE('',#2735,(#2739,#2746),.PCURVE_S1.);
#2735 = LINE('',#2736,#2737);
#2736 = CARTESIAN_POINT('',(1.25E-02,0.,2.65E-02));
#2737 = VECTOR('',#2738,1.);
#2738 = DIRECTION('',(0.,0.,1.));
#2739 = PCURVE('',#2640,#2740);
#2740 = DEFINITIONAL_REPRESENTATION('',(#2741),#2745);
#2741 = LINE('',#2742,#2743);
#2742 = CARTESIAN_POINT('',(0.,0.));
#2743 = VECTOR('',#2744,1.);
#2744 = DIRECTION('',(1.,0.));
#2745 = ( GEOMETRIC_REPRESENTATION_CONTEXT(2) 
PARAMETRIC_REPRESENTATION_CONTEXT() REPRESENTATION_CONTEXT('2D SPACE',''
  ) );
#2746 = PCURVE('',#2666,#2747);
#2747 = DEFINITIONAL_REPRESENTATION('',(#2748),#2752);
#2748 = LINE('',#2749,#2750);
#2749 = CARTESIAN_POINT('',(4.925E-02,6.25E-03));
#2750 = VECTOR('',#2751,1.);
#2751 = DIRECTION('',(-1.,0.));
#2752 = ( GEOMETRIC_REPRESENTATION_CONTEXT(2) 
PARAMETRIC_REPRESENTATION_CONTEXT() REPRESENTATION_CONTEXT('2D SPACE',''
  ) );
#2753 = ADVANCED_FACE('',(#2754),#2721,.T.);
#2754 = FACE_BOUND('',#2755,.T.);
#2755 = EDGE_LOOP('',(#2756,#2757,#2780,#2803));
#2756 = ORIENTED_EDGE('',*,*,#2705,.T.);
#2757 = ORIENTED_EDGE('',*,*,#2758,.T.);
#2758 = EDGE_CURVE('',#2683,#2759,#2761,.T.);
#2759 = VERTEX_POINT('',#2760);
#2760 = CARTESIAN_POINT('',(0.,5.E-03,0.125));
#2761 = SURFACE_CURVE('',#2762,(#2766,#2773),.PCURVE_S1.);
#2762 = LINE('',#2763,#2764);
#2763 = CARTESIAN_POINT('',(1.25E-02,5.E-03,0.125));
#2764 = VECTOR('',#2765,1.);
#2765 = DIRECTION('',(-1.,0.,0.));
#2766 = PCURVE('',#2721,#2767);
#2767 = DEFINITIONAL_REPRESENTATION('',(#2768),#2772);
#2768 = LINE('',#2769,#2770);
#2769 = CARTESIAN_POINT('',(0.,-5.E-03));
#2770 = VECTOR('',#2771,1.);
#2771 = DIRECTION('',(1.,0.));
#2772 = ( GEOMETRIC_REPRESENTATION_CONTEXT(2) 
PARAMETRIC_REPRESENTATION_CONTEXT() REPRESENTATION_CONTEXT('2D SPACE',''
  ) );
#2773 = PCURVE('',#2612,#2774);
#2774 = DEFINITIONAL_REPRESENTATION('',(#2775),#2779);
#2775 = LINE('',#2776,#2777);
#2776 = CARTESIAN_POINT('',(-4.925E-02,6.25E-03));
#2777 = VECTOR('',#2778,1.);
#2778 = DIRECTION('',(0.,-1.));
#2779 = ( GEOMETRIC_REPRESENTATION_CONTEXT(2) 
PARAMETRIC_REPRESENTATION_CONTEXT() REPRESENTATION_CONTEXT('2D SPACE',''
  ) );
#2780 = ORIENTED_EDGE('',*,*,#2781,.F.);
#2781 = EDGE_CURVE('',#2782,#2759,#2784,.T.);
#2782 = VERTEX_POINT('',#2783);
#2783 = CARTESIAN_POINT('',(0.,0.,0.125));
#2784 = SURFACE_CURVE('',#2785,(#2789,#2796),.PCURVE_S1.);
#2785 = LINE('',#2786,#2787);
#2786 = CARTESIAN_POINT('',(0.,0.,0.125));
#2787 = VECTOR('',#2788,1.);
#2788 = DIRECTION('',(0.,1.,0.));
#2789 = PCURVE('',#2721,#2790);
#2790 = DEFINITIONAL_REPRESENTATION('',(#2791),#2795);
#2791 = LINE('',#2792,#2793);
#2792 = CARTESIAN_POINT('',(1.25E-02,0.));
#2793 = VECTOR('',#2794,1.);
#2794 = DIRECTION('',(0.,-1.));
#2795 = ( GEOMETRIC_REPRESENTATION_CONTEXT(2) 
PARAMETRIC_REPRESENTATION_CONTEXT() REPRESENTATION_CONTEXT('2D SPACE',''
  ) );
#2796 = PCURVE('',#2584,#2797);
#2797 = DEFINITIONAL_REPRESENTATION('',(#2798),#2802);
#2798 = LINE('',#2799,#2800);
#2799 = CARTESIAN_POINT('',(0.,-0.));
#2800 = VECTOR('',#2801,1.);
#2801 = DIRECTION('',(0.,-1.));
#2802 = ( GEOMETRIC_REPRESENTATION_CONTEXT(2) 
PARAMETRIC_REPRESENTATION_CONTEXT() REPRESENTATION_CONTEXT('2D SPACE',''
  ) );
#2803 = ORIENTED_EDGE('',*,*,#2804,.F.);
#2804 = EDGE_CURVE('',#2706,#2782,#2805,.T.);
#2805 = SURFACE_CURVE('',#2806,(#2810,#2817),.PCURVE_S1.);
#2806 = LINE('',#2807,#2808);
#2807 = CARTESIAN_POINT('',(1.25E-02,0.,0.125));
#2808 = VECTOR('',#2809,1.);
#2809 = DIRECTION('',(-1.,0.,0.));
#2810 = PCURVE('',#2721,#2811);
#2811 = DEFINITIONAL_REPRESENTATION('',(#2812),#2816);
#2812 = LINE('',#2813,#2814);
#2813 = CARTESIAN_POINT('',(0.,0.));
#2814 = VECTOR('',#2815,1.);
#2815 = DIRECTION('',(1.,0.));
#2816 = ( GEOMETRIC_REPRESENTATION_CONTEXT(2) 
PARAMETRIC_REPRESENTATION_CONTEXT() REPRESENTATION_CONTEXT('2D SPACE',''
  ) );
#2817 = PCURVE('',#2666,#2818);
#2818 = DEFINITIONAL_REPRESENTATION('',(#2819),#2823);
#2819 = LINE('',#2820,#2821);
#2820 = CARTESIAN_POINT('',(-4.925E-02,6.25E-03));
#2821 = VECTOR('',#2822,1.);
#2822 = DIRECTION('',(0.,-1.));
#2823 = ( GEOMETRIC_REPRESENTATION_CONTEXT(2) 
PARAMETRIC_REPRESENTATION_CONTEXT() REPRESENTATION_CONTEXT('2D SPACE',''
  ) );
#2824 = ADVANCED_FACE('Pole::TangentialFlux',(#2825),#2584,.T.);
#2825 = FACE_BOUND('',#2826,.T.);
#2826 = EDGE_LOOP('',(#2827,#2828,#2849,#2850));
#2827 = ORIENTED_EDGE('',*,*,#2781,.T.);
#2828 = ORIENTED_EDGE('',*,*,#2829,.T.);
#2829 = EDGE_CURVE('',#2759,#2564,#2830,.T.);
#2830 = SURFACE_CURVE('',#2831,(#2835,#2842),.PCURVE_S1.);
#2831 = LINE('',#2832,#2833);
#2832 = CARTESIAN_POINT('',(0.,5.E-03,0.125));
#2833 = VECTOR('',#2834,1.);
#2834 = DIRECTION('',(0.,0.,-1.));
#2835 = PCURVE('',#2584,#2836);
#2836 = DEFINITIONAL_REPRESENTATION('',(#2837),#2841);
#2837 = LINE('',#2838,#2839);
#2838 = CARTESIAN_POINT('',(0.,-5.E-03));
#2839 = VECTOR('',#2840,1.);
#2840 = DIRECTION('',(1.,0.));
#2841 = ( GEOMETRIC_REPRESENTATION_CONTEXT(2) 
PARAMETRIC_REPRESENTATION_CONTEXT() REPRESENTATION_CONTEXT('2D SPACE',''
  ) );
#2842 = PCURVE('',#2612,#2843);
#2843 = DEFINITIONAL_REPRESENTATION('',(#2844),#2848);
#2844 = LINE('',#2845,#2846);
#2845 = CARTESIAN_POINT('',(-4.925E-02,-6.25E-03));
#2846 = VECTOR('',#2847,1.);
#2847 = DIRECTION('',(1.,0.));
#2848 = ( GEOMETRIC_REPRESENTATION_CONTEXT(2) 
PARAMETRIC_REPRESENTATION_CONTEXT() REPRESENTATION_CONTEXT('2D SPACE',''
  ) );
#2849 = ORIENTED_EDGE('',*,*,#2561,.F.);
#2850 = ORIENTED_EDGE('',*,*,#2851,.F.);
#2851 = EDGE_CURVE('',#2782,#2562,#2852,.T.);
#2852 = SURFACE_CURVE('',#2853,(#2857,#2864),.PCURVE_S1.);
#2853 = LINE('',#2854,#2855);
#2854 = CARTESIAN_POINT('',(0.,0.,0.125));
#2855 = VECTOR('',#2856,1.);
#2856 = DIRECTION('',(0.,0.,-1.));
#2857 = PCURVE('',#2584,#2858);
#2858 = DEFINITIONAL_REPRESENTATION('',(#2859),#2863);
#2859 = LINE('',#2860,#2861);
#2860 = CARTESIAN_POINT('',(0.,-0.));
#2861 = VECTOR('',#2862,1.);
#2862 = DIRECTION('',(1.,0.));
#2863 = ( GEOMETRIC_REPRESENTATION_CONTEXT(2) 
PARAMETRIC_REPRESENTATION_CONTEXT() REPRESENTATION_CONTEXT('2D SPACE',''
  ) );
#2864 = PCURVE('',#2666,#2865);
#2865 = DEFINITIONAL_REPRESENTATION('',(#2866),#2870);
#2866 = LINE('',#2867,#2868);
#2867 = CARTESIAN_POINT('',(-4.925E-02,-6.25E-03));
#2868 = VECTOR('',#2869,1.);
#2869 = DIRECTION('',(1.,0.));
#2870 = ( GEOMETRIC_REPRESENTATION_CONTEXT(2) 
PARAMETRIC_REPRESENTATION_CONTEXT() REPRESENTATION_CONTEXT('2D SPACE',''
  ) );
#2871 = ADVANCED_FACE('Pole::TangentialFlux',(#2872),#2666,.T.);
#2872 = FACE_BOUND('',#2873,.T.);
#2873 = EDGE_LOOP('',(#2874,#2875,#2876,#2877));
#2874 = ORIENTED_EDGE('',*,*,#2652,.T.);
#2875 = ORIENTED_EDGE('',*,*,#2733,.T.);
#2876 = ORIENTED_EDGE('',*,*,#2804,.T.);
#2877 = ORIENTED_EDGE('',*,*,#2851,.T.);
#2878 = ADVANCED_FACE('',(#2879),#2612,.F.);
#2879 = FACE_BOUND('',#2880,.F.);
#2880 = EDGE_LOOP('',(#2881,#2882,#2883,#2884));
#2881 = ORIENTED_EDGE('',*,*,#2596,.T.);
#2882 = ORIENTED_EDGE('',*,*,#2682,.T.);
#2883 = ORIENTED_EDGE('',*,*,#2758,.T.);
#2884 = ORIENTED_EDGE('',*,*,#2829,.T.);
#2885 = MANIFOLD_SOLID_BREP('Coil',#2886);
#2886 = CLOSED_SHELL('',(#2887,#3007,#3197,#3246,#3389,#3416,#3443,#3470
    ,#3497,#3524));
#2887 = ADVANCED_FACE('Coil::In',(#2888),#2902,.F.);
#2888 = FACE_BOUND('',#2889,.F.);
#2889 = EDGE_LOOP('',(#2890,#2925,#2953,#2981));
#2890 = ORIENTED_EDGE('',*,*,#2891,.F.);
#2891 = EDGE_CURVE('',#2892,#2894,#2896,.T.);
#2892 = VERTEX_POINT('',#2893);
#2893 = CARTESIAN_POINT('',(1.95E-02,0.,2.67E-02));
#2894 = VERTEX_POINT('',#2895);
#2895 = CARTESIAN_POINT('',(3.75E-02,0.,2.67E-02));
#2896 = SURFACE_CURVE('',#2897,(#2901,#2913),.PCURVE_S1.);
#2897 = LINE('',#2898,#2899);
#2898 = CARTESIAN_POINT('',(0.,0.,2.67E-02));
#2899 = VECTOR('',#2900,1.);
#2900 = DIRECTION('',(1.,0.,0.));
#2901 = PCURVE('',#2902,#2907);
#2902 = PLANE('',#2903);
#2903 = AXIS2_PLACEMENT_3D('',#2904,#2905,#2906);
#2904 = CARTESIAN_POINT('',(0.,0.,2.67E-02));
#2905 = DIRECTION('',(0.,1.,0.));
#2906 = DIRECTION('',(1.,0.,0.));
#2907 = DEFINITIONAL_REPRESENTATION('',(#2908),#2912);
#2908 = LINE('',#2909,#2910);
#2909 = CARTESIAN_POINT('',(0.,0.));
#2910 = VECTOR('',#2911,1.);
#2911 = DIRECTION('',(1.,0.));
#2912 = ( GEOMETRIC_REPRESENTATION_CONTEXT(2) 
PARAMETRIC_REPRESENTATION_CONTEXT() REPRESENTATION_CONTEXT('2D SPACE',''
  ) );
#2913 = PCURVE('',#2914,#2919);
#2914 = PLANE('',#2915);
#2915 = AXIS2_PLACEMENT_3D('',#2916,#2917,#2918);
#2916 = CARTESIAN_POINT('',(1.704066928433E-02,1.704066928433E-02,
    2.67E-02));
#2917 = DIRECTION('',(0.,0.,1.));
#2918 = DIRECTION('',(1.,0.,-0.));
#2919 = DEFINITIONAL_REPRESENTATION('',(#2920),#2924);
#2920 = LINE('',#2921,#2922);
#2921 = CARTESIAN_POINT('',(-1.704066928433E-02,-1.704066928433E-02));
#2922 = VECTOR('',#2923,1.);
#2923 = DIRECTION('',(1.,0.));
#2924 = ( GEOMETRIC_REPRESENTATION_CONTEXT(2) 
PARAMETRIC_REPRESENTATION_CONTEXT() REPRESENTATION_CONTEXT('2D SPACE',''
  ) );
#2925 = ORIENTED_EDGE('',*,*,#2926,.T.);
#2926 = EDGE_CURVE('',#2892,#2927,#2929,.T.);
#2927 = VERTEX_POINT('',#2928);
#2928 = CARTESIAN_POINT('',(1.95E-02,0.,0.1233));
#2929 = SURFACE_CURVE('',#2930,(#2934,#2941),.PCURVE_S1.);
#2930 = LINE('',#2931,#2932);
#2931 = CARTESIAN_POINT('',(1.95E-02,0.,2.67E-02));
#2932 = VECTOR('',#2933,1.);
#2933 = DIRECTION('',(0.,0.,1.));
#2934 = PCURVE('',#2902,#2935);
#2935 = DEFINITIONAL_REPRESENTATION('',(#2936),#2940);
#2936 = LINE('',#2937,#2938);
#2937 = CARTESIAN_POINT('',(1.95E-02,0.));
#2938 = VECTOR('',#2939,1.);
#2939 = DIRECTION('',(0.,-1.));
#2940 = ( GEOMETRIC_REPRESENTATION_CONTEXT(2) 
PARAMETRIC_REPRESENTATION_CONTEXT() REPRESENTATION_CONTEXT('2D SPACE',''
  ) );
#2941 = PCURVE('',#2942,#2947);
#2942 = PLANE('',#2943);
#2943 = AXIS2_PLACEMENT_3D('',#2944,#2945,#2946);
#2944 = CARTESIAN_POINT('',(1.95E-02,0.,2.67E-02));
#2945 = DIRECTION('',(-1.,0.,0.));
#2946 = DIRECTION('',(0.,1.,0.));
#2947 = DEFINITIONAL_REPRESENTATION('',(#2948),#2952);
#2948 = LINE('',#2949,#2950);
#2949 = CARTESIAN_POINT('',(0.,0.));
#2950 = VECTOR('',#2951,1.);
#2951 = DIRECTION('',(0.,-1.));
#2952 = ( GEOMETRIC_REPRESENTATION_CONTEXT(2) 
PARAMETRIC_REPRESENTATION_CONTEXT() REPRESENTATION_CONTEXT('2D SPACE',''
  ) );
#2953 = ORIENTED_EDGE('',*,*,#2954,.T.);
#2954 = EDGE_CURVE('',#2927,#2955,#2957,.T.);
#2955 = VERTEX_POINT('',#2956);
#2956 = CARTESIAN_POINT('',(3.75E-02,0.,0.1233));
#2957 = SURFACE_CURVE('',#2958,(#2962,#2969),.PCURVE_S1.);
#2958 = LINE('',#2959,#2960);
#2959 = CARTESIAN_POINT('',(0.,0.,0.1233));
#2960 = VECTOR('',#2961,1.);
#2961 = DIRECTION('',(1.,0.,0.));
#2962 = PCURVE('',#2902,#2963);
#2963 = DEFINITIONAL_REPRESENTATION('',(#2964),#2968);
#2964 = LINE('',#2965,#2966);
#2965 = CARTESIAN_POINT('',(0.,-9.66E-02));
#2966 = VECTOR('',#2967,1.);
#2967 = DIRECTION('',(1.,0.));
#2968 = ( GEOMETRIC_REPRESENTATION_CONTEXT(2) 
PARAMETRIC_REPRESENTATION_CONTEXT() REPRESENTATION_CONTEXT('2D SPACE',''
  ) );
#2969 = PCURVE('',#2970,#2975);
#2970 = PLANE('',#2971);
#2971 = AXIS2_PLACEMENT_3D('',#2972,#2973,#2974);
#2972 = CARTESIAN_POINT('',(1.704066928433E-02,1.704066928433E-02,0.1233
    ));
#2973 = DIRECTION('',(0.,0.,1.));
#2974 = DIRECTION('',(1.,0.,-0.));
#2975 = DEFINITIONAL_REPRESENTATION('',(#2976),#2980);
#2976 = LINE('',#2977,#2978);
#2977 = CARTESIAN_POINT('',(-1.704066928433E-02,-1.704066928433E-02));
#2978 = VECTOR('',#2979,1.);
#2979 = DIRECTION('',(1.,0.));
#2980 = ( GEOMETRIC_REPRESENTATION_CONTEXT(2) 
PARAMETRIC_REPRESENTATION_CONTEXT() REPRESENTATION_CONTEXT('2D SPACE',''
  ) );
#2981 = ORIENTED_EDGE('',*,*,#2982,.F.);
#2982 = EDGE_CURVE('',#2894,#2955,#2983,.T.);
#2983 = SURFACE_CURVE('',#2984,(#2988,#2995),.PCURVE_S1.);
#2984 = LINE('',#2985,#2986);
#2985 = CARTESIAN_POINT('',(3.75E-02,0.,2.67E-02));
#2986 = VECTOR('',#2987,1.);
#2987 = DIRECTION('',(0.,0.,1.));
#2988 = PCURVE('',#2902,#2989);
#2989 = DEFINITIONAL_REPRESENTATION('',(#2990),#2994);
#2990 = LINE('',#2991,#2992);
#2991 = CARTESIAN_POINT('',(3.75E-02,0.));
#2992 = VECTOR('',#2993,1.);
#2993 = DIRECTION('',(0.,-1.));
#2994 = ( GEOMETRIC_REPRESENTATION_CONTEXT(2) 
PARAMETRIC_REPRESENTATION_CONTEXT() REPRESENTATION_CONTEXT('2D SPACE',''
  ) );
#2995 = PCURVE('',#2996,#3001);
#2996 = PLANE('',#2997);
#2997 = AXIS2_PLACEMENT_3D('',#2998,#2999,#3000);
#2998 = CARTESIAN_POINT('',(3.75E-02,0.,2.67E-02));
#2999 = DIRECTION('',(-1.,0.,0.));
#3000 = DIRECTION('',(0.,1.,0.));
#3001 = DEFINITIONAL_REPRESENTATION('',(#3002),#3006);
#3002 = LINE('',#3003,#3004);
#3003 = CARTESIAN_POINT('',(0.,0.));
#3004 = VECTOR('',#3005,1.);
#3005 = DIRECTION('',(0.,-1.));
#3006 = ( GEOMETRIC_REPRESENTATION_CONTEXT(2) 
PARAMETRIC_REPRESENTATION_CONTEXT() REPRESENTATION_CONTEXT('2D SPACE',''
  ) );
#3007 = ADVANCED_FACE('',(#3008),#2914,.F.);
#3008 = FACE_BOUND('',#3009,.F.);
#3009 = EDGE_LOOP('',(#3010,#3033,#3034,#3057,#3086,#3114,#3142,#3170));
#3010 = ORIENTED_EDGE('',*,*,#3011,.F.);
#3011 = EDGE_CURVE('',#2892,#3012,#3014,.T.);
#3012 = VERTEX_POINT('',#3013);
#3013 = CARTESIAN_POINT('',(1.95E-02,1.45E-02,2.67E-02));
#3014 = SURFACE_CURVE('',#3015,(#3019,#3026),.PCURVE_S1.);
#3015 = LINE('',#3016,#3017);
#3016 = CARTESIAN_POINT('',(1.95E-02,0.,2.67E-02));
#3017 = VECTOR('',#3018,1.);
#3018 = DIRECTION('',(0.,1.,0.));
#3019 = PCURVE('',#2914,#3020);
#3020 = DEFINITIONAL_REPRESENTATION('',(#3021),#3025);
#3021 = LINE('',#3022,#3023);
#3022 = CARTESIAN_POINT('',(2.45933071567E-03,-1.704066928433E-02));
#3023 = VECTOR('',#3024,1.);
#3024 = DIRECTION('',(0.,1.));
#3025 = ( GEOMETRIC_REPRESENTATION_CONTEXT(2) 
PARAMETRIC_REPRESENTATION_CONTEXT() REPRESENTATION_CONTEXT('2D SPACE',''
  ) );
#3026 = PCURVE('',#2942,#3027);
#3027 = DEFINITIONAL_REPRESENTATION('',(#3028),#3032);
#3028 = LINE('',#3029,#3030);
#3029 = CARTESIAN_POINT('',(0.,0.));
#3030 = VECTOR('',#3031,1.);
#3031 = DIRECTION('',(1.,0.));
#3032 = ( GEOMETRIC_REPRESENTATION_CONTEXT(2) 
PARAMETRIC_REPRESENTATION_CONTEXT() REPRESENTATION_CONTEXT('2D SPACE',''
  ) );
#3033 = ORIENTED_EDGE('',*,*,#2891,.T.);
#3034 = ORIENTED_EDGE('',*,*,#3035,.T.);
#3035 = EDGE_CURVE('',#2894,#3036,#3038,.T.);
#3036 = VERTEX_POINT('',#3037);
#3037 = CARTESIAN_POINT('',(3.75E-02,1.45E-02,2.67E-02));
#3038 = SURFACE_CURVE('',#3039,(#3043,#3050),.PCURVE_S1.);
#3039 = LINE('',#3040,#3041);
#3040 = CARTESIAN_POINT('',(3.75E-02,0.,2.67E-02));
#3041 = VECTOR('',#3042,1.);
#3042 = DIRECTION('',(0.,1.,0.));
#3043 = PCURVE('',#2914,#3044);
#3044 = DEFINITIONAL_REPRESENTATION('',(#3045),#3049);
#3045 = LINE('',#3046,#3047);
#3046 = CARTESIAN_POINT('',(2.045933071567E-02,-1.704066928433E-02));
#3047 = VECTOR('',#3048,1.);
#3048 = DIRECTION('',(0.,1.));
#3049 = ( GEOMETRIC_REPRESENTATION_CONTEXT(2) 
PARAMETRIC_REPRESENTATION_CONTEXT() REPRESENTATION_CONTEXT('2D SPACE',''
  ) );
#3050 = PCURVE('',#2996,#3051);
#3051 = DEFINITIONAL_REPRESENTATION('',(#3052),#3056);
#3052 = LINE('',#3053,#3054);
#3053 = CARTESIAN_POINT('',(0.,0.));
#3054 = VECTOR('',#3055,1.);
#3055 = DIRECTION('',(1.,0.));
#3056 = ( GEOMETRIC_REPRESENTATION_CONTEXT(2) 
PARAMETRIC_REPRESENTATION_CONTEXT() REPRESENTATION_CONTEXT('2D SPACE',''
  ) );
#3057 = ORIENTED_EDGE('',*,*,#3058,.T.);
#3058 = EDGE_CURVE('',#3036,#3059,#3061,.T.);
#3059 = VERTEX_POINT('',#3060);
#3060 = CARTESIAN_POINT('',(1.45E-02,3.75E-02,2.67E-02));
#3061 = SURFACE_CURVE('',#3062,(#3067,#3074),.PCURVE_S1.);
#3062 = CIRCLE('',#3063,2.3E-02);
#3063 = AXIS2_PLACEMENT_3D('',#3064,#3065,#3066);
#3064 = CARTESIAN_POINT('',(1.45E-02,1.45E-02,2.67E-02));
#3065 = DIRECTION('',(0.,-0.,1.));
#3066 = DIRECTION('',(1.,0.,0.));
#3067 = PCURVE('',#2914,#3068);
#3068 = DEFINITIONAL_REPRESENTATION('',(#3069),#3073);
#3069 = CIRCLE('',#3070,2.3E-02);
#3070 = AXIS2_PLACEMENT_2D('',#3071,#3072);
#3071 = CARTESIAN_POINT('',(-2.54066928433E-03,-2.54066928433E-03));
#3072 = DIRECTION('',(1.,0.));
#3073 = ( GEOMETRIC_REPRESENTATION_CONTEXT(2) 
PARAMETRIC_REPRESENTATION_CONTEXT() REPRESENTATION_CONTEXT('2D SPACE',''
  ) );
#3074 = PCURVE('',#3075,#3080);
#3075 = CYLINDRICAL_SURFACE('',#3076,2.3E-02);
#3076 = AXIS2_PLACEMENT_3D('',#3077,#3078,#3079);
#3077 = CARTESIAN_POINT('',(1.45E-02,1.45E-02,2.67E-02));
#3078 = DIRECTION('',(-0.,0.,-1.));
#3079 = DIRECTION('',(1.,0.,0.));
#3080 = DEFINITIONAL_REPRESENTATION('',(#3081),#3085);
#3081 = LINE('',#3082,#3083);
#3082 = CARTESIAN_POINT('',(-0.,0.));
#3083 = VECTOR('',#3084,1.);
#3084 = DIRECTION('',(-1.,0.));
#3085 = ( GEOMETRIC_REPRESENTATION_CONTEXT(2) 
PARAMETRIC_REPRESENTATION_CONTEXT() REPRESENTATION_CONTEXT('2D SPACE',''
  ) );
#3086 = ORIENTED_EDGE('',*,*,#3087,.T.);
#3087 = EDGE_CURVE('',#3059,#3088,#3090,.T.);
#3088 = VERTEX_POINT('',#3089);
#3089 = CARTESIAN_POINT('',(0.,3.75E-02,2.67E-02));
#3090 = SURFACE_CURVE('',#3091,(#3095,#3102),.PCURVE_S1.);
#3091 = LINE('',#3092,#3093);
#3092 = CARTESIAN_POINT('',(1.45E-02,3.75E-02,2.67E-02));
#3093 = VECTOR('',#3094,1.);
#3094 = DIRECTION('',(-1.,0.,0.));
#3095 = PCURVE('',#2914,#3096);
#3096 = DEFINITIONAL_REPRESENTATION('',(#3097),#3101);
#3097 = LINE('',#3098,#3099);
#3098 = CARTESIAN_POINT('',(-2.54066928433E-03,2.045933071567E-02));
#3099 = VECTOR('',#3100,1.);
#3100 = DIRECTION('',(-1.,0.));
#3101 = ( GEOMETRIC_REPRESENTATION_CONTEXT(2) 
PARAMETRIC_REPRESENTATION_CONTEXT() REPRESENTATION_CONTEXT('2D SPACE',''
  ) );
#3102 = PCURVE('',#3103,#3108);
#3103 = PLANE('',#3104);
#3104 = AXIS2_PLACEMENT_3D('',#3105,#3106,#3107);
#3105 = CARTESIAN_POINT('',(1.45E-02,3.75E-02,2.67E-02));
#3106 = DIRECTION('',(0.,-1.,0.));
#3107 = DIRECTION('',(-1.,0.,0.));
#3108 = DEFINITIONAL_REPRESENTATION('',(#3109),#3113);
#3109 = LINE('',#3110,#3111);
#3110 = CARTESIAN_POINT('',(0.,-0.));
#3111 = VECTOR('',#3112,1.);
#3112 = DIRECTION('',(1.,0.));
#3113 = ( GEOMETRIC_REPRESENTATION_CONTEXT(2) 
PARAMETRIC_REPRESENTATION_CONTEXT() REPRESENTATION_CONTEXT('2D SPACE',''
  ) );
#3114 = ORIENTED_EDGE('',*,*,#3115,.T.);
#3115 = EDGE_CURVE('',#3088,#3116,#3118,.T.);
#3116 = VERTEX_POINT('',#3117);
#3117 = CARTESIAN_POINT('',(0.,1.95E-02,2.67E-02));
#3118 = SURFACE_CURVE('',#3119,(#3123,#3130),.PCURVE_S1.);
#3119 = LINE('',#3120,#3121);
#3120 = CARTESIAN_POINT('',(0.,3.75E-02,2.67E-02));
#3121 = VECTOR('',#3122,1.);
#3122 = DIRECTION('',(0.,-1.,0.));
#3123 = PCURVE('',#2914,#3124);
#3124 = DEFINITIONAL_REPRESENTATION('',(#3125),#3129);
#3125 = LINE('',#3126,#3127);
#3126 = CARTESIAN_POINT('',(-1.704066928433E-02,2.045933071567E-02));
#3127 = VECTOR('',#3128,1.);
#3128 = DIRECTION('',(0.,-1.));
#3129 = ( GEOMETRIC_REPRESENTATION_CONTEXT(2) 
PARAMETRIC_REPRESENTATION_CONTEXT() REPRESENTATION_CONTEXT('2D SPACE',''
  ) );
#3130 = PCURVE('',#3131,#3136);
#3131 = PLANE('',#3132);
#3132 = AXIS2_PLACEMENT_3D('',#3133,#3134,#3135);
#3133 = CARTESIAN_POINT('',(0.,3.75E-02,2.67E-02));
#3134 = DIRECTION('',(1.,0.,-0.));
#3135 = DIRECTION('',(0.,-1.,0.));
#3136 = DEFINITIONAL_REPRESENTATION('',(#3137),#3141);
#3137 = LINE('',#3138,#3139);
#3138 = CARTESIAN_POINT('',(0.,0.));
#3139 = VECTOR('',#3140,1.);
#3140 = DIRECTION('',(1.,0.));
#3141 = ( GEOMETRIC_REPRESENTATION_CONTEXT(2) 
PARAMETRIC_REPRESENTATION_CONTEXT() REPRESENTATION_CONTEXT('2D SPACE',''
  ) );
#3142 = ORIENTED_EDGE('',*,*,#3143,.F.);
#3143 = EDGE_CURVE('',#3144,#3116,#3146,.T.);
#3144 = VERTEX_POINT('',#3145);
#3145 = CARTESIAN_POINT('',(1.45E-02,1.95E-02,2.67E-02));
#3146 = SURFACE_CURVE('',#3147,(#3151,#3158),.PCURVE_S1.);
#3147 = LINE('',#3148,#3149);
#3148 = CARTESIAN_POINT('',(1.45E-02,1.95E-02,2.67E-02));
#3149 = VECTOR('',#3150,1.);
#3150 = DIRECTION('',(-1.,0.,0.));
#3151 = PCURVE('',#2914,#3152);
#3152 = DEFINITIONAL_REPRESENTATION('',(#3153),#3157);
#3153 = LINE('',#3154,#3155);
#3154 = CARTESIAN_POINT('',(-2.54066928433E-03,2.45933071567E-03));
#3155 = VECTOR('',#3156,1.);
#3156 = DIRECTION('',(-1.,0.));
#3157 = ( GEOMETRIC_REPRESENTATION_CONTEXT(2) 
PARAMETRIC_REPRESENTATION_CONTEXT() REPRESENTATION_CONTEXT('2D SPACE',''
  ) );
#3158 = PCURVE('',#3159,#3164);
#3159 = PLANE('',#3160);
#3160 = AXIS2_PLACEMENT_3D('',#3161,#3162,#3163);
#3161 = CARTESIAN_POINT('',(1.45E-02,1.95E-02,2.67E-02));
#3162 = DIRECTION('',(0.,-1.,0.));
#3163 = DIRECTION('',(-1.,0.,0.));
#3164 = DEFINITIONAL_REPRESENTATION('',(#3165),#3169);
#3165 = LINE('',#3166,#3167);
#3166 = CARTESIAN_POINT('',(0.,-0.));
#3167 = VECTOR('',#3168,1.);
#3168 = DIRECTION('',(1.,0.));
#3169 = ( GEOMETRIC_REPRESENTATION_CONTEXT(2) 
PARAMETRIC_REPRESENTATION_CONTEXT() REPRESENTATION_CONTEXT('2D SPACE',''
  ) );
#3170 = ORIENTED_EDGE('',*,*,#3171,.F.);
#3171 = EDGE_CURVE('',#3012,#3144,#3172,.T.);
#3172 = SURFACE_CURVE('',#3173,(#3178,#3185),.PCURVE_S1.);
#3173 = CIRCLE('',#3174,5.E-03);
#3174 = AXIS2_PLACEMENT_3D('',#3175,#3176,#3177);
#3175 = CARTESIAN_POINT('',(1.45E-02,1.45E-02,2.67E-02));
#3176 = DIRECTION('',(0.,-0.,1.));
#3177 = DIRECTION('',(1.,0.,0.));
#3178 = PCURVE('',#2914,#3179);
#3179 = DEFINITIONAL_REPRESENTATION('',(#3180),#3184);
#3180 = CIRCLE('',#3181,5.E-03);
#3181 = AXIS2_PLACEMENT_2D('',#3182,#3183);
#3182 = CARTESIAN_POINT('',(-2.54066928433E-03,-2.54066928433E-03));
#3183 = DIRECTION('',(1.,0.));
#3184 = ( GEOMETRIC_REPRESENTATION_CONTEXT(2) 
PARAMETRIC_REPRESENTATION_CONTEXT() REPRESENTATION_CONTEXT('2D SPACE',''
  ) );
#3185 = PCURVE('',#3186,#3191);
#3186 = CYLINDRICAL_SURFACE('',#3187,5.E-03);
#3187 = AXIS2_PLACEMENT_3D('',#3188,#3189,#3190);
#3188 = CARTESIAN_POINT('',(1.45E-02,1.45E-02,2.67E-02));
#3189 = DIRECTION('',(-0.,0.,-1.));
#3190 = DIRECTION('',(1.,0.,0.));
#3191 = DEFINITIONAL_REPRESENTATION('',(#3192),#3196);
#3192 = LINE('',#3193,#3194);
#3193 = CARTESIAN_POINT('',(-0.,0.));
#3194 = VECTOR('',#3195,1.);
#3195 = DIRECTION('',(-1.,0.));
#3196 = ( GEOMETRIC_REPRESENTATION_CONTEXT(2) 
PARAMETRIC_REPRESENTATION_CONTEXT() REPRESENTATION_CONTEXT('2D SPACE',''
  ) );
#3197 = ADVANCED_FACE('',(#3198),#2996,.F.);
#3198 = FACE_BOUND('',#3199,.F.);
#3199 = EDGE_LOOP('',(#3200,#3201,#3224,#3245));
#3200 = ORIENTED_EDGE('',*,*,#2982,.T.);
#3201 = ORIENTED_EDGE('',*,*,#3202,.T.);
#3202 = EDGE_CURVE('',#2955,#3203,#3205,.T.);
#3203 = VERTEX_POINT('',#3204);
#3204 = CARTESIAN_POINT('',(3.75E-02,1.45E-02,0.1233));
#3205 = SURFACE_CURVE('',#3206,(#3210,#3217),.PCURVE_S1.);
#3206 = LINE('',#3207,#3208);
#3207 = CARTESIAN_POINT('',(3.75E-02,0.,0.1233));
#3208 = VECTOR('',#3209,1.);
#3209 = DIRECTION('',(0.,1.,0.));
#3210 = PCURVE('',#2996,#3211);
#3211 = DEFINITIONAL_REPRESENTATION('',(#3212),#3216);
#3212 = LINE('',#3213,#3214);
#3213 = CARTESIAN_POINT('',(0.,-9.66E-02));
#3214 = VECTOR('',#3215,1.);
#3215 = DIRECTION('',(1.,0.));
#3216 = ( GEOMETRIC_REPRESENTATION_CONTEXT(2) 
PARAMETRIC_REPRESENTATION_CONTEXT() REPRESENTATION_CONTEXT('2D SPACE',''
  ) );
#3217 = PCURVE('',#2970,#3218);
#3218 = DEFINITIONAL_REPRESENTATION('',(#3219),#3223);
#3219 = LINE('',#3220,#3221);
#3220 = CARTESIAN_POINT('',(2.045933071567E-02,-1.704066928433E-02));
#3221 = VECTOR('',#3222,1.);
#3222 = DIRECTION('',(0.,1.));
#3223 = ( GEOMETRIC_REPRESENTATION_CONTEXT(2) 
PARAMETRIC_REPRESENTATION_CONTEXT() REPRESENTATION_CONTEXT('2D SPACE',''
  ) );
#3224 = ORIENTED_EDGE('',*,*,#3225,.F.);
#3225 = EDGE_CURVE('',#3036,#3203,#3226,.T.);
#3226 = SURFACE_CURVE('',#3227,(#3231,#3238),.PCURVE_S1.);
#3227 = LINE('',#3228,#3229);
#3228 = CARTESIAN_POINT('',(3.75E-02,1.45E-02,2.67E-02));
#3229 = VECTOR('',#3230,1.);
#3230 = DIRECTION('',(0.,0.,1.));
#3231 = PCURVE('',#2996,#3232);
#3232 = DEFINITIONAL_REPRESENTATION('',(#3233),#3237);
#3233 = LINE('',#3234,#3235);
#3234 = CARTESIAN_POINT('',(1.45E-02,0.));
#3235 = VECTOR('',#3236,1.);
#3236 = DIRECTION('',(0.,-1.));
#3237 = ( GEOMETRIC_REPRESENTATION_CONTEXT(2) 
PARAMETRIC_REPRESENTATION_CONTEXT() REPRESENTATION_CONTEXT('2D SPACE',''
  ) );
#3238 = PCURVE('',#3075,#3239);
#3239 = DEFINITIONAL_REPRESENTATION('',(#3240),#3244);
#3240 = LINE('',#3241,#3242);
#3241 = CARTESIAN_POINT('',(-1.508455196502E-16,0.));
#3242 = VECTOR('',#3243,1.);
#3243 = DIRECTION('',(-0.,-1.));
#3244 = ( GEOMETRIC_REPRESENTATION_CONTEXT(2) 
PARAMETRIC_REPRESENTATION_CONTEXT() REPRESENTATION_CONTEXT('2D SPACE',''
  ) );
#3245 = ORIENTED_EDGE('',*,*,#3035,.F.);
#3246 = ADVANCED_FACE('',(#3247),#2970,.T.);
#3247 = FACE_BOUND('',#3248,.T.);
#3248 = EDGE_LOOP('',(#3249,#3272,#3273,#3274,#3298,#3321,#3344,#3367));
#3249 = ORIENTED_EDGE('',*,*,#3250,.F.);
#3250 = EDGE_CURVE('',#2927,#3251,#3253,.T.);
#3251 = VERTEX_POINT('',#3252);
#3252 = CARTESIAN_POINT('',(1.95E-02,1.45E-02,0.1233));
#3253 = SURFACE_CURVE('',#3254,(#3258,#3265),.PCURVE_S1.);
#3254 = LINE('',#3255,#3256);
#3255 = CARTESIAN_POINT('',(1.95E-02,0.,0.1233));
#3256 = VECTOR('',#3257,1.);
#3257 = DIRECTION('',(0.,1.,0.));
#3258 = PCURVE('',#2970,#3259);
#3259 = DEFINITIONAL_REPRESENTATION('',(#3260),#3264);
#3260 = LINE('',#3261,#3262);
#3261 = CARTESIAN_POINT('',(2.45933071567E-03,-1.704066928433E-02));
#3262 = VECTOR('',#3263,1.);
#3263 = DIRECTION('',(0.,1.));
#3264 = ( GEOMETRIC_REPRESENTATION_CONTEXT(2) 
PARAMETRIC_REPRESENTATION_CONTEXT() REPRESENTATION_CONTEXT('2D SPACE',''
  ) );
#3265 = PCURVE('',#2942,#3266);
#3266 = DEFINITIONAL_REPRESENTATION('',(#3267),#3271);
#3267 = LINE('',#3268,#3269);
#3268 = CARTESIAN_POINT('',(0.,-9.66E-02));
#3269 = VECTOR('',#3270,1.);
#3270 = DIRECTION('',(1.,0.));
#3271 = ( GEOMETRIC_REPRESENTATION_CONTEXT(2) 
PARAMETRIC_REPRESENTATION_CONTEXT() REPRESENTATION_CONTEXT('2D SPACE',''
  ) );
#3272 = ORIENTED_EDGE('',*,*,#2954,.T.);
#3273 = ORIENTED_EDGE('',*,*,#3202,.T.);
#3274 = ORIENTED_EDGE('',*,*,#3275,.T.);
#3275 = EDGE_CURVE('',#3203,#3276,#3278,.T.);
#3276 = VERTEX_POINT('',#3277);
#3277 = CARTESIAN_POINT('',(1.45E-02,3.75E-02,0.1233));
#3278 = SURFACE_CURVE('',#3279,(#3284,#3291),.PCURVE_S1.);
#3279 = CIRCLE('',#3280,2.3E-02);
#3280 = AXIS2_PLACEMENT_3D('',#3281,#3282,#3283);
#3281 = CARTESIAN_POINT('',(1.45E-02,1.45E-02,0.1233));
#3282 = DIRECTION('',(0.,-0.,1.));
#3283 = DIRECTION('',(1.,0.,0.));
#3284 = PCURVE('',#2970,#3285);
#3285 = DEFINITIONAL_REPRESENTATION('',(#3286),#3290);
#3286 = CIRCLE('',#3287,2.3E-02);
#3287 = AXIS2_PLACEMENT_2D('',#3288,#3289);
#3288 = CARTESIAN_POINT('',(-2.54066928433E-03,-2.54066928433E-03));
#3289 = DIRECTION('',(1.,0.));
#3290 = ( GEOMETRIC_REPRESENTATION_CONTEXT(2) 
PARAMETRIC_REPRESENTATION_CONTEXT() REPRESENTATION_CONTEXT('2D SPACE',''
  ) );
#3291 = PCURVE('',#3075,#3292);
#3292 = DEFINITIONAL_REPRESENTATION('',(#3293),#3297);
#3293 = LINE('',#3294,#3295);
#3294 = CARTESIAN_POINT('',(-0.,-9.66E-02));
#3295 = VECTOR('',#3296,1.);
#3296 = DIRECTION('',(-1.,0.));
#3297 = ( GEOMETRIC_REPRESENTATION_CONTEXT(2) 
PARAMETRIC_REPRESENTATION_CONTEXT() REPRESENTATION_CONTEXT('2D SPACE',''
  ) );
#3298 = ORIENTED_EDGE('',*,*,#3299,.T.);
#3299 = EDGE_CURVE('',#3276,#3300,#3302,.T.);
#3300 = VERTEX_POINT('',#3301);
#3301 = CARTESIAN_POINT('',(0.,3.75E-02,0.1233));
#3302 = SURFACE_CURVE('',#3303,(#3307,#3314),.PCURVE_S1.);
#3303 = LINE('',#3304,#3305);
#3304 = CARTESIAN_POINT('',(1.45E-02,3.75E-02,0.1233));
#3305 = VECTOR('',#3306,1.);
#3306 = DIRECTION('',(-1.,0.,0.));
#3307 = PCURVE('',#2970,#3308);
#3308 = DEFINITIONAL_REPRESENTATION('',(#3309),#3313);
#3309 = LINE('',#3310,#3311);
#3310 = CARTESIAN_POINT('',(-2.54066928433E-03,2.045933071567E-02));
#3311 = VECTOR('',#3312,1.);
#3312 = DIRECTION('',(-1.,0.));
#3313 = ( GEOMETRIC_REPRESENTATION_CONTEXT(2) 
PARAMETRIC_REPRESENTATION_CONTEXT() REPRESENTATION_CONTEXT('2D SPACE',''
  ) );
#3314 = PCURVE('',#3103,#3315);
#3315 = DEFINITIONAL_REPRESENTATION('',(#3316),#3320);
#3316 = LINE('',#3317,#3318);
#3317 = CARTESIAN_POINT('',(0.,-9.66E-02));
#3318 = VECTOR('',#3319,1.);
#3319 = DIRECTION('',(1.,0.));
#3320 = ( GEOMETRIC_REPRESENTATION_CONTEXT(2) 
PARAMETRIC_REPRESENTATION_CONTEXT() REPRESENTATION_CONTEXT('2D SPACE',''
  ) );
#3321 = ORIENTED_EDGE('',*,*,#3322,.T.);
#3322 = EDGE_CURVE('',#3300,#3323,#3325,.T.);
#3323 = VERTEX_POINT('',#3324);
#3324 = CARTESIAN_POINT('',(0.,1.95E-02,0.1233));
#3325 = SURFACE_CURVE('',#3326,(#3330,#3337),.PCURVE_S1.);
#3326 = LINE('',#3327,#3328);
#3327 = CARTESIAN_POINT('',(0.,3.75E-02,0.1233));
#3328 = VECTOR('',#3329,1.);
#3329 = DIRECTION('',(0.,-1.,0.));
#3330 = PCURVE('',#2970,#3331);
#3331 = DEFINITIONAL_REPRESENTATION('',(#3332),#3336);
#3332 = LINE('',#3333,#3334);
#3333 = CARTESIAN_POINT('',(-1.704066928433E-02,2.045933071567E-02));
#3334 = VECTOR('',#3335,1.);
#3335 = DIRECTION('',(0.,-1.));
#3336 = ( GEOMETRIC_REPRESENTATION_CONTEXT(2) 
PARAMETRIC_REPRESENTATION_CONTEXT() REPRESENTATION_CONTEXT('2D SPACE',''
  ) );
#3337 = PCURVE('',#3131,#3338);
#3338 = DEFINITIONAL_REPRESENTATION('',(#3339),#3343);
#3339 = LINE('',#3340,#3341);
#3340 = CARTESIAN_POINT('',(0.,-9.66E-02));
#3341 = VECTOR('',#3342,1.);
#3342 = DIRECTION('',(1.,0.));
#3343 = ( GEOMETRIC_REPRESENTATION_CONTEXT(2) 
PARAMETRIC_REPRESENTATION_CONTEXT() REPRESENTATION_CONTEXT('2D SPACE',''
  ) );
#3344 = ORIENTED_EDGE('',*,*,#3345,.F.);
#3345 = EDGE_CURVE('',#3346,#3323,#3348,.T.);
#3346 = VERTEX_POINT('',#3347);
#3347 = CARTESIAN_POINT('',(1.45E-02,1.95E-02,0.1233));
#3348 = SURFACE_CURVE('',#3349,(#3353,#3360),.PCURVE_S1.);
#3349 = LINE('',#3350,#3351);
#3350 = CARTESIAN_POINT('',(1.45E-02,1.95E-02,0.1233));
#3351 = VECTOR('',#3352,1.);
#3352 = DIRECTION('',(-1.,0.,0.));
#3353 = PCURVE('',#2970,#3354);
#3354 = DEFINITIONAL_REPRESENTATION('',(#3355),#3359);
#3355 = LINE('',#3356,#3357);
#3356 = CARTESIAN_POINT('',(-2.54066928433E-03,2.45933071567E-03));
#3357 = VECTOR('',#3358,1.);
#3358 = DIRECTION('',(-1.,0.));
#3359 = ( GEOMETRIC_REPRESENTATION_CONTEXT(2) 
PARAMETRIC_REPRESENTATION_CONTEXT() REPRESENTATION_CONTEXT('2D SPACE',''
  ) );
#3360 = PCURVE('',#3159,#3361);
#3361 = DEFINITIONAL_REPRESENTATION('',(#3362),#3366);
#3362 = LINE('',#3363,#3364);
#3363 = CARTESIAN_POINT('',(0.,-9.66E-02));
#3364 = VECTOR('',#3365,1.);
#3365 = DIRECTION('',(1.,0.));
#3366 = ( GEOMETRIC_REPRESENTATION_CONTEXT(2) 
PARAMETRIC_REPRESENTATION_CONTEXT() REPRESENTATION_CONTEXT('2D SPACE',''
  ) );
#3367 = ORIENTED_EDGE('',*,*,#3368,.F.);
#3368 = EDGE_CURVE('',#3251,#3346,#3369,.T.);
#3369 = SURFACE_CURVE('',#3370,(#3375,#3382),.PCURVE_S1.);
#3370 = CIRCLE('',#3371,5.E-03);
#3371 = AXIS2_PLACEMENT_3D('',#3372,#3373,#3374);
#3372 = CARTESIAN_POINT('',(1.45E-02,1.45E-02,0.1233));
#3373 = DIRECTION('',(0.,-0.,1.));
#3374 = DIRECTION('',(1.,0.,0.));
#3375 = PCURVE('',#2970,#3376);
#3376 = DEFINITIONAL_REPRESENTATION('',(#3377),#3381);
#3377 = CIRCLE('',#3378,5.E-03);
#3378 = AXIS2_PLACEMENT_2D('',#3379,#3380);
#3379 = CARTESIAN_POINT('',(-2.54066928433E-03,-2.54066928433E-03));
#3380 = DIRECTION('',(1.,0.));
#3381 = ( GEOMETRIC_REPRESENTATION_CONTEXT(2) 
PARAMETRIC_REPRESENTATION_CONTEXT() REPRESENTATION_CONTEXT('2D SPACE',''
  ) );
#3382 = PCURVE('',#3186,#3383);
#3383 = DEFINITIONAL_REPRESENTATION('',(#3384),#3388);
#3384 = LINE('',#3385,#3386);
#3385 = CARTESIAN_POINT('',(-0.,-9.66E-02));
#3386 = VECTOR('',#3387,1.);
#3387 = DIRECTION('',(-1.,0.));
#3388 = ( GEOMETRIC_REPRESENTATION_CONTEXT(2) 
PARAMETRIC_REPRESENTATION_CONTEXT() REPRESENTATION_CONTEXT('2D SPACE',''
  ) );
#3389 = ADVANCED_FACE('',(#3390),#2942,.T.);
#3390 = FACE_BOUND('',#3391,.T.);
#3391 = EDGE_LOOP('',(#3392,#3393,#3394,#3415));
#3392 = ORIENTED_EDGE('',*,*,#2926,.T.);
#3393 = ORIENTED_EDGE('',*,*,#3250,.T.);
#3394 = ORIENTED_EDGE('',*,*,#3395,.F.);
#3395 = EDGE_CURVE('',#3012,#3251,#3396,.T.);
#3396 = SURFACE_CURVE('',#3397,(#3401,#3408),.PCURVE_S1.);
#3397 = LINE('',#3398,#3399);
#3398 = CARTESIAN_POINT('',(1.95E-02,1.45E-02,2.67E-02));
#3399 = VECTOR('',#3400,1.);
#3400 = DIRECTION('',(0.,0.,1.));
#3401 = PCURVE('',#2942,#3402);
#3402 = DEFINITIONAL_REPRESENTATION('',(#3403),#3407);
#3403 = LINE('',#3404,#3405);
#3404 = CARTESIAN_POINT('',(1.45E-02,0.));
#3405 = VECTOR('',#3406,1.);
#3406 = DIRECTION('',(0.,-1.));
#3407 = ( GEOMETRIC_REPRESENTATION_CONTEXT(2) 
PARAMETRIC_REPRESENTATION_CONTEXT() REPRESENTATION_CONTEXT('2D SPACE',''
  ) );
#3408 = PCURVE('',#3186,#3409);
#3409 = DEFINITIONAL_REPRESENTATION('',(#3410),#3414);
#3410 = LINE('',#3411,#3412);
#3411 = CARTESIAN_POINT('',(-0.,0.));
#3412 = VECTOR('',#3413,1.);
#3413 = DIRECTION('',(-0.,-1.));
#3414 = ( GEOMETRIC_REPRESENTATION_CONTEXT(2) 
PARAMETRIC_REPRESENTATION_CONTEXT() REPRESENTATION_CONTEXT('2D SPACE',''
  ) );
#3415 = ORIENTED_EDGE('',*,*,#3011,.F.);
#3416 = ADVANCED_FACE('',(#3417),#3186,.F.);
#3417 = FACE_BOUND('',#3418,.T.);
#3418 = EDGE_LOOP('',(#3419,#3420,#3421,#3442));
#3419 = ORIENTED_EDGE('',*,*,#3395,.T.);
#3420 = ORIENTED_EDGE('',*,*,#3368,.T.);
#3421 = ORIENTED_EDGE('',*,*,#3422,.F.);
#3422 = EDGE_CURVE('',#3144,#3346,#3423,.T.);
#3423 = SURFACE_CURVE('',#3424,(#3428,#3435),.PCURVE_S1.);
#3424 = LINE('',#3425,#3426);
#3425 = CARTESIAN_POINT('',(1.45E-02,1.95E-02,2.67E-02));
#3426 = VECTOR('',#3427,1.);
#3427 = DIRECTION('',(0.,0.,1.));
#3428 = PCURVE('',#3186,#3429);
#3429 = DEFINITIONAL_REPRESENTATION('',(#3430),#3434);
#3430 = LINE('',#3431,#3432);
#3431 = CARTESIAN_POINT('',(-1.570796326795,0.));
#3432 = VECTOR('',#3433,1.);
#3433 = DIRECTION('',(-0.,-1.));
#3434 = ( GEOMETRIC_REPRESENTATION_CONTEXT(2) 
PARAMETRIC_REPRESENTATION_CONTEXT() REPRESENTATION_CONTEXT('2D SPACE',''
  ) );
#3435 = PCURVE('',#3159,#3436);
#3436 = DEFINITIONAL_REPRESENTATION('',(#3437),#3441);
#3437 = LINE('',#3438,#3439);
#3438 = CARTESIAN_POINT('',(0.,-0.));
#3439 = VECTOR('',#3440,1.);
#3440 = DIRECTION('',(0.,-1.));
#3441 = ( GEOMETRIC_REPRESENTATION_CONTEXT(2) 
PARAMETRIC_REPRESENTATION_CONTEXT() REPRESENTATION_CONTEXT('2D SPACE',''
  ) );
#3442 = ORIENTED_EDGE('',*,*,#3171,.F.);
#3443 = ADVANCED_FACE('',(#3444),#3159,.T.);
#3444 = FACE_BOUND('',#3445,.T.);
#3445 = EDGE_LOOP('',(#3446,#3447,#3448,#3469));
#3446 = ORIENTED_EDGE('',*,*,#3422,.T.);
#3447 = ORIENTED_EDGE('',*,*,#3345,.T.);
#3448 = ORIENTED_EDGE('',*,*,#3449,.F.);
#3449 = EDGE_CURVE('',#3116,#3323,#3450,.T.);
#3450 = SURFACE_CURVE('',#3451,(#3455,#3462),.PCURVE_S1.);
#3451 = LINE('',#3452,#3453);
#3452 = CARTESIAN_POINT('',(0.,1.95E-02,2.67E-02));
#3453 = VECTOR('',#3454,1.);
#3454 = DIRECTION('',(0.,0.,1.));
#3455 = PCURVE('',#3159,#3456);
#3456 = DEFINITIONAL_REPRESENTATION('',(#3457),#3461);
#3457 = LINE('',#3458,#3459);
#3458 = CARTESIAN_POINT('',(1.45E-02,0.));
#3459 = VECTOR('',#3460,1.);
#3460 = DIRECTION('',(0.,-1.));
#3461 = ( GEOMETRIC_REPRESENTATION_CONTEXT(2) 
PARAMETRIC_REPRESENTATION_CONTEXT() REPRESENTATION_CONTEXT('2D SPACE',''
  ) );
#3462 = PCURVE('',#3131,#3463);
#3463 = DEFINITIONAL_REPRESENTATION('',(#3464),#3468);
#3464 = LINE('',#3465,#3466);
#3465 = CARTESIAN_POINT('',(1.8E-02,0.));
#3466 = VECTOR('',#3467,1.);
#3467 = DIRECTION('',(0.,-1.));
#3468 = ( GEOMETRIC_REPRESENTATION_CONTEXT(2) 
PARAMETRIC_REPRESENTATION_CONTEXT() REPRESENTATION_CONTEXT('2D SPACE',''
  ) );
#3469 = ORIENTED_EDGE('',*,*,#3143,.F.);
#3470 = ADVANCED_FACE('Coil::Out',(#3471),#3131,.F.);
#3471 = FACE_BOUND('',#3472,.F.);
#3472 = EDGE_LOOP('',(#3473,#3474,#3495,#3496));
#3473 = ORIENTED_EDGE('',*,*,#3115,.F.);
#3474 = ORIENTED_EDGE('',*,*,#3475,.T.);
#3475 = EDGE_CURVE('',#3088,#3300,#3476,.T.);
#3476 = SURFACE_CURVE('',#3477,(#3481,#3488),.PCURVE_S1.);
#3477 = LINE('',#3478,#3479);
#3478 = CARTESIAN_POINT('',(0.,3.75E-02,2.67E-02));
#3479 = VECTOR('',#3480,1.);
#3480 = DIRECTION('',(0.,0.,1.));
#3481 = PCURVE('',#3131,#3482);
#3482 = DEFINITIONAL_REPRESENTATION('',(#3483),#3487);
#3483 = LINE('',#3484,#3485);
#3484 = CARTESIAN_POINT('',(0.,0.));
#3485 = VECTOR('',#3486,1.);
#3486 = DIRECTION('',(0.,-1.));
#3487 = ( GEOMETRIC_REPRESENTATION_CONTEXT(2) 
PARAMETRIC_REPRESENTATION_CONTEXT() REPRESENTATION_CONTEXT('2D SPACE',''
  ) );
#3488 = PCURVE('',#3103,#3489);
#3489 = DEFINITIONAL_REPRESENTATION('',(#3490),#3494);
#3490 = LINE('',#3491,#3492);
#3491 = CARTESIAN_POINT('',(1.45E-02,0.));
#3492 = VECTOR('',#3493,1.);
#3493 = DIRECTION('',(0.,-1.));
#3494 = ( GEOMETRIC_REPRESENTATION_CONTEXT(2) 
PARAMETRIC_REPRESENTATION_CONTEXT() REPRESENTATION_CONTEXT('2D SPACE',''
  ) );
#3495 = ORIENTED_EDGE('',*,*,#3322,.T.);
#3496 = ORIENTED_EDGE('',*,*,#3449,.F.);
#3497 = ADVANCED_FACE('',(#3498),#3103,.F.);
#3498 = FACE_BOUND('',#3499,.F.);
#3499 = EDGE_LOOP('',(#3500,#3521,#3522,#3523));
#3500 = ORIENTED_EDGE('',*,*,#3501,.T.);
#3501 = EDGE_CURVE('',#3059,#3276,#3502,.T.);
#3502 = SURFACE_CURVE('',#3503,(#3507,#3514),.PCURVE_S1.);
#3503 = LINE('',#3504,#3505);
#3504 = CARTESIAN_POINT('',(1.45E-02,3.75E-02,2.67E-02));
#3505 = VECTOR('',#3506,1.);
#3506 = DIRECTION('',(0.,0.,1.));
#3507 = PCURVE('',#3103,#3508);
#3508 = DEFINITIONAL_REPRESENTATION('',(#3509),#3513);
#3509 = LINE('',#3510,#3511);
#3510 = CARTESIAN_POINT('',(0.,-0.));
#3511 = VECTOR('',#3512,1.);
#3512 = DIRECTION('',(0.,-1.));
#3513 = ( GEOMETRIC_REPRESENTATION_CONTEXT(2) 
PARAMETRIC_REPRESENTATION_CONTEXT() REPRESENTATION_CONTEXT('2D SPACE',''
  ) );
#3514 = PCURVE('',#3075,#3515);
#3515 = DEFINITIONAL_REPRESENTATION('',(#3516),#3520);
#3516 = LINE('',#3517,#3518);
#3517 = CARTESIAN_POINT('',(-1.570796326795,0.));
#3518 = VECTOR('',#3519,1.);
#3519 = DIRECTION('',(-0.,-1.));
#3520 = ( GEOMETRIC_REPRESENTATION_CONTEXT(2) 
PARAMETRIC_REPRESENTATION_CONTEXT() REPRESENTATION_CONTEXT('2D SPACE',''
  ) );
#3521 = ORIENTED_EDGE('',*,*,#3299,.T.);
#3522 = ORIENTED_EDGE('',*,*,#3475,.F.);
#3523 = ORIENTED_EDGE('',*,*,#3087,.F.);
#3524 = ADVANCED_FACE('',(#3525),#3075,.T.);
#3525 = FACE_BOUND('',#3526,.F.);
#3526 = EDGE_LOOP('',(#3527,#3528,#3529,#3530));
#3527 = ORIENTED_EDGE('',*,*,#3225,.T.);
#3528 = ORIENTED_EDGE('',*,*,#3275,.T.);
#3529 = ORIENTED_EDGE('',*,*,#3501,.F.);
#3530 = ORIENTED_EDGE('',*,*,#3058,.F.);
#3531 = ( GEOMETRIC_REPRESENTATION_CONTEXT(3) 
GLOBAL_UNCERTAINTY_ASSIGNED_CONTEXT((#3535)) 
GLOBAL_UNIT_ASSIGNED_CONTEXT((#3532,#3533,#3534)) REPRESENTATION_CONTEXT
('Context #1','3D Context with UNIT and UNCERTAINTY') );
#3532 = ( LENGTH_UNIT() NAMED_UNIT(*) SI_UNIT(.MILLI.,.METRE.) );
#3533 = ( NAMED_UNIT(*) PLANE_ANGLE_UNIT() SI_UNIT($,.RADIAN.) );
#3534 = ( NAMED_UNIT(*) SI_UNIT($,.STERADIAN.) SOLID_ANGLE_UNIT() );
#3535 = UNCERTAINTY_MEASURE_WITH_UNIT(LENGTH_MEASURE(1.E-07),#3532,
  'distance_accuracy_value','confusion accuracy');
#3536 = PRODUCT_RELATED_PRODUCT_CATEGORY('part',$,(#7));
#3537 = MECHANICAL_DESIGN_GEOMETRIC_PRESENTATION_REPRESENTATION('',(
    #3538,#3550,#3561,#3572,#3582,#3593,#3602,#3613,#3622,#3631,#3640,
    #3649,#3659,#3668,#3677,#3686,#3697,#3706,#3715,#3724,#3733,#3742,
    #3751,#3760,#3769,#3778,#3787,#3796,#3805,#3814,#3823,#3832),#3531);
#3538 = STYLED_ITEM('color',(#3539),#17);
#3539 = PRESENTATION_STYLE_ASSIGNMENT((#3540,#3548));
#3540 = SURFACE_STYLE_USAGE(.BOTH.,#3541);
#3541 = SURFACE_SIDE_STYLE('',(#3542,#3546));
#3542 = SURFACE_STYLE_FILL_AREA(#3543);
#3543 = FILL_AREA_STYLE('',(#3544));
#3544 = FILL_AREA_STYLE_COLOUR('',#3545);
#3545 = COLOUR_RGB('',0.827210915429,0.957431643449,1.);
#3546 = SURFACE_STYLE_RENDERING_WITH_PROPERTIES(.NORMAL_SHADING.,#3545,(
    #3547));
#3547 = SURFACE_STYLE_TRANSPARENT(0.59999999404);
#3548 = CURVE_STYLE('',#3549,POSITIVE_LENGTH_MEASURE(0.1),#3545);
#3549 = DRAUGHTING_PRE_DEFINED_CURVE_FONT('continuous');
#3550 = STYLED_ITEM('color',(#3551),#465);
#3551 = PRESENTATION_STYLE_ASSIGNMENT((#3552,#3559));
#3552 = SURFACE_STYLE_USAGE(.BOTH.,#3553);
#3553 = SURFACE_SIDE_STYLE('',(#3554,#3557));
#3554 = SURFACE_STYLE_FILL_AREA(#3555);
#3555 = FILL_AREA_STYLE('',(#3556));
#3556 = FILL_AREA_STYLE_COLOUR('',#3545);
#3557 = SURFACE_STYLE_RENDERING_WITH_PROPERTIES(.NORMAL_SHADING.,#3545,(
    #3558));
#3558 = SURFACE_STYLE_TRANSPARENT(0.59999999404);
#3559 = CURVE_STYLE('',#3560,POSITIVE_LENGTH_MEASURE(0.1),#3545);
#3560 = DRAUGHTING_PRE_DEFINED_CURVE_FONT('continuous');
#3561 = STYLED_ITEM('color',(#3562),#903);
#3562 = PRESENTATION_STYLE_ASSIGNMENT((#3563,#3570));
#3563 = SURFACE_STYLE_USAGE(.BOTH.,#3564);
#3564 = SURFACE_SIDE_STYLE('',(#3565,#3568));
#3565 = SURFACE_STYLE_FILL_AREA(#3566);
#3566 = FILL_AREA_STYLE('',(#3567));
#3567 = FILL_AREA_STYLE_COLOUR('',#3545);
#3568 = SURFACE_STYLE_RENDERING_WITH_PROPERTIES(.NORMAL_SHADING.,#3545,(
    #3569));
#3569 = SURFACE_STYLE_TRANSPARENT(0.59999999404);
#3570 = CURVE_STYLE('',#3571,POSITIVE_LENGTH_MEASURE(0.1),#3545);
#3571 = DRAUGHTING_PRE_DEFINED_CURVE_FONT('continuous');
#3572 = STYLED_ITEM('color',(#3573),#952);
#3573 = PRESENTATION_STYLE_ASSIGNMENT((#3574,#3580));
#3574 = SURFACE_STYLE_USAGE(.BOTH.,#3575);
#3575 = SURFACE_SIDE_STYLE('',(#3576));
#3576 = SURFACE_STYLE_FILL_AREA(#3577);
#3577 = FILL_AREA_STYLE('',(#3578));
#3578 = FILL_AREA_STYLE_COLOUR('',#3579);
#3579 = COLOUR_RGB('',0.816040146899,0.806956957818,0.786013770769);
#3580 = CURVE_STYLE('',#3581,POSITIVE_LENGTH_MEASURE(0.1),#3579);
#3581 = DRAUGHTING_PRE_DEFINED_CURVE_FONT('continuous');
#3582 = STYLED_ITEM('color',(#3583),#1001);
#3583 = PRESENTATION_STYLE_ASSIGNMENT((#3584,#3591));
#3584 = SURFACE_STYLE_USAGE(.BOTH.,#3585);
#3585 = SURFACE_SIDE_STYLE('',(#3586,#3589));
#3586 = SURFACE_STYLE_FILL_AREA(#3587);
#3587 = FILL_AREA_STYLE('',(#3588));
#3588 = FILL_AREA_STYLE_COLOUR('',#3545);
#3589 = SURFACE_STYLE_RENDERING_WITH_PROPERTIES(.NORMAL_SHADING.,#3545,(
    #3590));
#3590 = SURFACE_STYLE_TRANSPARENT(0.59999999404);
#3591 = CURVE_STYLE('',#3592,POSITIVE_LENGTH_MEASURE(0.1),#3545);
#3592 = DRAUGHTING_PRE_DEFINED_CURVE_FONT('continuous');
#3593 = STYLED_ITEM('color',(#3594),#1050);
#3594 = PRESENTATION_STYLE_ASSIGNMENT((#3595,#3600));
#3595 = SURFACE_STYLE_USAGE(.BOTH.,#3596);
#3596 = SURFACE_SIDE_STYLE('',(#3597));
#3597 = SURFACE_STYLE_FILL_AREA(#3598);
#3598 = FILL_AREA_STYLE('',(#3599));
#3599 = FILL_AREA_STYLE_COLOUR('',#3579);
#3600 = CURVE_STYLE('',#3601,POSITIVE_LENGTH_MEASURE(0.1),#3579);
#3601 = DRAUGHTING_PRE_DEFINED_CURVE_FONT('continuous');
#3602 = STYLED_ITEM('color',(#3603),#1191);
#3603 = PRESENTATION_STYLE_ASSIGNMENT((#3604,#3611));
#3604 = SURFACE_STYLE_USAGE(.BOTH.,#3605);
#3605 = SURFACE_SIDE_STYLE('',(#3606,#3609));
#3606 = SURFACE_STYLE_FILL_AREA(#3607);
#3607 = FILL_AREA_STYLE('',(#3608));
#3608 = FILL_AREA_STYLE_COLOUR('',#3545);
#3609 = SURFACE_STYLE_RENDERING_WITH_PROPERTIES(.NORMAL_SHADING.,#3545,(
    #3610));
#3610 = SURFACE_STYLE_TRANSPARENT(0.59999999404);
#3611 = CURVE_STYLE('',#3612,POSITIVE_LENGTH_MEASURE(0.1),#3545);
#3612 = DRAUGHTING_PRE_DEFINED_CURVE_FONT('continuous');
#3613 = STYLED_ITEM('color',(#3614),#1218);
#3614 = PRESENTATION_STYLE_ASSIGNMENT((#3615,#3620));
#3615 = SURFACE_STYLE_USAGE(.BOTH.,#3616);
#3616 = SURFACE_SIDE_STYLE('',(#3617));
#3617 = SURFACE_STYLE_FILL_AREA(#3618);
#3618 = FILL_AREA_STYLE('',(#3619));
#3619 = FILL_AREA_STYLE_COLOUR('',#3579);
#3620 = CURVE_STYLE('',#3621,POSITIVE_LENGTH_MEASURE(0.1),#3579);
#3621 = DRAUGHTING_PRE_DEFINED_CURVE_FONT('continuous');
#3622 = STYLED_ITEM('color',(#3623),#1245);
#3623 = PRESENTATION_STYLE_ASSIGNMENT((#3624,#3629));
#3624 = SURFACE_STYLE_USAGE(.BOTH.,#3625);
#3625 = SURFACE_SIDE_STYLE('',(#3626));
#3626 = SURFACE_STYLE_FILL_AREA(#3627);
#3627 = FILL_AREA_STYLE('',(#3628));
#3628 = FILL_AREA_STYLE_COLOUR('',#3579);
#3629 = CURVE_STYLE('',#3630,POSITIVE_LENGTH_MEASURE(0.1),#3579);
#3630 = DRAUGHTING_PRE_DEFINED_CURVE_FONT('continuous');
#3631 = STYLED_ITEM('color',(#3632),#1294);
#3632 = PRESENTATION_STYLE_ASSIGNMENT((#3633,#3638));
#3633 = SURFACE_STYLE_USAGE(.BOTH.,#3634);
#3634 = SURFACE_SIDE_STYLE('',(#3635));
#3635 = SURFACE_STYLE_FILL_AREA(#3636);
#3636 = FILL_AREA_STYLE('',(#3637));
#3637 = FILL_AREA_STYLE_COLOUR('',#3579);
#3638 = CURVE_STYLE('',#3639,POSITIVE_LENGTH_MEASURE(0.1),#3579);
#3639 = DRAUGHTING_PRE_DEFINED_CURVE_FONT('continuous');
#3640 = STYLED_ITEM('color',(#3641),#1343);
#3641 = PRESENTATION_STYLE_ASSIGNMENT((#3642,#3647));
#3642 = SURFACE_STYLE_USAGE(.BOTH.,#3643);
#3643 = SURFACE_SIDE_STYLE('',(#3644));
#3644 = SURFACE_STYLE_FILL_AREA(#3645);
#3645 = FILL_AREA_STYLE('',(#3646));
#3646 = FILL_AREA_STYLE_COLOUR('',#3579);
#3647 = CURVE_STYLE('',#3648,POSITIVE_LENGTH_MEASURE(0.1),#3579);
#3648 = DRAUGHTING_PRE_DEFINED_CURVE_FONT('continuous');
#3649 = STYLED_ITEM('color',(#3650),#1370);
#3650 = PRESENTATION_STYLE_ASSIGNMENT((#3651,#3657));
#3651 = SURFACE_STYLE_USAGE(.BOTH.,#3652);
#3652 = SURFACE_SIDE_STYLE('',(#3653));
#3653 = SURFACE_STYLE_FILL_AREA(#3654);
#3654 = FILL_AREA_STYLE('',(#3655));
#3655 = FILL_AREA_STYLE_COLOUR('',#3656);
#3656 = COLOUR_RGB('',0.865876693501,0.702096931103,0.484529207832);
#3657 = CURVE_STYLE('',#3658,POSITIVE_LENGTH_MEASURE(0.1),#3656);
#3658 = DRAUGHTING_PRE_DEFINED_CURVE_FONT('continuous');
#3659 = STYLED_ITEM('color',(#3660),#1446);
#3660 = PRESENTATION_STYLE_ASSIGNMENT((#3661,#3666));
#3661 = SURFACE_STYLE_USAGE(.BOTH.,#3662);
#3662 = SURFACE_SIDE_STYLE('',(#3663));
#3663 = SURFACE_STYLE_FILL_AREA(#3664);
#3664 = FILL_AREA_STYLE('',(#3665));
#3665 = FILL_AREA_STYLE_COLOUR('',#3656);
#3666 = CURVE_STYLE('',#3667,POSITIVE_LENGTH_MEASURE(0.1),#3656);
#3667 = DRAUGHTING_PRE_DEFINED_CURVE_FONT('continuous');
#3668 = STYLED_ITEM('color',(#3669),#1570);
#3669 = PRESENTATION_STYLE_ASSIGNMENT((#3670,#3675));
#3670 = SURFACE_STYLE_USAGE(.BOTH.,#3671);
#3671 = SURFACE_SIDE_STYLE('',(#3672));
#3672 = SURFACE_STYLE_FILL_AREA(#3673);
#3673 = FILL_AREA_STYLE('',(#3674));
#3674 = FILL_AREA_STYLE_COLOUR('',#3656);
#3675 = CURVE_STYLE('',#3676,POSITIVE_LENGTH_MEASURE(0.1),#3656);
#3676 = DRAUGHTING_PRE_DEFINED_CURVE_FONT('continuous');
#3677 = STYLED_ITEM('color',(#3678),#1619);
#3678 = PRESENTATION_STYLE_ASSIGNMENT((#3679,#3684));
#3679 = SURFACE_STYLE_USAGE(.BOTH.,#3680);
#3680 = SURFACE_SIDE_STYLE('',(#3681));
#3681 = SURFACE_STYLE_FILL_AREA(#3682);
#3682 = FILL_AREA_STYLE('',(#3683));
#3683 = FILL_AREA_STYLE_COLOUR('',#3656);
#3684 = CURVE_STYLE('',#3685,POSITIVE_LENGTH_MEASURE(0.1),#3656);
#3685 = DRAUGHTING_PRE_DEFINED_CURVE_FONT('continuous');
#3686 = STYLED_ITEM('color',(#3687),#1716);
#3687 = PRESENTATION_STYLE_ASSIGNMENT((#3688,#3695));
#3688 = SURFACE_STYLE_USAGE(.BOTH.,#3689);
#3689 = SURFACE_SIDE_STYLE('',(#3690,#3693));
#3690 = SURFACE_STYLE_FILL_AREA(#3691);
#3691 = FILL_AREA_STYLE('',(#3692));
#3692 = FILL_AREA_STYLE_COLOUR('',#3545);
#3693 = SURFACE_STYLE_RENDERING_WITH_PROPERTIES(.NORMAL_SHADING.,#3545,(
    #3694));
#3694 = SURFACE_STYLE_TRANSPARENT(0.59999999404);
#3695 = CURVE_STYLE('',#3696,POSITIVE_LENGTH_MEASURE(0.1),#3545);
#3696 = DRAUGHTING_PRE_DEFINED_CURVE_FONT('continuous');
#3697 = STYLED_ITEM('color',(#3698),#1723);
#3698 = PRESENTATION_STYLE_ASSIGNMENT((#3699,#3704));
#3699 = SURFACE_STYLE_USAGE(.BOTH.,#3700);
#3700 = SURFACE_SIDE_STYLE('',(#3701));
#3701 = SURFACE_STYLE_FILL_AREA(#3702);
#3702 = FILL_AREA_STYLE('',(#3703));
#3703 = FILL_AREA_STYLE_COLOUR('',#3579);
#3704 = CURVE_STYLE('',#3705,POSITIVE_LENGTH_MEASURE(0.1),#3579);
#3705 = DRAUGHTING_PRE_DEFINED_CURVE_FONT('continuous');
#3706 = STYLED_ITEM('color',(#3707),#1730);
#3707 = PRESENTATION_STYLE_ASSIGNMENT((#3708,#3713));
#3708 = SURFACE_STYLE_USAGE(.BOTH.,#3709);
#3709 = SURFACE_SIDE_STYLE('',(#3710));
#3710 = SURFACE_STYLE_FILL_AREA(#3711);
#3711 = FILL_AREA_STYLE('',(#3712));
#3712 = FILL_AREA_STYLE_COLOUR('',#3579);
#3713 = CURVE_STYLE('',#3714,POSITIVE_LENGTH_MEASURE(0.1),#3579);
#3714 = DRAUGHTING_PRE_DEFINED_CURVE_FONT('continuous');
#3715 = STYLED_ITEM('color',(#3716),#1757);
#3716 = PRESENTATION_STYLE_ASSIGNMENT((#3717,#3722));
#3717 = SURFACE_STYLE_USAGE(.BOTH.,#3718);
#3718 = SURFACE_SIDE_STYLE('',(#3719));
#3719 = SURFACE_STYLE_FILL_AREA(#3720);
#3720 = FILL_AREA_STYLE('',(#3721));
#3721 = FILL_AREA_STYLE_COLOUR('',#3579);
#3722 = CURVE_STYLE('',#3723,POSITIVE_LENGTH_MEASURE(0.1),#3579);
#3723 = DRAUGHTING_PRE_DEFINED_CURVE_FONT('continuous');
#3724 = STYLED_ITEM('color',(#3725),#1784);
#3725 = PRESENTATION_STYLE_ASSIGNMENT((#3726,#3731));
#3726 = SURFACE_STYLE_USAGE(.BOTH.,#3727);
#3727 = SURFACE_SIDE_STYLE('',(#3728));
#3728 = SURFACE_STYLE_FILL_AREA(#3729);
#3729 = FILL_AREA_STYLE('',(#3730));
#3730 = FILL_AREA_STYLE_COLOUR('',#3579);
#3731 = CURVE_STYLE('',#3732,POSITIVE_LENGTH_MEASURE(0.1),#3579);
#3732 = DRAUGHTING_PRE_DEFINED_CURVE_FONT('continuous');
#3733 = STYLED_ITEM('color',(#3734),#1811);
#3734 = PRESENTATION_STYLE_ASSIGNMENT((#3735,#3740));
#3735 = SURFACE_STYLE_USAGE(.BOTH.,#3736);
#3736 = SURFACE_SIDE_STYLE('',(#3737));
#3737 = SURFACE_STYLE_FILL_AREA(#3738);
#3738 = FILL_AREA_STYLE('',(#3739));
#3739 = FILL_AREA_STYLE_COLOUR('',#3579);
#3740 = CURVE_STYLE('',#3741,POSITIVE_LENGTH_MEASURE(0.1),#3579);
#3741 = DRAUGHTING_PRE_DEFINED_CURVE_FONT('continuous');
#3742 = STYLED_ITEM('color',(#3743),#1838);
#3743 = PRESENTATION_STYLE_ASSIGNMENT((#3744,#3749));
#3744 = SURFACE_STYLE_USAGE(.BOTH.,#3745);
#3745 = SURFACE_SIDE_STYLE('',(#3746));
#3746 = SURFACE_STYLE_FILL_AREA(#3747);
#3747 = FILL_AREA_STYLE('',(#3748));
#3748 = FILL_AREA_STYLE_COLOUR('',#3579);
#3749 = CURVE_STYLE('',#3750,POSITIVE_LENGTH_MEASURE(0.1),#3579);
#3750 = DRAUGHTING_PRE_DEFINED_CURVE_FONT('continuous');
#3751 = STYLED_ITEM('color',(#3752),#1845);
#3752 = PRESENTATION_STYLE_ASSIGNMENT((#3753,#3758));
#3753 = SURFACE_STYLE_USAGE(.BOTH.,#3754);
#3754 = SURFACE_SIDE_STYLE('',(#3755));
#3755 = SURFACE_STYLE_FILL_AREA(#3756);
#3756 = FILL_AREA_STYLE('',(#3757));
#3757 = FILL_AREA_STYLE_COLOUR('',#3656);
#3758 = CURVE_STYLE('',#3759,POSITIVE_LENGTH_MEASURE(0.1),#3656);
#3759 = DRAUGHTING_PRE_DEFINED_CURVE_FONT('continuous');
#3760 = STYLED_ITEM('color',(#3761),#1872);
#3761 = PRESENTATION_STYLE_ASSIGNMENT((#3762,#3767));
#3762 = SURFACE_STYLE_USAGE(.BOTH.,#3763);
#3763 = SURFACE_SIDE_STYLE('',(#3764));
#3764 = SURFACE_STYLE_FILL_AREA(#3765);
#3765 = FILL_AREA_STYLE('',(#3766));
#3766 = FILL_AREA_STYLE_COLOUR('',#3656);
#3767 = CURVE_STYLE('',#3768,POSITIVE_LENGTH_MEASURE(0.1),#3656);
#3768 = DRAUGHTING_PRE_DEFINED_CURVE_FONT('continuous');
#3769 = STYLED_ITEM('color',(#3770),#1899);
#3770 = PRESENTATION_STYLE_ASSIGNMENT((#3771,#3776));
#3771 = SURFACE_STYLE_USAGE(.BOTH.,#3772);
#3772 = SURFACE_SIDE_STYLE('',(#3773));
#3773 = SURFACE_STYLE_FILL_AREA(#3774);
#3774 = FILL_AREA_STYLE('',(#3775));
#3775 = FILL_AREA_STYLE_COLOUR('',#3656);
#3776 = CURVE_STYLE('',#3777,POSITIVE_LENGTH_MEASURE(0.1),#3656);
#3777 = DRAUGHTING_PRE_DEFINED_CURVE_FONT('continuous');
#3778 = STYLED_ITEM('color',(#3779),#1906);
#3779 = PRESENTATION_STYLE_ASSIGNMENT((#3780,#3785));
#3780 = SURFACE_STYLE_USAGE(.BOTH.,#3781);
#3781 = SURFACE_SIDE_STYLE('',(#3782));
#3782 = SURFACE_STYLE_FILL_AREA(#3783);
#3783 = FILL_AREA_STYLE('',(#3784));
#3784 = FILL_AREA_STYLE_COLOUR('',#3656);
#3785 = CURVE_STYLE('',#3786,POSITIVE_LENGTH_MEASURE(0.1),#3656);
#3786 = DRAUGHTING_PRE_DEFINED_CURVE_FONT('continuous');
#3787 = STYLED_ITEM('color',(#3788),#2486);
#3788 = PRESENTATION_STYLE_ASSIGNMENT((#3789,#3794));
#3789 = SURFACE_STYLE_USAGE(.BOTH.,#3790);
#3790 = SURFACE_SIDE_STYLE('',(#3791));
#3791 = SURFACE_STYLE_FILL_AREA(#3792);
#3792 = FILL_AREA_STYLE('',(#3793));
#3793 = FILL_AREA_STYLE_COLOUR('',#3579);
#3794 = CURVE_STYLE('',#3795,POSITIVE_LENGTH_MEASURE(0.1),#3579);
#3795 = DRAUGHTING_PRE_DEFINED_CURVE_FONT('continuous');
#3796 = STYLED_ITEM('color',(#3797),#2533);
#3797 = PRESENTATION_STYLE_ASSIGNMENT((#3798,#3803));
#3798 = SURFACE_STYLE_USAGE(.BOTH.,#3799);
#3799 = SURFACE_SIDE_STYLE('',(#3800));
#3800 = SURFACE_STYLE_FILL_AREA(#3801);
#3801 = FILL_AREA_STYLE('',(#3802));
#3802 = FILL_AREA_STYLE_COLOUR('',#3579);
#3803 = CURVE_STYLE('',#3804,POSITIVE_LENGTH_MEASURE(0.1),#3579);
#3804 = DRAUGHTING_PRE_DEFINED_CURVE_FONT('continuous');
#3805 = STYLED_ITEM('color',(#3806),#2824);
#3806 = PRESENTATION_STYLE_ASSIGNMENT((#3807,#3812));
#3807 = SURFACE_STYLE_USAGE(.BOTH.,#3808);
#3808 = SURFACE_SIDE_STYLE('',(#3809));
#3809 = SURFACE_STYLE_FILL_AREA(#3810);
#3810 = FILL_AREA_STYLE('',(#3811));
#3811 = FILL_AREA_STYLE_COLOUR('',#3579);
#3812 = CURVE_STYLE('',#3813,POSITIVE_LENGTH_MEASURE(0.1),#3579);
#3813 = DRAUGHTING_PRE_DEFINED_CURVE_FONT('continuous');
#3814 = STYLED_ITEM('color',(#3815),#2871);
#3815 = PRESENTATION_STYLE_ASSIGNMENT((#3816,#3821));
#3816 = SURFACE_STYLE_USAGE(.BOTH.,#3817);
#3817 = SURFACE_SIDE_STYLE('',(#3818));
#3818 = SURFACE_STYLE_FILL_AREA(#3819);
#3819 = FILL_AREA_STYLE('',(#3820));
#3820 = FILL_AREA_STYLE_COLOUR('',#3579);
#3821 = CURVE_STYLE('',#3822,POSITIVE_LENGTH_MEASURE(0.1),#3579);
#3822 = DRAUGHTING_PRE_DEFINED_CURVE_FONT('continuous');
#3823 = STYLED_ITEM('color',(#3824),#2887);
#3824 = PRESENTATION_STYLE_ASSIGNMENT((#3825,#3830));
#3825 = SURFACE_STYLE_USAGE(.BOTH.,#3826);
#3826 = SURFACE_SIDE_STYLE('',(#3827));
#3827 = SURFACE_STYLE_FILL_AREA(#3828);
#3828 = FILL_AREA_STYLE('',(#3829));
#3829 = FILL_AREA_STYLE_COLOUR('',#3656);
#3830 = CURVE_STYLE('',#3831,POSITIVE_LENGTH_MEASURE(0.1),#3656);
#3831 = DRAUGHTING_PRE_DEFINED_CURVE_FONT('continuous');
#3832 = STYLED_ITEM('color',(#3833),#3470);
#3833 = PRESENTATION_STYLE_ASSIGNMENT((#3834,#3839));
#3834 = SURFACE_STYLE_USAGE(.BOTH.,#3835);
#3835 = SURFACE_SIDE_STYLE('',(#3836));
#3836 = SURFACE_STYLE_FILL_AREA(#3837);
#3837 = FILL_AREA_STYLE('',(#3838));
#3838 = FILL_AREA_STYLE_COLOUR('',#3656);
#3839 = CURVE_STYLE('',#3840,POSITIVE_LENGTH_MEASURE(0.1),#3656);
#3840 = DRAUGHTING_PRE_DEFINED_CURVE_FONT('continuous');
#3841 = VALUE_REPRESENTATION_ITEM('maxh',2.5E-03);
#3842 = COMPOUND_REPRESENTATION_ITEM('netgen_geometry_properties',(#952,
    #3841));
#3843 = VALUE_REPRESENTATION_ITEM('maxh',2.5E-03);
#3844 = COMPOUND_REPRESENTATION_ITEM('netgen_geometry_properties',(#1050
    ,#3843));
#3845 = VALUE_REPRESENTATION_ITEM('maxh',2.5E-03);
#3846 = COMPOUND_REPRESENTATION_ITEM('netgen_geometry_properties',(#1218
    ,#3845));
#3847 = VALUE_REPRESENTATION_ITEM('maxh',1.E-03);
#3848 = COMPOUND_REPRESENTATION_ITEM('netgen_geometry_properties',(#1245
    ,#3847));
#3849 = VALUE_REPRESENTATION_ITEM('maxh',1.E-03);
#3850 = COMPOUND_REPRESENTATION_ITEM('netgen_geometry_properties',(#1294
    ,#3849));
#3851 = VALUE_REPRESENTATION_ITEM('maxh',1.E-03);
#3852 = COMPOUND_REPRESENTATION_ITEM('netgen_geometry_properties',(#1343
    ,#3851));
#3853 = VALUE_REPRESENTATION_ITEM('maxh',2.5E-03);
#3854 = COMPOUND_REPRESENTATION_ITEM('netgen_geometry_properties',(#1370
    ,#3853));
#3855 = VALUE_REPRESENTATION_ITEM('maxh',2.5E-03);
#3856 = COMPOUND_REPRESENTATION_ITEM('netgen_geometry_properties',(#1446
    ,#3855));
#3857 = VALUE_REPRESENTATION_ITEM('maxh',2.5E-03);
#3858 = COMPOUND_REPRESENTATION_ITEM('netgen_geometry_properties',(#1570
    ,#3857));
#3859 = VALUE_REPRESENTATION_ITEM('maxh',2.5E-03);
#3860 = COMPOUND_REPRESENTATION_ITEM('netgen_geometry_properties',(#1619
    ,#3859));
#3861 = VALUE_REPRESENTATION_ITEM('maxh',1.E-03);
#3862 = COMPOUND_REPRESENTATION_ITEM('netgen_geometry_properties',(#1723
    ,#3861));
#3863 = VALUE_REPRESENTATION_ITEM('maxh',2.5E-03);
#3864 = COMPOUND_REPRESENTATION_ITEM('netgen_geometry_properties',(#1730
    ,#3863));
#3865 = VALUE_REPRESENTATION_ITEM('maxh',2.5E-03);
#3866 = COMPOUND_REPRESENTATION_ITEM('netgen_geometry_properties',(#1757
    ,#3865));
#3867 = VALUE_REPRESENTATION_ITEM('maxh',2.5E-03);
#3868 = COMPOUND_REPRESENTATION_ITEM('netgen_geometry_properties',(#1784
    ,#3867));
#3869 = VALUE_REPRESENTATION_ITEM('maxh',2.5E-03);
#3870 = COMPOUND_REPRESENTATION_ITEM('netgen_geometry_properties',(#1811
    ,#3869));
#3871 = VALUE_REPRESENTATION_ITEM('maxh',2.5E-03);
#3872 = COMPOUND_REPRESENTATION_ITEM('netgen_geometry_properties',(#1838
    ,#3871));
#3873 = VALUE_REPRESENTATION_ITEM('maxh',2.5E-03);
#3874 = COMPOUND_REPRESENTATION_ITEM('netgen_geometry_properties',(#1845
    ,#3873));
#3875 = VALUE_REPRESENTATION_ITEM('maxh',2.5E-03);
#3876 = COMPOUND_REPRESENTATION_ITEM('netgen_geometry_properties',(#1872
    ,#3875));
#3877 = VALUE_REPRESENTATION_ITEM('maxh',2.5E-03);
#3878 = COMPOUND_REPRESENTATION_ITEM('netgen_geometry_properties',(#1899
    ,#3877));
#3879 = VALUE_REPRESENTATION_ITEM('maxh',2.5E-03);
#3880 = COMPOUND_REPRESENTATION_ITEM('netgen_geometry_properties',(#1906
    ,#3879));
#3881 = VALUE_REPRESENTATION_ITEM('maxh',2.5E-03);
#3882 = COMPOUND_REPRESENTATION_ITEM('netgen_geometry_properties',(#952,
    #3881));
#3883 = VALUE_REPRESENTATION_ITEM('maxh',2.5E-03);
#3884 = COMPOUND_REPRESENTATION_ITEM('netgen_geometry_properties',(#1730
    ,#3883));
#3885 = VALUE_REPRESENTATION_ITEM('maxh',2.5E-03);
#3886 = COMPOUND_REPRESENTATION_ITEM('netgen_geometry_properties',(#1757
    ,#3885));
#3887 = VALUE_REPRESENTATION_ITEM('maxh',2.5E-03);
#3888 = COMPOUND_REPRESENTATION_ITEM('netgen_geometry_properties',(#1784
    ,#3887));
#3889 = VALUE_REPRESENTATION_ITEM('maxh',2.5E-03);
#3890 = COMPOUND_REPRESENTATION_ITEM('netgen_geometry_properties',(#1838
    ,#3889));
#3891 = VALUE_REPRESENTATION_ITEM('maxh',2.5E-03);
#3892 = COMPOUND_REPRESENTATION_ITEM('netgen_geometry_properties',(#1811
    ,#3891));
#3893 = VALUE_REPRESENTATION_ITEM('maxh',2.5E-03);
#3894 = COMPOUND_REPRESENTATION_ITEM('netgen_geometry_properties',(#1218
    ,#3893));
#3895 = VALUE_REPRESENTATION_ITEM('maxh',2.5E-03);
#3896 = COMPOUND_REPRESENTATION_ITEM('netgen_geometry_properties',(#2486
    ,#3895));
#3897 = VALUE_REPRESENTATION_ITEM('maxh',2.5E-03);
#3898 = COMPOUND_REPRESENTATION_ITEM('netgen_geometry_properties',(#2533
    ,#3897));
#3899 = VALUE_REPRESENTATION_ITEM('maxh',2.5E-03);
#3900 = COMPOUND_REPRESENTATION_ITEM('netgen_geometry_properties',(#1050
    ,#3899));
#3901 = VALUE_REPRESENTATION_ITEM('maxh',1.E-03);
#3902 = COMPOUND_REPRESENTATION_ITEM('netgen_geometry_properties',(#1294
    ,#3901));
#3903 = VALUE_REPRESENTATION_ITEM('maxh',1.E-03);
#3904 = COMPOUND_REPRESENTATION_ITEM('netgen_geometry_properties',(#1723
    ,#3903));
#3905 = VALUE_REPRESENTATION_ITEM('maxh',1.E-03);
#3906 = COMPOUND_REPRESENTATION_ITEM('netgen_geometry_properties',(#1245
    ,#3905));
#3907 = VALUE_REPRESENTATION_ITEM('maxh',1.E-03);
#3908 = COMPOUND_REPRESENTATION_ITEM('netgen_geometry_properties',(#2824
    ,#3907));
#3909 = VALUE_REPRESENTATION_ITEM('maxh',1.E-03);
#3910 = COMPOUND_REPRESENTATION_ITEM('netgen_geometry_properties',(#2871
    ,#3909));
#3911 = VALUE_REPRESENTATION_ITEM('maxh',1.E-03);
#3912 = COMPOUND_REPRESENTATION_ITEM('netgen_geometry_properties',(#1343
    ,#3911));
#3913 = VALUE_REPRESENTATION_ITEM('maxh',2.5E-03);
#3914 = COMPOUND_REPRESENTATION_ITEM('netgen_geometry_properties',(#2887
    ,#3913));
#3915 = VALUE_REPRESENTATION_ITEM('maxh',2.5E-03);
#3916 = COMPOUND_REPRESENTATION_ITEM('netgen_geometry_properties',(#1619
    ,#3915));
#3917 = VALUE_REPRESENTATION_ITEM('maxh',2.5E-03);
#3918 = COMPOUND_REPRESENTATION_ITEM('netgen_geometry_properties',(#1872
    ,#3917));
#3919 = VALUE_REPRESENTATION_ITEM('maxh',2.5E-03);
#3920 = COMPOUND_REPRESENTATION_ITEM('netgen_geometry_properties',(#1446
    ,#3919));
#3921 = VALUE_REPRESENTATION_ITEM('maxh',2.5E-03);
#3922 = COMPOUND_REPRESENTATION_ITEM('netgen_geometry_properties',(#1845
    ,#3921));
#3923 = VALUE_REPRESENTATION_ITEM('maxh',2.5E-03);
#3924 = COMPOUND_REPRESENTATION_ITEM('netgen_geometry_properties',(#1906
    ,#3923));
#3925 = VALUE_REPRESENTATION_ITEM('maxh',2.5E-03);
#3926 = COMPOUND_REPRESENTATION_ITEM('netgen_geometry_properties',(#1570
    ,#3925));
#3927 = VALUE_REPRESENTATION_ITEM('maxh',2.5E-03);
#3928 = COMPOUND_REPRESENTATION_ITEM('netgen_geometry_properties',(#3470
    ,#3927));
#3929 = VALUE_REPRESENTATION_ITEM('maxh',2.5E-03);
#3930 = COMPOUND_REPRESENTATION_ITEM('netgen_geometry_properties',(#1370
    ,#3929));
#3931 = VALUE_REPRESENTATION_ITEM('maxh',2.5E-03);
#3932 = COMPOUND_REPRESENTATION_ITEM('netgen_geometry_properties',(#1899
    ,#3931));
ENDSEC;
END-ISO-10303-21;
