ISO-10303-21;
HEADER;
FILE_DESCRIPTION(('Open CASCADE Model'),'2;1');
FILE_NAME('Open CASCADE Shape Model','2026-10-05T14:39:59',('Author'),(
    'Open CASCADE'),'Open CASCADE STEP processor 7.8','Open CASCADE 7.8'
  ,'Unknown');
FILE_SCHEMA(('AUTOMOTIVE_DESIGN { 1 0 10303 214 1 1 1 1 }'));
ENDSEC;
DATA;
#1 = APPLICATION_PROTOCOL_DEFINITION('international standard',
  'automotive_design',2000,#2);
#2 = APPLICATION_CONTEXT(
  'core data for automotive mechanical design processes');
#3 = SHAPE_DEFINITION_REPRESENTATION(#4,#10);
#4 = PRODUCT_DEFINITION_SHAPE('','',#5);
#5 = PRODUCT_DEFINITION('design','',#6,#9);
#6 = PRODUCT_DEFINITION_FORMATION('','',#7);
#7 = PRODUCT('Open CASCADE STEP translator 7.8 1',
  'Open CASCADE STEP translator 7.8 1','',(#8));
#8 = PRODUCT_CONTEXT('',#2,'mechanical');
#9 = PRODUCT_DEFINITION_CONTEXT('part definition',#2,'design');
#10 = SHAPE_REPRESENTATION('',(#11,#15,#1860,#2352,#2846,#3340,#3834,
    #4328,#4822,#5316,#5810,#6304,#6798,#6980,#7160),#12671);
#11 = AXIS2_PLACEMENT_3D('',#12,#13,#14);
#12 = CARTESIAN_POINT('',(0.,0.,0.));
#13 = DIRECTION('',(0.,0.,1.));
#14 = DIRECTION('',(1.,0.,-0.));
#15 = MANIFOLD_SOLID_BREP('Back Iron::Magnet Side',#16);
#16 = CLOSED_SHELL('',(#17,#833,#930,#1775,#1784,#1793,#1802,#1811,#1820
    ,#1829,#1838,#1847,#1856));
#17 = ADVANCED_FACE('Back Iron::Magnet Side::Boundary',(#18),#32,.T.);
#18 = FACE_BOUND('',#19,.T.);
#19 = EDGE_LOOP('',(#20,#50,#79,#108,#136,#159,#183,#211,#234,#258,#286,
    #309,#333,#361,#384,#408,#436,#459,#483,#511,#534,#558,#586,#609,
    #633,#661,#684,#708,#736,#759,#783,#805,#806));
#20 = ORIENTED_EDGE('',*,*,#21,.T.);
#21 = EDGE_CURVE('',#22,#24,#26,.T.);
#22 = VERTEX_POINT('',#23);
#23 = CARTESIAN_POINT('',(6.E-02,-1.469576158977E-17,0.));
#24 = VERTEX_POINT('',#25);
#25 = CARTESIAN_POINT('',(6.E-02,-1.469576158977E-17,1.E-02));
#26 = SEAM_CURVE('',#27,(#31,#43),.PCURVE_S1.);
#27 = LINE('',#28,#29);
#28 = CARTESIAN_POINT('',(6.E-02,-1.469576158977E-17,0.));
#29 = VECTOR('',#30,1.);
#30 = DIRECTION('',(0.,0.,1.));
#31 = PCURVE('',#32,#37);
#32 = CYLINDRICAL_SURFACE('',#33,6.E-02);
#33 = AXIS2_PLACEMENT_3D('',#34,#35,#36);
#34 = CARTESIAN_POINT('',(0.,0.,0.));
#35 = DIRECTION('',(0.,0.,1.));
#36 = DIRECTION('',(1.,0.,-0.));
#37 = DEFINITIONAL_REPRESENTATION('',(#38),#42);
#38 = LINE('',#39,#40);
#39 = CARTESIAN_POINT('',(6.28318530718,-0.));
#40 = VECTOR('',#41,1.);
#41 = DIRECTION('',(0.,1.));
#42 = ( GEOMETRIC_REPRESENTATION_CONTEXT(2) 
PARAMETRIC_REPRESENTATION_CONTEXT() REPRESENTATION_CONTEXT('2D SPACE',''
  ) );
#43 = PCURVE('',#32,#44);
#44 = DEFINITIONAL_REPRESENTATION('',(#45),#49);
#45 = LINE('',#46,#47);
#46 = CARTESIAN_POINT('',(0.,-0.));
#47 = VECTOR('',#48,1.);
#48 = DIRECTION('',(0.,1.));
#49 = ( GEOMETRIC_REPRESENTATION_CONTEXT(2) 
PARAMETRIC_REPRESENTATION_CONTEXT() REPRESENTATION_CONTEXT('2D SPACE',''
  ) );
#50 = ORIENTED_EDGE('',*,*,#51,.F.);
#51 = EDGE_CURVE('',#52,#24,#54,.T.);
#52 = VERTEX_POINT('',#53);
#53 = CARTESIAN_POINT('',(5.761762114062E-02,-1.673946636235E-02,1.E-02)
  );
#54 = SURFACE_CURVE('',#55,(#60,#67),.PCURVE_S1.);
#55 = CIRCLE('',#56,6.E-02);
#56 = AXIS2_PLACEMENT_3D('',#57,#58,#59);
#57 = CARTESIAN_POINT('',(0.,0.,1.E-02));
#58 = DIRECTION('',(0.,0.,1.));
#59 = DIRECTION('',(1.,0.,-0.));
#60 = PCURVE('',#32,#61);
#61 = DEFINITIONAL_REPRESENTATION('',(#62),#66);
#62 = LINE('',#63,#64);
#63 = CARTESIAN_POINT('',(0.,1.E-02));
#64 = VECTOR('',#65,1.);
#65 = DIRECTION('',(1.,0.));
#66 = ( GEOMETRIC_REPRESENTATION_CONTEXT(2) 
PARAMETRIC_REPRESENTATION_CONTEXT() REPRESENTATION_CONTEXT('2D SPACE',''
  ) );
#67 = PCURVE('',#68,#73);
#68 = PLANE('',#69);
#69 = AXIS2_PLACEMENT_3D('',#70,#71,#72);
#70 = CARTESIAN_POINT('',(0.,0.,1.E-02));
#71 = DIRECTION('',(0.,0.,1.));
#72 = DIRECTION('',(1.,0.,-0.));
#73 = DEFINITIONAL_REPRESENTATION('',(#74),#78);
#74 = CIRCLE('',#75,6.E-02);
#75 = AXIS2_PLACEMENT_2D('',#76,#77);
#76 = CARTESIAN_POINT('',(0.,0.));
#77 = DIRECTION('',(1.,0.));
#78 = ( GEOMETRIC_REPRESENTATION_CONTEXT(2) 
PARAMETRIC_REPRESENTATION_CONTEXT() REPRESENTATION_CONTEXT('2D SPACE',''
  ) );
#79 = ORIENTED_EDGE('',*,*,#80,.F.);
#80 = EDGE_CURVE('',#81,#52,#83,.T.);
#81 = VERTEX_POINT('',#82);
#82 = CARTESIAN_POINT('',(5.645284613725E-02,-2.032427521472E-02,1.E-02)
  );
#83 = SURFACE_CURVE('',#84,(#89,#96),.PCURVE_S1.);
#84 = CIRCLE('',#85,6.E-02);
#85 = AXIS2_PLACEMENT_3D('',#86,#87,#88);
#86 = CARTESIAN_POINT('',(0.,0.,1.E-02));
#87 = DIRECTION('',(0.,0.,1.));
#88 = DIRECTION('',(1.,0.,-0.));
#89 = PCURVE('',#32,#90);
#90 = DEFINITIONAL_REPRESENTATION('',(#91),#95);
#91 = LINE('',#92,#93);
#92 = CARTESIAN_POINT('',(0.,1.E-02));
#93 = VECTOR('',#94,1.);
#94 = DIRECTION('',(1.,0.));
#95 = ( GEOMETRIC_REPRESENTATION_CONTEXT(2) 
PARAMETRIC_REPRESENTATION_CONTEXT() REPRESENTATION_CONTEXT('2D SPACE',''
  ) );
#96 = PCURVE('',#97,#102);
#97 = PLANE('',#98);
#98 = AXIS2_PLACEMENT_3D('',#99,#100,#101);
#99 = CARTESIAN_POINT('',(0.,0.,1.E-02));
#100 = DIRECTION('',(0.,0.,1.));
#101 = DIRECTION('',(1.,0.,-0.));
#102 = DEFINITIONAL_REPRESENTATION('',(#103),#107);
#103 = CIRCLE('',#104,6.E-02);
#104 = AXIS2_PLACEMENT_2D('',#105,#106);
#105 = CARTESIAN_POINT('',(0.,0.));
#106 = DIRECTION('',(1.,0.));
#107 = ( GEOMETRIC_REPRESENTATION_CONTEXT(2) 
PARAMETRIC_REPRESENTATION_CONTEXT() REPRESENTATION_CONTEXT('2D SPACE',''
  ) );
#108 = ORIENTED_EDGE('',*,*,#109,.F.);
#109 = EDGE_CURVE('',#110,#81,#112,.T.);
#110 = VERTEX_POINT('',#111);
#111 = CARTESIAN_POINT('',(4.85410196625E-02,-3.526711513755E-02,1.E-02)
  );
#112 = SURFACE_CURVE('',#113,(#118,#124),.PCURVE_S1.);
#113 = CIRCLE('',#114,6.E-02);
#114 = AXIS2_PLACEMENT_3D('',#115,#116,#117);
#115 = CARTESIAN_POINT('',(0.,0.,1.E-02));
#116 = DIRECTION('',(-0.,0.,1.));
#117 = DIRECTION('',(0.809016994375,-0.587785252292,0.));
#118 = PCURVE('',#32,#119);
#119 = DEFINITIONAL_REPRESENTATION('',(#120),#123);
#120 = B_SPLINE_CURVE_WITH_KNOTS('',1,(#121,#122),.UNSPECIFIED.,.F.,.F.,
  (2,2),(0.,0.282743338823),.PIECEWISE_BEZIER_KNOTS.);
#121 = CARTESIAN_POINT('',(5.654866776462,1.E-02));
#122 = CARTESIAN_POINT('',(5.937610115285,1.E-02));
#123 = ( GEOMETRIC_REPRESENTATION_CONTEXT(2) 
PARAMETRIC_REPRESENTATION_CONTEXT() REPRESENTATION_CONTEXT('2D SPACE',''
  ) );
#124 = PCURVE('',#125,#130);
#125 = PLANE('',#126);
#126 = AXIS2_PLACEMENT_3D('',#127,#128,#129);
#127 = CARTESIAN_POINT('',(0.,0.,1.E-02));
#128 = DIRECTION('',(0.,0.,1.));
#129 = DIRECTION('',(0.809016994375,-0.587785252292,0.));
#130 = DEFINITIONAL_REPRESENTATION('',(#131),#135);
#131 = CIRCLE('',#132,6.E-02);
#132 = AXIS2_PLACEMENT_2D('',#133,#134);
#133 = CARTESIAN_POINT('',(0.,0.));
#134 = DIRECTION('',(1.,0.));
#135 = ( GEOMETRIC_REPRESENTATION_CONTEXT(2) 
PARAMETRIC_REPRESENTATION_CONTEXT() REPRESENTATION_CONTEXT('2D SPACE',''
  ) );
#136 = ORIENTED_EDGE('',*,*,#137,.F.);
#137 = EDGE_CURVE('',#138,#110,#140,.T.);
#138 = VERTEX_POINT('',#139);
#139 = CARTESIAN_POINT('',(3.677442321918E-02,-4.740930074254E-02,1.E-02
    ));
#140 = SURFACE_CURVE('',#141,(#146,#152),.PCURVE_S1.);
#141 = CIRCLE('',#142,6.E-02);
#142 = AXIS2_PLACEMENT_3D('',#143,#144,#145);
#143 = CARTESIAN_POINT('',(0.,0.,1.E-02));
#144 = DIRECTION('',(-0.,0.,1.));
#145 = DIRECTION('',(0.809016994375,-0.587785252292,0.));
#146 = PCURVE('',#32,#147);
#147 = DEFINITIONAL_REPRESENTATION('',(#148),#151);
#148 = B_SPLINE_CURVE_WITH_KNOTS('',1,(#149,#150),.UNSPECIFIED.,.F.,.F.,
  (2,2),(6.000441968357,6.28318530718),.PIECEWISE_BEZIER_KNOTS.);
#149 = CARTESIAN_POINT('',(5.372123437639,1.E-02));
#150 = CARTESIAN_POINT('',(5.654866776462,1.E-02));
#151 = ( GEOMETRIC_REPRESENTATION_CONTEXT(2) 
PARAMETRIC_REPRESENTATION_CONTEXT() REPRESENTATION_CONTEXT('2D SPACE',''
  ) );
#152 = PCURVE('',#125,#153);
#153 = DEFINITIONAL_REPRESENTATION('',(#154),#158);
#154 = CIRCLE('',#155,6.E-02);
#155 = AXIS2_PLACEMENT_2D('',#156,#157);
#156 = CARTESIAN_POINT('',(0.,0.));
#157 = DIRECTION('',(1.,0.));
#158 = ( GEOMETRIC_REPRESENTATION_CONTEXT(2) 
PARAMETRIC_REPRESENTATION_CONTEXT() REPRESENTATION_CONTEXT('2D SPACE',''
  ) );
#159 = ORIENTED_EDGE('',*,*,#160,.F.);
#160 = EDGE_CURVE('',#161,#138,#163,.T.);
#161 = VERTEX_POINT('',#162);
#162 = CARTESIAN_POINT('',(3.372500267113E-02,-4.962483445647E-02,1.E-02
    ));
#163 = SURFACE_CURVE('',#164,(#169,#176),.PCURVE_S1.);
#164 = CIRCLE('',#165,6.E-02);
#165 = AXIS2_PLACEMENT_3D('',#166,#167,#168);
#166 = CARTESIAN_POINT('',(0.,0.,1.E-02));
#167 = DIRECTION('',(0.,0.,1.));
#168 = DIRECTION('',(1.,0.,-0.));
#169 = PCURVE('',#32,#170);
#170 = DEFINITIONAL_REPRESENTATION('',(#171),#175);
#171 = LINE('',#172,#173);
#172 = CARTESIAN_POINT('',(0.,1.E-02));
#173 = VECTOR('',#174,1.);
#174 = DIRECTION('',(1.,0.));
#175 = ( GEOMETRIC_REPRESENTATION_CONTEXT(2) 
PARAMETRIC_REPRESENTATION_CONTEXT() REPRESENTATION_CONTEXT('2D SPACE',''
  ) );
#176 = PCURVE('',#97,#177);
#177 = DEFINITIONAL_REPRESENTATION('',(#178),#182);
#178 = CIRCLE('',#179,6.E-02);
#179 = AXIS2_PLACEMENT_2D('',#180,#181);
#180 = CARTESIAN_POINT('',(0.,0.));
#181 = DIRECTION('',(1.,0.));
#182 = ( GEOMETRIC_REPRESENTATION_CONTEXT(2) 
PARAMETRIC_REPRESENTATION_CONTEXT() REPRESENTATION_CONTEXT('2D SPACE',''
  ) );
#183 = ORIENTED_EDGE('',*,*,#184,.F.);
#184 = EDGE_CURVE('',#185,#161,#187,.T.);
#185 = VERTEX_POINT('',#186);
#186 = CARTESIAN_POINT('',(1.85410196625E-02,-5.706339097771E-02,1.E-02)
  );
#187 = SURFACE_CURVE('',#188,(#193,#199),.PCURVE_S1.);
#188 = CIRCLE('',#189,6.E-02);
#189 = AXIS2_PLACEMENT_3D('',#190,#191,#192);
#190 = CARTESIAN_POINT('',(0.,0.,1.E-02));
#191 = DIRECTION('',(-0.,0.,1.));
#192 = DIRECTION('',(0.309016994375,-0.951056516295,0.));
#193 = PCURVE('',#32,#194);
#194 = DEFINITIONAL_REPRESENTATION('',(#195),#198);
#195 = B_SPLINE_CURVE_WITH_KNOTS('',1,(#196,#197),.UNSPECIFIED.,.F.,.F.,
  (2,2),(0.,0.282743338823),.PIECEWISE_BEZIER_KNOTS.);
#196 = CARTESIAN_POINT('',(5.026548245744,1.E-02));
#197 = CARTESIAN_POINT('',(5.309291584567,1.E-02));
#198 = ( GEOMETRIC_REPRESENTATION_CONTEXT(2) 
PARAMETRIC_REPRESENTATION_CONTEXT() REPRESENTATION_CONTEXT('2D SPACE',''
  ) );
#199 = PCURVE('',#200,#205);
#200 = PLANE('',#201);
#201 = AXIS2_PLACEMENT_3D('',#202,#203,#204);
#202 = CARTESIAN_POINT('',(0.,0.,1.E-02));
#203 = DIRECTION('',(0.,0.,1.));
#204 = DIRECTION('',(0.309016994375,-0.951056516295,0.));
#205 = DEFINITIONAL_REPRESENTATION('',(#206),#210);
#206 = CIRCLE('',#207,6.E-02);
#207 = AXIS2_PLACEMENT_2D('',#208,#209);
#208 = CARTESIAN_POINT('',(0.,0.));
#209 = DIRECTION('',(1.,0.));
#210 = ( GEOMETRIC_REPRESENTATION_CONTEXT(2) 
PARAMETRIC_REPRESENTATION_CONTEXT() REPRESENTATION_CONTEXT('2D SPACE',''
  ) );
#211 = ORIENTED_EDGE('',*,*,#212,.F.);
#212 = EDGE_CURVE('',#213,#185,#215,.T.);
#213 = VERTEX_POINT('',#214);
#214 = CARTESIAN_POINT('',(1.884645544688E-03,-5.997039362194E-02,1.E-02
    ));
#215 = SURFACE_CURVE('',#216,(#221,#227),.PCURVE_S1.);
#216 = CIRCLE('',#217,6.E-02);
#217 = AXIS2_PLACEMENT_3D('',#218,#219,#220);
#218 = CARTESIAN_POINT('',(0.,0.,1.E-02));
#219 = DIRECTION('',(-0.,0.,1.));
#220 = DIRECTION('',(0.309016994375,-0.951056516295,0.));
#221 = PCURVE('',#32,#222);
#222 = DEFINITIONAL_REPRESENTATION('',(#223),#226);
#223 = B_SPLINE_CURVE_WITH_KNOTS('',1,(#224,#225),.UNSPECIFIED.,.F.,.F.,
  (2,2),(6.000441968357,6.28318530718),.PIECEWISE_BEZIER_KNOTS.);
#224 = CARTESIAN_POINT('',(4.743804906921,1.E-02));
#225 = CARTESIAN_POINT('',(5.026548245744,1.E-02));
#226 = ( GEOMETRIC_REPRESENTATION_CONTEXT(2) 
PARAMETRIC_REPRESENTATION_CONTEXT() REPRESENTATION_CONTEXT('2D SPACE',''
  ) );
#227 = PCURVE('',#200,#228);
#228 = DEFINITIONAL_REPRESENTATION('',(#229),#233);
#229 = CIRCLE('',#230,6.E-02);
#230 = AXIS2_PLACEMENT_2D('',#231,#232);
#231 = CARTESIAN_POINT('',(0.,0.));
#232 = DIRECTION('',(1.,0.));
#233 = ( GEOMETRIC_REPRESENTATION_CONTEXT(2) 
PARAMETRIC_REPRESENTATION_CONTEXT() REPRESENTATION_CONTEXT('2D SPACE',''
  ) );
#234 = ORIENTED_EDGE('',*,*,#235,.F.);
#235 = EDGE_CURVE('',#236,#213,#238,.T.);
#236 = VERTEX_POINT('',#237);
#237 = CARTESIAN_POINT('',(-1.884645544688E-03,-5.997039362194E-02,
    1.E-02));
#238 = SURFACE_CURVE('',#239,(#244,#251),.PCURVE_S1.);
#239 = CIRCLE('',#240,6.E-02);
#240 = AXIS2_PLACEMENT_3D('',#241,#242,#243);
#241 = CARTESIAN_POINT('',(0.,0.,1.E-02));
#242 = DIRECTION('',(0.,0.,1.));
#243 = DIRECTION('',(1.,0.,-0.));
#244 = PCURVE('',#32,#245);
#245 = DEFINITIONAL_REPRESENTATION('',(#246),#250);
#246 = LINE('',#247,#248);
#247 = CARTESIAN_POINT('',(0.,1.E-02));
#248 = VECTOR('',#249,1.);
#249 = DIRECTION('',(1.,0.));
#250 = ( GEOMETRIC_REPRESENTATION_CONTEXT(2) 
PARAMETRIC_REPRESENTATION_CONTEXT() REPRESENTATION_CONTEXT('2D SPACE',''
  ) );
#251 = PCURVE('',#97,#252);
#252 = DEFINITIONAL_REPRESENTATION('',(#253),#257);
#253 = CIRCLE('',#254,6.E-02);
#254 = AXIS2_PLACEMENT_2D('',#255,#256);
#255 = CARTESIAN_POINT('',(0.,0.));
#256 = DIRECTION('',(1.,0.));
#257 = ( GEOMETRIC_REPRESENTATION_CONTEXT(2) 
PARAMETRIC_REPRESENTATION_CONTEXT() REPRESENTATION_CONTEXT('2D SPACE',''
  ) );
#258 = ORIENTED_EDGE('',*,*,#259,.F.);
#259 = EDGE_CURVE('',#260,#236,#262,.T.);
#260 = VERTEX_POINT('',#261);
#261 = CARTESIAN_POINT('',(-1.85410196625E-02,-5.706339097771E-02,1.E-02
    ));
#262 = SURFACE_CURVE('',#263,(#268,#274),.PCURVE_S1.);
#263 = CIRCLE('',#264,6.E-02);
#264 = AXIS2_PLACEMENT_3D('',#265,#266,#267);
#265 = CARTESIAN_POINT('',(0.,0.,1.E-02));
#266 = DIRECTION('',(0.,0.,1.));
#267 = DIRECTION('',(-0.309016994375,-0.951056516295,0.));
#268 = PCURVE('',#32,#269);
#269 = DEFINITIONAL_REPRESENTATION('',(#270),#273);
#270 = B_SPLINE_CURVE_WITH_KNOTS('',1,(#271,#272),.UNSPECIFIED.,.F.,.F.,
  (2,2),(0.,0.282743338823),.PIECEWISE_BEZIER_KNOTS.);
#271 = CARTESIAN_POINT('',(4.398229715026,1.E-02));
#272 = CARTESIAN_POINT('',(4.680973053849,1.E-02));
#273 = ( GEOMETRIC_REPRESENTATION_CONTEXT(2) 
PARAMETRIC_REPRESENTATION_CONTEXT() REPRESENTATION_CONTEXT('2D SPACE',''
  ) );
#274 = PCURVE('',#275,#280);
#275 = PLANE('',#276);
#276 = AXIS2_PLACEMENT_3D('',#277,#278,#279);
#277 = CARTESIAN_POINT('',(0.,0.,1.E-02));
#278 = DIRECTION('',(0.,0.,1.));
#279 = DIRECTION('',(-0.309016994375,-0.951056516295,0.));
#280 = DEFINITIONAL_REPRESENTATION('',(#281),#285);
#281 = CIRCLE('',#282,6.E-02);
#282 = AXIS2_PLACEMENT_2D('',#283,#284);
#283 = CARTESIAN_POINT('',(0.,0.));
#284 = DIRECTION('',(1.,0.));
#285 = ( GEOMETRIC_REPRESENTATION_CONTEXT(2) 
PARAMETRIC_REPRESENTATION_CONTEXT() REPRESENTATION_CONTEXT('2D SPACE',''
  ) );
#286 = ORIENTED_EDGE('',*,*,#287,.F.);
#287 = EDGE_CURVE('',#288,#260,#290,.T.);
#288 = VERTEX_POINT('',#289);
#289 = CARTESIAN_POINT('',(-3.372500267113E-02,-4.962483445647E-02,
    1.E-02));
#290 = SURFACE_CURVE('',#291,(#296,#302),.PCURVE_S1.);
#291 = CIRCLE('',#292,6.E-02);
#292 = AXIS2_PLACEMENT_3D('',#293,#294,#295);
#293 = CARTESIAN_POINT('',(0.,0.,1.E-02));
#294 = DIRECTION('',(0.,0.,1.));
#295 = DIRECTION('',(-0.309016994375,-0.951056516295,0.));
#296 = PCURVE('',#32,#297);
#297 = DEFINITIONAL_REPRESENTATION('',(#298),#301);
#298 = B_SPLINE_CURVE_WITH_KNOTS('',1,(#299,#300),.UNSPECIFIED.,.F.,.F.,
  (2,2),(6.000441968357,6.28318530718),.PIECEWISE_BEZIER_KNOTS.);
#299 = CARTESIAN_POINT('',(4.115486376203,1.E-02));
#300 = CARTESIAN_POINT('',(4.398229715026,1.E-02));
#301 = ( GEOMETRIC_REPRESENTATION_CONTEXT(2) 
PARAMETRIC_REPRESENTATION_CONTEXT() REPRESENTATION_CONTEXT('2D SPACE',''
  ) );
#302 = PCURVE('',#275,#303);
#303 = DEFINITIONAL_REPRESENTATION('',(#304),#308);
#304 = CIRCLE('',#305,6.E-02);
#305 = AXIS2_PLACEMENT_2D('',#306,#307);
#306 = CARTESIAN_POINT('',(0.,0.));
#307 = DIRECTION('',(1.,0.));
#308 = ( GEOMETRIC_REPRESENTATION_CONTEXT(2) 
PARAMETRIC_REPRESENTATION_CONTEXT() REPRESENTATION_CONTEXT('2D SPACE',''
  ) );
#309 = ORIENTED_EDGE('',*,*,#310,.F.);
#310 = EDGE_CURVE('',#311,#288,#313,.T.);
#311 = VERTEX_POINT('',#312);
#312 = CARTESIAN_POINT('',(-3.677442321918E-02,-4.740930074254E-02,
    1.E-02));
#313 = SURFACE_CURVE('',#314,(#319,#326),.PCURVE_S1.);
#314 = CIRCLE('',#315,6.E-02);
#315 = AXIS2_PLACEMENT_3D('',#316,#317,#318);
#316 = CARTESIAN_POINT('',(0.,0.,1.E-02));
#317 = DIRECTION('',(0.,0.,1.));
#318 = DIRECTION('',(1.,0.,-0.));
#319 = PCURVE('',#32,#320);
#320 = DEFINITIONAL_REPRESENTATION('',(#321),#325);
#321 = LINE('',#322,#323);
#322 = CARTESIAN_POINT('',(0.,1.E-02));
#323 = VECTOR('',#324,1.);
#324 = DIRECTION('',(1.,0.));
#325 = ( GEOMETRIC_REPRESENTATION_CONTEXT(2) 
PARAMETRIC_REPRESENTATION_CONTEXT() REPRESENTATION_CONTEXT('2D SPACE',''
  ) );
#326 = PCURVE('',#97,#327);
#327 = DEFINITIONAL_REPRESENTATION('',(#328),#332);
#328 = CIRCLE('',#329,6.E-02);
#329 = AXIS2_PLACEMENT_2D('',#330,#331);
#330 = CARTESIAN_POINT('',(0.,0.));
#331 = DIRECTION('',(1.,0.));
#332 = ( GEOMETRIC_REPRESENTATION_CONTEXT(2) 
PARAMETRIC_REPRESENTATION_CONTEXT() REPRESENTATION_CONTEXT('2D SPACE',''
  ) );
#333 = ORIENTED_EDGE('',*,*,#334,.F.);
#334 = EDGE_CURVE('',#335,#311,#337,.T.);
#335 = VERTEX_POINT('',#336);
#336 = CARTESIAN_POINT('',(-4.85410196625E-02,-3.526711513755E-02,1.E-02
    ));
#337 = SURFACE_CURVE('',#338,(#343,#349),.PCURVE_S1.);
#338 = CIRCLE('',#339,6.E-02);
#339 = AXIS2_PLACEMENT_3D('',#340,#341,#342);
#340 = CARTESIAN_POINT('',(0.,0.,1.E-02));
#341 = DIRECTION('',(0.,0.,1.));
#342 = DIRECTION('',(-0.809016994375,-0.587785252292,0.));
#343 = PCURVE('',#32,#344);
#344 = DEFINITIONAL_REPRESENTATION('',(#345),#348);
#345 = B_SPLINE_CURVE_WITH_KNOTS('',1,(#346,#347),.UNSPECIFIED.,.F.,.F.,
  (2,2),(0.,0.282743338823),.PIECEWISE_BEZIER_KNOTS.);
#346 = CARTESIAN_POINT('',(3.769911184308,1.E-02));
#347 = CARTESIAN_POINT('',(4.052654523131,1.E-02));
#348 = ( GEOMETRIC_REPRESENTATION_CONTEXT(2) 
PARAMETRIC_REPRESENTATION_CONTEXT() REPRESENTATION_CONTEXT('2D SPACE',''
  ) );
#349 = PCURVE('',#350,#355);
#350 = PLANE('',#351);
#351 = AXIS2_PLACEMENT_3D('',#352,#353,#354);
#352 = CARTESIAN_POINT('',(0.,0.,1.E-02));
#353 = DIRECTION('',(0.,0.,1.));
#354 = DIRECTION('',(-0.809016994375,-0.587785252292,0.));
#355 = DEFINITIONAL_REPRESENTATION('',(#356),#360);
#356 = CIRCLE('',#357,6.E-02);
#357 = AXIS2_PLACEMENT_2D('',#358,#359);
#358 = CARTESIAN_POINT('',(0.,0.));
#359 = DIRECTION('',(1.,0.));
#360 = ( GEOMETRIC_REPRESENTATION_CONTEXT(2) 
PARAMETRIC_REPRESENTATION_CONTEXT() REPRESENTATION_CONTEXT('2D SPACE',''
  ) );
#361 = ORIENTED_EDGE('',*,*,#362,.F.);
#362 = EDGE_CURVE('',#363,#335,#365,.T.);
#363 = VERTEX_POINT('',#364);
#364 = CARTESIAN_POINT('',(-5.645284613725E-02,-2.032427521472E-02,
    1.E-02));
#365 = SURFACE_CURVE('',#366,(#371,#377),.PCURVE_S1.);
#366 = CIRCLE('',#367,6.E-02);
#367 = AXIS2_PLACEMENT_3D('',#368,#369,#370);
#368 = CARTESIAN_POINT('',(0.,0.,1.E-02));
#369 = DIRECTION('',(0.,0.,1.));
#370 = DIRECTION('',(-0.809016994375,-0.587785252292,0.));
#371 = PCURVE('',#32,#372);
#372 = DEFINITIONAL_REPRESENTATION('',(#373),#376);
#373 = B_SPLINE_CURVE_WITH_KNOTS('',1,(#374,#375),.UNSPECIFIED.,.F.,.F.,
  (2,2),(6.000441968357,6.28318530718),.PIECEWISE_BEZIER_KNOTS.);
#374 = CARTESIAN_POINT('',(3.487167845485,1.E-02));
#375 = CARTESIAN_POINT('',(3.769911184308,1.E-02));
#376 = ( GEOMETRIC_REPRESENTATION_CONTEXT(2) 
PARAMETRIC_REPRESENTATION_CONTEXT() REPRESENTATION_CONTEXT('2D SPACE',''
  ) );
#377 = PCURVE('',#350,#378);
#378 = DEFINITIONAL_REPRESENTATION('',(#379),#383);
#379 = CIRCLE('',#380,6.E-02);
#380 = AXIS2_PLACEMENT_2D('',#381,#382);
#381 = CARTESIAN_POINT('',(0.,0.));
#382 = DIRECTION('',(1.,0.));
#383 = ( GEOMETRIC_REPRESENTATION_CONTEXT(2) 
PARAMETRIC_REPRESENTATION_CONTEXT() REPRESENTATION_CONTEXT('2D SPACE',''
  ) );
#384 = ORIENTED_EDGE('',*,*,#385,.F.);
#385 = EDGE_CURVE('',#386,#363,#388,.T.);
#386 = VERTEX_POINT('',#387);
#387 = CARTESIAN_POINT('',(-5.761762114062E-02,-1.673946636235E-02,
    1.E-02));
#388 = SURFACE_CURVE('',#389,(#394,#401),.PCURVE_S1.);
#389 = CIRCLE('',#390,6.E-02);
#390 = AXIS2_PLACEMENT_3D('',#391,#392,#393);
#391 = CARTESIAN_POINT('',(0.,0.,1.E-02));
#392 = DIRECTION('',(0.,0.,1.));
#393 = DIRECTION('',(1.,0.,-0.));
#394 = PCURVE('',#32,#395);
#395 = DEFINITIONAL_REPRESENTATION('',(#396),#400);
#396 = LINE('',#397,#398);
#397 = CARTESIAN_POINT('',(0.,1.E-02));
#398 = VECTOR('',#399,1.);
#399 = DIRECTION('',(1.,0.));
#400 = ( GEOMETRIC_REPRESENTATION_CONTEXT(2) 
PARAMETRIC_REPRESENTATION_CONTEXT() REPRESENTATION_CONTEXT('2D SPACE',''
  ) );
#401 = PCURVE('',#97,#402);
#402 = DEFINITIONAL_REPRESENTATION('',(#403),#407);
#403 = CIRCLE('',#404,6.E-02);
#404 = AXIS2_PLACEMENT_2D('',#405,#406);
#405 = CARTESIAN_POINT('',(0.,0.));
#406 = DIRECTION('',(1.,0.));
#407 = ( GEOMETRIC_REPRESENTATION_CONTEXT(2) 
PARAMETRIC_REPRESENTATION_CONTEXT() REPRESENTATION_CONTEXT('2D SPACE',''
  ) );
#408 = ORIENTED_EDGE('',*,*,#409,.F.);
#409 = EDGE_CURVE('',#410,#386,#412,.T.);
#410 = VERTEX_POINT('',#411);
#411 = CARTESIAN_POINT('',(-6.E-02,2.204364238465E-17,1.E-02));
#412 = SURFACE_CURVE('',#413,(#418,#424),.PCURVE_S1.);
#413 = CIRCLE('',#414,6.E-02);
#414 = AXIS2_PLACEMENT_3D('',#415,#416,#417);
#415 = CARTESIAN_POINT('',(0.,0.,1.E-02));
#416 = DIRECTION('',(0.,0.,1.));
#417 = DIRECTION('',(-1.,1.224646799147E-16,0.));
#418 = PCURVE('',#32,#419);
#419 = DEFINITIONAL_REPRESENTATION('',(#420),#423);
#420 = B_SPLINE_CURVE_WITH_KNOTS('',1,(#421,#422),.UNSPECIFIED.,.F.,.F.,
  (2,2),(0.,0.282743338823),.PIECEWISE_BEZIER_KNOTS.);
#421 = CARTESIAN_POINT('',(3.14159265359,1.E-02));
#422 = CARTESIAN_POINT('',(3.424335992413,1.E-02));
#423 = ( GEOMETRIC_REPRESENTATION_CONTEXT(2) 
PARAMETRIC_REPRESENTATION_CONTEXT() REPRESENTATION_CONTEXT('2D SPACE',''
  ) );
#424 = PCURVE('',#425,#430);
#425 = PLANE('',#426);
#426 = AXIS2_PLACEMENT_3D('',#427,#428,#429);
#427 = CARTESIAN_POINT('',(0.,0.,1.E-02));
#428 = DIRECTION('',(0.,0.,1.));
#429 = DIRECTION('',(-1.,1.224646799147E-16,0.));
#430 = DEFINITIONAL_REPRESENTATION('',(#431),#435);
#431 = CIRCLE('',#432,6.E-02);
#432 = AXIS2_PLACEMENT_2D('',#433,#434);
#433 = CARTESIAN_POINT('',(0.,0.));
#434 = DIRECTION('',(1.,0.));
#435 = ( GEOMETRIC_REPRESENTATION_CONTEXT(2) 
PARAMETRIC_REPRESENTATION_CONTEXT() REPRESENTATION_CONTEXT('2D SPACE',''
  ) );
#436 = ORIENTED_EDGE('',*,*,#437,.F.);
#437 = EDGE_CURVE('',#438,#410,#440,.T.);
#438 = VERTEX_POINT('',#439);
#439 = CARTESIAN_POINT('',(-5.761762114062E-02,1.673946636235E-02,1.E-02
    ));
#440 = SURFACE_CURVE('',#441,(#446,#452),.PCURVE_S1.);
#441 = CIRCLE('',#442,6.E-02);
#442 = AXIS2_PLACEMENT_3D('',#443,#444,#445);
#443 = CARTESIAN_POINT('',(0.,0.,1.E-02));
#444 = DIRECTION('',(0.,0.,1.));
#445 = DIRECTION('',(-1.,1.224646799147E-16,0.));
#446 = PCURVE('',#32,#447);
#447 = DEFINITIONAL_REPRESENTATION('',(#448),#451);
#448 = B_SPLINE_CURVE_WITH_KNOTS('',1,(#449,#450),.UNSPECIFIED.,.F.,.F.,
  (2,2),(6.000441968357,6.28318530718),.PIECEWISE_BEZIER_KNOTS.);
#449 = CARTESIAN_POINT('',(2.858849314767,1.E-02));
#450 = CARTESIAN_POINT('',(3.14159265359,1.E-02));
#451 = ( GEOMETRIC_REPRESENTATION_CONTEXT(2) 
PARAMETRIC_REPRESENTATION_CONTEXT() REPRESENTATION_CONTEXT('2D SPACE',''
  ) );
#452 = PCURVE('',#425,#453);
#453 = DEFINITIONAL_REPRESENTATION('',(#454),#458);
#454 = CIRCLE('',#455,6.E-02);
#455 = AXIS2_PLACEMENT_2D('',#456,#457);
#456 = CARTESIAN_POINT('',(0.,0.));
#457 = DIRECTION('',(1.,0.));
#458 = ( GEOMETRIC_REPRESENTATION_CONTEXT(2) 
PARAMETRIC_REPRESENTATION_CONTEXT() REPRESENTATION_CONTEXT('2D SPACE',''
  ) );
#459 = ORIENTED_EDGE('',*,*,#460,.F.);
#460 = EDGE_CURVE('',#461,#438,#463,.T.);
#461 = VERTEX_POINT('',#462);
#462 = CARTESIAN_POINT('',(-5.645284613725E-02,2.032427521472E-02,1.E-02
    ));
#463 = SURFACE_CURVE('',#464,(#469,#476),.PCURVE_S1.);
#464 = CIRCLE('',#465,6.E-02);
#465 = AXIS2_PLACEMENT_3D('',#466,#467,#468);
#466 = CARTESIAN_POINT('',(0.,0.,1.E-02));
#467 = DIRECTION('',(0.,0.,1.));
#468 = DIRECTION('',(1.,0.,-0.));
#469 = PCURVE('',#32,#470);
#470 = DEFINITIONAL_REPRESENTATION('',(#471),#475);
#471 = LINE('',#472,#473);
#472 = CARTESIAN_POINT('',(0.,1.E-02));
#473 = VECTOR('',#474,1.);
#474 = DIRECTION('',(1.,0.));
#475 = ( GEOMETRIC_REPRESENTATION_CONTEXT(2) 
PARAMETRIC_REPRESENTATION_CONTEXT() REPRESENTATION_CONTEXT('2D SPACE',''
  ) );
#476 = PCURVE('',#97,#477);
#477 = DEFINITIONAL_REPRESENTATION('',(#478),#482);
#478 = CIRCLE('',#479,6.E-02);
#479 = AXIS2_PLACEMENT_2D('',#480,#481);
#480 = CARTESIAN_POINT('',(0.,0.));
#481 = DIRECTION('',(1.,0.));
#482 = ( GEOMETRIC_REPRESENTATION_CONTEXT(2) 
PARAMETRIC_REPRESENTATION_CONTEXT() REPRESENTATION_CONTEXT('2D SPACE',''
  ) );
#483 = ORIENTED_EDGE('',*,*,#484,.F.);
#484 = EDGE_CURVE('',#485,#461,#487,.T.);
#485 = VERTEX_POINT('',#486);
#486 = CARTESIAN_POINT('',(-4.85410196625E-02,3.526711513755E-02,1.E-02)
  );
#487 = SURFACE_CURVE('',#488,(#493,#499),.PCURVE_S1.);
#488 = CIRCLE('',#489,6.E-02);
#489 = AXIS2_PLACEMENT_3D('',#490,#491,#492);
#490 = CARTESIAN_POINT('',(0.,0.,1.E-02));
#491 = DIRECTION('',(0.,0.,1.));
#492 = DIRECTION('',(-0.809016994375,0.587785252292,0.));
#493 = PCURVE('',#32,#494);
#494 = DEFINITIONAL_REPRESENTATION('',(#495),#498);
#495 = B_SPLINE_CURVE_WITH_KNOTS('',1,(#496,#497),.UNSPECIFIED.,.F.,.F.,
  (2,2),(0.,0.282743338823),.PIECEWISE_BEZIER_KNOTS.);
#496 = CARTESIAN_POINT('',(2.513274122872,1.E-02));
#497 = CARTESIAN_POINT('',(2.796017461695,1.E-02));
#498 = ( GEOMETRIC_REPRESENTATION_CONTEXT(2) 
PARAMETRIC_REPRESENTATION_CONTEXT() REPRESENTATION_CONTEXT('2D SPACE',''
  ) );
#499 = PCURVE('',#500,#505);
#500 = PLANE('',#501);
#501 = AXIS2_PLACEMENT_3D('',#502,#503,#504);
#502 = CARTESIAN_POINT('',(0.,0.,1.E-02));
#503 = DIRECTION('',(0.,0.,1.));
#504 = DIRECTION('',(-0.809016994375,0.587785252292,0.));
#505 = DEFINITIONAL_REPRESENTATION('',(#506),#510);
#506 = CIRCLE('',#507,6.E-02);
#507 = AXIS2_PLACEMENT_2D('',#508,#509);
#508 = CARTESIAN_POINT('',(0.,0.));
#509 = DIRECTION('',(1.,0.));
#510 = ( GEOMETRIC_REPRESENTATION_CONTEXT(2) 
PARAMETRIC_REPRESENTATION_CONTEXT() REPRESENTATION_CONTEXT('2D SPACE',''
  ) );
#511 = ORIENTED_EDGE('',*,*,#512,.F.);
#512 = EDGE_CURVE('',#513,#485,#515,.T.);
#513 = VERTEX_POINT('',#514);
#514 = CARTESIAN_POINT('',(-3.677442321918E-02,4.740930074254E-02,1.E-02
    ));
#515 = SURFACE_CURVE('',#516,(#521,#527),.PCURVE_S1.);
#516 = CIRCLE('',#517,6.E-02);
#517 = AXIS2_PLACEMENT_3D('',#518,#519,#520);
#518 = CARTESIAN_POINT('',(0.,0.,1.E-02));
#519 = DIRECTION('',(0.,0.,1.));
#520 = DIRECTION('',(-0.809016994375,0.587785252292,0.));
#521 = PCURVE('',#32,#522);
#522 = DEFINITIONAL_REPRESENTATION('',(#523),#526);
#523 = B_SPLINE_CURVE_WITH_KNOTS('',1,(#524,#525),.UNSPECIFIED.,.F.,.F.,
  (2,2),(6.000441968357,6.28318530718),.PIECEWISE_BEZIER_KNOTS.);
#524 = CARTESIAN_POINT('',(2.230530784049,1.E-02));
#525 = CARTESIAN_POINT('',(2.513274122872,1.E-02));
#526 = ( GEOMETRIC_REPRESENTATION_CONTEXT(2) 
PARAMETRIC_REPRESENTATION_CONTEXT() REPRESENTATION_CONTEXT('2D SPACE',''
  ) );
#527 = PCURVE('',#500,#528);
#528 = DEFINITIONAL_REPRESENTATION('',(#529),#533);
#529 = CIRCLE('',#530,6.E-02);
#530 = AXIS2_PLACEMENT_2D('',#531,#532);
#531 = CARTESIAN_POINT('',(0.,0.));
#532 = DIRECTION('',(1.,0.));
#533 = ( GEOMETRIC_REPRESENTATION_CONTEXT(2) 
PARAMETRIC_REPRESENTATION_CONTEXT() REPRESENTATION_CONTEXT('2D SPACE',''
  ) );
#534 = ORIENTED_EDGE('',*,*,#535,.F.);
#535 = EDGE_CURVE('',#536,#513,#538,.T.);
#536 = VERTEX_POINT('',#537);
#537 = CARTESIAN_POINT('',(-3.372500267113E-02,4.962483445647E-02,1.E-02
    ));
#538 = SURFACE_CURVE('',#539,(#544,#551),.PCURVE_S1.);
#539 = CIRCLE('',#540,6.E-02);
#540 = AXIS2_PLACEMENT_3D('',#541,#542,#543);
#541 = CARTESIAN_POINT('',(0.,0.,1.E-02));
#542 = DIRECTION('',(0.,0.,1.));
#543 = DIRECTION('',(1.,0.,-0.));
#544 = PCURVE('',#32,#545);
#545 = DEFINITIONAL_REPRESENTATION('',(#546),#550);
#546 = LINE('',#547,#548);
#547 = CARTESIAN_POINT('',(0.,1.E-02));
#548 = VECTOR('',#549,1.);
#549 = DIRECTION('',(1.,0.));
#550 = ( GEOMETRIC_REPRESENTATION_CONTEXT(2) 
PARAMETRIC_REPRESENTATION_CONTEXT() REPRESENTATION_CONTEXT('2D SPACE',''
  ) );
#551 = PCURVE('',#97,#552);
#552 = DEFINITIONAL_REPRESENTATION('',(#553),#557);
#553 = CIRCLE('',#554,6.E-02);
#554 = AXIS2_PLACEMENT_2D('',#555,#556);
#555 = CARTESIAN_POINT('',(0.,0.));
#556 = DIRECTION('',(1.,0.));
#557 = ( GEOMETRIC_REPRESENTATION_CONTEXT(2) 
PARAMETRIC_REPRESENTATION_CONTEXT() REPRESENTATION_CONTEXT('2D SPACE',''
  ) );
#558 = ORIENTED_EDGE('',*,*,#559,.F.);
#559 = EDGE_CURVE('',#560,#536,#562,.T.);
#560 = VERTEX_POINT('',#561);
#561 = CARTESIAN_POINT('',(-1.85410196625E-02,5.706339097771E-02,1.E-02)
  );
#562 = SURFACE_CURVE('',#563,(#568,#574),.PCURVE_S1.);
#563 = CIRCLE('',#564,6.E-02);
#564 = AXIS2_PLACEMENT_3D('',#565,#566,#567);
#565 = CARTESIAN_POINT('',(0.,0.,1.E-02));
#566 = DIRECTION('',(0.,0.,1.));
#567 = DIRECTION('',(-0.309016994375,0.951056516295,0.));
#568 = PCURVE('',#32,#569);
#569 = DEFINITIONAL_REPRESENTATION('',(#570),#573);
#570 = B_SPLINE_CURVE_WITH_KNOTS('',1,(#571,#572),.UNSPECIFIED.,.F.,.F.,
  (2,2),(0.,0.282743338823),.PIECEWISE_BEZIER_KNOTS.);
#571 = CARTESIAN_POINT('',(1.884955592154,1.E-02));
#572 = CARTESIAN_POINT('',(2.167698930977,1.E-02));
#573 = ( GEOMETRIC_REPRESENTATION_CONTEXT(2) 
PARAMETRIC_REPRESENTATION_CONTEXT() REPRESENTATION_CONTEXT('2D SPACE',''
  ) );
#574 = PCURVE('',#575,#580);
#575 = PLANE('',#576);
#576 = AXIS2_PLACEMENT_3D('',#577,#578,#579);
#577 = CARTESIAN_POINT('',(0.,0.,1.E-02));
#578 = DIRECTION('',(0.,0.,1.));
#579 = DIRECTION('',(-0.309016994375,0.951056516295,0.));
#580 = DEFINITIONAL_REPRESENTATION('',(#581),#585);
#581 = CIRCLE('',#582,6.E-02);
#582 = AXIS2_PLACEMENT_2D('',#583,#584);
#583 = CARTESIAN_POINT('',(0.,0.));
#584 = DIRECTION('',(1.,0.));
#585 = ( GEOMETRIC_REPRESENTATION_CONTEXT(2) 
PARAMETRIC_REPRESENTATION_CONTEXT() REPRESENTATION_CONTEXT('2D SPACE',''
  ) );
#586 = ORIENTED_EDGE('',*,*,#587,.F.);
#587 = EDGE_CURVE('',#588,#560,#590,.T.);
#588 = VERTEX_POINT('',#589);
#589 = CARTESIAN_POINT('',(-1.884645544688E-03,5.997039362194E-02,1.E-02
    ));
#590 = SURFACE_CURVE('',#591,(#596,#602),.PCURVE_S1.);
#591 = CIRCLE('',#592,6.E-02);
#592 = AXIS2_PLACEMENT_3D('',#593,#594,#595);
#593 = CARTESIAN_POINT('',(0.,0.,1.E-02));
#594 = DIRECTION('',(0.,0.,1.));
#595 = DIRECTION('',(-0.309016994375,0.951056516295,0.));
#596 = PCURVE('',#32,#597);
#597 = DEFINITIONAL_REPRESENTATION('',(#598),#601);
#598 = B_SPLINE_CURVE_WITH_KNOTS('',1,(#599,#600),.UNSPECIFIED.,.F.,.F.,
  (2,2),(6.000441968357,6.28318530718),.PIECEWISE_BEZIER_KNOTS.);
#599 = CARTESIAN_POINT('',(1.602212253331,1.E-02));
#600 = CARTESIAN_POINT('',(1.884955592154,1.E-02));
#601 = ( GEOMETRIC_REPRESENTATION_CONTEXT(2) 
PARAMETRIC_REPRESENTATION_CONTEXT() REPRESENTATION_CONTEXT('2D SPACE',''
  ) );
#602 = PCURVE('',#575,#603);
#603 = DEFINITIONAL_REPRESENTATION('',(#604),#608);
#604 = CIRCLE('',#605,6.E-02);
#605 = AXIS2_PLACEMENT_2D('',#606,#607);
#606 = CARTESIAN_POINT('',(0.,0.));
#607 = DIRECTION('',(1.,0.));
#608 = ( GEOMETRIC_REPRESENTATION_CONTEXT(2) 
PARAMETRIC_REPRESENTATION_CONTEXT() REPRESENTATION_CONTEXT('2D SPACE',''
  ) );
#609 = ORIENTED_EDGE('',*,*,#610,.F.);
#610 = EDGE_CURVE('',#611,#588,#613,.T.);
#611 = VERTEX_POINT('',#612);
#612 = CARTESIAN_POINT('',(1.884645544688E-03,5.997039362194E-02,1.E-02)
  );
#613 = SURFACE_CURVE('',#614,(#619,#626),.PCURVE_S1.);
#614 = CIRCLE('',#615,6.E-02);
#615 = AXIS2_PLACEMENT_3D('',#616,#617,#618);
#616 = CARTESIAN_POINT('',(0.,0.,1.E-02));
#617 = DIRECTION('',(0.,0.,1.));
#618 = DIRECTION('',(1.,0.,-0.));
#619 = PCURVE('',#32,#620);
#620 = DEFINITIONAL_REPRESENTATION('',(#621),#625);
#621 = LINE('',#622,#623);
#622 = CARTESIAN_POINT('',(0.,1.E-02));
#623 = VECTOR('',#624,1.);
#624 = DIRECTION('',(1.,0.));
#625 = ( GEOMETRIC_REPRESENTATION_CONTEXT(2) 
PARAMETRIC_REPRESENTATION_CONTEXT() REPRESENTATION_CONTEXT('2D SPACE',''
  ) );
#626 = PCURVE('',#97,#627);
#627 = DEFINITIONAL_REPRESENTATION('',(#628),#632);
#628 = CIRCLE('',#629,6.E-02);
#629 = AXIS2_PLACEMENT_2D('',#630,#631);
#630 = CARTESIAN_POINT('',(0.,0.));
#631 = DIRECTION('',(1.,0.));
#632 = ( GEOMETRIC_REPRESENTATION_CONTEXT(2) 
PARAMETRIC_REPRESENTATION_CONTEXT() REPRESENTATION_CONTEXT('2D SPACE',''
  ) );
#633 = ORIENTED_EDGE('',*,*,#634,.F.);
#634 = EDGE_CURVE('',#635,#611,#637,.T.);
#635 = VERTEX_POINT('',#636);
#636 = CARTESIAN_POINT('',(1.85410196625E-02,5.706339097771E-02,1.E-02)
  );
#637 = SURFACE_CURVE('',#638,(#643,#649),.PCURVE_S1.);
#638 = CIRCLE('',#639,6.E-02);
#639 = AXIS2_PLACEMENT_3D('',#640,#641,#642);
#640 = CARTESIAN_POINT('',(0.,0.,1.E-02));
#641 = DIRECTION('',(0.,-0.,1.));
#642 = DIRECTION('',(0.309016994375,0.951056516295,0.));
#643 = PCURVE('',#32,#644);
#644 = DEFINITIONAL_REPRESENTATION('',(#645),#648);
#645 = B_SPLINE_CURVE_WITH_KNOTS('',1,(#646,#647),.UNSPECIFIED.,.F.,.F.,
  (2,2),(0.,0.282743338823),.PIECEWISE_BEZIER_KNOTS.);
#646 = CARTESIAN_POINT('',(1.256637061436,1.E-02));
#647 = CARTESIAN_POINT('',(1.539380400259,1.E-02));
#648 = ( GEOMETRIC_REPRESENTATION_CONTEXT(2) 
PARAMETRIC_REPRESENTATION_CONTEXT() REPRESENTATION_CONTEXT('2D SPACE',''
  ) );
#649 = PCURVE('',#650,#655);
#650 = PLANE('',#651);
#651 = AXIS2_PLACEMENT_3D('',#652,#653,#654);
#652 = CARTESIAN_POINT('',(0.,0.,1.E-02));
#653 = DIRECTION('',(0.,0.,1.));
#654 = DIRECTION('',(0.309016994375,0.951056516295,0.));
#655 = DEFINITIONAL_REPRESENTATION('',(#656),#660);
#656 = CIRCLE('',#657,6.E-02);
#657 = AXIS2_PLACEMENT_2D('',#658,#659);
#658 = CARTESIAN_POINT('',(0.,0.));
#659 = DIRECTION('',(1.,0.));
#660 = ( GEOMETRIC_REPRESENTATION_CONTEXT(2) 
PARAMETRIC_REPRESENTATION_CONTEXT() REPRESENTATION_CONTEXT('2D SPACE',''
  ) );
#661 = ORIENTED_EDGE('',*,*,#662,.F.);
#662 = EDGE_CURVE('',#663,#635,#665,.T.);
#663 = VERTEX_POINT('',#664);
#664 = CARTESIAN_POINT('',(3.372500267113E-02,4.962483445647E-02,1.E-02)
  );
#665 = SURFACE_CURVE('',#666,(#671,#677),.PCURVE_S1.);
#666 = CIRCLE('',#667,6.E-02);
#667 = AXIS2_PLACEMENT_3D('',#668,#669,#670);
#668 = CARTESIAN_POINT('',(0.,0.,1.E-02));
#669 = DIRECTION('',(0.,-0.,1.));
#670 = DIRECTION('',(0.309016994375,0.951056516295,0.));
#671 = PCURVE('',#32,#672);
#672 = DEFINITIONAL_REPRESENTATION('',(#673),#676);
#673 = B_SPLINE_CURVE_WITH_KNOTS('',1,(#674,#675),.UNSPECIFIED.,.F.,.F.,
  (2,2),(6.000441968357,6.28318530718),.PIECEWISE_BEZIER_KNOTS.);
#674 = CARTESIAN_POINT('',(0.973893722613,1.E-02));
#675 = CARTESIAN_POINT('',(1.256637061436,1.E-02));
#676 = ( GEOMETRIC_REPRESENTATION_CONTEXT(2) 
PARAMETRIC_REPRESENTATION_CONTEXT() REPRESENTATION_CONTEXT('2D SPACE',''
  ) );
#677 = PCURVE('',#650,#678);
#678 = DEFINITIONAL_REPRESENTATION('',(#679),#683);
#679 = CIRCLE('',#680,6.E-02);
#680 = AXIS2_PLACEMENT_2D('',#681,#682);
#681 = CARTESIAN_POINT('',(0.,0.));
#682 = DIRECTION('',(1.,0.));
#683 = ( GEOMETRIC_REPRESENTATION_CONTEXT(2) 
PARAMETRIC_REPRESENTATION_CONTEXT() REPRESENTATION_CONTEXT('2D SPACE',''
  ) );
#684 = ORIENTED_EDGE('',*,*,#685,.F.);
#685 = EDGE_CURVE('',#686,#663,#688,.T.);
#686 = VERTEX_POINT('',#687);
#687 = CARTESIAN_POINT('',(3.677442321918E-02,4.740930074254E-02,1.E-02)
  );
#688 = SURFACE_CURVE('',#689,(#694,#701),.PCURVE_S1.);
#689 = CIRCLE('',#690,6.E-02);
#690 = AXIS2_PLACEMENT_3D('',#691,#692,#693);
#691 = CARTESIAN_POINT('',(0.,0.,1.E-02));
#692 = DIRECTION('',(0.,0.,1.));
#693 = DIRECTION('',(1.,0.,-0.));
#694 = PCURVE('',#32,#695);
#695 = DEFINITIONAL_REPRESENTATION('',(#696),#700);
#696 = LINE('',#697,#698);
#697 = CARTESIAN_POINT('',(0.,1.E-02));
#698 = VECTOR('',#699,1.);
#699 = DIRECTION('',(1.,0.));
#700 = ( GEOMETRIC_REPRESENTATION_CONTEXT(2) 
PARAMETRIC_REPRESENTATION_CONTEXT() REPRESENTATION_CONTEXT('2D SPACE',''
  ) );
#701 = PCURVE('',#97,#702);
#702 = DEFINITIONAL_REPRESENTATION('',(#703),#707);
#703 = CIRCLE('',#704,6.E-02);
#704 = AXIS2_PLACEMENT_2D('',#705,#706);
#705 = CARTESIAN_POINT('',(0.,0.));
#706 = DIRECTION('',(1.,0.));
#707 = ( GEOMETRIC_REPRESENTATION_CONTEXT(2) 
PARAMETRIC_REPRESENTATION_CONTEXT() REPRESENTATION_CONTEXT('2D SPACE',''
  ) );
#708 = ORIENTED_EDGE('',*,*,#709,.F.);
#709 = EDGE_CURVE('',#710,#686,#712,.T.);
#710 = VERTEX_POINT('',#711);
#711 = CARTESIAN_POINT('',(4.85410196625E-02,3.526711513755E-02,1.E-02)
  );
#712 = SURFACE_CURVE('',#713,(#718,#724),.PCURVE_S1.);
#713 = CIRCLE('',#714,6.E-02);
#714 = AXIS2_PLACEMENT_3D('',#715,#716,#717);
#715 = CARTESIAN_POINT('',(0.,0.,1.E-02));
#716 = DIRECTION('',(0.,-0.,1.));
#717 = DIRECTION('',(0.809016994375,0.587785252292,0.));
#718 = PCURVE('',#32,#719);
#719 = DEFINITIONAL_REPRESENTATION('',(#720),#723);
#720 = B_SPLINE_CURVE_WITH_KNOTS('',1,(#721,#722),.UNSPECIFIED.,.F.,.F.,
  (2,2),(0.,0.282743338823),.PIECEWISE_BEZIER_KNOTS.);
#721 = CARTESIAN_POINT('',(0.628318530718,1.E-02));
#722 = CARTESIAN_POINT('',(0.911061869541,1.E-02));
#723 = ( GEOMETRIC_REPRESENTATION_CONTEXT(2) 
PARAMETRIC_REPRESENTATION_CONTEXT() REPRESENTATION_CONTEXT('2D SPACE',''
  ) );
#724 = PCURVE('',#725,#730);
#725 = PLANE('',#726);
#726 = AXIS2_PLACEMENT_3D('',#727,#728,#729);
#727 = CARTESIAN_POINT('',(0.,0.,1.E-02));
#728 = DIRECTION('',(0.,0.,1.));
#729 = DIRECTION('',(0.809016994375,0.587785252292,0.));
#730 = DEFINITIONAL_REPRESENTATION('',(#731),#735);
#731 = CIRCLE('',#732,6.E-02);
#732 = AXIS2_PLACEMENT_2D('',#733,#734);
#733 = CARTESIAN_POINT('',(0.,0.));
#734 = DIRECTION('',(1.,0.));
#735 = ( GEOMETRIC_REPRESENTATION_CONTEXT(2) 
PARAMETRIC_REPRESENTATION_CONTEXT() REPRESENTATION_CONTEXT('2D SPACE',''
  ) );
#736 = ORIENTED_EDGE('',*,*,#737,.F.);
#737 = EDGE_CURVE('',#738,#710,#740,.T.);
#738 = VERTEX_POINT('',#739);
#739 = CARTESIAN_POINT('',(5.645284613725E-02,2.032427521472E-02,1.E-02)
  );
#740 = SURFACE_CURVE('',#741,(#746,#752),.PCURVE_S1.);
#741 = CIRCLE('',#742,6.E-02);
#742 = AXIS2_PLACEMENT_3D('',#743,#744,#745);
#743 = CARTESIAN_POINT('',(0.,0.,1.E-02));
#744 = DIRECTION('',(0.,-0.,1.));
#745 = DIRECTION('',(0.809016994375,0.587785252292,0.));
#746 = PCURVE('',#32,#747);
#747 = DEFINITIONAL_REPRESENTATION('',(#748),#751);
#748 = B_SPLINE_CURVE_WITH_KNOTS('',1,(#749,#750),.UNSPECIFIED.,.F.,.F.,
  (2,2),(6.000441968357,6.28318530718),.PIECEWISE_BEZIER_KNOTS.);
#749 = CARTESIAN_POINT('',(0.345575191895,1.E-02));
#750 = CARTESIAN_POINT('',(0.628318530718,1.E-02));
#751 = ( GEOMETRIC_REPRESENTATION_CONTEXT(2) 
PARAMETRIC_REPRESENTATION_CONTEXT() REPRESENTATION_CONTEXT('2D SPACE',''
  ) );
#752 = PCURVE('',#725,#753);
#753 = DEFINITIONAL_REPRESENTATION('',(#754),#758);
#754 = CIRCLE('',#755,6.E-02);
#755 = AXIS2_PLACEMENT_2D('',#756,#757);
#756 = CARTESIAN_POINT('',(0.,0.));
#757 = DIRECTION('',(1.,0.));
#758 = ( GEOMETRIC_REPRESENTATION_CONTEXT(2) 
PARAMETRIC_REPRESENTATION_CONTEXT() REPRESENTATION_CONTEXT('2D SPACE',''
  ) );
#759 = ORIENTED_EDGE('',*,*,#760,.F.);
#760 = EDGE_CURVE('',#761,#738,#763,.T.);
#761 = VERTEX_POINT('',#762);
#762 = CARTESIAN_POINT('',(5.761762114062E-02,1.673946636235E-02,1.E-02)
  );
#763 = SURFACE_CURVE('',#764,(#769,#776),.PCURVE_S1.);
#764 = CIRCLE('',#765,6.E-02);
#765 = AXIS2_PLACEMENT_3D('',#766,#767,#768);
#766 = CARTESIAN_POINT('',(0.,0.,1.E-02));
#767 = DIRECTION('',(0.,0.,1.));
#768 = DIRECTION('',(1.,0.,-0.));
#769 = PCURVE('',#32,#770);
#770 = DEFINITIONAL_REPRESENTATION('',(#771),#775);
#771 = LINE('',#772,#773);
#772 = CARTESIAN_POINT('',(0.,1.E-02));
#773 = VECTOR('',#774,1.);
#774 = DIRECTION('',(1.,0.));
#775 = ( GEOMETRIC_REPRESENTATION_CONTEXT(2) 
PARAMETRIC_REPRESENTATION_CONTEXT() REPRESENTATION_CONTEXT('2D SPACE',''
  ) );
#776 = PCURVE('',#97,#777);
#777 = DEFINITIONAL_REPRESENTATION('',(#778),#782);
#778 = CIRCLE('',#779,6.E-02);
#779 = AXIS2_PLACEMENT_2D('',#780,#781);
#780 = CARTESIAN_POINT('',(0.,0.));
#781 = DIRECTION('',(1.,0.));
#782 = ( GEOMETRIC_REPRESENTATION_CONTEXT(2) 
PARAMETRIC_REPRESENTATION_CONTEXT() REPRESENTATION_CONTEXT('2D SPACE',''
  ) );
#783 = ORIENTED_EDGE('',*,*,#784,.F.);
#784 = EDGE_CURVE('',#24,#761,#785,.T.);
#785 = SURFACE_CURVE('',#786,(#791,#798),.PCURVE_S1.);
#786 = CIRCLE('',#787,6.E-02);
#787 = AXIS2_PLACEMENT_3D('',#788,#789,#790);
#788 = CARTESIAN_POINT('',(0.,0.,1.E-02));
#789 = DIRECTION('',(0.,0.,1.));
#790 = DIRECTION('',(1.,0.,-0.));
#791 = PCURVE('',#32,#792);
#792 = DEFINITIONAL_REPRESENTATION('',(#793),#797);
#793 = LINE('',#794,#795);
#794 = CARTESIAN_POINT('',(0.,1.E-02));
#795 = VECTOR('',#796,1.);
#796 = DIRECTION('',(1.,0.));
#797 = ( GEOMETRIC_REPRESENTATION_CONTEXT(2) 
PARAMETRIC_REPRESENTATION_CONTEXT() REPRESENTATION_CONTEXT('2D SPACE',''
  ) );
#798 = PCURVE('',#68,#799);
#799 = DEFINITIONAL_REPRESENTATION('',(#800),#804);
#800 = CIRCLE('',#801,6.E-02);
#801 = AXIS2_PLACEMENT_2D('',#802,#803);
#802 = CARTESIAN_POINT('',(0.,0.));
#803 = DIRECTION('',(1.,0.));
#804 = ( GEOMETRIC_REPRESENTATION_CONTEXT(2) 
PARAMETRIC_REPRESENTATION_CONTEXT() REPRESENTATION_CONTEXT('2D SPACE',''
  ) );
#805 = ORIENTED_EDGE('',*,*,#21,.F.);
#806 = ORIENTED_EDGE('',*,*,#807,.T.);
#807 = EDGE_CURVE('',#22,#22,#808,.T.);
#808 = SURFACE_CURVE('',#809,(#814,#821),.PCURVE_S1.);
#809 = CIRCLE('',#810,6.E-02);
#810 = AXIS2_PLACEMENT_3D('',#811,#812,#813);
#811 = CARTESIAN_POINT('',(0.,0.,0.));
#812 = DIRECTION('',(0.,0.,1.));
#813 = DIRECTION('',(1.,0.,-0.));
#814 = PCURVE('',#32,#815);
#815 = DEFINITIONAL_REPRESENTATION('',(#816),#820);
#816 = LINE('',#817,#818);
#817 = CARTESIAN_POINT('',(0.,0.));
#818 = VECTOR('',#819,1.);
#819 = DIRECTION('',(1.,0.));
#820 = ( GEOMETRIC_REPRESENTATION_CONTEXT(2) 
PARAMETRIC_REPRESENTATION_CONTEXT() REPRESENTATION_CONTEXT('2D SPACE',''
  ) );
#821 = PCURVE('',#822,#827);
#822 = PLANE('',#823);
#823 = AXIS2_PLACEMENT_3D('',#824,#825,#826);
#824 = CARTESIAN_POINT('',(0.,0.,0.));
#825 = DIRECTION('',(0.,0.,1.));
#826 = DIRECTION('',(1.,0.,-0.));
#827 = DEFINITIONAL_REPRESENTATION('',(#828),#832);
#828 = CIRCLE('',#829,6.E-02);
#829 = AXIS2_PLACEMENT_2D('',#830,#831);
#830 = CARTESIAN_POINT('',(0.,0.));
#831 = DIRECTION('',(1.,0.));
#832 = ( GEOMETRIC_REPRESENTATION_CONTEXT(2) 
PARAMETRIC_REPRESENTATION_CONTEXT() REPRESENTATION_CONTEXT('2D SPACE',''
  ) );
#833 = ADVANCED_FACE('Back Iron::Magnet Side::Boundary',(#834),#68,.T.);
#834 = FACE_BOUND('',#835,.T.);
#835 = EDGE_LOOP('',(#836,#837,#838,#861,#885,#909));
#836 = ORIENTED_EDGE('',*,*,#51,.T.);
#837 = ORIENTED_EDGE('',*,*,#784,.T.);
#838 = ORIENTED_EDGE('',*,*,#839,.T.);
#839 = EDGE_CURVE('',#761,#840,#842,.T.);
#840 = VERTEX_POINT('',#841);
#841 = CARTESIAN_POINT('',(2.880881057031E-02,8.369733181177E-03,1.E-02)
  );
#842 = SURFACE_CURVE('',#843,(#847,#854),.PCURVE_S1.);
#843 = LINE('',#844,#845);
#844 = CARTESIAN_POINT('',(-8.642643171092E-02,-2.510919954353E-02,
    1.E-02));
#845 = VECTOR('',#846,1.);
#846 = DIRECTION('',(-0.960293685677,-0.278991106039,0.));
#847 = PCURVE('',#68,#848);
#848 = DEFINITIONAL_REPRESENTATION('',(#849),#853);
#849 = LINE('',#850,#851);
#850 = CARTESIAN_POINT('',(-8.642643171092E-02,-2.510919954353E-02));
#851 = VECTOR('',#852,1.);
#852 = DIRECTION('',(-0.960293685677,-0.278991106039));
#853 = ( GEOMETRIC_REPRESENTATION_CONTEXT(2) 
PARAMETRIC_REPRESENTATION_CONTEXT() REPRESENTATION_CONTEXT('2D SPACE',''
  ) );
#854 = PCURVE('',#97,#855);
#855 = DEFINITIONAL_REPRESENTATION('',(#856),#860);
#856 = LINE('',#857,#858);
#857 = CARTESIAN_POINT('',(-8.642643171092E-02,-2.510919954353E-02));
#858 = VECTOR('',#859,1.);
#859 = DIRECTION('',(-0.960293685677,-0.278991106039));
#860 = ( GEOMETRIC_REPRESENTATION_CONTEXT(2) 
PARAMETRIC_REPRESENTATION_CONTEXT() REPRESENTATION_CONTEXT('2D SPACE',''
  ) );
#861 = ORIENTED_EDGE('',*,*,#862,.F.);
#862 = EDGE_CURVE('',#863,#840,#865,.T.);
#863 = VERTEX_POINT('',#864);
#864 = CARTESIAN_POINT('',(3.E-02,-7.347880794884E-18,1.E-02));
#865 = SURFACE_CURVE('',#866,(#871,#878),.PCURVE_S1.);
#866 = CIRCLE('',#867,3.E-02);
#867 = AXIS2_PLACEMENT_3D('',#868,#869,#870);
#868 = CARTESIAN_POINT('',(0.,0.,1.E-02));
#869 = DIRECTION('',(0.,0.,1.));
#870 = DIRECTION('',(1.,0.,0.));
#871 = PCURVE('',#68,#872);
#872 = DEFINITIONAL_REPRESENTATION('',(#873),#877);
#873 = CIRCLE('',#874,3.E-02);
#874 = AXIS2_PLACEMENT_2D('',#875,#876);
#875 = CARTESIAN_POINT('',(0.,0.));
#876 = DIRECTION('',(1.,0.));
#877 = ( GEOMETRIC_REPRESENTATION_CONTEXT(2) 
PARAMETRIC_REPRESENTATION_CONTEXT() REPRESENTATION_CONTEXT('2D SPACE',''
  ) );
#878 = PCURVE('',#97,#879);
#879 = DEFINITIONAL_REPRESENTATION('',(#880),#884);
#880 = CIRCLE('',#881,3.E-02);
#881 = AXIS2_PLACEMENT_2D('',#882,#883);
#882 = CARTESIAN_POINT('',(0.,0.));
#883 = DIRECTION('',(1.,0.));
#884 = ( GEOMETRIC_REPRESENTATION_CONTEXT(2) 
PARAMETRIC_REPRESENTATION_CONTEXT() REPRESENTATION_CONTEXT('2D SPACE',''
  ) );
#885 = ORIENTED_EDGE('',*,*,#886,.F.);
#886 = EDGE_CURVE('',#887,#863,#889,.T.);
#887 = VERTEX_POINT('',#888);
#888 = CARTESIAN_POINT('',(2.880881057031E-02,-8.369733181177E-03,1.E-02
    ));
#889 = SURFACE_CURVE('',#890,(#895,#902),.PCURVE_S1.);
#890 = CIRCLE('',#891,3.E-02);
#891 = AXIS2_PLACEMENT_3D('',#892,#893,#894);
#892 = CARTESIAN_POINT('',(0.,0.,1.E-02));
#893 = DIRECTION('',(0.,0.,1.));
#894 = DIRECTION('',(1.,0.,0.));
#895 = PCURVE('',#68,#896);
#896 = DEFINITIONAL_REPRESENTATION('',(#897),#901);
#897 = CIRCLE('',#898,3.E-02);
#898 = AXIS2_PLACEMENT_2D('',#899,#900);
#899 = CARTESIAN_POINT('',(0.,0.));
#900 = DIRECTION('',(1.,0.));
#901 = ( GEOMETRIC_REPRESENTATION_CONTEXT(2) 
PARAMETRIC_REPRESENTATION_CONTEXT() REPRESENTATION_CONTEXT('2D SPACE',''
  ) );
#902 = PCURVE('',#97,#903);
#903 = DEFINITIONAL_REPRESENTATION('',(#904),#908);
#904 = CIRCLE('',#905,3.E-02);
#905 = AXIS2_PLACEMENT_2D('',#906,#907);
#906 = CARTESIAN_POINT('',(0.,0.));
#907 = DIRECTION('',(1.,0.));
#908 = ( GEOMETRIC_REPRESENTATION_CONTEXT(2) 
PARAMETRIC_REPRESENTATION_CONTEXT() REPRESENTATION_CONTEXT('2D SPACE',''
  ) );
#909 = ORIENTED_EDGE('',*,*,#910,.F.);
#910 = EDGE_CURVE('',#52,#887,#911,.T.);
#911 = SURFACE_CURVE('',#912,(#916,#923),.PCURVE_S1.);
#912 = LINE('',#913,#914);
#913 = CARTESIAN_POINT('',(-8.642643171092E-02,2.510919954353E-02,1.E-02
    ));
#914 = VECTOR('',#915,1.);
#915 = DIRECTION('',(-0.960293685677,0.278991106039,0.));
#916 = PCURVE('',#68,#917);
#917 = DEFINITIONAL_REPRESENTATION('',(#918),#922);
#918 = LINE('',#919,#920);
#919 = CARTESIAN_POINT('',(-8.642643171092E-02,2.510919954353E-02));
#920 = VECTOR('',#921,1.);
#921 = DIRECTION('',(-0.960293685677,0.278991106039));
#922 = ( GEOMETRIC_REPRESENTATION_CONTEXT(2) 
PARAMETRIC_REPRESENTATION_CONTEXT() REPRESENTATION_CONTEXT('2D SPACE',''
  ) );
#923 = PCURVE('',#97,#924);
#924 = DEFINITIONAL_REPRESENTATION('',(#925),#929);
#925 = LINE('',#926,#927);
#926 = CARTESIAN_POINT('',(-8.642643171092E-02,2.510919954353E-02));
#927 = VECTOR('',#928,1.);
#928 = DIRECTION('',(-0.960293685677,0.278991106039));
#929 = ( GEOMETRIC_REPRESENTATION_CONTEXT(2) 
PARAMETRIC_REPRESENTATION_CONTEXT() REPRESENTATION_CONTEXT('2D SPACE',''
  ) );
#930 = ADVANCED_FACE('Back Iron::Magnet Side::Boundary',(#931),#97,.T.);
#931 = FACE_BOUND('',#932,.T.);
#932 = EDGE_LOOP('',(#933,#934,#935,#958,#982,#1006,#1027,#1028,#1051,
    #1075,#1099,#1120,#1121,#1144,#1168,#1192,#1213,#1214,#1237,#1261,
    #1285,#1306,#1307,#1330,#1354,#1378,#1399,#1400,#1423,#1447,#1471,
    #1492,#1493,#1516,#1540,#1564,#1585,#1586,#1609,#1633,#1657,#1678,
    #1679,#1702,#1726,#1750,#1771,#1772,#1773,#1774));
#933 = ORIENTED_EDGE('',*,*,#839,.F.);
#934 = ORIENTED_EDGE('',*,*,#760,.T.);
#935 = ORIENTED_EDGE('',*,*,#936,.T.);
#936 = EDGE_CURVE('',#738,#937,#939,.T.);
#937 = VERTEX_POINT('',#938);
#938 = CARTESIAN_POINT('',(2.822642306863E-02,1.016213760736E-02,1.E-02)
  );
#939 = SURFACE_CURVE('',#940,(#944,#951),.PCURVE_S1.);
#940 = LINE('',#941,#942);
#941 = CARTESIAN_POINT('',(-8.467926920588E-02,-3.048641282208E-02,
    1.E-02));
#942 = VECTOR('',#943,1.);
#943 = DIRECTION('',(-0.940880768954,-0.338737920245,0.));
#944 = PCURVE('',#97,#945);
#945 = DEFINITIONAL_REPRESENTATION('',(#946),#950);
#946 = LINE('',#947,#948);
#947 = CARTESIAN_POINT('',(-8.467926920588E-02,-3.048641282208E-02));
#948 = VECTOR('',#949,1.);
#949 = DIRECTION('',(-0.940880768954,-0.338737920245));
#950 = ( GEOMETRIC_REPRESENTATION_CONTEXT(2) 
PARAMETRIC_REPRESENTATION_CONTEXT() REPRESENTATION_CONTEXT('2D SPACE',''
  ) );
#951 = PCURVE('',#725,#952);
#952 = DEFINITIONAL_REPRESENTATION('',(#953),#957);
#953 = LINE('',#954,#955);
#954 = CARTESIAN_POINT('',(-8.642643171092E-02,2.510919954353E-02));
#955 = VECTOR('',#956,1.);
#956 = DIRECTION('',(-0.960293685677,0.278991106039));
#957 = ( GEOMETRIC_REPRESENTATION_CONTEXT(2) 
PARAMETRIC_REPRESENTATION_CONTEXT() REPRESENTATION_CONTEXT('2D SPACE',''
  ) );
#958 = ORIENTED_EDGE('',*,*,#959,.T.);
#959 = EDGE_CURVE('',#937,#960,#962,.T.);
#960 = VERTEX_POINT('',#961);
#961 = CARTESIAN_POINT('',(2.427050983125E-02,1.763355756877E-02,1.E-02)
  );
#962 = SURFACE_CURVE('',#963,(#968,#975),.PCURVE_S1.);
#963 = CIRCLE('',#964,3.E-02);
#964 = AXIS2_PLACEMENT_3D('',#965,#966,#967);
#965 = CARTESIAN_POINT('',(0.,0.,1.E-02));
#966 = DIRECTION('',(0.,-0.,1.));
#967 = DIRECTION('',(0.809016994375,0.587785252292,0.));
#968 = PCURVE('',#97,#969);
#969 = DEFINITIONAL_REPRESENTATION('',(#970),#974);
#970 = CIRCLE('',#971,3.E-02);
#971 = AXIS2_PLACEMENT_2D('',#972,#973);
#972 = CARTESIAN_POINT('',(0.,0.));
#973 = DIRECTION('',(0.809016994375,0.587785252292));
#974 = ( GEOMETRIC_REPRESENTATION_CONTEXT(2) 
PARAMETRIC_REPRESENTATION_CONTEXT() REPRESENTATION_CONTEXT('2D SPACE',''
  ) );
#975 = PCURVE('',#725,#976);
#976 = DEFINITIONAL_REPRESENTATION('',(#977),#981);
#977 = CIRCLE('',#978,3.E-02);
#978 = AXIS2_PLACEMENT_2D('',#979,#980);
#979 = CARTESIAN_POINT('',(0.,0.));
#980 = DIRECTION('',(1.,0.));
#981 = ( GEOMETRIC_REPRESENTATION_CONTEXT(2) 
PARAMETRIC_REPRESENTATION_CONTEXT() REPRESENTATION_CONTEXT('2D SPACE',''
  ) );
#982 = ORIENTED_EDGE('',*,*,#983,.T.);
#983 = EDGE_CURVE('',#960,#984,#986,.T.);
#984 = VERTEX_POINT('',#985);
#985 = CARTESIAN_POINT('',(1.838721160959E-02,2.370465037127E-02,1.E-02)
  );
#986 = SURFACE_CURVE('',#987,(#992,#999),.PCURVE_S1.);
#987 = CIRCLE('',#988,3.E-02);
#988 = AXIS2_PLACEMENT_3D('',#989,#990,#991);
#989 = CARTESIAN_POINT('',(0.,0.,1.E-02));
#990 = DIRECTION('',(0.,-0.,1.));
#991 = DIRECTION('',(0.809016994375,0.587785252292,0.));
#992 = PCURVE('',#97,#993);
#993 = DEFINITIONAL_REPRESENTATION('',(#994),#998);
#994 = CIRCLE('',#995,3.E-02);
#995 = AXIS2_PLACEMENT_2D('',#996,#997);
#996 = CARTESIAN_POINT('',(0.,0.));
#997 = DIRECTION('',(0.809016994375,0.587785252292));
#998 = ( GEOMETRIC_REPRESENTATION_CONTEXT(2) 
PARAMETRIC_REPRESENTATION_CONTEXT() REPRESENTATION_CONTEXT('2D SPACE',''
  ) );
#999 = PCURVE('',#725,#1000);
#1000 = DEFINITIONAL_REPRESENTATION('',(#1001),#1005);
#1001 = CIRCLE('',#1002,3.E-02);
#1002 = AXIS2_PLACEMENT_2D('',#1003,#1004);
#1003 = CARTESIAN_POINT('',(0.,0.));
#1004 = DIRECTION('',(1.,0.));
#1005 = ( GEOMETRIC_REPRESENTATION_CONTEXT(2) 
PARAMETRIC_REPRESENTATION_CONTEXT() REPRESENTATION_CONTEXT('2D SPACE',''
  ) );
#1006 = ORIENTED_EDGE('',*,*,#1007,.F.);
#1007 = EDGE_CURVE('',#686,#984,#1008,.T.);
#1008 = SURFACE_CURVE('',#1009,(#1013,#1020),.PCURVE_S1.);
#1009 = LINE('',#1010,#1011);
#1010 = CARTESIAN_POINT('',(-5.516163482877E-02,-7.111395111381E-02,
    1.E-02));
#1011 = VECTOR('',#1012,1.);
#1012 = DIRECTION('',(-0.612907053653,-0.790155012376,0.));
#1013 = PCURVE('',#97,#1014);
#1014 = DEFINITIONAL_REPRESENTATION('',(#1015),#1019);
#1015 = LINE('',#1016,#1017);
#1016 = CARTESIAN_POINT('',(-5.516163482877E-02,-7.111395111381E-02));
#1017 = VECTOR('',#1018,1.);
#1018 = DIRECTION('',(-0.612907053653,-0.790155012376));
#1019 = ( GEOMETRIC_REPRESENTATION_CONTEXT(2) 
PARAMETRIC_REPRESENTATION_CONTEXT() REPRESENTATION_CONTEXT('2D SPACE',''
  ) );
#1020 = PCURVE('',#725,#1021);
#1021 = DEFINITIONAL_REPRESENTATION('',(#1022),#1026);
#1022 = LINE('',#1023,#1024);
#1023 = CARTESIAN_POINT('',(-8.642643171092E-02,-2.510919954353E-02));
#1024 = VECTOR('',#1025,1.);
#1025 = DIRECTION('',(-0.960293685677,-0.278991106039));
#1026 = ( GEOMETRIC_REPRESENTATION_CONTEXT(2) 
PARAMETRIC_REPRESENTATION_CONTEXT() REPRESENTATION_CONTEXT('2D SPACE',''
  ) );
#1027 = ORIENTED_EDGE('',*,*,#685,.T.);
#1028 = ORIENTED_EDGE('',*,*,#1029,.T.);
#1029 = EDGE_CURVE('',#663,#1030,#1032,.T.);
#1030 = VERTEX_POINT('',#1031);
#1031 = CARTESIAN_POINT('',(1.686250133556E-02,2.481241722824E-02,1.E-02
    ));
#1032 = SURFACE_CURVE('',#1033,(#1037,#1044),.PCURVE_S1.);
#1033 = LINE('',#1034,#1035);
#1034 = CARTESIAN_POINT('',(-5.058750400669E-02,-7.443725168471E-02,
    1.E-02));
#1035 = VECTOR('',#1036,1.);
#1036 = DIRECTION('',(-0.562083377852,-0.827080574275,0.));
#1037 = PCURVE('',#97,#1038);
#1038 = DEFINITIONAL_REPRESENTATION('',(#1039),#1043);
#1039 = LINE('',#1040,#1041);
#1040 = CARTESIAN_POINT('',(-5.058750400669E-02,-7.443725168471E-02));
#1041 = VECTOR('',#1042,1.);
#1042 = DIRECTION('',(-0.562083377852,-0.827080574275));
#1043 = ( GEOMETRIC_REPRESENTATION_CONTEXT(2) 
PARAMETRIC_REPRESENTATION_CONTEXT() REPRESENTATION_CONTEXT('2D SPACE',''
  ) );
#1044 = PCURVE('',#650,#1045);
#1045 = DEFINITIONAL_REPRESENTATION('',(#1046),#1050);
#1046 = LINE('',#1047,#1048);
#1047 = CARTESIAN_POINT('',(-8.642643171092E-02,2.510919954353E-02));
#1048 = VECTOR('',#1049,1.);
#1049 = DIRECTION('',(-0.960293685677,0.278991106039));
#1050 = ( GEOMETRIC_REPRESENTATION_CONTEXT(2) 
PARAMETRIC_REPRESENTATION_CONTEXT() REPRESENTATION_CONTEXT('2D SPACE',''
  ) );
#1051 = ORIENTED_EDGE('',*,*,#1052,.T.);
#1052 = EDGE_CURVE('',#1030,#1053,#1055,.T.);
#1053 = VERTEX_POINT('',#1054);
#1054 = CARTESIAN_POINT('',(9.270509831248E-03,2.853169548885E-02,1.E-02
    ));
#1055 = SURFACE_CURVE('',#1056,(#1061,#1068),.PCURVE_S1.);
#1056 = CIRCLE('',#1057,3.E-02);
#1057 = AXIS2_PLACEMENT_3D('',#1058,#1059,#1060);
#1058 = CARTESIAN_POINT('',(0.,0.,1.E-02));
#1059 = DIRECTION('',(0.,-0.,1.));
#1060 = DIRECTION('',(0.309016994375,0.951056516295,0.));
#1061 = PCURVE('',#97,#1062);
#1062 = DEFINITIONAL_REPRESENTATION('',(#1063),#1067);
#1063 = CIRCLE('',#1064,3.E-02);
#1064 = AXIS2_PLACEMENT_2D('',#1065,#1066);
#1065 = CARTESIAN_POINT('',(0.,0.));
#1066 = DIRECTION('',(0.309016994375,0.951056516295));
#1067 = ( GEOMETRIC_REPRESENTATION_CONTEXT(2) 
PARAMETRIC_REPRESENTATION_CONTEXT() REPRESENTATION_CONTEXT('2D SPACE',''
  ) );
#1068 = PCURVE('',#650,#1069);
#1069 = DEFINITIONAL_REPRESENTATION('',(#1070),#1074);
#1070 = CIRCLE('',#1071,3.E-02);
#1071 = AXIS2_PLACEMENT_2D('',#1072,#1073);
#1072 = CARTESIAN_POINT('',(0.,0.));
#1073 = DIRECTION('',(1.,0.));
#1074 = ( GEOMETRIC_REPRESENTATION_CONTEXT(2) 
PARAMETRIC_REPRESENTATION_CONTEXT() REPRESENTATION_CONTEXT('2D SPACE',''
  ) );
#1075 = ORIENTED_EDGE('',*,*,#1076,.T.);
#1076 = EDGE_CURVE('',#1053,#1077,#1079,.T.);
#1077 = VERTEX_POINT('',#1078);
#1078 = CARTESIAN_POINT('',(9.423227723439E-04,2.998519681097E-02,1.E-02
    ));
#1079 = SURFACE_CURVE('',#1080,(#1085,#1092),.PCURVE_S1.);
#1080 = CIRCLE('',#1081,3.E-02);
#1081 = AXIS2_PLACEMENT_3D('',#1082,#1083,#1084);
#1082 = CARTESIAN_POINT('',(0.,0.,1.E-02));
#1083 = DIRECTION('',(0.,-0.,1.));
#1084 = DIRECTION('',(0.309016994375,0.951056516295,0.));
#1085 = PCURVE('',#97,#1086);
#1086 = DEFINITIONAL_REPRESENTATION('',(#1087),#1091);
#1087 = CIRCLE('',#1088,3.E-02);
#1088 = AXIS2_PLACEMENT_2D('',#1089,#1090);
#1089 = CARTESIAN_POINT('',(0.,0.));
#1090 = DIRECTION('',(0.309016994375,0.951056516295));
#1091 = ( GEOMETRIC_REPRESENTATION_CONTEXT(2) 
PARAMETRIC_REPRESENTATION_CONTEXT() REPRESENTATION_CONTEXT('2D SPACE',''
  ) );
#1092 = PCURVE('',#650,#1093);
#1093 = DEFINITIONAL_REPRESENTATION('',(#1094),#1098);
#1094 = CIRCLE('',#1095,3.E-02);
#1095 = AXIS2_PLACEMENT_2D('',#1096,#1097);
#1096 = CARTESIAN_POINT('',(0.,0.));
#1097 = DIRECTION('',(1.,0.));
#1098 = ( GEOMETRIC_REPRESENTATION_CONTEXT(2) 
PARAMETRIC_REPRESENTATION_CONTEXT() REPRESENTATION_CONTEXT('2D SPACE',''
  ) );
#1099 = ORIENTED_EDGE('',*,*,#1100,.F.);
#1100 = EDGE_CURVE('',#611,#1077,#1101,.T.);
#1101 = SURFACE_CURVE('',#1102,(#1106,#1113),.PCURVE_S1.);
#1102 = LINE('',#1103,#1104);
#1103 = CARTESIAN_POINT('',(-2.826968317032E-03,-8.995559043292E-02,
    1.E-02));
#1104 = VECTOR('',#1105,1.);
#1105 = DIRECTION('',(-3.141075907813E-02,-0.999506560366,0.));
#1106 = PCURVE('',#97,#1107);
#1107 = DEFINITIONAL_REPRESENTATION('',(#1108),#1112);
#1108 = LINE('',#1109,#1110);
#1109 = CARTESIAN_POINT('',(-2.826968317032E-03,-8.995559043292E-02));
#1110 = VECTOR('',#1111,1.);
#1111 = DIRECTION('',(-3.141075907813E-02,-0.999506560366));
#1112 = ( GEOMETRIC_REPRESENTATION_CONTEXT(2) 
PARAMETRIC_REPRESENTATION_CONTEXT() REPRESENTATION_CONTEXT('2D SPACE',''
  ) );
#1113 = PCURVE('',#650,#1114);
#1114 = DEFINITIONAL_REPRESENTATION('',(#1115),#1119);
#1115 = LINE('',#1116,#1117);
#1116 = CARTESIAN_POINT('',(-8.642643171092E-02,-2.510919954353E-02));
#1117 = VECTOR('',#1118,1.);
#1118 = DIRECTION('',(-0.960293685677,-0.278991106039));
#1119 = ( GEOMETRIC_REPRESENTATION_CONTEXT(2) 
PARAMETRIC_REPRESENTATION_CONTEXT() REPRESENTATION_CONTEXT('2D SPACE',''
  ) );
#1120 = ORIENTED_EDGE('',*,*,#610,.T.);
#1121 = ORIENTED_EDGE('',*,*,#1122,.T.);
#1122 = EDGE_CURVE('',#588,#1123,#1125,.T.);
#1123 = VERTEX_POINT('',#1124);
#1124 = CARTESIAN_POINT('',(-9.423227723438E-04,2.998519681097E-02,
    1.E-02));
#1125 = SURFACE_CURVE('',#1126,(#1130,#1137),.PCURVE_S1.);
#1126 = LINE('',#1127,#1128);
#1127 = CARTESIAN_POINT('',(2.826968317032E-03,-8.995559043292E-02,
    1.E-02));
#1128 = VECTOR('',#1129,1.);
#1129 = DIRECTION('',(3.141075907813E-02,-0.999506560366,0.));
#1130 = PCURVE('',#97,#1131);
#1131 = DEFINITIONAL_REPRESENTATION('',(#1132),#1136);
#1132 = LINE('',#1133,#1134);
#1133 = CARTESIAN_POINT('',(2.826968317032E-03,-8.995559043292E-02));
#1134 = VECTOR('',#1135,1.);
#1135 = DIRECTION('',(3.141075907813E-02,-0.999506560366));
#1136 = ( GEOMETRIC_REPRESENTATION_CONTEXT(2) 
PARAMETRIC_REPRESENTATION_CONTEXT() REPRESENTATION_CONTEXT('2D SPACE',''
  ) );
#1137 = PCURVE('',#575,#1138);
#1138 = DEFINITIONAL_REPRESENTATION('',(#1139),#1143);
#1139 = LINE('',#1140,#1141);
#1140 = CARTESIAN_POINT('',(-8.642643171092E-02,2.510919954353E-02));
#1141 = VECTOR('',#1142,1.);
#1142 = DIRECTION('',(-0.960293685677,0.278991106039));
#1143 = ( GEOMETRIC_REPRESENTATION_CONTEXT(2) 
PARAMETRIC_REPRESENTATION_CONTEXT() REPRESENTATION_CONTEXT('2D SPACE',''
  ) );
#1144 = ORIENTED_EDGE('',*,*,#1145,.T.);
#1145 = EDGE_CURVE('',#1123,#1146,#1148,.T.);
#1146 = VERTEX_POINT('',#1147);
#1147 = CARTESIAN_POINT('',(-9.270509831248E-03,2.853169548885E-02,
    1.E-02));
#1148 = SURFACE_CURVE('',#1149,(#1154,#1161),.PCURVE_S1.);
#1149 = CIRCLE('',#1150,3.E-02);
#1150 = AXIS2_PLACEMENT_3D('',#1151,#1152,#1153);
#1151 = CARTESIAN_POINT('',(0.,0.,1.E-02));
#1152 = DIRECTION('',(0.,0.,1.));
#1153 = DIRECTION('',(-0.309016994375,0.951056516295,0.));
#1154 = PCURVE('',#97,#1155);
#1155 = DEFINITIONAL_REPRESENTATION('',(#1156),#1160);
#1156 = CIRCLE('',#1157,3.E-02);
#1157 = AXIS2_PLACEMENT_2D('',#1158,#1159);
#1158 = CARTESIAN_POINT('',(0.,0.));
#1159 = DIRECTION('',(-0.309016994375,0.951056516295));
#1160 = ( GEOMETRIC_REPRESENTATION_CONTEXT(2) 
PARAMETRIC_REPRESENTATION_CONTEXT() REPRESENTATION_CONTEXT('2D SPACE',''
  ) );
#1161 = PCURVE('',#575,#1162);
#1162 = DEFINITIONAL_REPRESENTATION('',(#1163),#1167);
#1163 = CIRCLE('',#1164,3.E-02);
#1164 = AXIS2_PLACEMENT_2D('',#1165,#1166);
#1165 = CARTESIAN_POINT('',(0.,0.));
#1166 = DIRECTION('',(1.,0.));
#1167 = ( GEOMETRIC_REPRESENTATION_CONTEXT(2) 
PARAMETRIC_REPRESENTATION_CONTEXT() REPRESENTATION_CONTEXT('2D SPACE',''
  ) );
#1168 = ORIENTED_EDGE('',*,*,#1169,.T.);
#1169 = EDGE_CURVE('',#1146,#1170,#1172,.T.);
#1170 = VERTEX_POINT('',#1171);
#1171 = CARTESIAN_POINT('',(-1.686250133556E-02,2.481241722824E-02,
    1.E-02));
#1172 = SURFACE_CURVE('',#1173,(#1178,#1185),.PCURVE_S1.);
#1173 = CIRCLE('',#1174,3.E-02);
#1174 = AXIS2_PLACEMENT_3D('',#1175,#1176,#1177);
#1175 = CARTESIAN_POINT('',(0.,0.,1.E-02));
#1176 = DIRECTION('',(0.,0.,1.));
#1177 = DIRECTION('',(-0.309016994375,0.951056516295,0.));
#1178 = PCURVE('',#97,#1179);
#1179 = DEFINITIONAL_REPRESENTATION('',(#1180),#1184);
#1180 = CIRCLE('',#1181,3.E-02);
#1181 = AXIS2_PLACEMENT_2D('',#1182,#1183);
#1182 = CARTESIAN_POINT('',(0.,0.));
#1183 = DIRECTION('',(-0.309016994375,0.951056516295));
#1184 = ( GEOMETRIC_REPRESENTATION_CONTEXT(2) 
PARAMETRIC_REPRESENTATION_CONTEXT() REPRESENTATION_CONTEXT('2D SPACE',''
  ) );
#1185 = PCURVE('',#575,#1186);
#1186 = DEFINITIONAL_REPRESENTATION('',(#1187),#1191);
#1187 = CIRCLE('',#1188,3.E-02);
#1188 = AXIS2_PLACEMENT_2D('',#1189,#1190);
#1189 = CARTESIAN_POINT('',(0.,0.));
#1190 = DIRECTION('',(1.,0.));
#1191 = ( GEOMETRIC_REPRESENTATION_CONTEXT(2) 
PARAMETRIC_REPRESENTATION_CONTEXT() REPRESENTATION_CONTEXT('2D SPACE',''
  ) );
#1192 = ORIENTED_EDGE('',*,*,#1193,.F.);
#1193 = EDGE_CURVE('',#536,#1170,#1194,.T.);
#1194 = SURFACE_CURVE('',#1195,(#1199,#1206),.PCURVE_S1.);
#1195 = LINE('',#1196,#1197);
#1196 = CARTESIAN_POINT('',(5.058750400669E-02,-7.443725168471E-02,
    1.E-02));
#1197 = VECTOR('',#1198,1.);
#1198 = DIRECTION('',(0.562083377852,-0.827080574275,0.));
#1199 = PCURVE('',#97,#1200);
#1200 = DEFINITIONAL_REPRESENTATION('',(#1201),#1205);
#1201 = LINE('',#1202,#1203);
#1202 = CARTESIAN_POINT('',(5.058750400669E-02,-7.443725168471E-02));
#1203 = VECTOR('',#1204,1.);
#1204 = DIRECTION('',(0.562083377852,-0.827080574275));
#1205 = ( GEOMETRIC_REPRESENTATION_CONTEXT(2) 
PARAMETRIC_REPRESENTATION_CONTEXT() REPRESENTATION_CONTEXT('2D SPACE',''
  ) );
#1206 = PCURVE('',#575,#1207);
#1207 = DEFINITIONAL_REPRESENTATION('',(#1208),#1212);
#1208 = LINE('',#1209,#1210);
#1209 = CARTESIAN_POINT('',(-8.642643171092E-02,-2.510919954353E-02));
#1210 = VECTOR('',#1211,1.);
#1211 = DIRECTION('',(-0.960293685677,-0.278991106039));
#1212 = ( GEOMETRIC_REPRESENTATION_CONTEXT(2) 
PARAMETRIC_REPRESENTATION_CONTEXT() REPRESENTATION_CONTEXT('2D SPACE',''
  ) );
#1213 = ORIENTED_EDGE('',*,*,#535,.T.);
#1214 = ORIENTED_EDGE('',*,*,#1215,.T.);
#1215 = EDGE_CURVE('',#513,#1216,#1218,.T.);
#1216 = VERTEX_POINT('',#1217);
#1217 = CARTESIAN_POINT('',(-1.838721160959E-02,2.370465037127E-02,
    1.E-02));
#1218 = SURFACE_CURVE('',#1219,(#1223,#1230),.PCURVE_S1.);
#1219 = LINE('',#1220,#1221);
#1220 = CARTESIAN_POINT('',(5.516163482877E-02,-7.111395111381E-02,
    1.E-02));
#1221 = VECTOR('',#1222,1.);
#1222 = DIRECTION('',(0.612907053653,-0.790155012376,0.));
#1223 = PCURVE('',#97,#1224);
#1224 = DEFINITIONAL_REPRESENTATION('',(#1225),#1229);
#1225 = LINE('',#1226,#1227);
#1226 = CARTESIAN_POINT('',(5.516163482877E-02,-7.111395111381E-02));
#1227 = VECTOR('',#1228,1.);
#1228 = DIRECTION('',(0.612907053653,-0.790155012376));
#1229 = ( GEOMETRIC_REPRESENTATION_CONTEXT(2) 
PARAMETRIC_REPRESENTATION_CONTEXT() REPRESENTATION_CONTEXT('2D SPACE',''
  ) );
#1230 = PCURVE('',#500,#1231);
#1231 = DEFINITIONAL_REPRESENTATION('',(#1232),#1236);
#1232 = LINE('',#1233,#1234);
#1233 = CARTESIAN_POINT('',(-8.642643171092E-02,2.510919954353E-02));
#1234 = VECTOR('',#1235,1.);
#1235 = DIRECTION('',(-0.960293685677,0.278991106039));
#1236 = ( GEOMETRIC_REPRESENTATION_CONTEXT(2) 
PARAMETRIC_REPRESENTATION_CONTEXT() REPRESENTATION_CONTEXT('2D SPACE',''
  ) );
#1237 = ORIENTED_EDGE('',*,*,#1238,.T.);
#1238 = EDGE_CURVE('',#1216,#1239,#1241,.T.);
#1239 = VERTEX_POINT('',#1240);
#1240 = CARTESIAN_POINT('',(-2.427050983125E-02,1.763355756877E-02,
    1.E-02));
#1241 = SURFACE_CURVE('',#1242,(#1247,#1254),.PCURVE_S1.);
#1242 = CIRCLE('',#1243,3.E-02);
#1243 = AXIS2_PLACEMENT_3D('',#1244,#1245,#1246);
#1244 = CARTESIAN_POINT('',(0.,0.,1.E-02));
#1245 = DIRECTION('',(0.,0.,1.));
#1246 = DIRECTION('',(-0.809016994375,0.587785252292,0.));
#1247 = PCURVE('',#97,#1248);
#1248 = DEFINITIONAL_REPRESENTATION('',(#1249),#1253);
#1249 = CIRCLE('',#1250,3.E-02);
#1250 = AXIS2_PLACEMENT_2D('',#1251,#1252);
#1251 = CARTESIAN_POINT('',(0.,0.));
#1252 = DIRECTION('',(-0.809016994375,0.587785252292));
#1253 = ( GEOMETRIC_REPRESENTATION_CONTEXT(2) 
PARAMETRIC_REPRESENTATION_CONTEXT() REPRESENTATION_CONTEXT('2D SPACE',''
  ) );
#1254 = PCURVE('',#500,#1255);
#1255 = DEFINITIONAL_REPRESENTATION('',(#1256),#1260);
#1256 = CIRCLE('',#1257,3.E-02);
#1257 = AXIS2_PLACEMENT_2D('',#1258,#1259);
#1258 = CARTESIAN_POINT('',(0.,0.));
#1259 = DIRECTION('',(1.,0.));
#1260 = ( GEOMETRIC_REPRESENTATION_CONTEXT(2) 
PARAMETRIC_REPRESENTATION_CONTEXT() REPRESENTATION_CONTEXT('2D SPACE',''
  ) );
#1261 = ORIENTED_EDGE('',*,*,#1262,.T.);
#1262 = EDGE_CURVE('',#1239,#1263,#1265,.T.);
#1263 = VERTEX_POINT('',#1264);
#1264 = CARTESIAN_POINT('',(-2.822642306863E-02,1.016213760736E-02,
    1.E-02));
#1265 = SURFACE_CURVE('',#1266,(#1271,#1278),.PCURVE_S1.);
#1266 = CIRCLE('',#1267,3.E-02);
#1267 = AXIS2_PLACEMENT_3D('',#1268,#1269,#1270);
#1268 = CARTESIAN_POINT('',(0.,0.,1.E-02));
#1269 = DIRECTION('',(0.,0.,1.));
#1270 = DIRECTION('',(-0.809016994375,0.587785252292,0.));
#1271 = PCURVE('',#97,#1272);
#1272 = DEFINITIONAL_REPRESENTATION('',(#1273),#1277);
#1273 = CIRCLE('',#1274,3.E-02);
#1274 = AXIS2_PLACEMENT_2D('',#1275,#1276);
#1275 = CARTESIAN_POINT('',(0.,0.));
#1276 = DIRECTION('',(-0.809016994375,0.587785252292));
#1277 = ( GEOMETRIC_REPRESENTATION_CONTEXT(2) 
PARAMETRIC_REPRESENTATION_CONTEXT() REPRESENTATION_CONTEXT('2D SPACE',''
  ) );
#1278 = PCURVE('',#500,#1279);
#1279 = DEFINITIONAL_REPRESENTATION('',(#1280),#1284);
#1280 = CIRCLE('',#1281,3.E-02);
#1281 = AXIS2_PLACEMENT_2D('',#1282,#1283);
#1282 = CARTESIAN_POINT('',(0.,0.));
#1283 = DIRECTION('',(1.,0.));
#1284 = ( GEOMETRIC_REPRESENTATION_CONTEXT(2) 
PARAMETRIC_REPRESENTATION_CONTEXT() REPRESENTATION_CONTEXT('2D SPACE',''
  ) );
#1285 = ORIENTED_EDGE('',*,*,#1286,.F.);
#1286 = EDGE_CURVE('',#461,#1263,#1287,.T.);
#1287 = SURFACE_CURVE('',#1288,(#1292,#1299),.PCURVE_S1.);
#1288 = LINE('',#1289,#1290);
#1289 = CARTESIAN_POINT('',(8.467926920588E-02,-3.048641282208E-02,
    1.E-02));
#1290 = VECTOR('',#1291,1.);
#1291 = DIRECTION('',(0.940880768954,-0.338737920245,0.));
#1292 = PCURVE('',#97,#1293);
#1293 = DEFINITIONAL_REPRESENTATION('',(#1294),#1298);
#1294 = LINE('',#1295,#1296);
#1295 = CARTESIAN_POINT('',(8.467926920588E-02,-3.048641282208E-02));
#1296 = VECTOR('',#1297,1.);
#1297 = DIRECTION('',(0.940880768954,-0.338737920245));
#1298 = ( GEOMETRIC_REPRESENTATION_CONTEXT(2) 
PARAMETRIC_REPRESENTATION_CONTEXT() REPRESENTATION_CONTEXT('2D SPACE',''
  ) );
#1299 = PCURVE('',#500,#1300);
#1300 = DEFINITIONAL_REPRESENTATION('',(#1301),#1305);
#1301 = LINE('',#1302,#1303);
#1302 = CARTESIAN_POINT('',(-8.642643171092E-02,-2.510919954353E-02));
#1303 = VECTOR('',#1304,1.);
#1304 = DIRECTION('',(-0.960293685677,-0.278991106039));
#1305 = ( GEOMETRIC_REPRESENTATION_CONTEXT(2) 
PARAMETRIC_REPRESENTATION_CONTEXT() REPRESENTATION_CONTEXT('2D SPACE',''
  ) );
#1306 = ORIENTED_EDGE('',*,*,#460,.T.);
#1307 = ORIENTED_EDGE('',*,*,#1308,.T.);
#1308 = EDGE_CURVE('',#438,#1309,#1311,.T.);
#1309 = VERTEX_POINT('',#1310);
#1310 = CARTESIAN_POINT('',(-2.880881057031E-02,8.369733181177E-03,
    1.E-02));
#1311 = SURFACE_CURVE('',#1312,(#1316,#1323),.PCURVE_S1.);
#1312 = LINE('',#1313,#1314);
#1313 = CARTESIAN_POINT('',(8.642643171092E-02,-2.510919954353E-02,
    1.E-02));
#1314 = VECTOR('',#1315,1.);
#1315 = DIRECTION('',(0.960293685677,-0.278991106039,0.));
#1316 = PCURVE('',#97,#1317);
#1317 = DEFINITIONAL_REPRESENTATION('',(#1318),#1322);
#1318 = LINE('',#1319,#1320);
#1319 = CARTESIAN_POINT('',(8.642643171092E-02,-2.510919954353E-02));
#1320 = VECTOR('',#1321,1.);
#1321 = DIRECTION('',(0.960293685677,-0.278991106039));
#1322 = ( GEOMETRIC_REPRESENTATION_CONTEXT(2) 
PARAMETRIC_REPRESENTATION_CONTEXT() REPRESENTATION_CONTEXT('2D SPACE',''
  ) );
#1323 = PCURVE('',#425,#1324);
#1324 = DEFINITIONAL_REPRESENTATION('',(#1325),#1329);
#1325 = LINE('',#1326,#1327);
#1326 = CARTESIAN_POINT('',(-8.642643171092E-02,2.510919954353E-02));
#1327 = VECTOR('',#1328,1.);
#1328 = DIRECTION('',(-0.960293685677,0.278991106039));
#1329 = ( GEOMETRIC_REPRESENTATION_CONTEXT(2) 
PARAMETRIC_REPRESENTATION_CONTEXT() REPRESENTATION_CONTEXT('2D SPACE',''
  ) );
#1330 = ORIENTED_EDGE('',*,*,#1331,.T.);
#1331 = EDGE_CURVE('',#1309,#1332,#1334,.T.);
#1332 = VERTEX_POINT('',#1333);
#1333 = CARTESIAN_POINT('',(-3.E-02,1.102182119233E-17,1.E-02));
#1334 = SURFACE_CURVE('',#1335,(#1340,#1347),.PCURVE_S1.);
#1335 = CIRCLE('',#1336,3.E-02);
#1336 = AXIS2_PLACEMENT_3D('',#1337,#1338,#1339);
#1337 = CARTESIAN_POINT('',(0.,0.,1.E-02));
#1338 = DIRECTION('',(0.,0.,1.));
#1339 = DIRECTION('',(-1.,1.224646799147E-16,0.));
#1340 = PCURVE('',#97,#1341);
#1341 = DEFINITIONAL_REPRESENTATION('',(#1342),#1346);
#1342 = CIRCLE('',#1343,3.E-02);
#1343 = AXIS2_PLACEMENT_2D('',#1344,#1345);
#1344 = CARTESIAN_POINT('',(0.,0.));
#1345 = DIRECTION('',(-1.,1.224646799147E-16));
#1346 = ( GEOMETRIC_REPRESENTATION_CONTEXT(2) 
PARAMETRIC_REPRESENTATION_CONTEXT() REPRESENTATION_CONTEXT('2D SPACE',''
  ) );
#1347 = PCURVE('',#425,#1348);
#1348 = DEFINITIONAL_REPRESENTATION('',(#1349),#1353);
#1349 = CIRCLE('',#1350,3.E-02);
#1350 = AXIS2_PLACEMENT_2D('',#1351,#1352);
#1351 = CARTESIAN_POINT('',(0.,0.));
#1352 = DIRECTION('',(1.,0.));
#1353 = ( GEOMETRIC_REPRESENTATION_CONTEXT(2) 
PARAMETRIC_REPRESENTATION_CONTEXT() REPRESENTATION_CONTEXT('2D SPACE',''
  ) );
#1354 = ORIENTED_EDGE('',*,*,#1355,.T.);
#1355 = EDGE_CURVE('',#1332,#1356,#1358,.T.);
#1356 = VERTEX_POINT('',#1357);
#1357 = CARTESIAN_POINT('',(-2.880881057031E-02,-8.369733181177E-03,
    1.E-02));
#1358 = SURFACE_CURVE('',#1359,(#1364,#1371),.PCURVE_S1.);
#1359 = CIRCLE('',#1360,3.E-02);
#1360 = AXIS2_PLACEMENT_3D('',#1361,#1362,#1363);
#1361 = CARTESIAN_POINT('',(0.,0.,1.E-02));
#1362 = DIRECTION('',(0.,0.,1.));
#1363 = DIRECTION('',(-1.,1.224646799147E-16,0.));
#1364 = PCURVE('',#97,#1365);
#1365 = DEFINITIONAL_REPRESENTATION('',(#1366),#1370);
#1366 = CIRCLE('',#1367,3.E-02);
#1367 = AXIS2_PLACEMENT_2D('',#1368,#1369);
#1368 = CARTESIAN_POINT('',(0.,0.));
#1369 = DIRECTION('',(-1.,1.224646799147E-16));
#1370 = ( GEOMETRIC_REPRESENTATION_CONTEXT(2) 
PARAMETRIC_REPRESENTATION_CONTEXT() REPRESENTATION_CONTEXT('2D SPACE',''
  ) );
#1371 = PCURVE('',#425,#1372);
#1372 = DEFINITIONAL_REPRESENTATION('',(#1373),#1377);
#1373 = CIRCLE('',#1374,3.E-02);
#1374 = AXIS2_PLACEMENT_2D('',#1375,#1376);
#1375 = CARTESIAN_POINT('',(0.,0.));
#1376 = DIRECTION('',(1.,0.));
#1377 = ( GEOMETRIC_REPRESENTATION_CONTEXT(2) 
PARAMETRIC_REPRESENTATION_CONTEXT() REPRESENTATION_CONTEXT('2D SPACE',''
  ) );
#1378 = ORIENTED_EDGE('',*,*,#1379,.F.);
#1379 = EDGE_CURVE('',#386,#1356,#1380,.T.);
#1380 = SURFACE_CURVE('',#1381,(#1385,#1392),.PCURVE_S1.);
#1381 = LINE('',#1382,#1383);
#1382 = CARTESIAN_POINT('',(8.642643171092E-02,2.510919954353E-02,1.E-02
    ));
#1383 = VECTOR('',#1384,1.);
#1384 = DIRECTION('',(0.960293685677,0.278991106039,0.));
#1385 = PCURVE('',#97,#1386);
#1386 = DEFINITIONAL_REPRESENTATION('',(#1387),#1391);
#1387 = LINE('',#1388,#1389);
#1388 = CARTESIAN_POINT('',(8.642643171092E-02,2.510919954353E-02));
#1389 = VECTOR('',#1390,1.);
#1390 = DIRECTION('',(0.960293685677,0.278991106039));
#1391 = ( GEOMETRIC_REPRESENTATION_CONTEXT(2) 
PARAMETRIC_REPRESENTATION_CONTEXT() REPRESENTATION_CONTEXT('2D SPACE',''
  ) );
#1392 = PCURVE('',#425,#1393);
#1393 = DEFINITIONAL_REPRESENTATION('',(#1394),#1398);
#1394 = LINE('',#1395,#1396);
#1395 = CARTESIAN_POINT('',(-8.642643171092E-02,-2.510919954353E-02));
#1396 = VECTOR('',#1397,1.);
#1397 = DIRECTION('',(-0.960293685677,-0.278991106039));
#1398 = ( GEOMETRIC_REPRESENTATION_CONTEXT(2) 
PARAMETRIC_REPRESENTATION_CONTEXT() REPRESENTATION_CONTEXT('2D SPACE',''
  ) );
#1399 = ORIENTED_EDGE('',*,*,#385,.T.);
#1400 = ORIENTED_EDGE('',*,*,#1401,.T.);
#1401 = EDGE_CURVE('',#363,#1402,#1404,.T.);
#1402 = VERTEX_POINT('',#1403);
#1403 = CARTESIAN_POINT('',(-2.822642306863E-02,-1.016213760736E-02,
    1.E-02));
#1404 = SURFACE_CURVE('',#1405,(#1409,#1416),.PCURVE_S1.);
#1405 = LINE('',#1406,#1407);
#1406 = CARTESIAN_POINT('',(8.467926920588E-02,3.048641282208E-02,1.E-02
    ));
#1407 = VECTOR('',#1408,1.);
#1408 = DIRECTION('',(0.940880768954,0.338737920245,0.));
#1409 = PCURVE('',#97,#1410);
#1410 = DEFINITIONAL_REPRESENTATION('',(#1411),#1415);
#1411 = LINE('',#1412,#1413);
#1412 = CARTESIAN_POINT('',(8.467926920588E-02,3.048641282208E-02));
#1413 = VECTOR('',#1414,1.);
#1414 = DIRECTION('',(0.940880768954,0.338737920245));
#1415 = ( GEOMETRIC_REPRESENTATION_CONTEXT(2) 
PARAMETRIC_REPRESENTATION_CONTEXT() REPRESENTATION_CONTEXT('2D SPACE',''
  ) );
#1416 = PCURVE('',#350,#1417);
#1417 = DEFINITIONAL_REPRESENTATION('',(#1418),#1422);
#1418 = LINE('',#1419,#1420);
#1419 = CARTESIAN_POINT('',(-8.642643171092E-02,2.510919954353E-02));
#1420 = VECTOR('',#1421,1.);
#1421 = DIRECTION('',(-0.960293685677,0.278991106039));
#1422 = ( GEOMETRIC_REPRESENTATION_CONTEXT(2) 
PARAMETRIC_REPRESENTATION_CONTEXT() REPRESENTATION_CONTEXT('2D SPACE',''
  ) );
#1423 = ORIENTED_EDGE('',*,*,#1424,.T.);
#1424 = EDGE_CURVE('',#1402,#1425,#1427,.T.);
#1425 = VERTEX_POINT('',#1426);
#1426 = CARTESIAN_POINT('',(-2.427050983125E-02,-1.763355756877E-02,
    1.E-02));
#1427 = SURFACE_CURVE('',#1428,(#1433,#1440),.PCURVE_S1.);
#1428 = CIRCLE('',#1429,3.E-02);
#1429 = AXIS2_PLACEMENT_3D('',#1430,#1431,#1432);
#1430 = CARTESIAN_POINT('',(0.,0.,1.E-02));
#1431 = DIRECTION('',(0.,0.,1.));
#1432 = DIRECTION('',(-0.809016994375,-0.587785252292,0.));
#1433 = PCURVE('',#97,#1434);
#1434 = DEFINITIONAL_REPRESENTATION('',(#1435),#1439);
#1435 = CIRCLE('',#1436,3.E-02);
#1436 = AXIS2_PLACEMENT_2D('',#1437,#1438);
#1437 = CARTESIAN_POINT('',(0.,0.));
#1438 = DIRECTION('',(-0.809016994375,-0.587785252292));
#1439 = ( GEOMETRIC_REPRESENTATION_CONTEXT(2) 
PARAMETRIC_REPRESENTATION_CONTEXT() REPRESENTATION_CONTEXT('2D SPACE',''
  ) );
#1440 = PCURVE('',#350,#1441);
#1441 = DEFINITIONAL_REPRESENTATION('',(#1442),#1446);
#1442 = CIRCLE('',#1443,3.E-02);
#1443 = AXIS2_PLACEMENT_2D('',#1444,#1445);
#1444 = CARTESIAN_POINT('',(0.,0.));
#1445 = DIRECTION('',(1.,0.));
#1446 = ( GEOMETRIC_REPRESENTATION_CONTEXT(2) 
PARAMETRIC_REPRESENTATION_CONTEXT() REPRESENTATION_CONTEXT('2D SPACE',''
  ) );
#1447 = ORIENTED_EDGE('',*,*,#1448,.T.);
#1448 = EDGE_CURVE('',#1425,#1449,#1451,.T.);
#1449 = VERTEX_POINT('',#1450);
#1450 = CARTESIAN_POINT('',(-1.838721160959E-02,-2.370465037127E-02,
    1.E-02));
#1451 = SURFACE_CURVE('',#1452,(#1457,#1464),.PCURVE_S1.);
#1452 = CIRCLE('',#1453,3.E-02);
#1453 = AXIS2_PLACEMENT_3D('',#1454,#1455,#1456);
#1454 = CARTESIAN_POINT('',(0.,0.,1.E-02));
#1455 = DIRECTION('',(0.,0.,1.));
#1456 = DIRECTION('',(-0.809016994375,-0.587785252292,0.));
#1457 = PCURVE('',#97,#1458);
#1458 = DEFINITIONAL_REPRESENTATION('',(#1459),#1463);
#1459 = CIRCLE('',#1460,3.E-02);
#1460 = AXIS2_PLACEMENT_2D('',#1461,#1462);
#1461 = CARTESIAN_POINT('',(0.,0.));
#1462 = DIRECTION('',(-0.809016994375,-0.587785252292));
#1463 = ( GEOMETRIC_REPRESENTATION_CONTEXT(2) 
PARAMETRIC_REPRESENTATION_CONTEXT() REPRESENTATION_CONTEXT('2D SPACE',''
  ) );
#1464 = PCURVE('',#350,#1465);
#1465 = DEFINITIONAL_REPRESENTATION('',(#1466),#1470);
#1466 = CIRCLE('',#1467,3.E-02);
#1467 = AXIS2_PLACEMENT_2D('',#1468,#1469);
#1468 = CARTESIAN_POINT('',(0.,0.));
#1469 = DIRECTION('',(1.,0.));
#1470 = ( GEOMETRIC_REPRESENTATION_CONTEXT(2) 
PARAMETRIC_REPRESENTATION_CONTEXT() REPRESENTATION_CONTEXT('2D SPACE',''
  ) );
#1471 = ORIENTED_EDGE('',*,*,#1472,.F.);
#1472 = EDGE_CURVE('',#311,#1449,#1473,.T.);
#1473 = SURFACE_CURVE('',#1474,(#1478,#1485),.PCURVE_S1.);
#1474 = LINE('',#1475,#1476);
#1475 = CARTESIAN_POINT('',(5.516163482877E-02,7.111395111381E-02,1.E-02
    ));
#1476 = VECTOR('',#1477,1.);
#1477 = DIRECTION('',(0.612907053653,0.790155012376,0.));
#1478 = PCURVE('',#97,#1479);
#1479 = DEFINITIONAL_REPRESENTATION('',(#1480),#1484);
#1480 = LINE('',#1481,#1482);
#1481 = CARTESIAN_POINT('',(5.516163482877E-02,7.111395111381E-02));
#1482 = VECTOR('',#1483,1.);
#1483 = DIRECTION('',(0.612907053653,0.790155012376));
#1484 = ( GEOMETRIC_REPRESENTATION_CONTEXT(2) 
PARAMETRIC_REPRESENTATION_CONTEXT() REPRESENTATION_CONTEXT('2D SPACE',''
  ) );
#1485 = PCURVE('',#350,#1486);
#1486 = DEFINITIONAL_REPRESENTATION('',(#1487),#1491);
#1487 = LINE('',#1488,#1489);
#1488 = CARTESIAN_POINT('',(-8.642643171092E-02,-2.510919954353E-02));
#1489 = VECTOR('',#1490,1.);
#1490 = DIRECTION('',(-0.960293685677,-0.278991106039));
#1491 = ( GEOMETRIC_REPRESENTATION_CONTEXT(2) 
PARAMETRIC_REPRESENTATION_CONTEXT() REPRESENTATION_CONTEXT('2D SPACE',''
  ) );
#1492 = ORIENTED_EDGE('',*,*,#310,.T.);
#1493 = ORIENTED_EDGE('',*,*,#1494,.T.);
#1494 = EDGE_CURVE('',#288,#1495,#1497,.T.);
#1495 = VERTEX_POINT('',#1496);
#1496 = CARTESIAN_POINT('',(-1.686250133556E-02,-2.481241722824E-02,
    1.E-02));
#1497 = SURFACE_CURVE('',#1498,(#1502,#1509),.PCURVE_S1.);
#1498 = LINE('',#1499,#1500);
#1499 = CARTESIAN_POINT('',(5.058750400669E-02,7.443725168471E-02,1.E-02
    ));
#1500 = VECTOR('',#1501,1.);
#1501 = DIRECTION('',(0.562083377852,0.827080574275,0.));
#1502 = PCURVE('',#97,#1503);
#1503 = DEFINITIONAL_REPRESENTATION('',(#1504),#1508);
#1504 = LINE('',#1505,#1506);
#1505 = CARTESIAN_POINT('',(5.058750400669E-02,7.443725168471E-02));
#1506 = VECTOR('',#1507,1.);
#1507 = DIRECTION('',(0.562083377852,0.827080574275));
#1508 = ( GEOMETRIC_REPRESENTATION_CONTEXT(2) 
PARAMETRIC_REPRESENTATION_CONTEXT() REPRESENTATION_CONTEXT('2D SPACE',''
  ) );
#1509 = PCURVE('',#275,#1510);
#1510 = DEFINITIONAL_REPRESENTATION('',(#1511),#1515);
#1511 = LINE('',#1512,#1513);
#1512 = CARTESIAN_POINT('',(-8.642643171092E-02,2.510919954353E-02));
#1513 = VECTOR('',#1514,1.);
#1514 = DIRECTION('',(-0.960293685677,0.278991106039));
#1515 = ( GEOMETRIC_REPRESENTATION_CONTEXT(2) 
PARAMETRIC_REPRESENTATION_CONTEXT() REPRESENTATION_CONTEXT('2D SPACE',''
  ) );
#1516 = ORIENTED_EDGE('',*,*,#1517,.T.);
#1517 = EDGE_CURVE('',#1495,#1518,#1520,.T.);
#1518 = VERTEX_POINT('',#1519);
#1519 = CARTESIAN_POINT('',(-9.270509831248E-03,-2.853169548885E-02,
    1.E-02));
#1520 = SURFACE_CURVE('',#1521,(#1526,#1533),.PCURVE_S1.);
#1521 = CIRCLE('',#1522,3.E-02);
#1522 = AXIS2_PLACEMENT_3D('',#1523,#1524,#1525);
#1523 = CARTESIAN_POINT('',(0.,0.,1.E-02));
#1524 = DIRECTION('',(0.,0.,1.));
#1525 = DIRECTION('',(-0.309016994375,-0.951056516295,0.));
#1526 = PCURVE('',#97,#1527);
#1527 = DEFINITIONAL_REPRESENTATION('',(#1528),#1532);
#1528 = CIRCLE('',#1529,3.E-02);
#1529 = AXIS2_PLACEMENT_2D('',#1530,#1531);
#1530 = CARTESIAN_POINT('',(0.,0.));
#1531 = DIRECTION('',(-0.309016994375,-0.951056516295));
#1532 = ( GEOMETRIC_REPRESENTATION_CONTEXT(2) 
PARAMETRIC_REPRESENTATION_CONTEXT() REPRESENTATION_CONTEXT('2D SPACE',''
  ) );
#1533 = PCURVE('',#275,#1534);
#1534 = DEFINITIONAL_REPRESENTATION('',(#1535),#1539);
#1535 = CIRCLE('',#1536,3.E-02);
#1536 = AXIS2_PLACEMENT_2D('',#1537,#1538);
#1537 = CARTESIAN_POINT('',(0.,0.));
#1538 = DIRECTION('',(1.,0.));
#1539 = ( GEOMETRIC_REPRESENTATION_CONTEXT(2) 
PARAMETRIC_REPRESENTATION_CONTEXT() REPRESENTATION_CONTEXT('2D SPACE',''
  ) );
#1540 = ORIENTED_EDGE('',*,*,#1541,.T.);
#1541 = EDGE_CURVE('',#1518,#1542,#1544,.T.);
#1542 = VERTEX_POINT('',#1543);
#1543 = CARTESIAN_POINT('',(-9.423227723439E-04,-2.998519681097E-02,
    1.E-02));
#1544 = SURFACE_CURVE('',#1545,(#1550,#1557),.PCURVE_S1.);
#1545 = CIRCLE('',#1546,3.E-02);
#1546 = AXIS2_PLACEMENT_3D('',#1547,#1548,#1549);
#1547 = CARTESIAN_POINT('',(0.,0.,1.E-02));
#1548 = DIRECTION('',(0.,0.,1.));
#1549 = DIRECTION('',(-0.309016994375,-0.951056516295,0.));
#1550 = PCURVE('',#97,#1551);
#1551 = DEFINITIONAL_REPRESENTATION('',(#1552),#1556);
#1552 = CIRCLE('',#1553,3.E-02);
#1553 = AXIS2_PLACEMENT_2D('',#1554,#1555);
#1554 = CARTESIAN_POINT('',(0.,0.));
#1555 = DIRECTION('',(-0.309016994375,-0.951056516295));
#1556 = ( GEOMETRIC_REPRESENTATION_CONTEXT(2) 
PARAMETRIC_REPRESENTATION_CONTEXT() REPRESENTATION_CONTEXT('2D SPACE',''
  ) );
#1557 = PCURVE('',#275,#1558);
#1558 = DEFINITIONAL_REPRESENTATION('',(#1559),#1563);
#1559 = CIRCLE('',#1560,3.E-02);
#1560 = AXIS2_PLACEMENT_2D('',#1561,#1562);
#1561 = CARTESIAN_POINT('',(0.,0.));
#1562 = DIRECTION('',(1.,0.));
#1563 = ( GEOMETRIC_REPRESENTATION_CONTEXT(2) 
PARAMETRIC_REPRESENTATION_CONTEXT() REPRESENTATION_CONTEXT('2D SPACE',''
  ) );
#1564 = ORIENTED_EDGE('',*,*,#1565,.F.);
#1565 = EDGE_CURVE('',#236,#1542,#1566,.T.);
#1566 = SURFACE_CURVE('',#1567,(#1571,#1578),.PCURVE_S1.);
#1567 = LINE('',#1568,#1569);
#1568 = CARTESIAN_POINT('',(2.826968317032E-03,8.995559043292E-02,1.E-02
    ));
#1569 = VECTOR('',#1570,1.);
#1570 = DIRECTION('',(3.141075907813E-02,0.999506560366,0.));
#1571 = PCURVE('',#97,#1572);
#1572 = DEFINITIONAL_REPRESENTATION('',(#1573),#1577);
#1573 = LINE('',#1574,#1575);
#1574 = CARTESIAN_POINT('',(2.826968317032E-03,8.995559043292E-02));
#1575 = VECTOR('',#1576,1.);
#1576 = DIRECTION('',(3.141075907813E-02,0.999506560366));
#1577 = ( GEOMETRIC_REPRESENTATION_CONTEXT(2) 
PARAMETRIC_REPRESENTATION_CONTEXT() REPRESENTATION_CONTEXT('2D SPACE',''
  ) );
#1578 = PCURVE('',#275,#1579);
#1579 = DEFINITIONAL_REPRESENTATION('',(#1580),#1584);
#1580 = LINE('',#1581,#1582);
#1581 = CARTESIAN_POINT('',(-8.642643171092E-02,-2.510919954353E-02));
#1582 = VECTOR('',#1583,1.);
#1583 = DIRECTION('',(-0.960293685677,-0.278991106039));
#1584 = ( GEOMETRIC_REPRESENTATION_CONTEXT(2) 
PARAMETRIC_REPRESENTATION_CONTEXT() REPRESENTATION_CONTEXT('2D SPACE',''
  ) );
#1585 = ORIENTED_EDGE('',*,*,#235,.T.);
#1586 = ORIENTED_EDGE('',*,*,#1587,.T.);
#1587 = EDGE_CURVE('',#213,#1588,#1590,.T.);
#1588 = VERTEX_POINT('',#1589);
#1589 = CARTESIAN_POINT('',(9.423227723438E-04,-2.998519681097E-02,
    1.E-02));
#1590 = SURFACE_CURVE('',#1591,(#1595,#1602),.PCURVE_S1.);
#1591 = LINE('',#1592,#1593);
#1592 = CARTESIAN_POINT('',(-2.826968317032E-03,8.995559043292E-02,
    1.E-02));
#1593 = VECTOR('',#1594,1.);
#1594 = DIRECTION('',(-3.141075907813E-02,0.999506560366,0.));
#1595 = PCURVE('',#97,#1596);
#1596 = DEFINITIONAL_REPRESENTATION('',(#1597),#1601);
#1597 = LINE('',#1598,#1599);
#1598 = CARTESIAN_POINT('',(-2.826968317032E-03,8.995559043292E-02));
#1599 = VECTOR('',#1600,1.);
#1600 = DIRECTION('',(-3.141075907813E-02,0.999506560366));
#1601 = ( GEOMETRIC_REPRESENTATION_CONTEXT(2) 
PARAMETRIC_REPRESENTATION_CONTEXT() REPRESENTATION_CONTEXT('2D SPACE',''
  ) );
#1602 = PCURVE('',#200,#1603);
#1603 = DEFINITIONAL_REPRESENTATION('',(#1604),#1608);
#1604 = LINE('',#1605,#1606);
#1605 = CARTESIAN_POINT('',(-8.642643171092E-02,2.510919954353E-02));
#1606 = VECTOR('',#1607,1.);
#1607 = DIRECTION('',(-0.960293685677,0.278991106039));
#1608 = ( GEOMETRIC_REPRESENTATION_CONTEXT(2) 
PARAMETRIC_REPRESENTATION_CONTEXT() REPRESENTATION_CONTEXT('2D SPACE',''
  ) );
#1609 = ORIENTED_EDGE('',*,*,#1610,.T.);
#1610 = EDGE_CURVE('',#1588,#1611,#1613,.T.);
#1611 = VERTEX_POINT('',#1612);
#1612 = CARTESIAN_POINT('',(9.270509831248E-03,-2.853169548885E-02,
    1.E-02));
#1613 = SURFACE_CURVE('',#1614,(#1619,#1626),.PCURVE_S1.);
#1614 = CIRCLE('',#1615,3.E-02);
#1615 = AXIS2_PLACEMENT_3D('',#1616,#1617,#1618);
#1616 = CARTESIAN_POINT('',(0.,0.,1.E-02));
#1617 = DIRECTION('',(-0.,0.,1.));
#1618 = DIRECTION('',(0.309016994375,-0.951056516295,0.));
#1619 = PCURVE('',#97,#1620);
#1620 = DEFINITIONAL_REPRESENTATION('',(#1621),#1625);
#1621 = CIRCLE('',#1622,3.E-02);
#1622 = AXIS2_PLACEMENT_2D('',#1623,#1624);
#1623 = CARTESIAN_POINT('',(0.,0.));
#1624 = DIRECTION('',(0.309016994375,-0.951056516295));
#1625 = ( GEOMETRIC_REPRESENTATION_CONTEXT(2) 
PARAMETRIC_REPRESENTATION_CONTEXT() REPRESENTATION_CONTEXT('2D SPACE',''
  ) );
#1626 = PCURVE('',#200,#1627);
#1627 = DEFINITIONAL_REPRESENTATION('',(#1628),#1632);
#1628 = CIRCLE('',#1629,3.E-02);
#1629 = AXIS2_PLACEMENT_2D('',#1630,#1631);
#1630 = CARTESIAN_POINT('',(0.,0.));
#1631 = DIRECTION('',(1.,0.));
#1632 = ( GEOMETRIC_REPRESENTATION_CONTEXT(2) 
PARAMETRIC_REPRESENTATION_CONTEXT() REPRESENTATION_CONTEXT('2D SPACE',''
  ) );
#1633 = ORIENTED_EDGE('',*,*,#1634,.T.);
#1634 = EDGE_CURVE('',#1611,#1635,#1637,.T.);
#1635 = VERTEX_POINT('',#1636);
#1636 = CARTESIAN_POINT('',(1.686250133556E-02,-2.481241722824E-02,
    1.E-02));
#1637 = SURFACE_CURVE('',#1638,(#1643,#1650),.PCURVE_S1.);
#1638 = CIRCLE('',#1639,3.E-02);
#1639 = AXIS2_PLACEMENT_3D('',#1640,#1641,#1642);
#1640 = CARTESIAN_POINT('',(0.,0.,1.E-02));
#1641 = DIRECTION('',(-0.,0.,1.));
#1642 = DIRECTION('',(0.309016994375,-0.951056516295,0.));
#1643 = PCURVE('',#97,#1644);
#1644 = DEFINITIONAL_REPRESENTATION('',(#1645),#1649);
#1645 = CIRCLE('',#1646,3.E-02);
#1646 = AXIS2_PLACEMENT_2D('',#1647,#1648);
#1647 = CARTESIAN_POINT('',(0.,0.));
#1648 = DIRECTION('',(0.309016994375,-0.951056516295));
#1649 = ( GEOMETRIC_REPRESENTATION_CONTEXT(2) 
PARAMETRIC_REPRESENTATION_CONTEXT() REPRESENTATION_CONTEXT('2D SPACE',''
  ) );
#1650 = PCURVE('',#200,#1651);
#1651 = DEFINITIONAL_REPRESENTATION('',(#1652),#1656);
#1652 = CIRCLE('',#1653,3.E-02);
#1653 = AXIS2_PLACEMENT_2D('',#1654,#1655);
#1654 = CARTESIAN_POINT('',(0.,0.));
#1655 = DIRECTION('',(1.,0.));
#1656 = ( GEOMETRIC_REPRESENTATION_CONTEXT(2) 
PARAMETRIC_REPRESENTATION_CONTEXT() REPRESENTATION_CONTEXT('2D SPACE',''
  ) );
#1657 = ORIENTED_EDGE('',*,*,#1658,.F.);
#1658 = EDGE_CURVE('',#161,#1635,#1659,.T.);
#1659 = SURFACE_CURVE('',#1660,(#1664,#1671),.PCURVE_S1.);
#1660 = LINE('',#1661,#1662);
#1661 = CARTESIAN_POINT('',(-5.058750400669E-02,7.443725168471E-02,
    1.E-02));
#1662 = VECTOR('',#1663,1.);
#1663 = DIRECTION('',(-0.562083377852,0.827080574275,0.));
#1664 = PCURVE('',#97,#1665);
#1665 = DEFINITIONAL_REPRESENTATION('',(#1666),#1670);
#1666 = LINE('',#1667,#1668);
#1667 = CARTESIAN_POINT('',(-5.058750400669E-02,7.443725168471E-02));
#1668 = VECTOR('',#1669,1.);
#1669 = DIRECTION('',(-0.562083377852,0.827080574275));
#1670 = ( GEOMETRIC_REPRESENTATION_CONTEXT(2) 
PARAMETRIC_REPRESENTATION_CONTEXT() REPRESENTATION_CONTEXT('2D SPACE',''
  ) );
#1671 = PCURVE('',#200,#1672);
#1672 = DEFINITIONAL_REPRESENTATION('',(#1673),#1677);
#1673 = LINE('',#1674,#1675);
#1674 = CARTESIAN_POINT('',(-8.642643171092E-02,-2.510919954353E-02));
#1675 = VECTOR('',#1676,1.);
#1676 = DIRECTION('',(-0.960293685677,-0.278991106039));
#1677 = ( GEOMETRIC_REPRESENTATION_CONTEXT(2) 
PARAMETRIC_REPRESENTATION_CONTEXT() REPRESENTATION_CONTEXT('2D SPACE',''
  ) );
#1678 = ORIENTED_EDGE('',*,*,#160,.T.);
#1679 = ORIENTED_EDGE('',*,*,#1680,.T.);
#1680 = EDGE_CURVE('',#138,#1681,#1683,.T.);
#1681 = VERTEX_POINT('',#1682);
#1682 = CARTESIAN_POINT('',(1.838721160959E-02,-2.370465037127E-02,
    1.E-02));
#1683 = SURFACE_CURVE('',#1684,(#1688,#1695),.PCURVE_S1.);
#1684 = LINE('',#1685,#1686);
#1685 = CARTESIAN_POINT('',(-5.516163482877E-02,7.111395111381E-02,
    1.E-02));
#1686 = VECTOR('',#1687,1.);
#1687 = DIRECTION('',(-0.612907053653,0.790155012376,0.));
#1688 = PCURVE('',#97,#1689);
#1689 = DEFINITIONAL_REPRESENTATION('',(#1690),#1694);
#1690 = LINE('',#1691,#1692);
#1691 = CARTESIAN_POINT('',(-5.516163482877E-02,7.111395111381E-02));
#1692 = VECTOR('',#1693,1.);
#1693 = DIRECTION('',(-0.612907053653,0.790155012376));
#1694 = ( GEOMETRIC_REPRESENTATION_CONTEXT(2) 
PARAMETRIC_REPRESENTATION_CONTEXT() REPRESENTATION_CONTEXT('2D SPACE',''
  ) );
#1695 = PCURVE('',#125,#1696);
#1696 = DEFINITIONAL_REPRESENTATION('',(#1697),#1701);
#1697 = LINE('',#1698,#1699);
#1698 = CARTESIAN_POINT('',(-8.642643171092E-02,2.510919954353E-02));
#1699 = VECTOR('',#1700,1.);
#1700 = DIRECTION('',(-0.960293685677,0.278991106039));
#1701 = ( GEOMETRIC_REPRESENTATION_CONTEXT(2) 
PARAMETRIC_REPRESENTATION_CONTEXT() REPRESENTATION_CONTEXT('2D SPACE',''
  ) );
#1702 = ORIENTED_EDGE('',*,*,#1703,.T.);
#1703 = EDGE_CURVE('',#1681,#1704,#1706,.T.);
#1704 = VERTEX_POINT('',#1705);
#1705 = CARTESIAN_POINT('',(2.427050983125E-02,-1.763355756877E-02,
    1.E-02));
#1706 = SURFACE_CURVE('',#1707,(#1712,#1719),.PCURVE_S1.);
#1707 = CIRCLE('',#1708,3.E-02);
#1708 = AXIS2_PLACEMENT_3D('',#1709,#1710,#1711);
#1709 = CARTESIAN_POINT('',(0.,0.,1.E-02));
#1710 = DIRECTION('',(-0.,0.,1.));
#1711 = DIRECTION('',(0.809016994375,-0.587785252292,0.));
#1712 = PCURVE('',#97,#1713);
#1713 = DEFINITIONAL_REPRESENTATION('',(#1714),#1718);
#1714 = CIRCLE('',#1715,3.E-02);
#1715 = AXIS2_PLACEMENT_2D('',#1716,#1717);
#1716 = CARTESIAN_POINT('',(0.,0.));
#1717 = DIRECTION('',(0.809016994375,-0.587785252292));
#1718 = ( GEOMETRIC_REPRESENTATION_CONTEXT(2) 
PARAMETRIC_REPRESENTATION_CONTEXT() REPRESENTATION_CONTEXT('2D SPACE',''
  ) );
#1719 = PCURVE('',#125,#1720);
#1720 = DEFINITIONAL_REPRESENTATION('',(#1721),#1725);
#1721 = CIRCLE('',#1722,3.E-02);
#1722 = AXIS2_PLACEMENT_2D('',#1723,#1724);
#1723 = CARTESIAN_POINT('',(0.,0.));
#1724 = DIRECTION('',(1.,0.));
#1725 = ( GEOMETRIC_REPRESENTATION_CONTEXT(2) 
PARAMETRIC_REPRESENTATION_CONTEXT() REPRESENTATION_CONTEXT('2D SPACE',''
  ) );
#1726 = ORIENTED_EDGE('',*,*,#1727,.T.);
#1727 = EDGE_CURVE('',#1704,#1728,#1730,.T.);
#1728 = VERTEX_POINT('',#1729);
#1729 = CARTESIAN_POINT('',(2.822642306863E-02,-1.016213760736E-02,
    1.E-02));
#1730 = SURFACE_CURVE('',#1731,(#1736,#1743),.PCURVE_S1.);
#1731 = CIRCLE('',#1732,3.E-02);
#1732 = AXIS2_PLACEMENT_3D('',#1733,#1734,#1735);
#1733 = CARTESIAN_POINT('',(0.,0.,1.E-02));
#1734 = DIRECTION('',(-0.,0.,1.));
#1735 = DIRECTION('',(0.809016994375,-0.587785252292,0.));
#1736 = PCURVE('',#97,#1737);
#1737 = DEFINITIONAL_REPRESENTATION('',(#1738),#1742);
#1738 = CIRCLE('',#1739,3.E-02);
#1739 = AXIS2_PLACEMENT_2D('',#1740,#1741);
#1740 = CARTESIAN_POINT('',(0.,0.));
#1741 = DIRECTION('',(0.809016994375,-0.587785252292));
#1742 = ( GEOMETRIC_REPRESENTATION_CONTEXT(2) 
PARAMETRIC_REPRESENTATION_CONTEXT() REPRESENTATION_CONTEXT('2D SPACE',''
  ) );
#1743 = PCURVE('',#125,#1744);
#1744 = DEFINITIONAL_REPRESENTATION('',(#1745),#1749);
#1745 = CIRCLE('',#1746,3.E-02);
#1746 = AXIS2_PLACEMENT_2D('',#1747,#1748);
#1747 = CARTESIAN_POINT('',(0.,0.));
#1748 = DIRECTION('',(1.,0.));
#1749 = ( GEOMETRIC_REPRESENTATION_CONTEXT(2) 
PARAMETRIC_REPRESENTATION_CONTEXT() REPRESENTATION_CONTEXT('2D SPACE',''
  ) );
#1750 = ORIENTED_EDGE('',*,*,#1751,.F.);
#1751 = EDGE_CURVE('',#81,#1728,#1752,.T.);
#1752 = SURFACE_CURVE('',#1753,(#1757,#1764),.PCURVE_S1.);
#1753 = LINE('',#1754,#1755);
#1754 = CARTESIAN_POINT('',(-8.467926920588E-02,3.048641282208E-02,
    1.E-02));
#1755 = VECTOR('',#1756,1.);
#1756 = DIRECTION('',(-0.940880768954,0.338737920245,0.));
#1757 = PCURVE('',#97,#1758);
#1758 = DEFINITIONAL_REPRESENTATION('',(#1759),#1763);
#1759 = LINE('',#1760,#1761);
#1760 = CARTESIAN_POINT('',(-8.467926920588E-02,3.048641282208E-02));
#1761 = VECTOR('',#1762,1.);
#1762 = DIRECTION('',(-0.940880768954,0.338737920245));
#1763 = ( GEOMETRIC_REPRESENTATION_CONTEXT(2) 
PARAMETRIC_REPRESENTATION_CONTEXT() REPRESENTATION_CONTEXT('2D SPACE',''
  ) );
#1764 = PCURVE('',#125,#1765);
#1765 = DEFINITIONAL_REPRESENTATION('',(#1766),#1770);
#1766 = LINE('',#1767,#1768);
#1767 = CARTESIAN_POINT('',(-8.642643171092E-02,-2.510919954353E-02));
#1768 = VECTOR('',#1769,1.);
#1769 = DIRECTION('',(-0.960293685677,-0.278991106039));
#1770 = ( GEOMETRIC_REPRESENTATION_CONTEXT(2) 
PARAMETRIC_REPRESENTATION_CONTEXT() REPRESENTATION_CONTEXT('2D SPACE',''
  ) );
#1771 = ORIENTED_EDGE('',*,*,#80,.T.);
#1772 = ORIENTED_EDGE('',*,*,#910,.T.);
#1773 = ORIENTED_EDGE('',*,*,#886,.T.);
#1774 = ORIENTED_EDGE('',*,*,#862,.T.);
#1775 = ADVANCED_FACE('Magnet::1::Boundary',(#1776),#725,.T.);
#1776 = FACE_BOUND('',#1777,.T.);
#1777 = EDGE_LOOP('',(#1778,#1779,#1780,#1781,#1782,#1783));
#1778 = ORIENTED_EDGE('',*,*,#936,.F.);
#1779 = ORIENTED_EDGE('',*,*,#737,.T.);
#1780 = ORIENTED_EDGE('',*,*,#709,.T.);
#1781 = ORIENTED_EDGE('',*,*,#1007,.T.);
#1782 = ORIENTED_EDGE('',*,*,#983,.F.);
#1783 = ORIENTED_EDGE('',*,*,#959,.F.);
#1784 = ADVANCED_FACE('Magnet::9::Boundary',(#1785),#125,.T.);
#1785 = FACE_BOUND('',#1786,.T.);
#1786 = EDGE_LOOP('',(#1787,#1788,#1789,#1790,#1791,#1792));
#1787 = ORIENTED_EDGE('',*,*,#1680,.F.);
#1788 = ORIENTED_EDGE('',*,*,#137,.T.);
#1789 = ORIENTED_EDGE('',*,*,#109,.T.);
#1790 = ORIENTED_EDGE('',*,*,#1751,.T.);
#1791 = ORIENTED_EDGE('',*,*,#1727,.F.);
#1792 = ORIENTED_EDGE('',*,*,#1703,.F.);
#1793 = ADVANCED_FACE('Magnet::2::Boundary',(#1794),#650,.T.);
#1794 = FACE_BOUND('',#1795,.T.);
#1795 = EDGE_LOOP('',(#1796,#1797,#1798,#1799,#1800,#1801));
#1796 = ORIENTED_EDGE('',*,*,#1029,.F.);
#1797 = ORIENTED_EDGE('',*,*,#662,.T.);
#1798 = ORIENTED_EDGE('',*,*,#634,.T.);
#1799 = ORIENTED_EDGE('',*,*,#1100,.T.);
#1800 = ORIENTED_EDGE('',*,*,#1076,.F.);
#1801 = ORIENTED_EDGE('',*,*,#1052,.F.);
#1802 = ADVANCED_FACE('Magnet::8::Boundary',(#1803),#200,.T.);
#1803 = FACE_BOUND('',#1804,.T.);
#1804 = EDGE_LOOP('',(#1805,#1806,#1807,#1808,#1809,#1810));
#1805 = ORIENTED_EDGE('',*,*,#1587,.F.);
#1806 = ORIENTED_EDGE('',*,*,#212,.T.);
#1807 = ORIENTED_EDGE('',*,*,#184,.T.);
#1808 = ORIENTED_EDGE('',*,*,#1658,.T.);
#1809 = ORIENTED_EDGE('',*,*,#1634,.F.);
#1810 = ORIENTED_EDGE('',*,*,#1610,.F.);
#1811 = ADVANCED_FACE('Magnet::3::Boundary',(#1812),#575,.T.);
#1812 = FACE_BOUND('',#1813,.T.);
#1813 = EDGE_LOOP('',(#1814,#1815,#1816,#1817,#1818,#1819));
#1814 = ORIENTED_EDGE('',*,*,#1122,.F.);
#1815 = ORIENTED_EDGE('',*,*,#587,.T.);
#1816 = ORIENTED_EDGE('',*,*,#559,.T.);
#1817 = ORIENTED_EDGE('',*,*,#1193,.T.);
#1818 = ORIENTED_EDGE('',*,*,#1169,.F.);
#1819 = ORIENTED_EDGE('',*,*,#1145,.F.);
#1820 = ADVANCED_FACE('Magnet::7::Boundary',(#1821),#275,.T.);
#1821 = FACE_BOUND('',#1822,.T.);
#1822 = EDGE_LOOP('',(#1823,#1824,#1825,#1826,#1827,#1828));
#1823 = ORIENTED_EDGE('',*,*,#1494,.F.);
#1824 = ORIENTED_EDGE('',*,*,#287,.T.);
#1825 = ORIENTED_EDGE('',*,*,#259,.T.);
#1826 = ORIENTED_EDGE('',*,*,#1565,.T.);
#1827 = ORIENTED_EDGE('',*,*,#1541,.F.);
#1828 = ORIENTED_EDGE('',*,*,#1517,.F.);
#1829 = ADVANCED_FACE('Magnet::4::Boundary',(#1830),#500,.T.);
#1830 = FACE_BOUND('',#1831,.T.);
#1831 = EDGE_LOOP('',(#1832,#1833,#1834,#1835,#1836,#1837));
#1832 = ORIENTED_EDGE('',*,*,#1215,.F.);
#1833 = ORIENTED_EDGE('',*,*,#512,.T.);
#1834 = ORIENTED_EDGE('',*,*,#484,.T.);
#1835 = ORIENTED_EDGE('',*,*,#1286,.T.);
#1836 = ORIENTED_EDGE('',*,*,#1262,.F.);
#1837 = ORIENTED_EDGE('',*,*,#1238,.F.);
#1838 = ADVANCED_FACE('Magnet::6::Boundary',(#1839),#350,.T.);
#1839 = FACE_BOUND('',#1840,.T.);
#1840 = EDGE_LOOP('',(#1841,#1842,#1843,#1844,#1845,#1846));
#1841 = ORIENTED_EDGE('',*,*,#1401,.F.);
#1842 = ORIENTED_EDGE('',*,*,#362,.T.);
#1843 = ORIENTED_EDGE('',*,*,#334,.T.);
#1844 = ORIENTED_EDGE('',*,*,#1472,.T.);
#1845 = ORIENTED_EDGE('',*,*,#1448,.F.);
#1846 = ORIENTED_EDGE('',*,*,#1424,.F.);
#1847 = ADVANCED_FACE('Magnet::5::Boundary',(#1848),#425,.T.);
#1848 = FACE_BOUND('',#1849,.T.);
#1849 = EDGE_LOOP('',(#1850,#1851,#1852,#1853,#1854,#1855));
#1850 = ORIENTED_EDGE('',*,*,#1308,.F.);
#1851 = ORIENTED_EDGE('',*,*,#437,.T.);
#1852 = ORIENTED_EDGE('',*,*,#409,.T.);
#1853 = ORIENTED_EDGE('',*,*,#1379,.T.);
#1854 = ORIENTED_EDGE('',*,*,#1355,.F.);
#1855 = ORIENTED_EDGE('',*,*,#1331,.F.);
#1856 = ADVANCED_FACE('Back Iron::Magnet Side::Boundary',(#1857),#822,
  .F.);
#1857 = FACE_BOUND('',#1858,.T.);
#1858 = EDGE_LOOP('',(#1859));
#1859 = ORIENTED_EDGE('',*,*,#807,.F.);
#1860 = MANIFOLD_SOLID_BREP('Magnet::0',#1861);
#1861 = CLOSED_SHELL('',(#1862,#1983,#2060,#2167,#2216,#2291,#2318,#2345
    ));
#1862 = ADVANCED_FACE('Magnet::0::Boundary',(#1863),#1877,.T.);
#1863 = FACE_BOUND('',#1864,.T.);
#1864 = EDGE_LOOP('',(#1865,#1900,#1929,#1957));
#1865 = ORIENTED_EDGE('',*,*,#1866,.T.);
#1866 = EDGE_CURVE('',#1867,#1869,#1871,.T.);
#1867 = VERTEX_POINT('',#1868);
#1868 = CARTESIAN_POINT('',(6.E-02,-1.469576158977E-17,1.E-02));
#1869 = VERTEX_POINT('',#1870);
#1870 = CARTESIAN_POINT('',(6.E-02,-1.469576158977E-17,2.E-02));
#1871 = SURFACE_CURVE('',#1872,(#1876,#1888),.PCURVE_S1.);
#1872 = LINE('',#1873,#1874);
#1873 = CARTESIAN_POINT('',(6.E-02,-1.469576158977E-17,1.E-02));
#1874 = VECTOR('',#1875,1.);
#1875 = DIRECTION('',(0.,0.,1.));
#1876 = PCURVE('',#1877,#1882);
#1877 = CYLINDRICAL_SURFACE('',#1878,6.E-02);
#1878 = AXIS2_PLACEMENT_3D('',#1879,#1880,#1881);
#1879 = CARTESIAN_POINT('',(0.,0.,1.E-02));
#1880 = DIRECTION('',(0.,0.,1.));
#1881 = DIRECTION('',(1.,0.,0.));
#1882 = DEFINITIONAL_REPRESENTATION('',(#1883),#1887);
#1883 = LINE('',#1884,#1885);
#1884 = CARTESIAN_POINT('',(6.28318530718,-0.));
#1885 = VECTOR('',#1886,1.);
#1886 = DIRECTION('',(0.,1.));
#1887 = ( GEOMETRIC_REPRESENTATION_CONTEXT(2) 
PARAMETRIC_REPRESENTATION_CONTEXT() REPRESENTATION_CONTEXT('2D SPACE',''
  ) );
#1888 = PCURVE('',#1889,#1894);
#1889 = CYLINDRICAL_SURFACE('',#1890,6.E-02);
#1890 = AXIS2_PLACEMENT_3D('',#1891,#1892,#1893);
#1891 = CARTESIAN_POINT('',(0.,0.,1.E-02));
#1892 = DIRECTION('',(0.,0.,1.));
#1893 = DIRECTION('',(1.,0.,0.));
#1894 = DEFINITIONAL_REPRESENTATION('',(#1895),#1899);
#1895 = LINE('',#1896,#1897);
#1896 = CARTESIAN_POINT('',(0.,-0.));
#1897 = VECTOR('',#1898,1.);
#1898 = DIRECTION('',(0.,1.));
#1899 = ( GEOMETRIC_REPRESENTATION_CONTEXT(2) 
PARAMETRIC_REPRESENTATION_CONTEXT() REPRESENTATION_CONTEXT('2D SPACE',''
  ) );
#1900 = ORIENTED_EDGE('',*,*,#1901,.F.);
#1901 = EDGE_CURVE('',#1902,#1869,#1904,.T.);
#1902 = VERTEX_POINT('',#1903);
#1903 = CARTESIAN_POINT('',(5.761762114062E-02,-1.673946636235E-02,
    2.E-02));
#1904 = SURFACE_CURVE('',#1905,(#1910,#1917),.PCURVE_S1.);
#1905 = CIRCLE('',#1906,6.E-02);
#1906 = AXIS2_PLACEMENT_3D('',#1907,#1908,#1909);
#1907 = CARTESIAN_POINT('',(0.,0.,2.E-02));
#1908 = DIRECTION('',(0.,0.,1.));
#1909 = DIRECTION('',(1.,0.,0.));
#1910 = PCURVE('',#1877,#1911);
#1911 = DEFINITIONAL_REPRESENTATION('',(#1912),#1916);
#1912 = LINE('',#1913,#1914);
#1913 = CARTESIAN_POINT('',(0.,1.E-02));
#1914 = VECTOR('',#1915,1.);
#1915 = DIRECTION('',(1.,0.));
#1916 = ( GEOMETRIC_REPRESENTATION_CONTEXT(2) 
PARAMETRIC_REPRESENTATION_CONTEXT() REPRESENTATION_CONTEXT('2D SPACE',''
  ) );
#1917 = PCURVE('',#1918,#1923);
#1918 = PLANE('',#1919);
#1919 = AXIS2_PLACEMENT_3D('',#1920,#1921,#1922);
#1920 = CARTESIAN_POINT('',(0.,0.,2.E-02));
#1921 = DIRECTION('',(0.,0.,1.));
#1922 = DIRECTION('',(1.,0.,0.));
#1923 = DEFINITIONAL_REPRESENTATION('',(#1924),#1928);
#1924 = CIRCLE('',#1925,6.E-02);
#1925 = AXIS2_PLACEMENT_2D('',#1926,#1927);
#1926 = CARTESIAN_POINT('',(0.,0.));
#1927 = DIRECTION('',(1.,0.));
#1928 = ( GEOMETRIC_REPRESENTATION_CONTEXT(2) 
PARAMETRIC_REPRESENTATION_CONTEXT() REPRESENTATION_CONTEXT('2D SPACE',''
  ) );
#1929 = ORIENTED_EDGE('',*,*,#1930,.F.);
#1930 = EDGE_CURVE('',#1931,#1902,#1933,.T.);
#1931 = VERTEX_POINT('',#1932);
#1932 = CARTESIAN_POINT('',(5.761762114062E-02,-1.673946636235E-02,
    1.E-02));
#1933 = SURFACE_CURVE('',#1934,(#1938,#1945),.PCURVE_S1.);
#1934 = LINE('',#1935,#1936);
#1935 = CARTESIAN_POINT('',(5.761762114062E-02,-1.673946636235E-02,
    1.E-02));
#1936 = VECTOR('',#1937,1.);
#1937 = DIRECTION('',(0.,0.,1.));
#1938 = PCURVE('',#1877,#1939);
#1939 = DEFINITIONAL_REPRESENTATION('',(#1940),#1944);
#1940 = LINE('',#1941,#1942);
#1941 = CARTESIAN_POINT('',(6.000441968357,0.));
#1942 = VECTOR('',#1943,1.);
#1943 = DIRECTION('',(0.,1.));
#1944 = ( GEOMETRIC_REPRESENTATION_CONTEXT(2) 
PARAMETRIC_REPRESENTATION_CONTEXT() REPRESENTATION_CONTEXT('2D SPACE',''
  ) );
#1945 = PCURVE('',#1946,#1951);
#1946 = PLANE('',#1947);
#1947 = AXIS2_PLACEMENT_3D('',#1948,#1949,#1950);
#1948 = CARTESIAN_POINT('',(-0.172852863422,5.021839908706E-02,-0.17));
#1949 = DIRECTION('',(0.278991106039,0.960293685677,0.));
#1950 = DIRECTION('',(0.,0.,1.));
#1951 = DEFINITIONAL_REPRESENTATION('',(#1952),#1956);
#1952 = LINE('',#1953,#1954);
#1953 = CARTESIAN_POINT('',(0.18,0.24));
#1954 = VECTOR('',#1955,1.);
#1955 = DIRECTION('',(1.,0.));
#1956 = ( GEOMETRIC_REPRESENTATION_CONTEXT(2) 
PARAMETRIC_REPRESENTATION_CONTEXT() REPRESENTATION_CONTEXT('2D SPACE',''
  ) );
#1957 = ORIENTED_EDGE('',*,*,#1958,.T.);
#1958 = EDGE_CURVE('',#1931,#1867,#1959,.T.);
#1959 = SURFACE_CURVE('',#1960,(#1965,#1971),.PCURVE_S1.);
#1960 = CIRCLE('',#1961,6.E-02);
#1961 = AXIS2_PLACEMENT_3D('',#1962,#1963,#1964);
#1962 = CARTESIAN_POINT('',(0.,0.,1.E-02));
#1963 = DIRECTION('',(0.,0.,1.));
#1964 = DIRECTION('',(1.,0.,-0.));
#1965 = PCURVE('',#1877,#1966);
#1966 = DEFINITIONAL_REPRESENTATION('',(#1967),#1970);
#1967 = B_SPLINE_CURVE_WITH_KNOTS('',1,(#1968,#1969),.UNSPECIFIED.,.F.,
  .F.,(2,2),(6.000441968357,6.28318530718),.PIECEWISE_BEZIER_KNOTS.);
#1968 = CARTESIAN_POINT('',(6.000441968357,0.));
#1969 = CARTESIAN_POINT('',(6.28318530718,0.));
#1970 = ( GEOMETRIC_REPRESENTATION_CONTEXT(2) 
PARAMETRIC_REPRESENTATION_CONTEXT() REPRESENTATION_CONTEXT('2D SPACE',''
  ) );
#1971 = PCURVE('',#1972,#1977);
#1972 = PLANE('',#1973);
#1973 = AXIS2_PLACEMENT_3D('',#1974,#1975,#1976);
#1974 = CARTESIAN_POINT('',(0.,0.,1.E-02));
#1975 = DIRECTION('',(0.,0.,1.));
#1976 = DIRECTION('',(1.,0.,-0.));
#1977 = DEFINITIONAL_REPRESENTATION('',(#1978),#1982);
#1978 = CIRCLE('',#1979,6.E-02);
#1979 = AXIS2_PLACEMENT_2D('',#1980,#1981);
#1980 = CARTESIAN_POINT('',(0.,0.));
#1981 = DIRECTION('',(1.,0.));
#1982 = ( GEOMETRIC_REPRESENTATION_CONTEXT(2) 
PARAMETRIC_REPRESENTATION_CONTEXT() REPRESENTATION_CONTEXT('2D SPACE',''
  ) );
#1983 = ADVANCED_FACE('Magnet::0::Boundary',(#1984),#1889,.T.);
#1984 = FACE_BOUND('',#1985,.T.);
#1985 = EDGE_LOOP('',(#1986,#2010,#2011,#2034));
#1986 = ORIENTED_EDGE('',*,*,#1987,.F.);
#1987 = EDGE_CURVE('',#1869,#1988,#1990,.T.);
#1988 = VERTEX_POINT('',#1989);
#1989 = CARTESIAN_POINT('',(5.761762114062E-02,1.673946636235E-02,2.E-02
    ));
#1990 = SURFACE_CURVE('',#1991,(#1996,#2003),.PCURVE_S1.);
#1991 = CIRCLE('',#1992,6.E-02);
#1992 = AXIS2_PLACEMENT_3D('',#1993,#1994,#1995);
#1993 = CARTESIAN_POINT('',(0.,0.,2.E-02));
#1994 = DIRECTION('',(0.,0.,1.));
#1995 = DIRECTION('',(1.,0.,0.));
#1996 = PCURVE('',#1889,#1997);
#1997 = DEFINITIONAL_REPRESENTATION('',(#1998),#2002);
#1998 = LINE('',#1999,#2000);
#1999 = CARTESIAN_POINT('',(0.,1.E-02));
#2000 = VECTOR('',#2001,1.);
#2001 = DIRECTION('',(1.,0.));
#2002 = ( GEOMETRIC_REPRESENTATION_CONTEXT(2) 
PARAMETRIC_REPRESENTATION_CONTEXT() REPRESENTATION_CONTEXT('2D SPACE',''
  ) );
#2003 = PCURVE('',#1918,#2004);
#2004 = DEFINITIONAL_REPRESENTATION('',(#2005),#2009);
#2005 = CIRCLE('',#2006,6.E-02);
#2006 = AXIS2_PLACEMENT_2D('',#2007,#2008);
#2007 = CARTESIAN_POINT('',(0.,0.));
#2008 = DIRECTION('',(1.,0.));
#2009 = ( GEOMETRIC_REPRESENTATION_CONTEXT(2) 
PARAMETRIC_REPRESENTATION_CONTEXT() REPRESENTATION_CONTEXT('2D SPACE',''
  ) );
#2010 = ORIENTED_EDGE('',*,*,#1866,.F.);
#2011 = ORIENTED_EDGE('',*,*,#2012,.T.);
#2012 = EDGE_CURVE('',#1867,#2013,#2015,.T.);
#2013 = VERTEX_POINT('',#2014);
#2014 = CARTESIAN_POINT('',(5.761762114062E-02,1.673946636235E-02,1.E-02
    ));
#2015 = SURFACE_CURVE('',#2016,(#2021,#2027),.PCURVE_S1.);
#2016 = CIRCLE('',#2017,6.E-02);
#2017 = AXIS2_PLACEMENT_3D('',#2018,#2019,#2020);
#2018 = CARTESIAN_POINT('',(0.,0.,1.E-02));
#2019 = DIRECTION('',(0.,0.,1.));
#2020 = DIRECTION('',(1.,0.,-0.));
#2021 = PCURVE('',#1889,#2022);
#2022 = DEFINITIONAL_REPRESENTATION('',(#2023),#2026);
#2023 = B_SPLINE_CURVE_WITH_KNOTS('',1,(#2024,#2025),.UNSPECIFIED.,.F.,
  .F.,(2,2),(0.,0.282743338823),.PIECEWISE_BEZIER_KNOTS.);
#2024 = CARTESIAN_POINT('',(0.,0.));
#2025 = CARTESIAN_POINT('',(0.282743338823,0.));
#2026 = ( GEOMETRIC_REPRESENTATION_CONTEXT(2) 
PARAMETRIC_REPRESENTATION_CONTEXT() REPRESENTATION_CONTEXT('2D SPACE',''
  ) );
#2027 = PCURVE('',#1972,#2028);
#2028 = DEFINITIONAL_REPRESENTATION('',(#2029),#2033);
#2029 = CIRCLE('',#2030,6.E-02);
#2030 = AXIS2_PLACEMENT_2D('',#2031,#2032);
#2031 = CARTESIAN_POINT('',(0.,0.));
#2032 = DIRECTION('',(1.,0.));
#2033 = ( GEOMETRIC_REPRESENTATION_CONTEXT(2) 
PARAMETRIC_REPRESENTATION_CONTEXT() REPRESENTATION_CONTEXT('2D SPACE',''
  ) );
#2034 = ORIENTED_EDGE('',*,*,#2035,.T.);
#2035 = EDGE_CURVE('',#2013,#1988,#2036,.T.);
#2036 = SURFACE_CURVE('',#2037,(#2041,#2048),.PCURVE_S1.);
#2037 = LINE('',#2038,#2039);
#2038 = CARTESIAN_POINT('',(5.761762114062E-02,1.673946636235E-02,1.E-02
    ));
#2039 = VECTOR('',#2040,1.);
#2040 = DIRECTION('',(0.,0.,1.));
#2041 = PCURVE('',#1889,#2042);
#2042 = DEFINITIONAL_REPRESENTATION('',(#2043),#2047);
#2043 = LINE('',#2044,#2045);
#2044 = CARTESIAN_POINT('',(0.282743338823,0.));
#2045 = VECTOR('',#2046,1.);
#2046 = DIRECTION('',(0.,1.));
#2047 = ( GEOMETRIC_REPRESENTATION_CONTEXT(2) 
PARAMETRIC_REPRESENTATION_CONTEXT() REPRESENTATION_CONTEXT('2D SPACE',''
  ) );
#2048 = PCURVE('',#2049,#2054);
#2049 = PLANE('',#2050);
#2050 = AXIS2_PLACEMENT_3D('',#2051,#2052,#2053);
#2051 = CARTESIAN_POINT('',(-0.172852863422,-5.021839908706E-02,-0.17));
#2052 = DIRECTION('',(-0.278991106039,0.960293685677,0.));
#2053 = DIRECTION('',(0.,0.,1.));
#2054 = DEFINITIONAL_REPRESENTATION('',(#2055),#2059);
#2055 = LINE('',#2056,#2057);
#2056 = CARTESIAN_POINT('',(0.18,0.24));
#2057 = VECTOR('',#2058,1.);
#2058 = DIRECTION('',(1.,0.));
#2059 = ( GEOMETRIC_REPRESENTATION_CONTEXT(2) 
PARAMETRIC_REPRESENTATION_CONTEXT() REPRESENTATION_CONTEXT('2D SPACE',''
  ) );
#2060 = ADVANCED_FACE('',(#2061),#1972,.F.);
#2061 = FACE_BOUND('',#2062,.F.);
#2062 = EDGE_LOOP('',(#2063,#2064,#2065,#2088,#2117,#2146));
#2063 = ORIENTED_EDGE('',*,*,#1958,.T.);
#2064 = ORIENTED_EDGE('',*,*,#2012,.T.);
#2065 = ORIENTED_EDGE('',*,*,#2066,.T.);
#2066 = EDGE_CURVE('',#2013,#2067,#2069,.T.);
#2067 = VERTEX_POINT('',#2068);
#2068 = CARTESIAN_POINT('',(2.880881057031E-02,8.369733181177E-03,1.E-02
    ));
#2069 = SURFACE_CURVE('',#2070,(#2074,#2081),.PCURVE_S1.);
#2070 = LINE('',#2071,#2072);
#2071 = CARTESIAN_POINT('',(-8.642643171092E-02,-2.510919954353E-02,
    1.E-02));
#2072 = VECTOR('',#2073,1.);
#2073 = DIRECTION('',(-0.960293685677,-0.278991106039,0.));
#2074 = PCURVE('',#1972,#2075);
#2075 = DEFINITIONAL_REPRESENTATION('',(#2076),#2080);
#2076 = LINE('',#2077,#2078);
#2077 = CARTESIAN_POINT('',(-8.642643171092E-02,-2.510919954353E-02));
#2078 = VECTOR('',#2079,1.);
#2079 = DIRECTION('',(-0.960293685677,-0.278991106039));
#2080 = ( GEOMETRIC_REPRESENTATION_CONTEXT(2) 
PARAMETRIC_REPRESENTATION_CONTEXT() REPRESENTATION_CONTEXT('2D SPACE',''
  ) );
#2081 = PCURVE('',#2049,#2082);
#2082 = DEFINITIONAL_REPRESENTATION('',(#2083),#2087);
#2083 = LINE('',#2084,#2085);
#2084 = CARTESIAN_POINT('',(0.18,9.E-02));
#2085 = VECTOR('',#2086,1.);
#2086 = DIRECTION('',(0.,-1.));
#2087 = ( GEOMETRIC_REPRESENTATION_CONTEXT(2) 
PARAMETRIC_REPRESENTATION_CONTEXT() REPRESENTATION_CONTEXT('2D SPACE',''
  ) );
#2088 = ORIENTED_EDGE('',*,*,#2089,.F.);
#2089 = EDGE_CURVE('',#2090,#2067,#2092,.T.);
#2090 = VERTEX_POINT('',#2091);
#2091 = CARTESIAN_POINT('',(3.E-02,-7.347880794884E-18,1.E-02));
#2092 = SURFACE_CURVE('',#2093,(#2098,#2105),.PCURVE_S1.);
#2093 = CIRCLE('',#2094,3.E-02);
#2094 = AXIS2_PLACEMENT_3D('',#2095,#2096,#2097);
#2095 = CARTESIAN_POINT('',(0.,0.,1.E-02));
#2096 = DIRECTION('',(0.,0.,1.));
#2097 = DIRECTION('',(1.,0.,0.));
#2098 = PCURVE('',#1972,#2099);
#2099 = DEFINITIONAL_REPRESENTATION('',(#2100),#2104);
#2100 = CIRCLE('',#2101,3.E-02);
#2101 = AXIS2_PLACEMENT_2D('',#2102,#2103);
#2102 = CARTESIAN_POINT('',(0.,0.));
#2103 = DIRECTION('',(1.,0.));
#2104 = ( GEOMETRIC_REPRESENTATION_CONTEXT(2) 
PARAMETRIC_REPRESENTATION_CONTEXT() REPRESENTATION_CONTEXT('2D SPACE',''
  ) );
#2105 = PCURVE('',#2106,#2111);
#2106 = CYLINDRICAL_SURFACE('',#2107,3.E-02);
#2107 = AXIS2_PLACEMENT_3D('',#2108,#2109,#2110);
#2108 = CARTESIAN_POINT('',(0.,0.,1.E-02));
#2109 = DIRECTION('',(0.,0.,1.));
#2110 = DIRECTION('',(1.,0.,0.));
#2111 = DEFINITIONAL_REPRESENTATION('',(#2112),#2116);
#2112 = LINE('',#2113,#2114);
#2113 = CARTESIAN_POINT('',(0.,0.));
#2114 = VECTOR('',#2115,1.);
#2115 = DIRECTION('',(1.,0.));
#2116 = ( GEOMETRIC_REPRESENTATION_CONTEXT(2) 
PARAMETRIC_REPRESENTATION_CONTEXT() REPRESENTATION_CONTEXT('2D SPACE',''
  ) );
#2117 = ORIENTED_EDGE('',*,*,#2118,.F.);
#2118 = EDGE_CURVE('',#2119,#2090,#2121,.T.);
#2119 = VERTEX_POINT('',#2120);
#2120 = CARTESIAN_POINT('',(2.880881057031E-02,-8.369733181177E-03,
    1.E-02));
#2121 = SURFACE_CURVE('',#2122,(#2127,#2134),.PCURVE_S1.);
#2122 = CIRCLE('',#2123,3.E-02);
#2123 = AXIS2_PLACEMENT_3D('',#2124,#2125,#2126);
#2124 = CARTESIAN_POINT('',(0.,0.,1.E-02));
#2125 = DIRECTION('',(0.,0.,1.));
#2126 = DIRECTION('',(1.,0.,0.));
#2127 = PCURVE('',#1972,#2128);
#2128 = DEFINITIONAL_REPRESENTATION('',(#2129),#2133);
#2129 = CIRCLE('',#2130,3.E-02);
#2130 = AXIS2_PLACEMENT_2D('',#2131,#2132);
#2131 = CARTESIAN_POINT('',(0.,0.));
#2132 = DIRECTION('',(1.,0.));
#2133 = ( GEOMETRIC_REPRESENTATION_CONTEXT(2) 
PARAMETRIC_REPRESENTATION_CONTEXT() REPRESENTATION_CONTEXT('2D SPACE',''
  ) );
#2134 = PCURVE('',#2135,#2140);
#2135 = CYLINDRICAL_SURFACE('',#2136,3.E-02);
#2136 = AXIS2_PLACEMENT_3D('',#2137,#2138,#2139);
#2137 = CARTESIAN_POINT('',(0.,0.,1.E-02));
#2138 = DIRECTION('',(0.,0.,1.));
#2139 = DIRECTION('',(1.,0.,0.));
#2140 = DEFINITIONAL_REPRESENTATION('',(#2141),#2145);
#2141 = LINE('',#2142,#2143);
#2142 = CARTESIAN_POINT('',(0.,0.));
#2143 = VECTOR('',#2144,1.);
#2144 = DIRECTION('',(1.,0.));
#2145 = ( GEOMETRIC_REPRESENTATION_CONTEXT(2) 
PARAMETRIC_REPRESENTATION_CONTEXT() REPRESENTATION_CONTEXT('2D SPACE',''
  ) );
#2146 = ORIENTED_EDGE('',*,*,#2147,.F.);
#2147 = EDGE_CURVE('',#1931,#2119,#2148,.T.);
#2148 = SURFACE_CURVE('',#2149,(#2153,#2160),.PCURVE_S1.);
#2149 = LINE('',#2150,#2151);
#2150 = CARTESIAN_POINT('',(-8.642643171092E-02,2.510919954353E-02,
    1.E-02));
#2151 = VECTOR('',#2152,1.);
#2152 = DIRECTION('',(-0.960293685677,0.278991106039,0.));
#2153 = PCURVE('',#1972,#2154);
#2154 = DEFINITIONAL_REPRESENTATION('',(#2155),#2159);
#2155 = LINE('',#2156,#2157);
#2156 = CARTESIAN_POINT('',(-8.642643171092E-02,2.510919954353E-02));
#2157 = VECTOR('',#2158,1.);
#2158 = DIRECTION('',(-0.960293685677,0.278991106039));
#2159 = ( GEOMETRIC_REPRESENTATION_CONTEXT(2) 
PARAMETRIC_REPRESENTATION_CONTEXT() REPRESENTATION_CONTEXT('2D SPACE',''
  ) );
#2160 = PCURVE('',#1946,#2161);
#2161 = DEFINITIONAL_REPRESENTATION('',(#2162),#2166);
#2162 = LINE('',#2163,#2164);
#2163 = CARTESIAN_POINT('',(0.18,9.E-02));
#2164 = VECTOR('',#2165,1.);
#2165 = DIRECTION('',(0.,-1.));
#2166 = ( GEOMETRIC_REPRESENTATION_CONTEXT(2) 
PARAMETRIC_REPRESENTATION_CONTEXT() REPRESENTATION_CONTEXT('2D SPACE',''
  ) );
#2167 = ADVANCED_FACE('Magnet::0::Boundary',(#2168),#1946,.F.);
#2168 = FACE_BOUND('',#2169,.F.);
#2169 = EDGE_LOOP('',(#2170,#2171,#2172,#2195));
#2170 = ORIENTED_EDGE('',*,*,#1930,.F.);
#2171 = ORIENTED_EDGE('',*,*,#2147,.T.);
#2172 = ORIENTED_EDGE('',*,*,#2173,.T.);
#2173 = EDGE_CURVE('',#2119,#2174,#2176,.T.);
#2174 = VERTEX_POINT('',#2175);
#2175 = CARTESIAN_POINT('',(2.880881057031E-02,-8.369733181177E-03,
    2.E-02));
#2176 = SURFACE_CURVE('',#2177,(#2181,#2188),.PCURVE_S1.);
#2177 = LINE('',#2178,#2179);
#2178 = CARTESIAN_POINT('',(2.880881057031E-02,-8.369733181177E-03,
    1.E-02));
#2179 = VECTOR('',#2180,1.);
#2180 = DIRECTION('',(0.,0.,1.));
#2181 = PCURVE('',#1946,#2182);
#2182 = DEFINITIONAL_REPRESENTATION('',(#2183),#2187);
#2183 = LINE('',#2184,#2185);
#2184 = CARTESIAN_POINT('',(0.18,0.21));
#2185 = VECTOR('',#2186,1.);
#2186 = DIRECTION('',(1.,0.));
#2187 = ( GEOMETRIC_REPRESENTATION_CONTEXT(2) 
PARAMETRIC_REPRESENTATION_CONTEXT() REPRESENTATION_CONTEXT('2D SPACE',''
  ) );
#2188 = PCURVE('',#2135,#2189);
#2189 = DEFINITIONAL_REPRESENTATION('',(#2190),#2194);
#2190 = LINE('',#2191,#2192);
#2191 = CARTESIAN_POINT('',(6.000441968357,0.));
#2192 = VECTOR('',#2193,1.);
#2193 = DIRECTION('',(0.,1.));
#2194 = ( GEOMETRIC_REPRESENTATION_CONTEXT(2) 
PARAMETRIC_REPRESENTATION_CONTEXT() REPRESENTATION_CONTEXT('2D SPACE',''
  ) );
#2195 = ORIENTED_EDGE('',*,*,#2196,.F.);
#2196 = EDGE_CURVE('',#1902,#2174,#2197,.T.);
#2197 = SURFACE_CURVE('',#2198,(#2202,#2209),.PCURVE_S1.);
#2198 = LINE('',#2199,#2200);
#2199 = CARTESIAN_POINT('',(-8.642643171092E-02,2.510919954353E-02,
    2.E-02));
#2200 = VECTOR('',#2201,1.);
#2201 = DIRECTION('',(-0.960293685677,0.278991106039,0.));
#2202 = PCURVE('',#1946,#2203);
#2203 = DEFINITIONAL_REPRESENTATION('',(#2204),#2208);
#2204 = LINE('',#2205,#2206);
#2205 = CARTESIAN_POINT('',(0.19,9.E-02));
#2206 = VECTOR('',#2207,1.);
#2207 = DIRECTION('',(0.,-1.));
#2208 = ( GEOMETRIC_REPRESENTATION_CONTEXT(2) 
PARAMETRIC_REPRESENTATION_CONTEXT() REPRESENTATION_CONTEXT('2D SPACE',''
  ) );
#2209 = PCURVE('',#1918,#2210);
#2210 = DEFINITIONAL_REPRESENTATION('',(#2211),#2215);
#2211 = LINE('',#2212,#2213);
#2212 = CARTESIAN_POINT('',(-8.642643171092E-02,2.510919954353E-02));
#2213 = VECTOR('',#2214,1.);
#2214 = DIRECTION('',(-0.960293685677,0.278991106039));
#2215 = ( GEOMETRIC_REPRESENTATION_CONTEXT(2) 
PARAMETRIC_REPRESENTATION_CONTEXT() REPRESENTATION_CONTEXT('2D SPACE',''
  ) );
#2216 = ADVANCED_FACE('Magnet::0::Boundary',(#2217),#1918,.T.);
#2217 = FACE_BOUND('',#2218,.T.);
#2218 = EDGE_LOOP('',(#2219,#2220,#2221,#2222,#2245,#2269));
#2219 = ORIENTED_EDGE('',*,*,#2196,.F.);
#2220 = ORIENTED_EDGE('',*,*,#1901,.T.);
#2221 = ORIENTED_EDGE('',*,*,#1987,.T.);
#2222 = ORIENTED_EDGE('',*,*,#2223,.T.);
#2223 = EDGE_CURVE('',#1988,#2224,#2226,.T.);
#2224 = VERTEX_POINT('',#2225);
#2225 = CARTESIAN_POINT('',(2.880881057031E-02,8.369733181177E-03,2.E-02
    ));
#2226 = SURFACE_CURVE('',#2227,(#2231,#2238),.PCURVE_S1.);
#2227 = LINE('',#2228,#2229);
#2228 = CARTESIAN_POINT('',(-8.642643171092E-02,-2.510919954353E-02,
    2.E-02));
#2229 = VECTOR('',#2230,1.);
#2230 = DIRECTION('',(-0.960293685677,-0.278991106039,0.));
#2231 = PCURVE('',#1918,#2232);
#2232 = DEFINITIONAL_REPRESENTATION('',(#2233),#2237);
#2233 = LINE('',#2234,#2235);
#2234 = CARTESIAN_POINT('',(-8.642643171092E-02,-2.510919954353E-02));
#2235 = VECTOR('',#2236,1.);
#2236 = DIRECTION('',(-0.960293685677,-0.278991106039));
#2237 = ( GEOMETRIC_REPRESENTATION_CONTEXT(2) 
PARAMETRIC_REPRESENTATION_CONTEXT() REPRESENTATION_CONTEXT('2D SPACE',''
  ) );
#2238 = PCURVE('',#2049,#2239);
#2239 = DEFINITIONAL_REPRESENTATION('',(#2240),#2244);
#2240 = LINE('',#2241,#2242);
#2241 = CARTESIAN_POINT('',(0.19,9.E-02));
#2242 = VECTOR('',#2243,1.);
#2243 = DIRECTION('',(0.,-1.));
#2244 = ( GEOMETRIC_REPRESENTATION_CONTEXT(2) 
PARAMETRIC_REPRESENTATION_CONTEXT() REPRESENTATION_CONTEXT('2D SPACE',''
  ) );
#2245 = ORIENTED_EDGE('',*,*,#2246,.F.);
#2246 = EDGE_CURVE('',#2247,#2224,#2249,.T.);
#2247 = VERTEX_POINT('',#2248);
#2248 = CARTESIAN_POINT('',(3.E-02,-7.347880794884E-18,2.E-02));
#2249 = SURFACE_CURVE('',#2250,(#2255,#2262),.PCURVE_S1.);
#2250 = CIRCLE('',#2251,3.E-02);
#2251 = AXIS2_PLACEMENT_3D('',#2252,#2253,#2254);
#2252 = CARTESIAN_POINT('',(0.,0.,2.E-02));
#2253 = DIRECTION('',(0.,0.,1.));
#2254 = DIRECTION('',(1.,0.,0.));
#2255 = PCURVE('',#1918,#2256);
#2256 = DEFINITIONAL_REPRESENTATION('',(#2257),#2261);
#2257 = CIRCLE('',#2258,3.E-02);
#2258 = AXIS2_PLACEMENT_2D('',#2259,#2260);
#2259 = CARTESIAN_POINT('',(0.,0.));
#2260 = DIRECTION('',(1.,0.));
#2261 = ( GEOMETRIC_REPRESENTATION_CONTEXT(2) 
PARAMETRIC_REPRESENTATION_CONTEXT() REPRESENTATION_CONTEXT('2D SPACE',''
  ) );
#2262 = PCURVE('',#2106,#2263);
#2263 = DEFINITIONAL_REPRESENTATION('',(#2264),#2268);
#2264 = LINE('',#2265,#2266);
#2265 = CARTESIAN_POINT('',(0.,1.E-02));
#2266 = VECTOR('',#2267,1.);
#2267 = DIRECTION('',(1.,0.));
#2268 = ( GEOMETRIC_REPRESENTATION_CONTEXT(2) 
PARAMETRIC_REPRESENTATION_CONTEXT() REPRESENTATION_CONTEXT('2D SPACE',''
  ) );
#2269 = ORIENTED_EDGE('',*,*,#2270,.F.);
#2270 = EDGE_CURVE('',#2174,#2247,#2271,.T.);
#2271 = SURFACE_CURVE('',#2272,(#2277,#2284),.PCURVE_S1.);
#2272 = CIRCLE('',#2273,3.E-02);
#2273 = AXIS2_PLACEMENT_3D('',#2274,#2275,#2276);
#2274 = CARTESIAN_POINT('',(0.,0.,2.E-02));
#2275 = DIRECTION('',(0.,0.,1.));
#2276 = DIRECTION('',(1.,0.,0.));
#2277 = PCURVE('',#1918,#2278);
#2278 = DEFINITIONAL_REPRESENTATION('',(#2279),#2283);
#2279 = CIRCLE('',#2280,3.E-02);
#2280 = AXIS2_PLACEMENT_2D('',#2281,#2282);
#2281 = CARTESIAN_POINT('',(0.,0.));
#2282 = DIRECTION('',(1.,0.));
#2283 = ( GEOMETRIC_REPRESENTATION_CONTEXT(2) 
PARAMETRIC_REPRESENTATION_CONTEXT() REPRESENTATION_CONTEXT('2D SPACE',''
  ) );
#2284 = PCURVE('',#2135,#2285);
#2285 = DEFINITIONAL_REPRESENTATION('',(#2286),#2290);
#2286 = LINE('',#2287,#2288);
#2287 = CARTESIAN_POINT('',(0.,1.E-02));
#2288 = VECTOR('',#2289,1.);
#2289 = DIRECTION('',(1.,0.));
#2290 = ( GEOMETRIC_REPRESENTATION_CONTEXT(2) 
PARAMETRIC_REPRESENTATION_CONTEXT() REPRESENTATION_CONTEXT('2D SPACE',''
  ) );
#2291 = ADVANCED_FACE('Magnet::0::Boundary',(#2292),#2049,.T.);
#2292 = FACE_BOUND('',#2293,.T.);
#2293 = EDGE_LOOP('',(#2294,#2295,#2296,#2317));
#2294 = ORIENTED_EDGE('',*,*,#2035,.F.);
#2295 = ORIENTED_EDGE('',*,*,#2066,.T.);
#2296 = ORIENTED_EDGE('',*,*,#2297,.T.);
#2297 = EDGE_CURVE('',#2067,#2224,#2298,.T.);
#2298 = SURFACE_CURVE('',#2299,(#2303,#2310),.PCURVE_S1.);
#2299 = LINE('',#2300,#2301);
#2300 = CARTESIAN_POINT('',(2.880881057031E-02,8.369733181177E-03,1.E-02
    ));
#2301 = VECTOR('',#2302,1.);
#2302 = DIRECTION('',(0.,0.,1.));
#2303 = PCURVE('',#2049,#2304);
#2304 = DEFINITIONAL_REPRESENTATION('',(#2305),#2309);
#2305 = LINE('',#2306,#2307);
#2306 = CARTESIAN_POINT('',(0.18,0.21));
#2307 = VECTOR('',#2308,1.);
#2308 = DIRECTION('',(1.,0.));
#2309 = ( GEOMETRIC_REPRESENTATION_CONTEXT(2) 
PARAMETRIC_REPRESENTATION_CONTEXT() REPRESENTATION_CONTEXT('2D SPACE',''
  ) );
#2310 = PCURVE('',#2106,#2311);
#2311 = DEFINITIONAL_REPRESENTATION('',(#2312),#2316);
#2312 = LINE('',#2313,#2314);
#2313 = CARTESIAN_POINT('',(0.282743338823,0.));
#2314 = VECTOR('',#2315,1.);
#2315 = DIRECTION('',(0.,1.));
#2316 = ( GEOMETRIC_REPRESENTATION_CONTEXT(2) 
PARAMETRIC_REPRESENTATION_CONTEXT() REPRESENTATION_CONTEXT('2D SPACE',''
  ) );
#2317 = ORIENTED_EDGE('',*,*,#2223,.F.);
#2318 = ADVANCED_FACE('Magnet::0::Boundary',(#2319),#2135,.F.);
#2319 = FACE_BOUND('',#2320,.F.);
#2320 = EDGE_LOOP('',(#2321,#2342,#2343,#2344));
#2321 = ORIENTED_EDGE('',*,*,#2322,.T.);
#2322 = EDGE_CURVE('',#2090,#2247,#2323,.T.);
#2323 = SURFACE_CURVE('',#2324,(#2328,#2335),.PCURVE_S1.);
#2324 = LINE('',#2325,#2326);
#2325 = CARTESIAN_POINT('',(3.E-02,-7.347880794884E-18,1.E-02));
#2326 = VECTOR('',#2327,1.);
#2327 = DIRECTION('',(0.,0.,1.));
#2328 = PCURVE('',#2135,#2329);
#2329 = DEFINITIONAL_REPRESENTATION('',(#2330),#2334);
#2330 = LINE('',#2331,#2332);
#2331 = CARTESIAN_POINT('',(6.28318530718,-0.));
#2332 = VECTOR('',#2333,1.);
#2333 = DIRECTION('',(0.,1.));
#2334 = ( GEOMETRIC_REPRESENTATION_CONTEXT(2) 
PARAMETRIC_REPRESENTATION_CONTEXT() REPRESENTATION_CONTEXT('2D SPACE',''
  ) );
#2335 = PCURVE('',#2106,#2336);
#2336 = DEFINITIONAL_REPRESENTATION('',(#2337),#2341);
#2337 = LINE('',#2338,#2339);
#2338 = CARTESIAN_POINT('',(0.,-0.));
#2339 = VECTOR('',#2340,1.);
#2340 = DIRECTION('',(0.,1.));
#2341 = ( GEOMETRIC_REPRESENTATION_CONTEXT(2) 
PARAMETRIC_REPRESENTATION_CONTEXT() REPRESENTATION_CONTEXT('2D SPACE',''
  ) );
#2342 = ORIENTED_EDGE('',*,*,#2270,.F.);
#2343 = ORIENTED_EDGE('',*,*,#2173,.F.);
#2344 = ORIENTED_EDGE('',*,*,#2118,.T.);
#2345 = ADVANCED_FACE('Magnet::0::Boundary',(#2346),#2106,.F.);
#2346 = FACE_BOUND('',#2347,.F.);
#2347 = EDGE_LOOP('',(#2348,#2349,#2350,#2351));
#2348 = ORIENTED_EDGE('',*,*,#2246,.F.);
#2349 = ORIENTED_EDGE('',*,*,#2322,.F.);
#2350 = ORIENTED_EDGE('',*,*,#2089,.T.);
#2351 = ORIENTED_EDGE('',*,*,#2297,.T.);
#2352 = MANIFOLD_SOLID_BREP('Magnet::1',#2353);
#2353 = CLOSED_SHELL('',(#2354,#2476,#2554,#2661,#2710,#2785,#2812,#2839
    ));
#2354 = ADVANCED_FACE('Magnet::1::Boundary',(#2355),#2369,.T.);
#2355 = FACE_BOUND('',#2356,.T.);
#2356 = EDGE_LOOP('',(#2357,#2392,#2421,#2449));
#2357 = ORIENTED_EDGE('',*,*,#2358,.T.);
#2358 = EDGE_CURVE('',#2359,#2361,#2363,.T.);
#2359 = VERTEX_POINT('',#2360);
#2360 = CARTESIAN_POINT('',(4.85410196625E-02,3.526711513755E-02,1.E-02)
  );
#2361 = VERTEX_POINT('',#2362);
#2362 = CARTESIAN_POINT('',(4.85410196625E-02,3.526711513755E-02,2.E-02)
  );
#2363 = SURFACE_CURVE('',#2364,(#2368,#2380),.PCURVE_S1.);
#2364 = LINE('',#2365,#2366);
#2365 = CARTESIAN_POINT('',(4.85410196625E-02,3.526711513755E-02,1.E-02)
  );
#2366 = VECTOR('',#2367,1.);
#2367 = DIRECTION('',(0.,0.,1.));
#2368 = PCURVE('',#2369,#2374);
#2369 = CYLINDRICAL_SURFACE('',#2370,6.E-02);
#2370 = AXIS2_PLACEMENT_3D('',#2371,#2372,#2373);
#2371 = CARTESIAN_POINT('',(0.,0.,1.E-02));
#2372 = DIRECTION('',(0.,0.,1.));
#2373 = DIRECTION('',(0.809016994375,0.587785252292,0.));
#2374 = DEFINITIONAL_REPRESENTATION('',(#2375),#2379);
#2375 = LINE('',#2376,#2377);
#2376 = CARTESIAN_POINT('',(6.28318530718,-0.));
#2377 = VECTOR('',#2378,1.);
#2378 = DIRECTION('',(0.,1.));
#2379 = ( GEOMETRIC_REPRESENTATION_CONTEXT(2) 
PARAMETRIC_REPRESENTATION_CONTEXT() REPRESENTATION_CONTEXT('2D SPACE',''
  ) );
#2380 = PCURVE('',#2381,#2386);
#2381 = CYLINDRICAL_SURFACE('',#2382,6.E-02);
#2382 = AXIS2_PLACEMENT_3D('',#2383,#2384,#2385);
#2383 = CARTESIAN_POINT('',(0.,0.,1.E-02));
#2384 = DIRECTION('',(0.,0.,1.));
#2385 = DIRECTION('',(0.809016994375,0.587785252292,0.));
#2386 = DEFINITIONAL_REPRESENTATION('',(#2387),#2391);
#2387 = LINE('',#2388,#2389);
#2388 = CARTESIAN_POINT('',(0.,-0.));
#2389 = VECTOR('',#2390,1.);
#2390 = DIRECTION('',(0.,1.));
#2391 = ( GEOMETRIC_REPRESENTATION_CONTEXT(2) 
PARAMETRIC_REPRESENTATION_CONTEXT() REPRESENTATION_CONTEXT('2D SPACE',''
  ) );
#2392 = ORIENTED_EDGE('',*,*,#2393,.F.);
#2393 = EDGE_CURVE('',#2394,#2361,#2396,.T.);
#2394 = VERTEX_POINT('',#2395);
#2395 = CARTESIAN_POINT('',(5.645284613725E-02,2.032427521472E-02,2.E-02
    ));
#2396 = SURFACE_CURVE('',#2397,(#2402,#2409),.PCURVE_S1.);
#2397 = CIRCLE('',#2398,6.E-02);
#2398 = AXIS2_PLACEMENT_3D('',#2399,#2400,#2401);
#2399 = CARTESIAN_POINT('',(0.,0.,2.E-02));
#2400 = DIRECTION('',(0.,-0.,1.));
#2401 = DIRECTION('',(0.809016994375,0.587785252292,0.));
#2402 = PCURVE('',#2369,#2403);
#2403 = DEFINITIONAL_REPRESENTATION('',(#2404),#2408);
#2404 = LINE('',#2405,#2406);
#2405 = CARTESIAN_POINT('',(0.,1.E-02));
#2406 = VECTOR('',#2407,1.);
#2407 = DIRECTION('',(1.,0.));
#2408 = ( GEOMETRIC_REPRESENTATION_CONTEXT(2) 
PARAMETRIC_REPRESENTATION_CONTEXT() REPRESENTATION_CONTEXT('2D SPACE',''
  ) );
#2409 = PCURVE('',#2410,#2415);
#2410 = PLANE('',#2411);
#2411 = AXIS2_PLACEMENT_3D('',#2412,#2413,#2414);
#2412 = CARTESIAN_POINT('',(0.,0.,2.E-02));
#2413 = DIRECTION('',(0.,0.,1.));
#2414 = DIRECTION('',(0.809016994375,0.587785252292,0.));
#2415 = DEFINITIONAL_REPRESENTATION('',(#2416),#2420);
#2416 = CIRCLE('',#2417,6.E-02);
#2417 = AXIS2_PLACEMENT_2D('',#2418,#2419);
#2418 = CARTESIAN_POINT('',(0.,0.));
#2419 = DIRECTION('',(1.,0.));
#2420 = ( GEOMETRIC_REPRESENTATION_CONTEXT(2) 
PARAMETRIC_REPRESENTATION_CONTEXT() REPRESENTATION_CONTEXT('2D SPACE',''
  ) );
#2421 = ORIENTED_EDGE('',*,*,#2422,.F.);
#2422 = EDGE_CURVE('',#2423,#2394,#2425,.T.);
#2423 = VERTEX_POINT('',#2424);
#2424 = CARTESIAN_POINT('',(5.645284613725E-02,2.032427521472E-02,1.E-02
    ));
#2425 = SURFACE_CURVE('',#2426,(#2430,#2437),.PCURVE_S1.);
#2426 = LINE('',#2427,#2428);
#2427 = CARTESIAN_POINT('',(5.645284613725E-02,2.032427521472E-02,1.E-02
    ));
#2428 = VECTOR('',#2429,1.);
#2429 = DIRECTION('',(0.,0.,1.));
#2430 = PCURVE('',#2369,#2431);
#2431 = DEFINITIONAL_REPRESENTATION('',(#2432),#2436);
#2432 = LINE('',#2433,#2434);
#2433 = CARTESIAN_POINT('',(6.000441968357,0.));
#2434 = VECTOR('',#2435,1.);
#2435 = DIRECTION('',(0.,1.));
#2436 = ( GEOMETRIC_REPRESENTATION_CONTEXT(2) 
PARAMETRIC_REPRESENTATION_CONTEXT() REPRESENTATION_CONTEXT('2D SPACE',''
  ) );
#2437 = PCURVE('',#2438,#2443);
#2438 = PLANE('',#2439);
#2439 = AXIS2_PLACEMENT_3D('',#2440,#2441,#2442);
#2440 = CARTESIAN_POINT('',(-0.169358538412,-6.097282564415E-02,-0.17));
#2441 = DIRECTION('',(-0.338737920245,0.940880768954,0.));
#2442 = DIRECTION('',(0.,0.,1.));
#2443 = DEFINITIONAL_REPRESENTATION('',(#2444),#2448);
#2444 = LINE('',#2445,#2446);
#2445 = CARTESIAN_POINT('',(0.18,0.24));
#2446 = VECTOR('',#2447,1.);
#2447 = DIRECTION('',(1.,0.));
#2448 = ( GEOMETRIC_REPRESENTATION_CONTEXT(2) 
PARAMETRIC_REPRESENTATION_CONTEXT() REPRESENTATION_CONTEXT('2D SPACE',''
  ) );
#2449 = ORIENTED_EDGE('',*,*,#2450,.T.);
#2450 = EDGE_CURVE('',#2423,#2359,#2451,.T.);
#2451 = SURFACE_CURVE('',#2452,(#2457,#2464),.PCURVE_S1.);
#2452 = CIRCLE('',#2453,6.E-02);
#2453 = AXIS2_PLACEMENT_3D('',#2454,#2455,#2456);
#2454 = CARTESIAN_POINT('',(0.,0.,1.E-02));
#2455 = DIRECTION('',(0.,-0.,1.));
#2456 = DIRECTION('',(0.809016994375,0.587785252292,0.));
#2457 = PCURVE('',#2369,#2458);
#2458 = DEFINITIONAL_REPRESENTATION('',(#2459),#2463);
#2459 = LINE('',#2460,#2461);
#2460 = CARTESIAN_POINT('',(0.,0.));
#2461 = VECTOR('',#2462,1.);
#2462 = DIRECTION('',(1.,0.));
#2463 = ( GEOMETRIC_REPRESENTATION_CONTEXT(2) 
PARAMETRIC_REPRESENTATION_CONTEXT() REPRESENTATION_CONTEXT('2D SPACE',''
  ) );
#2464 = PCURVE('',#2465,#2470);
#2465 = PLANE('',#2466);
#2466 = AXIS2_PLACEMENT_3D('',#2467,#2468,#2469);
#2467 = CARTESIAN_POINT('',(0.,0.,1.E-02));
#2468 = DIRECTION('',(0.,0.,1.));
#2469 = DIRECTION('',(0.809016994375,0.587785252292,0.));
#2470 = DEFINITIONAL_REPRESENTATION('',(#2471),#2475);
#2471 = CIRCLE('',#2472,6.E-02);
#2472 = AXIS2_PLACEMENT_2D('',#2473,#2474);
#2473 = CARTESIAN_POINT('',(0.,0.));
#2474 = DIRECTION('',(1.,0.));
#2475 = ( GEOMETRIC_REPRESENTATION_CONTEXT(2) 
PARAMETRIC_REPRESENTATION_CONTEXT() REPRESENTATION_CONTEXT('2D SPACE',''
  ) );
#2476 = ADVANCED_FACE('Magnet::1::Boundary',(#2477),#2381,.T.);
#2477 = FACE_BOUND('',#2478,.T.);
#2478 = EDGE_LOOP('',(#2479,#2503,#2504,#2528));
#2479 = ORIENTED_EDGE('',*,*,#2480,.F.);
#2480 = EDGE_CURVE('',#2361,#2481,#2483,.T.);
#2481 = VERTEX_POINT('',#2482);
#2482 = CARTESIAN_POINT('',(3.677442321918E-02,4.740930074254E-02,2.E-02
    ));
#2483 = SURFACE_CURVE('',#2484,(#2489,#2496),.PCURVE_S1.);
#2484 = CIRCLE('',#2485,6.E-02);
#2485 = AXIS2_PLACEMENT_3D('',#2486,#2487,#2488);
#2486 = CARTESIAN_POINT('',(0.,0.,2.E-02));
#2487 = DIRECTION('',(0.,-0.,1.));
#2488 = DIRECTION('',(0.809016994375,0.587785252292,0.));
#2489 = PCURVE('',#2381,#2490);
#2490 = DEFINITIONAL_REPRESENTATION('',(#2491),#2495);
#2491 = LINE('',#2492,#2493);
#2492 = CARTESIAN_POINT('',(0.,1.E-02));
#2493 = VECTOR('',#2494,1.);
#2494 = DIRECTION('',(1.,0.));
#2495 = ( GEOMETRIC_REPRESENTATION_CONTEXT(2) 
PARAMETRIC_REPRESENTATION_CONTEXT() REPRESENTATION_CONTEXT('2D SPACE',''
  ) );
#2496 = PCURVE('',#2410,#2497);
#2497 = DEFINITIONAL_REPRESENTATION('',(#2498),#2502);
#2498 = CIRCLE('',#2499,6.E-02);
#2499 = AXIS2_PLACEMENT_2D('',#2500,#2501);
#2500 = CARTESIAN_POINT('',(0.,0.));
#2501 = DIRECTION('',(1.,0.));
#2502 = ( GEOMETRIC_REPRESENTATION_CONTEXT(2) 
PARAMETRIC_REPRESENTATION_CONTEXT() REPRESENTATION_CONTEXT('2D SPACE',''
  ) );
#2503 = ORIENTED_EDGE('',*,*,#2358,.F.);
#2504 = ORIENTED_EDGE('',*,*,#2505,.T.);
#2505 = EDGE_CURVE('',#2359,#2506,#2508,.T.);
#2506 = VERTEX_POINT('',#2507);
#2507 = CARTESIAN_POINT('',(3.677442321918E-02,4.740930074254E-02,1.E-02
    ));
#2508 = SURFACE_CURVE('',#2509,(#2514,#2521),.PCURVE_S1.);
#2509 = CIRCLE('',#2510,6.E-02);
#2510 = AXIS2_PLACEMENT_3D('',#2511,#2512,#2513);
#2511 = CARTESIAN_POINT('',(0.,0.,1.E-02));
#2512 = DIRECTION('',(0.,-0.,1.));
#2513 = DIRECTION('',(0.809016994375,0.587785252292,0.));
#2514 = PCURVE('',#2381,#2515);
#2515 = DEFINITIONAL_REPRESENTATION('',(#2516),#2520);
#2516 = LINE('',#2517,#2518);
#2517 = CARTESIAN_POINT('',(0.,0.));
#2518 = VECTOR('',#2519,1.);
#2519 = DIRECTION('',(1.,0.));
#2520 = ( GEOMETRIC_REPRESENTATION_CONTEXT(2) 
PARAMETRIC_REPRESENTATION_CONTEXT() REPRESENTATION_CONTEXT('2D SPACE',''
  ) );
#2521 = PCURVE('',#2465,#2522);
#2522 = DEFINITIONAL_REPRESENTATION('',(#2523),#2527);
#2523 = CIRCLE('',#2524,6.E-02);
#2524 = AXIS2_PLACEMENT_2D('',#2525,#2526);
#2525 = CARTESIAN_POINT('',(0.,0.));
#2526 = DIRECTION('',(1.,0.));
#2527 = ( GEOMETRIC_REPRESENTATION_CONTEXT(2) 
PARAMETRIC_REPRESENTATION_CONTEXT() REPRESENTATION_CONTEXT('2D SPACE',''
  ) );
#2528 = ORIENTED_EDGE('',*,*,#2529,.T.);
#2529 = EDGE_CURVE('',#2506,#2481,#2530,.T.);
#2530 = SURFACE_CURVE('',#2531,(#2535,#2542),.PCURVE_S1.);
#2531 = LINE('',#2532,#2533);
#2532 = CARTESIAN_POINT('',(3.677442321918E-02,4.740930074254E-02,1.E-02
    ));
#2533 = VECTOR('',#2534,1.);
#2534 = DIRECTION('',(0.,0.,1.));
#2535 = PCURVE('',#2381,#2536);
#2536 = DEFINITIONAL_REPRESENTATION('',(#2537),#2541);
#2537 = LINE('',#2538,#2539);
#2538 = CARTESIAN_POINT('',(0.282743338823,0.));
#2539 = VECTOR('',#2540,1.);
#2540 = DIRECTION('',(0.,1.));
#2541 = ( GEOMETRIC_REPRESENTATION_CONTEXT(2) 
PARAMETRIC_REPRESENTATION_CONTEXT() REPRESENTATION_CONTEXT('2D SPACE',''
  ) );
#2542 = PCURVE('',#2543,#2548);
#2543 = PLANE('',#2544);
#2544 = AXIS2_PLACEMENT_3D('',#2545,#2546,#2547);
#2545 = CARTESIAN_POINT('',(-0.110323269658,-0.142227902228,-0.17));
#2546 = DIRECTION('',(-0.790155012376,0.612907053653,0.));
#2547 = DIRECTION('',(0.,0.,1.));
#2548 = DEFINITIONAL_REPRESENTATION('',(#2549),#2553);
#2549 = LINE('',#2550,#2551);
#2550 = CARTESIAN_POINT('',(0.18,0.24));
#2551 = VECTOR('',#2552,1.);
#2552 = DIRECTION('',(1.,0.));
#2553 = ( GEOMETRIC_REPRESENTATION_CONTEXT(2) 
PARAMETRIC_REPRESENTATION_CONTEXT() REPRESENTATION_CONTEXT('2D SPACE',''
  ) );
#2554 = ADVANCED_FACE('',(#2555),#2465,.F.);
#2555 = FACE_BOUND('',#2556,.F.);
#2556 = EDGE_LOOP('',(#2557,#2580,#2581,#2582,#2605,#2634));
#2557 = ORIENTED_EDGE('',*,*,#2558,.F.);
#2558 = EDGE_CURVE('',#2423,#2559,#2561,.T.);
#2559 = VERTEX_POINT('',#2560);
#2560 = CARTESIAN_POINT('',(2.822642306863E-02,1.016213760736E-02,1.E-02
    ));
#2561 = SURFACE_CURVE('',#2562,(#2566,#2573),.PCURVE_S1.);
#2562 = LINE('',#2563,#2564);
#2563 = CARTESIAN_POINT('',(-8.467926920588E-02,-3.048641282208E-02,
    1.E-02));
#2564 = VECTOR('',#2565,1.);
#2565 = DIRECTION('',(-0.940880768954,-0.338737920245,0.));
#2566 = PCURVE('',#2465,#2567);
#2567 = DEFINITIONAL_REPRESENTATION('',(#2568),#2572);
#2568 = LINE('',#2569,#2570);
#2569 = CARTESIAN_POINT('',(-8.642643171092E-02,2.510919954353E-02));
#2570 = VECTOR('',#2571,1.);
#2571 = DIRECTION('',(-0.960293685677,0.278991106039));
#2572 = ( GEOMETRIC_REPRESENTATION_CONTEXT(2) 
PARAMETRIC_REPRESENTATION_CONTEXT() REPRESENTATION_CONTEXT('2D SPACE',''
  ) );
#2573 = PCURVE('',#2438,#2574);
#2574 = DEFINITIONAL_REPRESENTATION('',(#2575),#2579);
#2575 = LINE('',#2576,#2577);
#2576 = CARTESIAN_POINT('',(0.18,9.E-02));
#2577 = VECTOR('',#2578,1.);
#2578 = DIRECTION('',(0.,-1.));
#2579 = ( GEOMETRIC_REPRESENTATION_CONTEXT(2) 
PARAMETRIC_REPRESENTATION_CONTEXT() REPRESENTATION_CONTEXT('2D SPACE',''
  ) );
#2580 = ORIENTED_EDGE('',*,*,#2450,.T.);
#2581 = ORIENTED_EDGE('',*,*,#2505,.T.);
#2582 = ORIENTED_EDGE('',*,*,#2583,.T.);
#2583 = EDGE_CURVE('',#2506,#2584,#2586,.T.);
#2584 = VERTEX_POINT('',#2585);
#2585 = CARTESIAN_POINT('',(1.838721160959E-02,2.370465037127E-02,1.E-02
    ));
#2586 = SURFACE_CURVE('',#2587,(#2591,#2598),.PCURVE_S1.);
#2587 = LINE('',#2588,#2589);
#2588 = CARTESIAN_POINT('',(-5.516163482877E-02,-7.111395111381E-02,
    1.E-02));
#2589 = VECTOR('',#2590,1.);
#2590 = DIRECTION('',(-0.612907053653,-0.790155012376,0.));
#2591 = PCURVE('',#2465,#2592);
#2592 = DEFINITIONAL_REPRESENTATION('',(#2593),#2597);
#2593 = LINE('',#2594,#2595);
#2594 = CARTESIAN_POINT('',(-8.642643171092E-02,-2.510919954353E-02));
#2595 = VECTOR('',#2596,1.);
#2596 = DIRECTION('',(-0.960293685677,-0.278991106039));
#2597 = ( GEOMETRIC_REPRESENTATION_CONTEXT(2) 
PARAMETRIC_REPRESENTATION_CONTEXT() REPRESENTATION_CONTEXT('2D SPACE',''
  ) );
#2598 = PCURVE('',#2543,#2599);
#2599 = DEFINITIONAL_REPRESENTATION('',(#2600),#2604);
#2600 = LINE('',#2601,#2602);
#2601 = CARTESIAN_POINT('',(0.18,9.E-02));
#2602 = VECTOR('',#2603,1.);
#2603 = DIRECTION('',(0.,-1.));
#2604 = ( GEOMETRIC_REPRESENTATION_CONTEXT(2) 
PARAMETRIC_REPRESENTATION_CONTEXT() REPRESENTATION_CONTEXT('2D SPACE',''
  ) );
#2605 = ORIENTED_EDGE('',*,*,#2606,.F.);
#2606 = EDGE_CURVE('',#2607,#2584,#2609,.T.);
#2607 = VERTEX_POINT('',#2608);
#2608 = CARTESIAN_POINT('',(2.427050983125E-02,1.763355756877E-02,1.E-02
    ));
#2609 = SURFACE_CURVE('',#2610,(#2615,#2622),.PCURVE_S1.);
#2610 = CIRCLE('',#2611,3.E-02);
#2611 = AXIS2_PLACEMENT_3D('',#2612,#2613,#2614);
#2612 = CARTESIAN_POINT('',(0.,0.,1.E-02));
#2613 = DIRECTION('',(0.,-0.,1.));
#2614 = DIRECTION('',(0.809016994375,0.587785252292,0.));
#2615 = PCURVE('',#2465,#2616);
#2616 = DEFINITIONAL_REPRESENTATION('',(#2617),#2621);
#2617 = CIRCLE('',#2618,3.E-02);
#2618 = AXIS2_PLACEMENT_2D('',#2619,#2620);
#2619 = CARTESIAN_POINT('',(0.,0.));
#2620 = DIRECTION('',(1.,0.));
#2621 = ( GEOMETRIC_REPRESENTATION_CONTEXT(2) 
PARAMETRIC_REPRESENTATION_CONTEXT() REPRESENTATION_CONTEXT('2D SPACE',''
  ) );
#2622 = PCURVE('',#2623,#2628);
#2623 = CYLINDRICAL_SURFACE('',#2624,3.E-02);
#2624 = AXIS2_PLACEMENT_3D('',#2625,#2626,#2627);
#2625 = CARTESIAN_POINT('',(0.,0.,1.E-02));
#2626 = DIRECTION('',(0.,0.,1.));
#2627 = DIRECTION('',(0.809016994375,0.587785252292,0.));
#2628 = DEFINITIONAL_REPRESENTATION('',(#2629),#2633);
#2629 = LINE('',#2630,#2631);
#2630 = CARTESIAN_POINT('',(0.,0.));
#2631 = VECTOR('',#2632,1.);
#2632 = DIRECTION('',(1.,0.));
#2633 = ( GEOMETRIC_REPRESENTATION_CONTEXT(2) 
PARAMETRIC_REPRESENTATION_CONTEXT() REPRESENTATION_CONTEXT('2D SPACE',''
  ) );
#2634 = ORIENTED_EDGE('',*,*,#2635,.F.);
#2635 = EDGE_CURVE('',#2559,#2607,#2636,.T.);
#2636 = SURFACE_CURVE('',#2637,(#2642,#2649),.PCURVE_S1.);
#2637 = CIRCLE('',#2638,3.E-02);
#2638 = AXIS2_PLACEMENT_3D('',#2639,#2640,#2641);
#2639 = CARTESIAN_POINT('',(0.,0.,1.E-02));
#2640 = DIRECTION('',(0.,-0.,1.));
#2641 = DIRECTION('',(0.809016994375,0.587785252292,0.));
#2642 = PCURVE('',#2465,#2643);
#2643 = DEFINITIONAL_REPRESENTATION('',(#2644),#2648);
#2644 = CIRCLE('',#2645,3.E-02);
#2645 = AXIS2_PLACEMENT_2D('',#2646,#2647);
#2646 = CARTESIAN_POINT('',(0.,0.));
#2647 = DIRECTION('',(1.,0.));
#2648 = ( GEOMETRIC_REPRESENTATION_CONTEXT(2) 
PARAMETRIC_REPRESENTATION_CONTEXT() REPRESENTATION_CONTEXT('2D SPACE',''
  ) );
#2649 = PCURVE('',#2650,#2655);
#2650 = CYLINDRICAL_SURFACE('',#2651,3.E-02);
#2651 = AXIS2_PLACEMENT_3D('',#2652,#2653,#2654);
#2652 = CARTESIAN_POINT('',(0.,0.,1.E-02));
#2653 = DIRECTION('',(0.,0.,1.));
#2654 = DIRECTION('',(0.809016994375,0.587785252292,0.));
#2655 = DEFINITIONAL_REPRESENTATION('',(#2656),#2660);
#2656 = LINE('',#2657,#2658);
#2657 = CARTESIAN_POINT('',(0.,0.));
#2658 = VECTOR('',#2659,1.);
#2659 = DIRECTION('',(1.,0.));
#2660 = ( GEOMETRIC_REPRESENTATION_CONTEXT(2) 
PARAMETRIC_REPRESENTATION_CONTEXT() REPRESENTATION_CONTEXT('2D SPACE',''
  ) );
#2661 = ADVANCED_FACE('Magnet::1::Boundary',(#2662),#2438,.F.);
#2662 = FACE_BOUND('',#2663,.F.);
#2663 = EDGE_LOOP('',(#2664,#2665,#2666,#2689));
#2664 = ORIENTED_EDGE('',*,*,#2422,.F.);
#2665 = ORIENTED_EDGE('',*,*,#2558,.T.);
#2666 = ORIENTED_EDGE('',*,*,#2667,.T.);
#2667 = EDGE_CURVE('',#2559,#2668,#2670,.T.);
#2668 = VERTEX_POINT('',#2669);
#2669 = CARTESIAN_POINT('',(2.822642306863E-02,1.016213760736E-02,2.E-02
    ));
#2670 = SURFACE_CURVE('',#2671,(#2675,#2682),.PCURVE_S1.);
#2671 = LINE('',#2672,#2673);
#2672 = CARTESIAN_POINT('',(2.822642306863E-02,1.016213760736E-02,1.E-02
    ));
#2673 = VECTOR('',#2674,1.);
#2674 = DIRECTION('',(0.,0.,1.));
#2675 = PCURVE('',#2438,#2676);
#2676 = DEFINITIONAL_REPRESENTATION('',(#2677),#2681);
#2677 = LINE('',#2678,#2679);
#2678 = CARTESIAN_POINT('',(0.18,0.21));
#2679 = VECTOR('',#2680,1.);
#2680 = DIRECTION('',(1.,0.));
#2681 = ( GEOMETRIC_REPRESENTATION_CONTEXT(2) 
PARAMETRIC_REPRESENTATION_CONTEXT() REPRESENTATION_CONTEXT('2D SPACE',''
  ) );
#2682 = PCURVE('',#2650,#2683);
#2683 = DEFINITIONAL_REPRESENTATION('',(#2684),#2688);
#2684 = LINE('',#2685,#2686);
#2685 = CARTESIAN_POINT('',(6.000441968357,0.));
#2686 = VECTOR('',#2687,1.);
#2687 = DIRECTION('',(0.,1.));
#2688 = ( GEOMETRIC_REPRESENTATION_CONTEXT(2) 
PARAMETRIC_REPRESENTATION_CONTEXT() REPRESENTATION_CONTEXT('2D SPACE',''
  ) );
#2689 = ORIENTED_EDGE('',*,*,#2690,.F.);
#2690 = EDGE_CURVE('',#2394,#2668,#2691,.T.);
#2691 = SURFACE_CURVE('',#2692,(#2696,#2703),.PCURVE_S1.);
#2692 = LINE('',#2693,#2694);
#2693 = CARTESIAN_POINT('',(-8.467926920588E-02,-3.048641282208E-02,
    2.E-02));
#2694 = VECTOR('',#2695,1.);
#2695 = DIRECTION('',(-0.940880768954,-0.338737920245,0.));
#2696 = PCURVE('',#2438,#2697);
#2697 = DEFINITIONAL_REPRESENTATION('',(#2698),#2702);
#2698 = LINE('',#2699,#2700);
#2699 = CARTESIAN_POINT('',(0.19,9.E-02));
#2700 = VECTOR('',#2701,1.);
#2701 = DIRECTION('',(0.,-1.));
#2702 = ( GEOMETRIC_REPRESENTATION_CONTEXT(2) 
PARAMETRIC_REPRESENTATION_CONTEXT() REPRESENTATION_CONTEXT('2D SPACE',''
  ) );
#2703 = PCURVE('',#2410,#2704);
#2704 = DEFINITIONAL_REPRESENTATION('',(#2705),#2709);
#2705 = LINE('',#2706,#2707);
#2706 = CARTESIAN_POINT('',(-8.642643171092E-02,2.510919954353E-02));
#2707 = VECTOR('',#2708,1.);
#2708 = DIRECTION('',(-0.960293685677,0.278991106039));
#2709 = ( GEOMETRIC_REPRESENTATION_CONTEXT(2) 
PARAMETRIC_REPRESENTATION_CONTEXT() REPRESENTATION_CONTEXT('2D SPACE',''
  ) );
#2710 = ADVANCED_FACE('Magnet::1::Boundary',(#2711),#2410,.T.);
#2711 = FACE_BOUND('',#2712,.T.);
#2712 = EDGE_LOOP('',(#2713,#2714,#2715,#2716,#2739,#2763));
#2713 = ORIENTED_EDGE('',*,*,#2690,.F.);
#2714 = ORIENTED_EDGE('',*,*,#2393,.T.);
#2715 = ORIENTED_EDGE('',*,*,#2480,.T.);
#2716 = ORIENTED_EDGE('',*,*,#2717,.T.);
#2717 = EDGE_CURVE('',#2481,#2718,#2720,.T.);
#2718 = VERTEX_POINT('',#2719);
#2719 = CARTESIAN_POINT('',(1.838721160959E-02,2.370465037127E-02,2.E-02
    ));
#2720 = SURFACE_CURVE('',#2721,(#2725,#2732),.PCURVE_S1.);
#2721 = LINE('',#2722,#2723);
#2722 = CARTESIAN_POINT('',(-5.516163482877E-02,-7.111395111381E-02,
    2.E-02));
#2723 = VECTOR('',#2724,1.);
#2724 = DIRECTION('',(-0.612907053653,-0.790155012376,0.));
#2725 = PCURVE('',#2410,#2726);
#2726 = DEFINITIONAL_REPRESENTATION('',(#2727),#2731);
#2727 = LINE('',#2728,#2729);
#2728 = CARTESIAN_POINT('',(-8.642643171092E-02,-2.510919954353E-02));
#2729 = VECTOR('',#2730,1.);
#2730 = DIRECTION('',(-0.960293685677,-0.278991106039));
#2731 = ( GEOMETRIC_REPRESENTATION_CONTEXT(2) 
PARAMETRIC_REPRESENTATION_CONTEXT() REPRESENTATION_CONTEXT('2D SPACE',''
  ) );
#2732 = PCURVE('',#2543,#2733);
#2733 = DEFINITIONAL_REPRESENTATION('',(#2734),#2738);
#2734 = LINE('',#2735,#2736);
#2735 = CARTESIAN_POINT('',(0.19,9.E-02));
#2736 = VECTOR('',#2737,1.);
#2737 = DIRECTION('',(0.,-1.));
#2738 = ( GEOMETRIC_REPRESENTATION_CONTEXT(2) 
PARAMETRIC_REPRESENTATION_CONTEXT() REPRESENTATION_CONTEXT('2D SPACE',''
  ) );
#2739 = ORIENTED_EDGE('',*,*,#2740,.F.);
#2740 = EDGE_CURVE('',#2741,#2718,#2743,.T.);
#2741 = VERTEX_POINT('',#2742);
#2742 = CARTESIAN_POINT('',(2.427050983125E-02,1.763355756877E-02,2.E-02
    ));
#2743 = SURFACE_CURVE('',#2744,(#2749,#2756),.PCURVE_S1.);
#2744 = CIRCLE('',#2745,3.E-02);
#2745 = AXIS2_PLACEMENT_3D('',#2746,#2747,#2748);
#2746 = CARTESIAN_POINT('',(0.,0.,2.E-02));
#2747 = DIRECTION('',(0.,-0.,1.));
#2748 = DIRECTION('',(0.809016994375,0.587785252292,0.));
#2749 = PCURVE('',#2410,#2750);
#2750 = DEFINITIONAL_REPRESENTATION('',(#2751),#2755);
#2751 = CIRCLE('',#2752,3.E-02);
#2752 = AXIS2_PLACEMENT_2D('',#2753,#2754);
#2753 = CARTESIAN_POINT('',(0.,0.));
#2754 = DIRECTION('',(1.,0.));
#2755 = ( GEOMETRIC_REPRESENTATION_CONTEXT(2) 
PARAMETRIC_REPRESENTATION_CONTEXT() REPRESENTATION_CONTEXT('2D SPACE',''
  ) );
#2756 = PCURVE('',#2623,#2757);
#2757 = DEFINITIONAL_REPRESENTATION('',(#2758),#2762);
#2758 = LINE('',#2759,#2760);
#2759 = CARTESIAN_POINT('',(0.,1.E-02));
#2760 = VECTOR('',#2761,1.);
#2761 = DIRECTION('',(1.,0.));
#2762 = ( GEOMETRIC_REPRESENTATION_CONTEXT(2) 
PARAMETRIC_REPRESENTATION_CONTEXT() REPRESENTATION_CONTEXT('2D SPACE',''
  ) );
#2763 = ORIENTED_EDGE('',*,*,#2764,.F.);
#2764 = EDGE_CURVE('',#2668,#2741,#2765,.T.);
#2765 = SURFACE_CURVE('',#2766,(#2771,#2778),.PCURVE_S1.);
#2766 = CIRCLE('',#2767,3.E-02);
#2767 = AXIS2_PLACEMENT_3D('',#2768,#2769,#2770);
#2768 = CARTESIAN_POINT('',(0.,0.,2.E-02));
#2769 = DIRECTION('',(0.,-0.,1.));
#2770 = DIRECTION('',(0.809016994375,0.587785252292,0.));
#2771 = PCURVE('',#2410,#2772);
#2772 = DEFINITIONAL_REPRESENTATION('',(#2773),#2777);
#2773 = CIRCLE('',#2774,3.E-02);
#2774 = AXIS2_PLACEMENT_2D('',#2775,#2776);
#2775 = CARTESIAN_POINT('',(0.,0.));
#2776 = DIRECTION('',(1.,0.));
#2777 = ( GEOMETRIC_REPRESENTATION_CONTEXT(2) 
PARAMETRIC_REPRESENTATION_CONTEXT() REPRESENTATION_CONTEXT('2D SPACE',''
  ) );
#2778 = PCURVE('',#2650,#2779);
#2779 = DEFINITIONAL_REPRESENTATION('',(#2780),#2784);
#2780 = LINE('',#2781,#2782);
#2781 = CARTESIAN_POINT('',(0.,1.E-02));
#2782 = VECTOR('',#2783,1.);
#2783 = DIRECTION('',(1.,0.));
#2784 = ( GEOMETRIC_REPRESENTATION_CONTEXT(2) 
PARAMETRIC_REPRESENTATION_CONTEXT() REPRESENTATION_CONTEXT('2D SPACE',''
  ) );
#2785 = ADVANCED_FACE('Magnet::1::Boundary',(#2786),#2543,.T.);
#2786 = FACE_BOUND('',#2787,.T.);
#2787 = EDGE_LOOP('',(#2788,#2789,#2790,#2811));
#2788 = ORIENTED_EDGE('',*,*,#2529,.F.);
#2789 = ORIENTED_EDGE('',*,*,#2583,.T.);
#2790 = ORIENTED_EDGE('',*,*,#2791,.T.);
#2791 = EDGE_CURVE('',#2584,#2718,#2792,.T.);
#2792 = SURFACE_CURVE('',#2793,(#2797,#2804),.PCURVE_S1.);
#2793 = LINE('',#2794,#2795);
#2794 = CARTESIAN_POINT('',(1.838721160959E-02,2.370465037127E-02,1.E-02
    ));
#2795 = VECTOR('',#2796,1.);
#2796 = DIRECTION('',(0.,0.,1.));
#2797 = PCURVE('',#2543,#2798);
#2798 = DEFINITIONAL_REPRESENTATION('',(#2799),#2803);
#2799 = LINE('',#2800,#2801);
#2800 = CARTESIAN_POINT('',(0.18,0.21));
#2801 = VECTOR('',#2802,1.);
#2802 = DIRECTION('',(1.,0.));
#2803 = ( GEOMETRIC_REPRESENTATION_CONTEXT(2) 
PARAMETRIC_REPRESENTATION_CONTEXT() REPRESENTATION_CONTEXT('2D SPACE',''
  ) );
#2804 = PCURVE('',#2623,#2805);
#2805 = DEFINITIONAL_REPRESENTATION('',(#2806),#2810);
#2806 = LINE('',#2807,#2808);
#2807 = CARTESIAN_POINT('',(0.282743338823,0.));
#2808 = VECTOR('',#2809,1.);
#2809 = DIRECTION('',(0.,1.));
#2810 = ( GEOMETRIC_REPRESENTATION_CONTEXT(2) 
PARAMETRIC_REPRESENTATION_CONTEXT() REPRESENTATION_CONTEXT('2D SPACE',''
  ) );
#2811 = ORIENTED_EDGE('',*,*,#2717,.F.);
#2812 = ADVANCED_FACE('Magnet::1::Boundary',(#2813),#2650,.F.);
#2813 = FACE_BOUND('',#2814,.F.);
#2814 = EDGE_LOOP('',(#2815,#2836,#2837,#2838));
#2815 = ORIENTED_EDGE('',*,*,#2816,.T.);
#2816 = EDGE_CURVE('',#2607,#2741,#2817,.T.);
#2817 = SURFACE_CURVE('',#2818,(#2822,#2829),.PCURVE_S1.);
#2818 = LINE('',#2819,#2820);
#2819 = CARTESIAN_POINT('',(2.427050983125E-02,1.763355756877E-02,1.E-02
    ));
#2820 = VECTOR('',#2821,1.);
#2821 = DIRECTION('',(0.,0.,1.));
#2822 = PCURVE('',#2650,#2823);
#2823 = DEFINITIONAL_REPRESENTATION('',(#2824),#2828);
#2824 = LINE('',#2825,#2826);
#2825 = CARTESIAN_POINT('',(6.28318530718,-0.));
#2826 = VECTOR('',#2827,1.);
#2827 = DIRECTION('',(0.,1.));
#2828 = ( GEOMETRIC_REPRESENTATION_CONTEXT(2) 
PARAMETRIC_REPRESENTATION_CONTEXT() REPRESENTATION_CONTEXT('2D SPACE',''
  ) );
#2829 = PCURVE('',#2623,#2830);
#2830 = DEFINITIONAL_REPRESENTATION('',(#2831),#2835);
#2831 = LINE('',#2832,#2833);
#2832 = CARTESIAN_POINT('',(0.,-0.));
#2833 = VECTOR('',#2834,1.);
#2834 = DIRECTION('',(0.,1.));
#2835 = ( GEOMETRIC_REPRESENTATION_CONTEXT(2) 
PARAMETRIC_REPRESENTATION_CONTEXT() REPRESENTATION_CONTEXT('2D SPACE',''
  ) );
#2836 = ORIENTED_EDGE('',*,*,#2764,.F.);
#2837 = ORIENTED_EDGE('',*,*,#2667,.F.);
#2838 = ORIENTED_EDGE('',*,*,#2635,.T.);
#2839 = ADVANCED_FACE('Magnet::1::Boundary',(#2840),#2623,.F.);
#2840 = FACE_BOUND('',#2841,.F.);
#2841 = EDGE_LOOP('',(#2842,#2843,#2844,#2845));
#2842 = ORIENTED_EDGE('',*,*,#2740,.F.);
#2843 = ORIENTED_EDGE('',*,*,#2816,.F.);
#2844 = ORIENTED_EDGE('',*,*,#2606,.T.);
#2845 = ORIENTED_EDGE('',*,*,#2791,.T.);
#2846 = MANIFOLD_SOLID_BREP('Magnet::2',#2847);
#2847 = CLOSED_SHELL('',(#2848,#2970,#3048,#3155,#3204,#3279,#3306,#3333
    ));
#2848 = ADVANCED_FACE('Magnet::2::Boundary',(#2849),#2863,.T.);
#2849 = FACE_BOUND('',#2850,.T.);
#2850 = EDGE_LOOP('',(#2851,#2886,#2915,#2943));
#2851 = ORIENTED_EDGE('',*,*,#2852,.T.);
#2852 = EDGE_CURVE('',#2853,#2855,#2857,.T.);
#2853 = VERTEX_POINT('',#2854);
#2854 = CARTESIAN_POINT('',(1.85410196625E-02,5.706339097771E-02,1.E-02)
  );
#2855 = VERTEX_POINT('',#2856);
#2856 = CARTESIAN_POINT('',(1.85410196625E-02,5.706339097771E-02,2.E-02)
  );
#2857 = SURFACE_CURVE('',#2858,(#2862,#2874),.PCURVE_S1.);
#2858 = LINE('',#2859,#2860);
#2859 = CARTESIAN_POINT('',(1.85410196625E-02,5.706339097771E-02,1.E-02)
  );
#2860 = VECTOR('',#2861,1.);
#2861 = DIRECTION('',(0.,0.,1.));
#2862 = PCURVE('',#2863,#2868);
#2863 = CYLINDRICAL_SURFACE('',#2864,6.E-02);
#2864 = AXIS2_PLACEMENT_3D('',#2865,#2866,#2867);
#2865 = CARTESIAN_POINT('',(0.,0.,1.E-02));
#2866 = DIRECTION('',(0.,0.,1.));
#2867 = DIRECTION('',(0.309016994375,0.951056516295,0.));
#2868 = DEFINITIONAL_REPRESENTATION('',(#2869),#2873);
#2869 = LINE('',#2870,#2871);
#2870 = CARTESIAN_POINT('',(6.28318530718,-0.));
#2871 = VECTOR('',#2872,1.);
#2872 = DIRECTION('',(0.,1.));
#2873 = ( GEOMETRIC_REPRESENTATION_CONTEXT(2) 
PARAMETRIC_REPRESENTATION_CONTEXT() REPRESENTATION_CONTEXT('2D SPACE',''
  ) );
#2874 = PCURVE('',#2875,#2880);
#2875 = CYLINDRICAL_SURFACE('',#2876,6.E-02);
#2876 = AXIS2_PLACEMENT_3D('',#2877,#2878,#2879);
#2877 = CARTESIAN_POINT('',(0.,0.,1.E-02));
#2878 = DIRECTION('',(0.,0.,1.));
#2879 = DIRECTION('',(0.309016994375,0.951056516295,0.));
#2880 = DEFINITIONAL_REPRESENTATION('',(#2881),#2885);
#2881 = LINE('',#2882,#2883);
#2882 = CARTESIAN_POINT('',(0.,-0.));
#2883 = VECTOR('',#2884,1.);
#2884 = DIRECTION('',(0.,1.));
#2885 = ( GEOMETRIC_REPRESENTATION_CONTEXT(2) 
PARAMETRIC_REPRESENTATION_CONTEXT() REPRESENTATION_CONTEXT('2D SPACE',''
  ) );
#2886 = ORIENTED_EDGE('',*,*,#2887,.F.);
#2887 = EDGE_CURVE('',#2888,#2855,#2890,.T.);
#2888 = VERTEX_POINT('',#2889);
#2889 = CARTESIAN_POINT('',(3.372500267113E-02,4.962483445647E-02,2.E-02
    ));
#2890 = SURFACE_CURVE('',#2891,(#2896,#2903),.PCURVE_S1.);
#2891 = CIRCLE('',#2892,6.E-02);
#2892 = AXIS2_PLACEMENT_3D('',#2893,#2894,#2895);
#2893 = CARTESIAN_POINT('',(0.,0.,2.E-02));
#2894 = DIRECTION('',(0.,-0.,1.));
#2895 = DIRECTION('',(0.309016994375,0.951056516295,0.));
#2896 = PCURVE('',#2863,#2897);
#2897 = DEFINITIONAL_REPRESENTATION('',(#2898),#2902);
#2898 = LINE('',#2899,#2900);
#2899 = CARTESIAN_POINT('',(0.,1.E-02));
#2900 = VECTOR('',#2901,1.);
#2901 = DIRECTION('',(1.,0.));
#2902 = ( GEOMETRIC_REPRESENTATION_CONTEXT(2) 
PARAMETRIC_REPRESENTATION_CONTEXT() REPRESENTATION_CONTEXT('2D SPACE',''
  ) );
#2903 = PCURVE('',#2904,#2909);
#2904 = PLANE('',#2905);
#2905 = AXIS2_PLACEMENT_3D('',#2906,#2907,#2908);
#2906 = CARTESIAN_POINT('',(0.,0.,2.E-02));
#2907 = DIRECTION('',(0.,0.,1.));
#2908 = DIRECTION('',(0.309016994375,0.951056516295,0.));
#2909 = DEFINITIONAL_REPRESENTATION('',(#2910),#2914);
#2910 = CIRCLE('',#2911,6.E-02);
#2911 = AXIS2_PLACEMENT_2D('',#2912,#2913);
#2912 = CARTESIAN_POINT('',(0.,0.));
#2913 = DIRECTION('',(1.,0.));
#2914 = ( GEOMETRIC_REPRESENTATION_CONTEXT(2) 
PARAMETRIC_REPRESENTATION_CONTEXT() REPRESENTATION_CONTEXT('2D SPACE',''
  ) );
#2915 = ORIENTED_EDGE('',*,*,#2916,.F.);
#2916 = EDGE_CURVE('',#2917,#2888,#2919,.T.);
#2917 = VERTEX_POINT('',#2918);
#2918 = CARTESIAN_POINT('',(3.372500267113E-02,4.962483445647E-02,1.E-02
    ));
#2919 = SURFACE_CURVE('',#2920,(#2924,#2931),.PCURVE_S1.);
#2920 = LINE('',#2921,#2922);
#2921 = CARTESIAN_POINT('',(3.372500267113E-02,4.962483445647E-02,1.E-02
    ));
#2922 = VECTOR('',#2923,1.);
#2923 = DIRECTION('',(0.,0.,1.));
#2924 = PCURVE('',#2863,#2925);
#2925 = DEFINITIONAL_REPRESENTATION('',(#2926),#2930);
#2926 = LINE('',#2927,#2928);
#2927 = CARTESIAN_POINT('',(6.000441968357,0.));
#2928 = VECTOR('',#2929,1.);
#2929 = DIRECTION('',(0.,1.));
#2930 = ( GEOMETRIC_REPRESENTATION_CONTEXT(2) 
PARAMETRIC_REPRESENTATION_CONTEXT() REPRESENTATION_CONTEXT('2D SPACE',''
  ) );
#2931 = PCURVE('',#2932,#2937);
#2932 = PLANE('',#2933);
#2933 = AXIS2_PLACEMENT_3D('',#2934,#2935,#2936);
#2934 = CARTESIAN_POINT('',(-0.101175008013,-0.148874503369,-0.17));
#2935 = DIRECTION('',(-0.827080574275,0.562083377852,0.));
#2936 = DIRECTION('',(0.,0.,1.));
#2937 = DEFINITIONAL_REPRESENTATION('',(#2938),#2942);
#2938 = LINE('',#2939,#2940);
#2939 = CARTESIAN_POINT('',(0.18,0.24));
#2940 = VECTOR('',#2941,1.);
#2941 = DIRECTION('',(1.,0.));
#2942 = ( GEOMETRIC_REPRESENTATION_CONTEXT(2) 
PARAMETRIC_REPRESENTATION_CONTEXT() REPRESENTATION_CONTEXT('2D SPACE',''
  ) );
#2943 = ORIENTED_EDGE('',*,*,#2944,.T.);
#2944 = EDGE_CURVE('',#2917,#2853,#2945,.T.);
#2945 = SURFACE_CURVE('',#2946,(#2951,#2958),.PCURVE_S1.);
#2946 = CIRCLE('',#2947,6.E-02);
#2947 = AXIS2_PLACEMENT_3D('',#2948,#2949,#2950);
#2948 = CARTESIAN_POINT('',(0.,0.,1.E-02));
#2949 = DIRECTION('',(0.,-0.,1.));
#2950 = DIRECTION('',(0.309016994375,0.951056516295,0.));
#2951 = PCURVE('',#2863,#2952);
#2952 = DEFINITIONAL_REPRESENTATION('',(#2953),#2957);
#2953 = LINE('',#2954,#2955);
#2954 = CARTESIAN_POINT('',(0.,0.));
#2955 = VECTOR('',#2956,1.);
#2956 = DIRECTION('',(1.,0.));
#2957 = ( GEOMETRIC_REPRESENTATION_CONTEXT(2) 
PARAMETRIC_REPRESENTATION_CONTEXT() REPRESENTATION_CONTEXT('2D SPACE',''
  ) );
#2958 = PCURVE('',#2959,#2964);
#2959 = PLANE('',#2960);
#2960 = AXIS2_PLACEMENT_3D('',#2961,#2962,#2963);
#2961 = CARTESIAN_POINT('',(0.,0.,1.E-02));
#2962 = DIRECTION('',(0.,0.,1.));
#2963 = DIRECTION('',(0.309016994375,0.951056516295,0.));
#2964 = DEFINITIONAL_REPRESENTATION('',(#2965),#2969);
#2965 = CIRCLE('',#2966,6.E-02);
#2966 = AXIS2_PLACEMENT_2D('',#2967,#2968);
#2967 = CARTESIAN_POINT('',(0.,0.));
#2968 = DIRECTION('',(1.,0.));
#2969 = ( GEOMETRIC_REPRESENTATION_CONTEXT(2) 
PARAMETRIC_REPRESENTATION_CONTEXT() REPRESENTATION_CONTEXT('2D SPACE',''
  ) );
#2970 = ADVANCED_FACE('Magnet::2::Boundary',(#2971),#2875,.T.);
#2971 = FACE_BOUND('',#2972,.T.);
#2972 = EDGE_LOOP('',(#2973,#2997,#2998,#3022));
#2973 = ORIENTED_EDGE('',*,*,#2974,.F.);
#2974 = EDGE_CURVE('',#2855,#2975,#2977,.T.);
#2975 = VERTEX_POINT('',#2976);
#2976 = CARTESIAN_POINT('',(1.884645544688E-03,5.997039362194E-02,2.E-02
    ));
#2977 = SURFACE_CURVE('',#2978,(#2983,#2990),.PCURVE_S1.);
#2978 = CIRCLE('',#2979,6.E-02);
#2979 = AXIS2_PLACEMENT_3D('',#2980,#2981,#2982);
#2980 = CARTESIAN_POINT('',(0.,0.,2.E-02));
#2981 = DIRECTION('',(0.,-0.,1.));
#2982 = DIRECTION('',(0.309016994375,0.951056516295,0.));
#2983 = PCURVE('',#2875,#2984);
#2984 = DEFINITIONAL_REPRESENTATION('',(#2985),#2989);
#2985 = LINE('',#2986,#2987);
#2986 = CARTESIAN_POINT('',(0.,1.E-02));
#2987 = VECTOR('',#2988,1.);
#2988 = DIRECTION('',(1.,0.));
#2989 = ( GEOMETRIC_REPRESENTATION_CONTEXT(2) 
PARAMETRIC_REPRESENTATION_CONTEXT() REPRESENTATION_CONTEXT('2D SPACE',''
  ) );
#2990 = PCURVE('',#2904,#2991);
#2991 = DEFINITIONAL_REPRESENTATION('',(#2992),#2996);
#2992 = CIRCLE('',#2993,6.E-02);
#2993 = AXIS2_PLACEMENT_2D('',#2994,#2995);
#2994 = CARTESIAN_POINT('',(0.,0.));
#2995 = DIRECTION('',(1.,0.));
#2996 = ( GEOMETRIC_REPRESENTATION_CONTEXT(2) 
PARAMETRIC_REPRESENTATION_CONTEXT() REPRESENTATION_CONTEXT('2D SPACE',''
  ) );
#2997 = ORIENTED_EDGE('',*,*,#2852,.F.);
#2998 = ORIENTED_EDGE('',*,*,#2999,.T.);
#2999 = EDGE_CURVE('',#2853,#3000,#3002,.T.);
#3000 = VERTEX_POINT('',#3001);
#3001 = CARTESIAN_POINT('',(1.884645544688E-03,5.997039362194E-02,1.E-02
    ));
#3002 = SURFACE_CURVE('',#3003,(#3008,#3015),.PCURVE_S1.);
#3003 = CIRCLE('',#3004,6.E-02);
#3004 = AXIS2_PLACEMENT_3D('',#3005,#3006,#3007);
#3005 = CARTESIAN_POINT('',(0.,0.,1.E-02));
#3006 = DIRECTION('',(0.,-0.,1.));
#3007 = DIRECTION('',(0.309016994375,0.951056516295,0.));
#3008 = PCURVE('',#2875,#3009);
#3009 = DEFINITIONAL_REPRESENTATION('',(#3010),#3014);
#3010 = LINE('',#3011,#3012);
#3011 = CARTESIAN_POINT('',(0.,0.));
#3012 = VECTOR('',#3013,1.);
#3013 = DIRECTION('',(1.,0.));
#3014 = ( GEOMETRIC_REPRESENTATION_CONTEXT(2) 
PARAMETRIC_REPRESENTATION_CONTEXT() REPRESENTATION_CONTEXT('2D SPACE',''
  ) );
#3015 = PCURVE('',#2959,#3016);
#3016 = DEFINITIONAL_REPRESENTATION('',(#3017),#3021);
#3017 = CIRCLE('',#3018,6.E-02);
#3018 = AXIS2_PLACEMENT_2D('',#3019,#3020);
#3019 = CARTESIAN_POINT('',(0.,0.));
#3020 = DIRECTION('',(1.,0.));
#3021 = ( GEOMETRIC_REPRESENTATION_CONTEXT(2) 
PARAMETRIC_REPRESENTATION_CONTEXT() REPRESENTATION_CONTEXT('2D SPACE',''
  ) );
#3022 = ORIENTED_EDGE('',*,*,#3023,.T.);
#3023 = EDGE_CURVE('',#3000,#2975,#3024,.T.);
#3024 = SURFACE_CURVE('',#3025,(#3029,#3036),.PCURVE_S1.);
#3025 = LINE('',#3026,#3027);
#3026 = CARTESIAN_POINT('',(1.884645544688E-03,5.997039362194E-02,1.E-02
    ));
#3027 = VECTOR('',#3028,1.);
#3028 = DIRECTION('',(0.,0.,1.));
#3029 = PCURVE('',#2875,#3030);
#3030 = DEFINITIONAL_REPRESENTATION('',(#3031),#3035);
#3031 = LINE('',#3032,#3033);
#3032 = CARTESIAN_POINT('',(0.282743338823,0.));
#3033 = VECTOR('',#3034,1.);
#3034 = DIRECTION('',(0.,1.));
#3035 = ( GEOMETRIC_REPRESENTATION_CONTEXT(2) 
PARAMETRIC_REPRESENTATION_CONTEXT() REPRESENTATION_CONTEXT('2D SPACE',''
  ) );
#3036 = PCURVE('',#3037,#3042);
#3037 = PLANE('',#3038);
#3038 = AXIS2_PLACEMENT_3D('',#3039,#3040,#3041);
#3039 = CARTESIAN_POINT('',(-5.653936634063E-03,-0.179911180866,-0.17));
#3040 = DIRECTION('',(-0.999506560366,3.141075907813E-02,0.));
#3041 = DIRECTION('',(0.,0.,1.));
#3042 = DEFINITIONAL_REPRESENTATION('',(#3043),#3047);
#3043 = LINE('',#3044,#3045);
#3044 = CARTESIAN_POINT('',(0.18,0.24));
#3045 = VECTOR('',#3046,1.);
#3046 = DIRECTION('',(1.,0.));
#3047 = ( GEOMETRIC_REPRESENTATION_CONTEXT(2) 
PARAMETRIC_REPRESENTATION_CONTEXT() REPRESENTATION_CONTEXT('2D SPACE',''
  ) );
#3048 = ADVANCED_FACE('',(#3049),#2959,.F.);
#3049 = FACE_BOUND('',#3050,.F.);
#3050 = EDGE_LOOP('',(#3051,#3074,#3075,#3076,#3099,#3128));
#3051 = ORIENTED_EDGE('',*,*,#3052,.F.);
#3052 = EDGE_CURVE('',#2917,#3053,#3055,.T.);
#3053 = VERTEX_POINT('',#3054);
#3054 = CARTESIAN_POINT('',(1.686250133556E-02,2.481241722824E-02,1.E-02
    ));
#3055 = SURFACE_CURVE('',#3056,(#3060,#3067),.PCURVE_S1.);
#3056 = LINE('',#3057,#3058);
#3057 = CARTESIAN_POINT('',(-5.058750400669E-02,-7.443725168471E-02,
    1.E-02));
#3058 = VECTOR('',#3059,1.);
#3059 = DIRECTION('',(-0.562083377852,-0.827080574275,0.));
#3060 = PCURVE('',#2959,#3061);
#3061 = DEFINITIONAL_REPRESENTATION('',(#3062),#3066);
#3062 = LINE('',#3063,#3064);
#3063 = CARTESIAN_POINT('',(-8.642643171092E-02,2.510919954353E-02));
#3064 = VECTOR('',#3065,1.);
#3065 = DIRECTION('',(-0.960293685677,0.278991106039));
#3066 = ( GEOMETRIC_REPRESENTATION_CONTEXT(2) 
PARAMETRIC_REPRESENTATION_CONTEXT() REPRESENTATION_CONTEXT('2D SPACE',''
  ) );
#3067 = PCURVE('',#2932,#3068);
#3068 = DEFINITIONAL_REPRESENTATION('',(#3069),#3073);
#3069 = LINE('',#3070,#3071);
#3070 = CARTESIAN_POINT('',(0.18,9.E-02));
#3071 = VECTOR('',#3072,1.);
#3072 = DIRECTION('',(0.,-1.));
#3073 = ( GEOMETRIC_REPRESENTATION_CONTEXT(2) 
PARAMETRIC_REPRESENTATION_CONTEXT() REPRESENTATION_CONTEXT('2D SPACE',''
  ) );
#3074 = ORIENTED_EDGE('',*,*,#2944,.T.);
#3075 = ORIENTED_EDGE('',*,*,#2999,.T.);
#3076 = ORIENTED_EDGE('',*,*,#3077,.T.);
#3077 = EDGE_CURVE('',#3000,#3078,#3080,.T.);
#3078 = VERTEX_POINT('',#3079);
#3079 = CARTESIAN_POINT('',(9.423227723439E-04,2.998519681097E-02,1.E-02
    ));
#3080 = SURFACE_CURVE('',#3081,(#3085,#3092),.PCURVE_S1.);
#3081 = LINE('',#3082,#3083);
#3082 = CARTESIAN_POINT('',(-2.826968317032E-03,-8.995559043292E-02,
    1.E-02));
#3083 = VECTOR('',#3084,1.);
#3084 = DIRECTION('',(-3.141075907813E-02,-0.999506560366,0.));
#3085 = PCURVE('',#2959,#3086);
#3086 = DEFINITIONAL_REPRESENTATION('',(#3087),#3091);
#3087 = LINE('',#3088,#3089);
#3088 = CARTESIAN_POINT('',(-8.642643171092E-02,-2.510919954353E-02));
#3089 = VECTOR('',#3090,1.);
#3090 = DIRECTION('',(-0.960293685677,-0.278991106039));
#3091 = ( GEOMETRIC_REPRESENTATION_CONTEXT(2) 
PARAMETRIC_REPRESENTATION_CONTEXT() REPRESENTATION_CONTEXT('2D SPACE',''
  ) );
#3092 = PCURVE('',#3037,#3093);
#3093 = DEFINITIONAL_REPRESENTATION('',(#3094),#3098);
#3094 = LINE('',#3095,#3096);
#3095 = CARTESIAN_POINT('',(0.18,9.E-02));
#3096 = VECTOR('',#3097,1.);
#3097 = DIRECTION('',(0.,-1.));
#3098 = ( GEOMETRIC_REPRESENTATION_CONTEXT(2) 
PARAMETRIC_REPRESENTATION_CONTEXT() REPRESENTATION_CONTEXT('2D SPACE',''
  ) );
#3099 = ORIENTED_EDGE('',*,*,#3100,.F.);
#3100 = EDGE_CURVE('',#3101,#3078,#3103,.T.);
#3101 = VERTEX_POINT('',#3102);
#3102 = CARTESIAN_POINT('',(9.270509831248E-03,2.853169548885E-02,1.E-02
    ));
#3103 = SURFACE_CURVE('',#3104,(#3109,#3116),.PCURVE_S1.);
#3104 = CIRCLE('',#3105,3.E-02);
#3105 = AXIS2_PLACEMENT_3D('',#3106,#3107,#3108);
#3106 = CARTESIAN_POINT('',(0.,0.,1.E-02));
#3107 = DIRECTION('',(0.,-0.,1.));
#3108 = DIRECTION('',(0.309016994375,0.951056516295,0.));
#3109 = PCURVE('',#2959,#3110);
#3110 = DEFINITIONAL_REPRESENTATION('',(#3111),#3115);
#3111 = CIRCLE('',#3112,3.E-02);
#3112 = AXIS2_PLACEMENT_2D('',#3113,#3114);
#3113 = CARTESIAN_POINT('',(0.,0.));
#3114 = DIRECTION('',(1.,0.));
#3115 = ( GEOMETRIC_REPRESENTATION_CONTEXT(2) 
PARAMETRIC_REPRESENTATION_CONTEXT() REPRESENTATION_CONTEXT('2D SPACE',''
  ) );
#3116 = PCURVE('',#3117,#3122);
#3117 = CYLINDRICAL_SURFACE('',#3118,3.E-02);
#3118 = AXIS2_PLACEMENT_3D('',#3119,#3120,#3121);
#3119 = CARTESIAN_POINT('',(0.,0.,1.E-02));
#3120 = DIRECTION('',(0.,0.,1.));
#3121 = DIRECTION('',(0.309016994375,0.951056516295,0.));
#3122 = DEFINITIONAL_REPRESENTATION('',(#3123),#3127);
#3123 = LINE('',#3124,#3125);
#3124 = CARTESIAN_POINT('',(0.,0.));
#3125 = VECTOR('',#3126,1.);
#3126 = DIRECTION('',(1.,0.));
#3127 = ( GEOMETRIC_REPRESENTATION_CONTEXT(2) 
PARAMETRIC_REPRESENTATION_CONTEXT() REPRESENTATION_CONTEXT('2D SPACE',''
  ) );
#3128 = ORIENTED_EDGE('',*,*,#3129,.F.);
#3129 = EDGE_CURVE('',#3053,#3101,#3130,.T.);
#3130 = SURFACE_CURVE('',#3131,(#3136,#3143),.PCURVE_S1.);
#3131 = CIRCLE('',#3132,3.E-02);
#3132 = AXIS2_PLACEMENT_3D('',#3133,#3134,#3135);
#3133 = CARTESIAN_POINT('',(0.,0.,1.E-02));
#3134 = DIRECTION('',(0.,-0.,1.));
#3135 = DIRECTION('',(0.309016994375,0.951056516295,0.));
#3136 = PCURVE('',#2959,#3137);
#3137 = DEFINITIONAL_REPRESENTATION('',(#3138),#3142);
#3138 = CIRCLE('',#3139,3.E-02);
#3139 = AXIS2_PLACEMENT_2D('',#3140,#3141);
#3140 = CARTESIAN_POINT('',(0.,0.));
#3141 = DIRECTION('',(1.,0.));
#3142 = ( GEOMETRIC_REPRESENTATION_CONTEXT(2) 
PARAMETRIC_REPRESENTATION_CONTEXT() REPRESENTATION_CONTEXT('2D SPACE',''
  ) );
#3143 = PCURVE('',#3144,#3149);
#3144 = CYLINDRICAL_SURFACE('',#3145,3.E-02);
#3145 = AXIS2_PLACEMENT_3D('',#3146,#3147,#3148);
#3146 = CARTESIAN_POINT('',(0.,0.,1.E-02));
#3147 = DIRECTION('',(0.,0.,1.));
#3148 = DIRECTION('',(0.309016994375,0.951056516295,0.));
#3149 = DEFINITIONAL_REPRESENTATION('',(#3150),#3154);
#3150 = LINE('',#3151,#3152);
#3151 = CARTESIAN_POINT('',(0.,0.));
#3152 = VECTOR('',#3153,1.);
#3153 = DIRECTION('',(1.,0.));
#3154 = ( GEOMETRIC_REPRESENTATION_CONTEXT(2) 
PARAMETRIC_REPRESENTATION_CONTEXT() REPRESENTATION_CONTEXT('2D SPACE',''
  ) );
#3155 = ADVANCED_FACE('Magnet::2::Boundary',(#3156),#2932,.F.);
#3156 = FACE_BOUND('',#3157,.F.);
#3157 = EDGE_LOOP('',(#3158,#3159,#3160,#3183));
#3158 = ORIENTED_EDGE('',*,*,#2916,.F.);
#3159 = ORIENTED_EDGE('',*,*,#3052,.T.);
#3160 = ORIENTED_EDGE('',*,*,#3161,.T.);
#3161 = EDGE_CURVE('',#3053,#3162,#3164,.T.);
#3162 = VERTEX_POINT('',#3163);
#3163 = CARTESIAN_POINT('',(1.686250133556E-02,2.481241722824E-02,2.E-02
    ));
#3164 = SURFACE_CURVE('',#3165,(#3169,#3176),.PCURVE_S1.);
#3165 = LINE('',#3166,#3167);
#3166 = CARTESIAN_POINT('',(1.686250133556E-02,2.481241722824E-02,1.E-02
    ));
#3167 = VECTOR('',#3168,1.);
#3168 = DIRECTION('',(0.,0.,1.));
#3169 = PCURVE('',#2932,#3170);
#3170 = DEFINITIONAL_REPRESENTATION('',(#3171),#3175);
#3171 = LINE('',#3172,#3173);
#3172 = CARTESIAN_POINT('',(0.18,0.21));
#3173 = VECTOR('',#3174,1.);
#3174 = DIRECTION('',(1.,0.));
#3175 = ( GEOMETRIC_REPRESENTATION_CONTEXT(2) 
PARAMETRIC_REPRESENTATION_CONTEXT() REPRESENTATION_CONTEXT('2D SPACE',''
  ) );
#3176 = PCURVE('',#3144,#3177);
#3177 = DEFINITIONAL_REPRESENTATION('',(#3178),#3182);
#3178 = LINE('',#3179,#3180);
#3179 = CARTESIAN_POINT('',(6.000441968357,0.));
#3180 = VECTOR('',#3181,1.);
#3181 = DIRECTION('',(0.,1.));
#3182 = ( GEOMETRIC_REPRESENTATION_CONTEXT(2) 
PARAMETRIC_REPRESENTATION_CONTEXT() REPRESENTATION_CONTEXT('2D SPACE',''
  ) );
#3183 = ORIENTED_EDGE('',*,*,#3184,.F.);
#3184 = EDGE_CURVE('',#2888,#3162,#3185,.T.);
#3185 = SURFACE_CURVE('',#3186,(#3190,#3197),.PCURVE_S1.);
#3186 = LINE('',#3187,#3188);
#3187 = CARTESIAN_POINT('',(-5.058750400669E-02,-7.443725168471E-02,
    2.E-02));
#3188 = VECTOR('',#3189,1.);
#3189 = DIRECTION('',(-0.562083377852,-0.827080574275,0.));
#3190 = PCURVE('',#2932,#3191);
#3191 = DEFINITIONAL_REPRESENTATION('',(#3192),#3196);
#3192 = LINE('',#3193,#3194);
#3193 = CARTESIAN_POINT('',(0.19,9.E-02));
#3194 = VECTOR('',#3195,1.);
#3195 = DIRECTION('',(0.,-1.));
#3196 = ( GEOMETRIC_REPRESENTATION_CONTEXT(2) 
PARAMETRIC_REPRESENTATION_CONTEXT() REPRESENTATION_CONTEXT('2D SPACE',''
  ) );
#3197 = PCURVE('',#2904,#3198);
#3198 = DEFINITIONAL_REPRESENTATION('',(#3199),#3203);
#3199 = LINE('',#3200,#3201);
#3200 = CARTESIAN_POINT('',(-8.642643171092E-02,2.510919954353E-02));
#3201 = VECTOR('',#3202,1.);
#3202 = DIRECTION('',(-0.960293685677,0.278991106039));
#3203 = ( GEOMETRIC_REPRESENTATION_CONTEXT(2) 
PARAMETRIC_REPRESENTATION_CONTEXT() REPRESENTATION_CONTEXT('2D SPACE',''
  ) );
#3204 = ADVANCED_FACE('Magnet::2::Boundary',(#3205),#2904,.T.);
#3205 = FACE_BOUND('',#3206,.T.);
#3206 = EDGE_LOOP('',(#3207,#3208,#3209,#3210,#3233,#3257));
#3207 = ORIENTED_EDGE('',*,*,#3184,.F.);
#3208 = ORIENTED_EDGE('',*,*,#2887,.T.);
#3209 = ORIENTED_EDGE('',*,*,#2974,.T.);
#3210 = ORIENTED_EDGE('',*,*,#3211,.T.);
#3211 = EDGE_CURVE('',#2975,#3212,#3214,.T.);
#3212 = VERTEX_POINT('',#3213);
#3213 = CARTESIAN_POINT('',(9.423227723439E-04,2.998519681097E-02,2.E-02
    ));
#3214 = SURFACE_CURVE('',#3215,(#3219,#3226),.PCURVE_S1.);
#3215 = LINE('',#3216,#3217);
#3216 = CARTESIAN_POINT('',(-2.826968317032E-03,-8.995559043292E-02,
    2.E-02));
#3217 = VECTOR('',#3218,1.);
#3218 = DIRECTION('',(-3.141075907813E-02,-0.999506560366,0.));
#3219 = PCURVE('',#2904,#3220);
#3220 = DEFINITIONAL_REPRESENTATION('',(#3221),#3225);
#3221 = LINE('',#3222,#3223);
#3222 = CARTESIAN_POINT('',(-8.642643171092E-02,-2.510919954353E-02));
#3223 = VECTOR('',#3224,1.);
#3224 = DIRECTION('',(-0.960293685677,-0.278991106039));
#3225 = ( GEOMETRIC_REPRESENTATION_CONTEXT(2) 
PARAMETRIC_REPRESENTATION_CONTEXT() REPRESENTATION_CONTEXT('2D SPACE',''
  ) );
#3226 = PCURVE('',#3037,#3227);
#3227 = DEFINITIONAL_REPRESENTATION('',(#3228),#3232);
#3228 = LINE('',#3229,#3230);
#3229 = CARTESIAN_POINT('',(0.19,9.E-02));
#3230 = VECTOR('',#3231,1.);
#3231 = DIRECTION('',(0.,-1.));
#3232 = ( GEOMETRIC_REPRESENTATION_CONTEXT(2) 
PARAMETRIC_REPRESENTATION_CONTEXT() REPRESENTATION_CONTEXT('2D SPACE',''
  ) );
#3233 = ORIENTED_EDGE('',*,*,#3234,.F.);
#3234 = EDGE_CURVE('',#3235,#3212,#3237,.T.);
#3235 = VERTEX_POINT('',#3236);
#3236 = CARTESIAN_POINT('',(9.270509831248E-03,2.853169548885E-02,2.E-02
    ));
#3237 = SURFACE_CURVE('',#3238,(#3243,#3250),.PCURVE_S1.);
#3238 = CIRCLE('',#3239,3.E-02);
#3239 = AXIS2_PLACEMENT_3D('',#3240,#3241,#3242);
#3240 = CARTESIAN_POINT('',(0.,0.,2.E-02));
#3241 = DIRECTION('',(0.,-0.,1.));
#3242 = DIRECTION('',(0.309016994375,0.951056516295,0.));
#3243 = PCURVE('',#2904,#3244);
#3244 = DEFINITIONAL_REPRESENTATION('',(#3245),#3249);
#3245 = CIRCLE('',#3246,3.E-02);
#3246 = AXIS2_PLACEMENT_2D('',#3247,#3248);
#3247 = CARTESIAN_POINT('',(0.,0.));
#3248 = DIRECTION('',(1.,0.));
#3249 = ( GEOMETRIC_REPRESENTATION_CONTEXT(2) 
PARAMETRIC_REPRESENTATION_CONTEXT() REPRESENTATION_CONTEXT('2D SPACE',''
  ) );
#3250 = PCURVE('',#3117,#3251);
#3251 = DEFINITIONAL_REPRESENTATION('',(#3252),#3256);
#3252 = LINE('',#3253,#3254);
#3253 = CARTESIAN_POINT('',(0.,1.E-02));
#3254 = VECTOR('',#3255,1.);
#3255 = DIRECTION('',(1.,0.));
#3256 = ( GEOMETRIC_REPRESENTATION_CONTEXT(2) 
PARAMETRIC_REPRESENTATION_CONTEXT() REPRESENTATION_CONTEXT('2D SPACE',''
  ) );
#3257 = ORIENTED_EDGE('',*,*,#3258,.F.);
#3258 = EDGE_CURVE('',#3162,#3235,#3259,.T.);
#3259 = SURFACE_CURVE('',#3260,(#3265,#3272),.PCURVE_S1.);
#3260 = CIRCLE('',#3261,3.E-02);
#3261 = AXIS2_PLACEMENT_3D('',#3262,#3263,#3264);
#3262 = CARTESIAN_POINT('',(0.,0.,2.E-02));
#3263 = DIRECTION('',(0.,-0.,1.));
#3264 = DIRECTION('',(0.309016994375,0.951056516295,0.));
#3265 = PCURVE('',#2904,#3266);
#3266 = DEFINITIONAL_REPRESENTATION('',(#3267),#3271);
#3267 = CIRCLE('',#3268,3.E-02);
#3268 = AXIS2_PLACEMENT_2D('',#3269,#3270);
#3269 = CARTESIAN_POINT('',(0.,0.));
#3270 = DIRECTION('',(1.,0.));
#3271 = ( GEOMETRIC_REPRESENTATION_CONTEXT(2) 
PARAMETRIC_REPRESENTATION_CONTEXT() REPRESENTATION_CONTEXT('2D SPACE',''
  ) );
#3272 = PCURVE('',#3144,#3273);
#3273 = DEFINITIONAL_REPRESENTATION('',(#3274),#3278);
#3274 = LINE('',#3275,#3276);
#3275 = CARTESIAN_POINT('',(0.,1.E-02));
#3276 = VECTOR('',#3277,1.);
#3277 = DIRECTION('',(1.,0.));
#3278 = ( GEOMETRIC_REPRESENTATION_CONTEXT(2) 
PARAMETRIC_REPRESENTATION_CONTEXT() REPRESENTATION_CONTEXT('2D SPACE',''
  ) );
#3279 = ADVANCED_FACE('Magnet::2::Boundary',(#3280),#3037,.T.);
#3280 = FACE_BOUND('',#3281,.T.);
#3281 = EDGE_LOOP('',(#3282,#3283,#3284,#3305));
#3282 = ORIENTED_EDGE('',*,*,#3023,.F.);
#3283 = ORIENTED_EDGE('',*,*,#3077,.T.);
#3284 = ORIENTED_EDGE('',*,*,#3285,.T.);
#3285 = EDGE_CURVE('',#3078,#3212,#3286,.T.);
#3286 = SURFACE_CURVE('',#3287,(#3291,#3298),.PCURVE_S1.);
#3287 = LINE('',#3288,#3289);
#3288 = CARTESIAN_POINT('',(9.423227723439E-04,2.998519681097E-02,1.E-02
    ));
#3289 = VECTOR('',#3290,1.);
#3290 = DIRECTION('',(0.,0.,1.));
#3291 = PCURVE('',#3037,#3292);
#3292 = DEFINITIONAL_REPRESENTATION('',(#3293),#3297);
#3293 = LINE('',#3294,#3295);
#3294 = CARTESIAN_POINT('',(0.18,0.21));
#3295 = VECTOR('',#3296,1.);
#3296 = DIRECTION('',(1.,0.));
#3297 = ( GEOMETRIC_REPRESENTATION_CONTEXT(2) 
PARAMETRIC_REPRESENTATION_CONTEXT() REPRESENTATION_CONTEXT('2D SPACE',''
  ) );
#3298 = PCURVE('',#3117,#3299);
#3299 = DEFINITIONAL_REPRESENTATION('',(#3300),#3304);
#3300 = LINE('',#3301,#3302);
#3301 = CARTESIAN_POINT('',(0.282743338823,0.));
#3302 = VECTOR('',#3303,1.);
#3303 = DIRECTION('',(0.,1.));
#3304 = ( GEOMETRIC_REPRESENTATION_CONTEXT(2) 
PARAMETRIC_REPRESENTATION_CONTEXT() REPRESENTATION_CONTEXT('2D SPACE',''
  ) );
#3305 = ORIENTED_EDGE('',*,*,#3211,.F.);
#3306 = ADVANCED_FACE('Magnet::2::Boundary',(#3307),#3144,.F.);
#3307 = FACE_BOUND('',#3308,.F.);
#3308 = EDGE_LOOP('',(#3309,#3330,#3331,#3332));
#3309 = ORIENTED_EDGE('',*,*,#3310,.T.);
#3310 = EDGE_CURVE('',#3101,#3235,#3311,.T.);
#3311 = SURFACE_CURVE('',#3312,(#3316,#3323),.PCURVE_S1.);
#3312 = LINE('',#3313,#3314);
#3313 = CARTESIAN_POINT('',(9.270509831248E-03,2.853169548885E-02,1.E-02
    ));
#3314 = VECTOR('',#3315,1.);
#3315 = DIRECTION('',(0.,0.,1.));
#3316 = PCURVE('',#3144,#3317);
#3317 = DEFINITIONAL_REPRESENTATION('',(#3318),#3322);
#3318 = LINE('',#3319,#3320);
#3319 = CARTESIAN_POINT('',(6.28318530718,-0.));
#3320 = VECTOR('',#3321,1.);
#3321 = DIRECTION('',(0.,1.));
#3322 = ( GEOMETRIC_REPRESENTATION_CONTEXT(2) 
PARAMETRIC_REPRESENTATION_CONTEXT() REPRESENTATION_CONTEXT('2D SPACE',''
  ) );
#3323 = PCURVE('',#3117,#3324);
#3324 = DEFINITIONAL_REPRESENTATION('',(#3325),#3329);
#3325 = LINE('',#3326,#3327);
#3326 = CARTESIAN_POINT('',(0.,-0.));
#3327 = VECTOR('',#3328,1.);
#3328 = DIRECTION('',(0.,1.));
#3329 = ( GEOMETRIC_REPRESENTATION_CONTEXT(2) 
PARAMETRIC_REPRESENTATION_CONTEXT() REPRESENTATION_CONTEXT('2D SPACE',''
  ) );
#3330 = ORIENTED_EDGE('',*,*,#3258,.F.);
#3331 = ORIENTED_EDGE('',*,*,#3161,.F.);
#3332 = ORIENTED_EDGE('',*,*,#3129,.T.);
#3333 = ADVANCED_FACE('Magnet::2::Boundary',(#3334),#3117,.F.);
#3334 = FACE_BOUND('',#3335,.F.);
#3335 = EDGE_LOOP('',(#3336,#3337,#3338,#3339));
#3336 = ORIENTED_EDGE('',*,*,#3234,.F.);
#3337 = ORIENTED_EDGE('',*,*,#3310,.F.);
#3338 = ORIENTED_EDGE('',*,*,#3100,.T.);
#3339 = ORIENTED_EDGE('',*,*,#3285,.T.);
#3340 = MANIFOLD_SOLID_BREP('Magnet::3',#3341);
#3341 = CLOSED_SHELL('',(#3342,#3464,#3542,#3649,#3698,#3773,#3800,#3827
    ));
#3342 = ADVANCED_FACE('Magnet::3::Boundary',(#3343),#3357,.T.);
#3343 = FACE_BOUND('',#3344,.T.);
#3344 = EDGE_LOOP('',(#3345,#3380,#3409,#3437));
#3345 = ORIENTED_EDGE('',*,*,#3346,.T.);
#3346 = EDGE_CURVE('',#3347,#3349,#3351,.T.);
#3347 = VERTEX_POINT('',#3348);
#3348 = CARTESIAN_POINT('',(-1.85410196625E-02,5.706339097771E-02,1.E-02
    ));
#3349 = VERTEX_POINT('',#3350);
#3350 = CARTESIAN_POINT('',(-1.85410196625E-02,5.706339097771E-02,2.E-02
    ));
#3351 = SURFACE_CURVE('',#3352,(#3356,#3368),.PCURVE_S1.);
#3352 = LINE('',#3353,#3354);
#3353 = CARTESIAN_POINT('',(-1.85410196625E-02,5.706339097771E-02,1.E-02
    ));
#3354 = VECTOR('',#3355,1.);
#3355 = DIRECTION('',(0.,0.,1.));
#3356 = PCURVE('',#3357,#3362);
#3357 = CYLINDRICAL_SURFACE('',#3358,6.E-02);
#3358 = AXIS2_PLACEMENT_3D('',#3359,#3360,#3361);
#3359 = CARTESIAN_POINT('',(0.,0.,1.E-02));
#3360 = DIRECTION('',(0.,0.,1.));
#3361 = DIRECTION('',(-0.309016994375,0.951056516295,0.));
#3362 = DEFINITIONAL_REPRESENTATION('',(#3363),#3367);
#3363 = LINE('',#3364,#3365);
#3364 = CARTESIAN_POINT('',(6.28318530718,-0.));
#3365 = VECTOR('',#3366,1.);
#3366 = DIRECTION('',(0.,1.));
#3367 = ( GEOMETRIC_REPRESENTATION_CONTEXT(2) 
PARAMETRIC_REPRESENTATION_CONTEXT() REPRESENTATION_CONTEXT('2D SPACE',''
  ) );
#3368 = PCURVE('',#3369,#3374);
#3369 = CYLINDRICAL_SURFACE('',#3370,6.E-02);
#3370 = AXIS2_PLACEMENT_3D('',#3371,#3372,#3373);
#3371 = CARTESIAN_POINT('',(0.,0.,1.E-02));
#3372 = DIRECTION('',(0.,0.,1.));
#3373 = DIRECTION('',(-0.309016994375,0.951056516295,0.));
#3374 = DEFINITIONAL_REPRESENTATION('',(#3375),#3379);
#3375 = LINE('',#3376,#3377);
#3376 = CARTESIAN_POINT('',(0.,-0.));
#3377 = VECTOR('',#3378,1.);
#3378 = DIRECTION('',(0.,1.));
#3379 = ( GEOMETRIC_REPRESENTATION_CONTEXT(2) 
PARAMETRIC_REPRESENTATION_CONTEXT() REPRESENTATION_CONTEXT('2D SPACE',''
  ) );
#3380 = ORIENTED_EDGE('',*,*,#3381,.F.);
#3381 = EDGE_CURVE('',#3382,#3349,#3384,.T.);
#3382 = VERTEX_POINT('',#3383);
#3383 = CARTESIAN_POINT('',(-1.884645544688E-03,5.997039362194E-02,
    2.E-02));
#3384 = SURFACE_CURVE('',#3385,(#3390,#3397),.PCURVE_S1.);
#3385 = CIRCLE('',#3386,6.E-02);
#3386 = AXIS2_PLACEMENT_3D('',#3387,#3388,#3389);
#3387 = CARTESIAN_POINT('',(0.,0.,2.E-02));
#3388 = DIRECTION('',(0.,0.,1.));
#3389 = DIRECTION('',(-0.309016994375,0.951056516295,0.));
#3390 = PCURVE('',#3357,#3391);
#3391 = DEFINITIONAL_REPRESENTATION('',(#3392),#3396);
#3392 = LINE('',#3393,#3394);
#3393 = CARTESIAN_POINT('',(0.,1.E-02));
#3394 = VECTOR('',#3395,1.);
#3395 = DIRECTION('',(1.,0.));
#3396 = ( GEOMETRIC_REPRESENTATION_CONTEXT(2) 
PARAMETRIC_REPRESENTATION_CONTEXT() REPRESENTATION_CONTEXT('2D SPACE',''
  ) );
#3397 = PCURVE('',#3398,#3403);
#3398 = PLANE('',#3399);
#3399 = AXIS2_PLACEMENT_3D('',#3400,#3401,#3402);
#3400 = CARTESIAN_POINT('',(0.,0.,2.E-02));
#3401 = DIRECTION('',(0.,0.,1.));
#3402 = DIRECTION('',(-0.309016994375,0.951056516295,0.));
#3403 = DEFINITIONAL_REPRESENTATION('',(#3404),#3408);
#3404 = CIRCLE('',#3405,6.E-02);
#3405 = AXIS2_PLACEMENT_2D('',#3406,#3407);
#3406 = CARTESIAN_POINT('',(0.,0.));
#3407 = DIRECTION('',(1.,0.));
#3408 = ( GEOMETRIC_REPRESENTATION_CONTEXT(2) 
PARAMETRIC_REPRESENTATION_CONTEXT() REPRESENTATION_CONTEXT('2D SPACE',''
  ) );
#3409 = ORIENTED_EDGE('',*,*,#3410,.F.);
#3410 = EDGE_CURVE('',#3411,#3382,#3413,.T.);
#3411 = VERTEX_POINT('',#3412);
#3412 = CARTESIAN_POINT('',(-1.884645544688E-03,5.997039362194E-02,
    1.E-02));
#3413 = SURFACE_CURVE('',#3414,(#3418,#3425),.PCURVE_S1.);
#3414 = LINE('',#3415,#3416);
#3415 = CARTESIAN_POINT('',(-1.884645544688E-03,5.997039362194E-02,
    1.E-02));
#3416 = VECTOR('',#3417,1.);
#3417 = DIRECTION('',(0.,0.,1.));
#3418 = PCURVE('',#3357,#3419);
#3419 = DEFINITIONAL_REPRESENTATION('',(#3420),#3424);
#3420 = LINE('',#3421,#3422);
#3421 = CARTESIAN_POINT('',(6.000441968357,0.));
#3422 = VECTOR('',#3423,1.);
#3423 = DIRECTION('',(0.,1.));
#3424 = ( GEOMETRIC_REPRESENTATION_CONTEXT(2) 
PARAMETRIC_REPRESENTATION_CONTEXT() REPRESENTATION_CONTEXT('2D SPACE',''
  ) );
#3425 = PCURVE('',#3426,#3431);
#3426 = PLANE('',#3427);
#3427 = AXIS2_PLACEMENT_3D('',#3428,#3429,#3430);
#3428 = CARTESIAN_POINT('',(5.653936634063E-03,-0.179911180866,-0.17));
#3429 = DIRECTION('',(-0.999506560366,-3.141075907813E-02,0.));
#3430 = DIRECTION('',(0.,0.,1.));
#3431 = DEFINITIONAL_REPRESENTATION('',(#3432),#3436);
#3432 = LINE('',#3433,#3434);
#3433 = CARTESIAN_POINT('',(0.18,0.24));
#3434 = VECTOR('',#3435,1.);
#3435 = DIRECTION('',(1.,0.));
#3436 = ( GEOMETRIC_REPRESENTATION_CONTEXT(2) 
PARAMETRIC_REPRESENTATION_CONTEXT() REPRESENTATION_CONTEXT('2D SPACE',''
  ) );
#3437 = ORIENTED_EDGE('',*,*,#3438,.T.);
#3438 = EDGE_CURVE('',#3411,#3347,#3439,.T.);
#3439 = SURFACE_CURVE('',#3440,(#3445,#3452),.PCURVE_S1.);
#3440 = CIRCLE('',#3441,6.E-02);
#3441 = AXIS2_PLACEMENT_3D('',#3442,#3443,#3444);
#3442 = CARTESIAN_POINT('',(0.,0.,1.E-02));
#3443 = DIRECTION('',(0.,0.,1.));
#3444 = DIRECTION('',(-0.309016994375,0.951056516295,0.));
#3445 = PCURVE('',#3357,#3446);
#3446 = DEFINITIONAL_REPRESENTATION('',(#3447),#3451);
#3447 = LINE('',#3448,#3449);
#3448 = CARTESIAN_POINT('',(0.,0.));
#3449 = VECTOR('',#3450,1.);
#3450 = DIRECTION('',(1.,0.));
#3451 = ( GEOMETRIC_REPRESENTATION_CONTEXT(2) 
PARAMETRIC_REPRESENTATION_CONTEXT() REPRESENTATION_CONTEXT('2D SPACE',''
  ) );
#3452 = PCURVE('',#3453,#3458);
#3453 = PLANE('',#3454);
#3454 = AXIS2_PLACEMENT_3D('',#3455,#3456,#3457);
#3455 = CARTESIAN_POINT('',(0.,0.,1.E-02));
#3456 = DIRECTION('',(0.,0.,1.));
#3457 = DIRECTION('',(-0.309016994375,0.951056516295,0.));
#3458 = DEFINITIONAL_REPRESENTATION('',(#3459),#3463);
#3459 = CIRCLE('',#3460,6.E-02);
#3460 = AXIS2_PLACEMENT_2D('',#3461,#3462);
#3461 = CARTESIAN_POINT('',(0.,0.));
#3462 = DIRECTION('',(1.,0.));
#3463 = ( GEOMETRIC_REPRESENTATION_CONTEXT(2) 
PARAMETRIC_REPRESENTATION_CONTEXT() REPRESENTATION_CONTEXT('2D SPACE',''
  ) );
#3464 = ADVANCED_FACE('Magnet::3::Boundary',(#3465),#3369,.T.);
#3465 = FACE_BOUND('',#3466,.T.);
#3466 = EDGE_LOOP('',(#3467,#3491,#3492,#3516));
#3467 = ORIENTED_EDGE('',*,*,#3468,.F.);
#3468 = EDGE_CURVE('',#3349,#3469,#3471,.T.);
#3469 = VERTEX_POINT('',#3470);
#3470 = CARTESIAN_POINT('',(-3.372500267113E-02,4.962483445647E-02,
    2.E-02));
#3471 = SURFACE_CURVE('',#3472,(#3477,#3484),.PCURVE_S1.);
#3472 = CIRCLE('',#3473,6.E-02);
#3473 = AXIS2_PLACEMENT_3D('',#3474,#3475,#3476);
#3474 = CARTESIAN_POINT('',(0.,0.,2.E-02));
#3475 = DIRECTION('',(0.,0.,1.));
#3476 = DIRECTION('',(-0.309016994375,0.951056516295,0.));
#3477 = PCURVE('',#3369,#3478);
#3478 = DEFINITIONAL_REPRESENTATION('',(#3479),#3483);
#3479 = LINE('',#3480,#3481);
#3480 = CARTESIAN_POINT('',(0.,1.E-02));
#3481 = VECTOR('',#3482,1.);
#3482 = DIRECTION('',(1.,0.));
#3483 = ( GEOMETRIC_REPRESENTATION_CONTEXT(2) 
PARAMETRIC_REPRESENTATION_CONTEXT() REPRESENTATION_CONTEXT('2D SPACE',''
  ) );
#3484 = PCURVE('',#3398,#3485);
#3485 = DEFINITIONAL_REPRESENTATION('',(#3486),#3490);
#3486 = CIRCLE('',#3487,6.E-02);
#3487 = AXIS2_PLACEMENT_2D('',#3488,#3489);
#3488 = CARTESIAN_POINT('',(0.,0.));
#3489 = DIRECTION('',(1.,0.));
#3490 = ( GEOMETRIC_REPRESENTATION_CONTEXT(2) 
PARAMETRIC_REPRESENTATION_CONTEXT() REPRESENTATION_CONTEXT('2D SPACE',''
  ) );
#3491 = ORIENTED_EDGE('',*,*,#3346,.F.);
#3492 = ORIENTED_EDGE('',*,*,#3493,.T.);
#3493 = EDGE_CURVE('',#3347,#3494,#3496,.T.);
#3494 = VERTEX_POINT('',#3495);
#3495 = CARTESIAN_POINT('',(-3.372500267113E-02,4.962483445647E-02,
    1.E-02));
#3496 = SURFACE_CURVE('',#3497,(#3502,#3509),.PCURVE_S1.);
#3497 = CIRCLE('',#3498,6.E-02);
#3498 = AXIS2_PLACEMENT_3D('',#3499,#3500,#3501);
#3499 = CARTESIAN_POINT('',(0.,0.,1.E-02));
#3500 = DIRECTION('',(0.,0.,1.));
#3501 = DIRECTION('',(-0.309016994375,0.951056516295,0.));
#3502 = PCURVE('',#3369,#3503);
#3503 = DEFINITIONAL_REPRESENTATION('',(#3504),#3508);
#3504 = LINE('',#3505,#3506);
#3505 = CARTESIAN_POINT('',(0.,0.));
#3506 = VECTOR('',#3507,1.);
#3507 = DIRECTION('',(1.,0.));
#3508 = ( GEOMETRIC_REPRESENTATION_CONTEXT(2) 
PARAMETRIC_REPRESENTATION_CONTEXT() REPRESENTATION_CONTEXT('2D SPACE',''
  ) );
#3509 = PCURVE('',#3453,#3510);
#3510 = DEFINITIONAL_REPRESENTATION('',(#3511),#3515);
#3511 = CIRCLE('',#3512,6.E-02);
#3512 = AXIS2_PLACEMENT_2D('',#3513,#3514);
#3513 = CARTESIAN_POINT('',(0.,0.));
#3514 = DIRECTION('',(1.,0.));
#3515 = ( GEOMETRIC_REPRESENTATION_CONTEXT(2) 
PARAMETRIC_REPRESENTATION_CONTEXT() REPRESENTATION_CONTEXT('2D SPACE',''
  ) );
#3516 = ORIENTED_EDGE('',*,*,#3517,.T.);
#3517 = EDGE_CURVE('',#3494,#3469,#3518,.T.);
#3518 = SURFACE_CURVE('',#3519,(#3523,#3530),.PCURVE_S1.);
#3519 = LINE('',#3520,#3521);
#3520 = CARTESIAN_POINT('',(-3.372500267113E-02,4.962483445647E-02,
    1.E-02));
#3521 = VECTOR('',#3522,1.);
#3522 = DIRECTION('',(0.,0.,1.));
#3523 = PCURVE('',#3369,#3524);
#3524 = DEFINITIONAL_REPRESENTATION('',(#3525),#3529);
#3525 = LINE('',#3526,#3527);
#3526 = CARTESIAN_POINT('',(0.282743338823,0.));
#3527 = VECTOR('',#3528,1.);
#3528 = DIRECTION('',(0.,1.));
#3529 = ( GEOMETRIC_REPRESENTATION_CONTEXT(2) 
PARAMETRIC_REPRESENTATION_CONTEXT() REPRESENTATION_CONTEXT('2D SPACE',''
  ) );
#3530 = PCURVE('',#3531,#3536);
#3531 = PLANE('',#3532);
#3532 = AXIS2_PLACEMENT_3D('',#3533,#3534,#3535);
#3533 = CARTESIAN_POINT('',(0.101175008013,-0.148874503369,-0.17));
#3534 = DIRECTION('',(-0.827080574275,-0.562083377852,0.));
#3535 = DIRECTION('',(0.,0.,1.));
#3536 = DEFINITIONAL_REPRESENTATION('',(#3537),#3541);
#3537 = LINE('',#3538,#3539);
#3538 = CARTESIAN_POINT('',(0.18,0.24));
#3539 = VECTOR('',#3540,1.);
#3540 = DIRECTION('',(1.,0.));
#3541 = ( GEOMETRIC_REPRESENTATION_CONTEXT(2) 
PARAMETRIC_REPRESENTATION_CONTEXT() REPRESENTATION_CONTEXT('2D SPACE',''
  ) );
#3542 = ADVANCED_FACE('',(#3543),#3453,.F.);
#3543 = FACE_BOUND('',#3544,.F.);
#3544 = EDGE_LOOP('',(#3545,#3568,#3569,#3570,#3593,#3622));
#3545 = ORIENTED_EDGE('',*,*,#3546,.F.);
#3546 = EDGE_CURVE('',#3411,#3547,#3549,.T.);
#3547 = VERTEX_POINT('',#3548);
#3548 = CARTESIAN_POINT('',(-9.423227723438E-04,2.998519681097E-02,
    1.E-02));
#3549 = SURFACE_CURVE('',#3550,(#3554,#3561),.PCURVE_S1.);
#3550 = LINE('',#3551,#3552);
#3551 = CARTESIAN_POINT('',(2.826968317032E-03,-8.995559043292E-02,
    1.E-02));
#3552 = VECTOR('',#3553,1.);
#3553 = DIRECTION('',(3.141075907813E-02,-0.999506560366,0.));
#3554 = PCURVE('',#3453,#3555);
#3555 = DEFINITIONAL_REPRESENTATION('',(#3556),#3560);
#3556 = LINE('',#3557,#3558);
#3557 = CARTESIAN_POINT('',(-8.642643171092E-02,2.510919954353E-02));
#3558 = VECTOR('',#3559,1.);
#3559 = DIRECTION('',(-0.960293685677,0.278991106039));
#3560 = ( GEOMETRIC_REPRESENTATION_CONTEXT(2) 
PARAMETRIC_REPRESENTATION_CONTEXT() REPRESENTATION_CONTEXT('2D SPACE',''
  ) );
#3561 = PCURVE('',#3426,#3562);
#3562 = DEFINITIONAL_REPRESENTATION('',(#3563),#3567);
#3563 = LINE('',#3564,#3565);
#3564 = CARTESIAN_POINT('',(0.18,9.E-02));
#3565 = VECTOR('',#3566,1.);
#3566 = DIRECTION('',(0.,-1.));
#3567 = ( GEOMETRIC_REPRESENTATION_CONTEXT(2) 
PARAMETRIC_REPRESENTATION_CONTEXT() REPRESENTATION_CONTEXT('2D SPACE',''
  ) );
#3568 = ORIENTED_EDGE('',*,*,#3438,.T.);
#3569 = ORIENTED_EDGE('',*,*,#3493,.T.);
#3570 = ORIENTED_EDGE('',*,*,#3571,.T.);
#3571 = EDGE_CURVE('',#3494,#3572,#3574,.T.);
#3572 = VERTEX_POINT('',#3573);
#3573 = CARTESIAN_POINT('',(-1.686250133556E-02,2.481241722824E-02,
    1.E-02));
#3574 = SURFACE_CURVE('',#3575,(#3579,#3586),.PCURVE_S1.);
#3575 = LINE('',#3576,#3577);
#3576 = CARTESIAN_POINT('',(5.058750400669E-02,-7.443725168471E-02,
    1.E-02));
#3577 = VECTOR('',#3578,1.);
#3578 = DIRECTION('',(0.562083377852,-0.827080574275,0.));
#3579 = PCURVE('',#3453,#3580);
#3580 = DEFINITIONAL_REPRESENTATION('',(#3581),#3585);
#3581 = LINE('',#3582,#3583);
#3582 = CARTESIAN_POINT('',(-8.642643171092E-02,-2.510919954353E-02));
#3583 = VECTOR('',#3584,1.);
#3584 = DIRECTION('',(-0.960293685677,-0.278991106039));
#3585 = ( GEOMETRIC_REPRESENTATION_CONTEXT(2) 
PARAMETRIC_REPRESENTATION_CONTEXT() REPRESENTATION_CONTEXT('2D SPACE',''
  ) );
#3586 = PCURVE('',#3531,#3587);
#3587 = DEFINITIONAL_REPRESENTATION('',(#3588),#3592);
#3588 = LINE('',#3589,#3590);
#3589 = CARTESIAN_POINT('',(0.18,9.E-02));
#3590 = VECTOR('',#3591,1.);
#3591 = DIRECTION('',(0.,-1.));
#3592 = ( GEOMETRIC_REPRESENTATION_CONTEXT(2) 
PARAMETRIC_REPRESENTATION_CONTEXT() REPRESENTATION_CONTEXT('2D SPACE',''
  ) );
#3593 = ORIENTED_EDGE('',*,*,#3594,.F.);
#3594 = EDGE_CURVE('',#3595,#3572,#3597,.T.);
#3595 = VERTEX_POINT('',#3596);
#3596 = CARTESIAN_POINT('',(-9.270509831248E-03,2.853169548885E-02,
    1.E-02));
#3597 = SURFACE_CURVE('',#3598,(#3603,#3610),.PCURVE_S1.);
#3598 = CIRCLE('',#3599,3.E-02);
#3599 = AXIS2_PLACEMENT_3D('',#3600,#3601,#3602);
#3600 = CARTESIAN_POINT('',(0.,0.,1.E-02));
#3601 = DIRECTION('',(0.,0.,1.));
#3602 = DIRECTION('',(-0.309016994375,0.951056516295,0.));
#3603 = PCURVE('',#3453,#3604);
#3604 = DEFINITIONAL_REPRESENTATION('',(#3605),#3609);
#3605 = CIRCLE('',#3606,3.E-02);
#3606 = AXIS2_PLACEMENT_2D('',#3607,#3608);
#3607 = CARTESIAN_POINT('',(0.,0.));
#3608 = DIRECTION('',(1.,0.));
#3609 = ( GEOMETRIC_REPRESENTATION_CONTEXT(2) 
PARAMETRIC_REPRESENTATION_CONTEXT() REPRESENTATION_CONTEXT('2D SPACE',''
  ) );
#3610 = PCURVE('',#3611,#3616);
#3611 = CYLINDRICAL_SURFACE('',#3612,3.E-02);
#3612 = AXIS2_PLACEMENT_3D('',#3613,#3614,#3615);
#3613 = CARTESIAN_POINT('',(0.,0.,1.E-02));
#3614 = DIRECTION('',(0.,0.,1.));
#3615 = DIRECTION('',(-0.309016994375,0.951056516295,0.));
#3616 = DEFINITIONAL_REPRESENTATION('',(#3617),#3621);
#3617 = LINE('',#3618,#3619);
#3618 = CARTESIAN_POINT('',(0.,0.));
#3619 = VECTOR('',#3620,1.);
#3620 = DIRECTION('',(1.,0.));
#3621 = ( GEOMETRIC_REPRESENTATION_CONTEXT(2) 
PARAMETRIC_REPRESENTATION_CONTEXT() REPRESENTATION_CONTEXT('2D SPACE',''
  ) );
#3622 = ORIENTED_EDGE('',*,*,#3623,.F.);
#3623 = EDGE_CURVE('',#3547,#3595,#3624,.T.);
#3624 = SURFACE_CURVE('',#3625,(#3630,#3637),.PCURVE_S1.);
#3625 = CIRCLE('',#3626,3.E-02);
#3626 = AXIS2_PLACEMENT_3D('',#3627,#3628,#3629);
#3627 = CARTESIAN_POINT('',(0.,0.,1.E-02));
#3628 = DIRECTION('',(0.,0.,1.));
#3629 = DIRECTION('',(-0.309016994375,0.951056516295,0.));
#3630 = PCURVE('',#3453,#3631);
#3631 = DEFINITIONAL_REPRESENTATION('',(#3632),#3636);
#3632 = CIRCLE('',#3633,3.E-02);
#3633 = AXIS2_PLACEMENT_2D('',#3634,#3635);
#3634 = CARTESIAN_POINT('',(0.,0.));
#3635 = DIRECTION('',(1.,0.));
#3636 = ( GEOMETRIC_REPRESENTATION_CONTEXT(2) 
PARAMETRIC_REPRESENTATION_CONTEXT() REPRESENTATION_CONTEXT('2D SPACE',''
  ) );
#3637 = PCURVE('',#3638,#3643);
#3638 = CYLINDRICAL_SURFACE('',#3639,3.E-02);
#3639 = AXIS2_PLACEMENT_3D('',#3640,#3641,#3642);
#3640 = CARTESIAN_POINT('',(0.,0.,1.E-02));
#3641 = DIRECTION('',(0.,0.,1.));
#3642 = DIRECTION('',(-0.309016994375,0.951056516295,0.));
#3643 = DEFINITIONAL_REPRESENTATION('',(#3644),#3648);
#3644 = LINE('',#3645,#3646);
#3645 = CARTESIAN_POINT('',(0.,0.));
#3646 = VECTOR('',#3647,1.);
#3647 = DIRECTION('',(1.,0.));
#3648 = ( GEOMETRIC_REPRESENTATION_CONTEXT(2) 
PARAMETRIC_REPRESENTATION_CONTEXT() REPRESENTATION_CONTEXT('2D SPACE',''
  ) );
#3649 = ADVANCED_FACE('Magnet::3::Boundary',(#3650),#3426,.F.);
#3650 = FACE_BOUND('',#3651,.F.);
#3651 = EDGE_LOOP('',(#3652,#3653,#3654,#3677));
#3652 = ORIENTED_EDGE('',*,*,#3410,.F.);
#3653 = ORIENTED_EDGE('',*,*,#3546,.T.);
#3654 = ORIENTED_EDGE('',*,*,#3655,.T.);
#3655 = EDGE_CURVE('',#3547,#3656,#3658,.T.);
#3656 = VERTEX_POINT('',#3657);
#3657 = CARTESIAN_POINT('',(-9.423227723438E-04,2.998519681097E-02,
    2.E-02));
#3658 = SURFACE_CURVE('',#3659,(#3663,#3670),.PCURVE_S1.);
#3659 = LINE('',#3660,#3661);
#3660 = CARTESIAN_POINT('',(-9.423227723438E-04,2.998519681097E-02,
    1.E-02));
#3661 = VECTOR('',#3662,1.);
#3662 = DIRECTION('',(0.,0.,1.));
#3663 = PCURVE('',#3426,#3664);
#3664 = DEFINITIONAL_REPRESENTATION('',(#3665),#3669);
#3665 = LINE('',#3666,#3667);
#3666 = CARTESIAN_POINT('',(0.18,0.21));
#3667 = VECTOR('',#3668,1.);
#3668 = DIRECTION('',(1.,0.));
#3669 = ( GEOMETRIC_REPRESENTATION_CONTEXT(2) 
PARAMETRIC_REPRESENTATION_CONTEXT() REPRESENTATION_CONTEXT('2D SPACE',''
  ) );
#3670 = PCURVE('',#3638,#3671);
#3671 = DEFINITIONAL_REPRESENTATION('',(#3672),#3676);
#3672 = LINE('',#3673,#3674);
#3673 = CARTESIAN_POINT('',(6.000441968357,0.));
#3674 = VECTOR('',#3675,1.);
#3675 = DIRECTION('',(0.,1.));
#3676 = ( GEOMETRIC_REPRESENTATION_CONTEXT(2) 
PARAMETRIC_REPRESENTATION_CONTEXT() REPRESENTATION_CONTEXT('2D SPACE',''
  ) );
#3677 = ORIENTED_EDGE('',*,*,#3678,.F.);
#3678 = EDGE_CURVE('',#3382,#3656,#3679,.T.);
#3679 = SURFACE_CURVE('',#3680,(#3684,#3691),.PCURVE_S1.);
#3680 = LINE('',#3681,#3682);
#3681 = CARTESIAN_POINT('',(2.826968317032E-03,-8.995559043292E-02,
    2.E-02));
#3682 = VECTOR('',#3683,1.);
#3683 = DIRECTION('',(3.141075907813E-02,-0.999506560366,0.));
#3684 = PCURVE('',#3426,#3685);
#3685 = DEFINITIONAL_REPRESENTATION('',(#3686),#3690);
#3686 = LINE('',#3687,#3688);
#3687 = CARTESIAN_POINT('',(0.19,9.E-02));
#3688 = VECTOR('',#3689,1.);
#3689 = DIRECTION('',(0.,-1.));
#3690 = ( GEOMETRIC_REPRESENTATION_CONTEXT(2) 
PARAMETRIC_REPRESENTATION_CONTEXT() REPRESENTATION_CONTEXT('2D SPACE',''
  ) );
#3691 = PCURVE('',#3398,#3692);
#3692 = DEFINITIONAL_REPRESENTATION('',(#3693),#3697);
#3693 = LINE('',#3694,#3695);
#3694 = CARTESIAN_POINT('',(-8.642643171092E-02,2.510919954353E-02));
#3695 = VECTOR('',#3696,1.);
#3696 = DIRECTION('',(-0.960293685677,0.278991106039));
#3697 = ( GEOMETRIC_REPRESENTATION_CONTEXT(2) 
PARAMETRIC_REPRESENTATION_CONTEXT() REPRESENTATION_CONTEXT('2D SPACE',''
  ) );
#3698 = ADVANCED_FACE('Magnet::3::Boundary',(#3699),#3398,.T.);
#3699 = FACE_BOUND('',#3700,.T.);
#3700 = EDGE_LOOP('',(#3701,#3702,#3703,#3704,#3727,#3751));
#3701 = ORIENTED_EDGE('',*,*,#3678,.F.);
#3702 = ORIENTED_EDGE('',*,*,#3381,.T.);
#3703 = ORIENTED_EDGE('',*,*,#3468,.T.);
#3704 = ORIENTED_EDGE('',*,*,#3705,.T.);
#3705 = EDGE_CURVE('',#3469,#3706,#3708,.T.);
#3706 = VERTEX_POINT('',#3707);
#3707 = CARTESIAN_POINT('',(-1.686250133556E-02,2.481241722824E-02,
    2.E-02));
#3708 = SURFACE_CURVE('',#3709,(#3713,#3720),.PCURVE_S1.);
#3709 = LINE('',#3710,#3711);
#3710 = CARTESIAN_POINT('',(5.058750400669E-02,-7.443725168471E-02,
    2.E-02));
#3711 = VECTOR('',#3712,1.);
#3712 = DIRECTION('',(0.562083377852,-0.827080574275,0.));
#3713 = PCURVE('',#3398,#3714);
#3714 = DEFINITIONAL_REPRESENTATION('',(#3715),#3719);
#3715 = LINE('',#3716,#3717);
#3716 = CARTESIAN_POINT('',(-8.642643171092E-02,-2.510919954353E-02));
#3717 = VECTOR('',#3718,1.);
#3718 = DIRECTION('',(-0.960293685677,-0.278991106039));
#3719 = ( GEOMETRIC_REPRESENTATION_CONTEXT(2) 
PARAMETRIC_REPRESENTATION_CONTEXT() REPRESENTATION_CONTEXT('2D SPACE',''
  ) );
#3720 = PCURVE('',#3531,#3721);
#3721 = DEFINITIONAL_REPRESENTATION('',(#3722),#3726);
#3722 = LINE('',#3723,#3724);
#3723 = CARTESIAN_POINT('',(0.19,9.E-02));
#3724 = VECTOR('',#3725,1.);
#3725 = DIRECTION('',(0.,-1.));
#3726 = ( GEOMETRIC_REPRESENTATION_CONTEXT(2) 
PARAMETRIC_REPRESENTATION_CONTEXT() REPRESENTATION_CONTEXT('2D SPACE',''
  ) );
#3727 = ORIENTED_EDGE('',*,*,#3728,.F.);
#3728 = EDGE_CURVE('',#3729,#3706,#3731,.T.);
#3729 = VERTEX_POINT('',#3730);
#3730 = CARTESIAN_POINT('',(-9.270509831248E-03,2.853169548885E-02,
    2.E-02));
#3731 = SURFACE_CURVE('',#3732,(#3737,#3744),.PCURVE_S1.);
#3732 = CIRCLE('',#3733,3.E-02);
#3733 = AXIS2_PLACEMENT_3D('',#3734,#3735,#3736);
#3734 = CARTESIAN_POINT('',(0.,0.,2.E-02));
#3735 = DIRECTION('',(0.,0.,1.));
#3736 = DIRECTION('',(-0.309016994375,0.951056516295,0.));
#3737 = PCURVE('',#3398,#3738);
#3738 = DEFINITIONAL_REPRESENTATION('',(#3739),#3743);
#3739 = CIRCLE('',#3740,3.E-02);
#3740 = AXIS2_PLACEMENT_2D('',#3741,#3742);
#3741 = CARTESIAN_POINT('',(0.,0.));
#3742 = DIRECTION('',(1.,0.));
#3743 = ( GEOMETRIC_REPRESENTATION_CONTEXT(2) 
PARAMETRIC_REPRESENTATION_CONTEXT() REPRESENTATION_CONTEXT('2D SPACE',''
  ) );
#3744 = PCURVE('',#3611,#3745);
#3745 = DEFINITIONAL_REPRESENTATION('',(#3746),#3750);
#3746 = LINE('',#3747,#3748);
#3747 = CARTESIAN_POINT('',(0.,1.E-02));
#3748 = VECTOR('',#3749,1.);
#3749 = DIRECTION('',(1.,0.));
#3750 = ( GEOMETRIC_REPRESENTATION_CONTEXT(2) 
PARAMETRIC_REPRESENTATION_CONTEXT() REPRESENTATION_CONTEXT('2D SPACE',''
  ) );
#3751 = ORIENTED_EDGE('',*,*,#3752,.F.);
#3752 = EDGE_CURVE('',#3656,#3729,#3753,.T.);
#3753 = SURFACE_CURVE('',#3754,(#3759,#3766),.PCURVE_S1.);
#3754 = CIRCLE('',#3755,3.E-02);
#3755 = AXIS2_PLACEMENT_3D('',#3756,#3757,#3758);
#3756 = CARTESIAN_POINT('',(0.,0.,2.E-02));
#3757 = DIRECTION('',(0.,0.,1.));
#3758 = DIRECTION('',(-0.309016994375,0.951056516295,0.));
#3759 = PCURVE('',#3398,#3760);
#3760 = DEFINITIONAL_REPRESENTATION('',(#3761),#3765);
#3761 = CIRCLE('',#3762,3.E-02);
#3762 = AXIS2_PLACEMENT_2D('',#3763,#3764);
#3763 = CARTESIAN_POINT('',(0.,0.));
#3764 = DIRECTION('',(1.,0.));
#3765 = ( GEOMETRIC_REPRESENTATION_CONTEXT(2) 
PARAMETRIC_REPRESENTATION_CONTEXT() REPRESENTATION_CONTEXT('2D SPACE',''
  ) );
#3766 = PCURVE('',#3638,#3767);
#3767 = DEFINITIONAL_REPRESENTATION('',(#3768),#3772);
#3768 = LINE('',#3769,#3770);
#3769 = CARTESIAN_POINT('',(0.,1.E-02));
#3770 = VECTOR('',#3771,1.);
#3771 = DIRECTION('',(1.,0.));
#3772 = ( GEOMETRIC_REPRESENTATION_CONTEXT(2) 
PARAMETRIC_REPRESENTATION_CONTEXT() REPRESENTATION_CONTEXT('2D SPACE',''
  ) );
#3773 = ADVANCED_FACE('Magnet::3::Boundary',(#3774),#3531,.T.);
#3774 = FACE_BOUND('',#3775,.T.);
#3775 = EDGE_LOOP('',(#3776,#3777,#3778,#3799));
#3776 = ORIENTED_EDGE('',*,*,#3517,.F.);
#3777 = ORIENTED_EDGE('',*,*,#3571,.T.);
#3778 = ORIENTED_EDGE('',*,*,#3779,.T.);
#3779 = EDGE_CURVE('',#3572,#3706,#3780,.T.);
#3780 = SURFACE_CURVE('',#3781,(#3785,#3792),.PCURVE_S1.);
#3781 = LINE('',#3782,#3783);
#3782 = CARTESIAN_POINT('',(-1.686250133556E-02,2.481241722824E-02,
    1.E-02));
#3783 = VECTOR('',#3784,1.);
#3784 = DIRECTION('',(0.,0.,1.));
#3785 = PCURVE('',#3531,#3786);
#3786 = DEFINITIONAL_REPRESENTATION('',(#3787),#3791);
#3787 = LINE('',#3788,#3789);
#3788 = CARTESIAN_POINT('',(0.18,0.21));
#3789 = VECTOR('',#3790,1.);
#3790 = DIRECTION('',(1.,0.));
#3791 = ( GEOMETRIC_REPRESENTATION_CONTEXT(2) 
PARAMETRIC_REPRESENTATION_CONTEXT() REPRESENTATION_CONTEXT('2D SPACE',''
  ) );
#3792 = PCURVE('',#3611,#3793);
#3793 = DEFINITIONAL_REPRESENTATION('',(#3794),#3798);
#3794 = LINE('',#3795,#3796);
#3795 = CARTESIAN_POINT('',(0.282743338823,0.));
#3796 = VECTOR('',#3797,1.);
#3797 = DIRECTION('',(0.,1.));
#3798 = ( GEOMETRIC_REPRESENTATION_CONTEXT(2) 
PARAMETRIC_REPRESENTATION_CONTEXT() REPRESENTATION_CONTEXT('2D SPACE',''
  ) );
#3799 = ORIENTED_EDGE('',*,*,#3705,.F.);
#3800 = ADVANCED_FACE('Magnet::3::Boundary',(#3801),#3638,.F.);
#3801 = FACE_BOUND('',#3802,.F.);
#3802 = EDGE_LOOP('',(#3803,#3824,#3825,#3826));
#3803 = ORIENTED_EDGE('',*,*,#3804,.T.);
#3804 = EDGE_CURVE('',#3595,#3729,#3805,.T.);
#3805 = SURFACE_CURVE('',#3806,(#3810,#3817),.PCURVE_S1.);
#3806 = LINE('',#3807,#3808);
#3807 = CARTESIAN_POINT('',(-9.270509831248E-03,2.853169548885E-02,
    1.E-02));
#3808 = VECTOR('',#3809,1.);
#3809 = DIRECTION('',(0.,0.,1.));
#3810 = PCURVE('',#3638,#3811);
#3811 = DEFINITIONAL_REPRESENTATION('',(#3812),#3816);
#3812 = LINE('',#3813,#3814);
#3813 = CARTESIAN_POINT('',(6.28318530718,-0.));
#3814 = VECTOR('',#3815,1.);
#3815 = DIRECTION('',(0.,1.));
#3816 = ( GEOMETRIC_REPRESENTATION_CONTEXT(2) 
PARAMETRIC_REPRESENTATION_CONTEXT() REPRESENTATION_CONTEXT('2D SPACE',''
  ) );
#3817 = PCURVE('',#3611,#3818);
#3818 = DEFINITIONAL_REPRESENTATION('',(#3819),#3823);
#3819 = LINE('',#3820,#3821);
#3820 = CARTESIAN_POINT('',(0.,-0.));
#3821 = VECTOR('',#3822,1.);
#3822 = DIRECTION('',(0.,1.));
#3823 = ( GEOMETRIC_REPRESENTATION_CONTEXT(2) 
PARAMETRIC_REPRESENTATION_CONTEXT() REPRESENTATION_CONTEXT('2D SPACE',''
  ) );
#3824 = ORIENTED_EDGE('',*,*,#3752,.F.);
#3825 = ORIENTED_EDGE('',*,*,#3655,.F.);
#3826 = ORIENTED_EDGE('',*,*,#3623,.T.);
#3827 = ADVANCED_FACE('Magnet::3::Boundary',(#3828),#3611,.F.);
#3828 = FACE_BOUND('',#3829,.F.);
#3829 = EDGE_LOOP('',(#3830,#3831,#3832,#3833));
#3830 = ORIENTED_EDGE('',*,*,#3728,.F.);
#3831 = ORIENTED_EDGE('',*,*,#3804,.F.);
#3832 = ORIENTED_EDGE('',*,*,#3594,.T.);
#3833 = ORIENTED_EDGE('',*,*,#3779,.T.);
#3834 = MANIFOLD_SOLID_BREP('Magnet::4',#3835);
#3835 = CLOSED_SHELL('',(#3836,#3958,#4036,#4143,#4192,#4267,#4294,#4321
    ));
#3836 = ADVANCED_FACE('Magnet::4::Boundary',(#3837),#3851,.T.);
#3837 = FACE_BOUND('',#3838,.T.);
#3838 = EDGE_LOOP('',(#3839,#3874,#3903,#3931));
#3839 = ORIENTED_EDGE('',*,*,#3840,.T.);
#3840 = EDGE_CURVE('',#3841,#3843,#3845,.T.);
#3841 = VERTEX_POINT('',#3842);
#3842 = CARTESIAN_POINT('',(-4.85410196625E-02,3.526711513755E-02,1.E-02
    ));
#3843 = VERTEX_POINT('',#3844);
#3844 = CARTESIAN_POINT('',(-4.85410196625E-02,3.526711513755E-02,2.E-02
    ));
#3845 = SURFACE_CURVE('',#3846,(#3850,#3862),.PCURVE_S1.);
#3846 = LINE('',#3847,#3848);
#3847 = CARTESIAN_POINT('',(-4.85410196625E-02,3.526711513755E-02,1.E-02
    ));
#3848 = VECTOR('',#3849,1.);
#3849 = DIRECTION('',(0.,0.,1.));
#3850 = PCURVE('',#3851,#3856);
#3851 = CYLINDRICAL_SURFACE('',#3852,6.E-02);
#3852 = AXIS2_PLACEMENT_3D('',#3853,#3854,#3855);
#3853 = CARTESIAN_POINT('',(0.,0.,1.E-02));
#3854 = DIRECTION('',(0.,0.,1.));
#3855 = DIRECTION('',(-0.809016994375,0.587785252292,0.));
#3856 = DEFINITIONAL_REPRESENTATION('',(#3857),#3861);
#3857 = LINE('',#3858,#3859);
#3858 = CARTESIAN_POINT('',(6.28318530718,-0.));
#3859 = VECTOR('',#3860,1.);
#3860 = DIRECTION('',(0.,1.));
#3861 = ( GEOMETRIC_REPRESENTATION_CONTEXT(2) 
PARAMETRIC_REPRESENTATION_CONTEXT() REPRESENTATION_CONTEXT('2D SPACE',''
  ) );
#3862 = PCURVE('',#3863,#3868);
#3863 = CYLINDRICAL_SURFACE('',#3864,6.E-02);
#3864 = AXIS2_PLACEMENT_3D('',#3865,#3866,#3867);
#3865 = CARTESIAN_POINT('',(0.,0.,1.E-02));
#3866 = DIRECTION('',(0.,0.,1.));
#3867 = DIRECTION('',(-0.809016994375,0.587785252292,0.));
#3868 = DEFINITIONAL_REPRESENTATION('',(#3869),#3873);
#3869 = LINE('',#3870,#3871);
#3870 = CARTESIAN_POINT('',(0.,-0.));
#3871 = VECTOR('',#3872,1.);
#3872 = DIRECTION('',(0.,1.));
#3873 = ( GEOMETRIC_REPRESENTATION_CONTEXT(2) 
PARAMETRIC_REPRESENTATION_CONTEXT() REPRESENTATION_CONTEXT('2D SPACE',''
  ) );
#3874 = ORIENTED_EDGE('',*,*,#3875,.F.);
#3875 = EDGE_CURVE('',#3876,#3843,#3878,.T.);
#3876 = VERTEX_POINT('',#3877);
#3877 = CARTESIAN_POINT('',(-3.677442321918E-02,4.740930074254E-02,
    2.E-02));
#3878 = SURFACE_CURVE('',#3879,(#3884,#3891),.PCURVE_S1.);
#3879 = CIRCLE('',#3880,6.E-02);
#3880 = AXIS2_PLACEMENT_3D('',#3881,#3882,#3883);
#3881 = CARTESIAN_POINT('',(0.,0.,2.E-02));
#3882 = DIRECTION('',(0.,0.,1.));
#3883 = DIRECTION('',(-0.809016994375,0.587785252292,0.));
#3884 = PCURVE('',#3851,#3885);
#3885 = DEFINITIONAL_REPRESENTATION('',(#3886),#3890);
#3886 = LINE('',#3887,#3888);
#3887 = CARTESIAN_POINT('',(0.,1.E-02));
#3888 = VECTOR('',#3889,1.);
#3889 = DIRECTION('',(1.,0.));
#3890 = ( GEOMETRIC_REPRESENTATION_CONTEXT(2) 
PARAMETRIC_REPRESENTATION_CONTEXT() REPRESENTATION_CONTEXT('2D SPACE',''
  ) );
#3891 = PCURVE('',#3892,#3897);
#3892 = PLANE('',#3893);
#3893 = AXIS2_PLACEMENT_3D('',#3894,#3895,#3896);
#3894 = CARTESIAN_POINT('',(0.,0.,2.E-02));
#3895 = DIRECTION('',(0.,0.,1.));
#3896 = DIRECTION('',(-0.809016994375,0.587785252292,0.));
#3897 = DEFINITIONAL_REPRESENTATION('',(#3898),#3902);
#3898 = CIRCLE('',#3899,6.E-02);
#3899 = AXIS2_PLACEMENT_2D('',#3900,#3901);
#3900 = CARTESIAN_POINT('',(0.,0.));
#3901 = DIRECTION('',(1.,0.));
#3902 = ( GEOMETRIC_REPRESENTATION_CONTEXT(2) 
PARAMETRIC_REPRESENTATION_CONTEXT() REPRESENTATION_CONTEXT('2D SPACE',''
  ) );
#3903 = ORIENTED_EDGE('',*,*,#3904,.F.);
#3904 = EDGE_CURVE('',#3905,#3876,#3907,.T.);
#3905 = VERTEX_POINT('',#3906);
#3906 = CARTESIAN_POINT('',(-3.677442321918E-02,4.740930074254E-02,
    1.E-02));
#3907 = SURFACE_CURVE('',#3908,(#3912,#3919),.PCURVE_S1.);
#3908 = LINE('',#3909,#3910);
#3909 = CARTESIAN_POINT('',(-3.677442321918E-02,4.740930074254E-02,
    1.E-02));
#3910 = VECTOR('',#3911,1.);
#3911 = DIRECTION('',(0.,0.,1.));
#3912 = PCURVE('',#3851,#3913);
#3913 = DEFINITIONAL_REPRESENTATION('',(#3914),#3918);
#3914 = LINE('',#3915,#3916);
#3915 = CARTESIAN_POINT('',(6.000441968357,0.));
#3916 = VECTOR('',#3917,1.);
#3917 = DIRECTION('',(0.,1.));
#3918 = ( GEOMETRIC_REPRESENTATION_CONTEXT(2) 
PARAMETRIC_REPRESENTATION_CONTEXT() REPRESENTATION_CONTEXT('2D SPACE',''
  ) );
#3919 = PCURVE('',#3920,#3925);
#3920 = PLANE('',#3921);
#3921 = AXIS2_PLACEMENT_3D('',#3922,#3923,#3924);
#3922 = CARTESIAN_POINT('',(0.110323269658,-0.142227902228,-0.17));
#3923 = DIRECTION('',(-0.790155012376,-0.612907053653,0.));
#3924 = DIRECTION('',(0.,0.,1.));
#3925 = DEFINITIONAL_REPRESENTATION('',(#3926),#3930);
#3926 = LINE('',#3927,#3928);
#3927 = CARTESIAN_POINT('',(0.18,0.24));
#3928 = VECTOR('',#3929,1.);
#3929 = DIRECTION('',(1.,0.));
#3930 = ( GEOMETRIC_REPRESENTATION_CONTEXT(2) 
PARAMETRIC_REPRESENTATION_CONTEXT() REPRESENTATION_CONTEXT('2D SPACE',''
  ) );
#3931 = ORIENTED_EDGE('',*,*,#3932,.T.);
#3932 = EDGE_CURVE('',#3905,#3841,#3933,.T.);
#3933 = SURFACE_CURVE('',#3934,(#3939,#3946),.PCURVE_S1.);
#3934 = CIRCLE('',#3935,6.E-02);
#3935 = AXIS2_PLACEMENT_3D('',#3936,#3937,#3938);
#3936 = CARTESIAN_POINT('',(0.,0.,1.E-02));
#3937 = DIRECTION('',(0.,0.,1.));
#3938 = DIRECTION('',(-0.809016994375,0.587785252292,0.));
#3939 = PCURVE('',#3851,#3940);
#3940 = DEFINITIONAL_REPRESENTATION('',(#3941),#3945);
#3941 = LINE('',#3942,#3943);
#3942 = CARTESIAN_POINT('',(0.,0.));
#3943 = VECTOR('',#3944,1.);
#3944 = DIRECTION('',(1.,0.));
#3945 = ( GEOMETRIC_REPRESENTATION_CONTEXT(2) 
PARAMETRIC_REPRESENTATION_CONTEXT() REPRESENTATION_CONTEXT('2D SPACE',''
  ) );
#3946 = PCURVE('',#3947,#3952);
#3947 = PLANE('',#3948);
#3948 = AXIS2_PLACEMENT_3D('',#3949,#3950,#3951);
#3949 = CARTESIAN_POINT('',(0.,0.,1.E-02));
#3950 = DIRECTION('',(0.,0.,1.));
#3951 = DIRECTION('',(-0.809016994375,0.587785252292,0.));
#3952 = DEFINITIONAL_REPRESENTATION('',(#3953),#3957);
#3953 = CIRCLE('',#3954,6.E-02);
#3954 = AXIS2_PLACEMENT_2D('',#3955,#3956);
#3955 = CARTESIAN_POINT('',(0.,0.));
#3956 = DIRECTION('',(1.,0.));
#3957 = ( GEOMETRIC_REPRESENTATION_CONTEXT(2) 
PARAMETRIC_REPRESENTATION_CONTEXT() REPRESENTATION_CONTEXT('2D SPACE',''
  ) );
#3958 = ADVANCED_FACE('Magnet::4::Boundary',(#3959),#3863,.T.);
#3959 = FACE_BOUND('',#3960,.T.);
#3960 = EDGE_LOOP('',(#3961,#3985,#3986,#4010));
#3961 = ORIENTED_EDGE('',*,*,#3962,.F.);
#3962 = EDGE_CURVE('',#3843,#3963,#3965,.T.);
#3963 = VERTEX_POINT('',#3964);
#3964 = CARTESIAN_POINT('',(-5.645284613725E-02,2.032427521472E-02,
    2.E-02));
#3965 = SURFACE_CURVE('',#3966,(#3971,#3978),.PCURVE_S1.);
#3966 = CIRCLE('',#3967,6.E-02);
#3967 = AXIS2_PLACEMENT_3D('',#3968,#3969,#3970);
#3968 = CARTESIAN_POINT('',(0.,0.,2.E-02));
#3969 = DIRECTION('',(0.,0.,1.));
#3970 = DIRECTION('',(-0.809016994375,0.587785252292,0.));
#3971 = PCURVE('',#3863,#3972);
#3972 = DEFINITIONAL_REPRESENTATION('',(#3973),#3977);
#3973 = LINE('',#3974,#3975);
#3974 = CARTESIAN_POINT('',(0.,1.E-02));
#3975 = VECTOR('',#3976,1.);
#3976 = DIRECTION('',(1.,0.));
#3977 = ( GEOMETRIC_REPRESENTATION_CONTEXT(2) 
PARAMETRIC_REPRESENTATION_CONTEXT() REPRESENTATION_CONTEXT('2D SPACE',''
  ) );
#3978 = PCURVE('',#3892,#3979);
#3979 = DEFINITIONAL_REPRESENTATION('',(#3980),#3984);
#3980 = CIRCLE('',#3981,6.E-02);
#3981 = AXIS2_PLACEMENT_2D('',#3982,#3983);
#3982 = CARTESIAN_POINT('',(0.,0.));
#3983 = DIRECTION('',(1.,0.));
#3984 = ( GEOMETRIC_REPRESENTATION_CONTEXT(2) 
PARAMETRIC_REPRESENTATION_CONTEXT() REPRESENTATION_CONTEXT('2D SPACE',''
  ) );
#3985 = ORIENTED_EDGE('',*,*,#3840,.F.);
#3986 = ORIENTED_EDGE('',*,*,#3987,.T.);
#3987 = EDGE_CURVE('',#3841,#3988,#3990,.T.);
#3988 = VERTEX_POINT('',#3989);
#3989 = CARTESIAN_POINT('',(-5.645284613725E-02,2.032427521472E-02,
    1.E-02));
#3990 = SURFACE_CURVE('',#3991,(#3996,#4003),.PCURVE_S1.);
#3991 = CIRCLE('',#3992,6.E-02);
#3992 = AXIS2_PLACEMENT_3D('',#3993,#3994,#3995);
#3993 = CARTESIAN_POINT('',(0.,0.,1.E-02));
#3994 = DIRECTION('',(0.,0.,1.));
#3995 = DIRECTION('',(-0.809016994375,0.587785252292,0.));
#3996 = PCURVE('',#3863,#3997);
#3997 = DEFINITIONAL_REPRESENTATION('',(#3998),#4002);
#3998 = LINE('',#3999,#4000);
#3999 = CARTESIAN_POINT('',(0.,0.));
#4000 = VECTOR('',#4001,1.);
#4001 = DIRECTION('',(1.,0.));
#4002 = ( GEOMETRIC_REPRESENTATION_CONTEXT(2) 
PARAMETRIC_REPRESENTATION_CONTEXT() REPRESENTATION_CONTEXT('2D SPACE',''
  ) );
#4003 = PCURVE('',#3947,#4004);
#4004 = DEFINITIONAL_REPRESENTATION('',(#4005),#4009);
#4005 = CIRCLE('',#4006,6.E-02);
#4006 = AXIS2_PLACEMENT_2D('',#4007,#4008);
#4007 = CARTESIAN_POINT('',(0.,0.));
#4008 = DIRECTION('',(1.,0.));
#4009 = ( GEOMETRIC_REPRESENTATION_CONTEXT(2) 
PARAMETRIC_REPRESENTATION_CONTEXT() REPRESENTATION_CONTEXT('2D SPACE',''
  ) );
#4010 = ORIENTED_EDGE('',*,*,#4011,.T.);
#4011 = EDGE_CURVE('',#3988,#3963,#4012,.T.);
#4012 = SURFACE_CURVE('',#4013,(#4017,#4024),.PCURVE_S1.);
#4013 = LINE('',#4014,#4015);
#4014 = CARTESIAN_POINT('',(-5.645284613725E-02,2.032427521472E-02,
    1.E-02));
#4015 = VECTOR('',#4016,1.);
#4016 = DIRECTION('',(0.,0.,1.));
#4017 = PCURVE('',#3863,#4018);
#4018 = DEFINITIONAL_REPRESENTATION('',(#4019),#4023);
#4019 = LINE('',#4020,#4021);
#4020 = CARTESIAN_POINT('',(0.282743338823,0.));
#4021 = VECTOR('',#4022,1.);
#4022 = DIRECTION('',(0.,1.));
#4023 = ( GEOMETRIC_REPRESENTATION_CONTEXT(2) 
PARAMETRIC_REPRESENTATION_CONTEXT() REPRESENTATION_CONTEXT('2D SPACE',''
  ) );
#4024 = PCURVE('',#4025,#4030);
#4025 = PLANE('',#4026);
#4026 = AXIS2_PLACEMENT_3D('',#4027,#4028,#4029);
#4027 = CARTESIAN_POINT('',(0.169358538412,-6.097282564415E-02,-0.17));
#4028 = DIRECTION('',(-0.338737920245,-0.940880768954,0.));
#4029 = DIRECTION('',(0.,0.,1.));
#4030 = DEFINITIONAL_REPRESENTATION('',(#4031),#4035);
#4031 = LINE('',#4032,#4033);
#4032 = CARTESIAN_POINT('',(0.18,0.24));
#4033 = VECTOR('',#4034,1.);
#4034 = DIRECTION('',(1.,0.));
#4035 = ( GEOMETRIC_REPRESENTATION_CONTEXT(2) 
PARAMETRIC_REPRESENTATION_CONTEXT() REPRESENTATION_CONTEXT('2D SPACE',''
  ) );
#4036 = ADVANCED_FACE('',(#4037),#3947,.F.);
#4037 = FACE_BOUND('',#4038,.F.);
#4038 = EDGE_LOOP('',(#4039,#4062,#4063,#4064,#4087,#4116));
#4039 = ORIENTED_EDGE('',*,*,#4040,.F.);
#4040 = EDGE_CURVE('',#3905,#4041,#4043,.T.);
#4041 = VERTEX_POINT('',#4042);
#4042 = CARTESIAN_POINT('',(-1.838721160959E-02,2.370465037127E-02,
    1.E-02));
#4043 = SURFACE_CURVE('',#4044,(#4048,#4055),.PCURVE_S1.);
#4044 = LINE('',#4045,#4046);
#4045 = CARTESIAN_POINT('',(5.516163482877E-02,-7.111395111381E-02,
    1.E-02));
#4046 = VECTOR('',#4047,1.);
#4047 = DIRECTION('',(0.612907053653,-0.790155012376,0.));
#4048 = PCURVE('',#3947,#4049);
#4049 = DEFINITIONAL_REPRESENTATION('',(#4050),#4054);
#4050 = LINE('',#4051,#4052);
#4051 = CARTESIAN_POINT('',(-8.642643171092E-02,2.510919954353E-02));
#4052 = VECTOR('',#4053,1.);
#4053 = DIRECTION('',(-0.960293685677,0.278991106039));
#4054 = ( GEOMETRIC_REPRESENTATION_CONTEXT(2) 
PARAMETRIC_REPRESENTATION_CONTEXT() REPRESENTATION_CONTEXT('2D SPACE',''
  ) );
#4055 = PCURVE('',#3920,#4056);
#4056 = DEFINITIONAL_REPRESENTATION('',(#4057),#4061);
#4057 = LINE('',#4058,#4059);
#4058 = CARTESIAN_POINT('',(0.18,9.E-02));
#4059 = VECTOR('',#4060,1.);
#4060 = DIRECTION('',(0.,-1.));
#4061 = ( GEOMETRIC_REPRESENTATION_CONTEXT(2) 
PARAMETRIC_REPRESENTATION_CONTEXT() REPRESENTATION_CONTEXT('2D SPACE',''
  ) );
#4062 = ORIENTED_EDGE('',*,*,#3932,.T.);
#4063 = ORIENTED_EDGE('',*,*,#3987,.T.);
#4064 = ORIENTED_EDGE('',*,*,#4065,.T.);
#4065 = EDGE_CURVE('',#3988,#4066,#4068,.T.);
#4066 = VERTEX_POINT('',#4067);
#4067 = CARTESIAN_POINT('',(-2.822642306863E-02,1.016213760736E-02,
    1.E-02));
#4068 = SURFACE_CURVE('',#4069,(#4073,#4080),.PCURVE_S1.);
#4069 = LINE('',#4070,#4071);
#4070 = CARTESIAN_POINT('',(8.467926920588E-02,-3.048641282208E-02,
    1.E-02));
#4071 = VECTOR('',#4072,1.);
#4072 = DIRECTION('',(0.940880768954,-0.338737920245,0.));
#4073 = PCURVE('',#3947,#4074);
#4074 = DEFINITIONAL_REPRESENTATION('',(#4075),#4079);
#4075 = LINE('',#4076,#4077);
#4076 = CARTESIAN_POINT('',(-8.642643171092E-02,-2.510919954353E-02));
#4077 = VECTOR('',#4078,1.);
#4078 = DIRECTION('',(-0.960293685677,-0.278991106039));
#4079 = ( GEOMETRIC_REPRESENTATION_CONTEXT(2) 
PARAMETRIC_REPRESENTATION_CONTEXT() REPRESENTATION_CONTEXT('2D SPACE',''
  ) );
#4080 = PCURVE('',#4025,#4081);
#4081 = DEFINITIONAL_REPRESENTATION('',(#4082),#4086);
#4082 = LINE('',#4083,#4084);
#4083 = CARTESIAN_POINT('',(0.18,9.E-02));
#4084 = VECTOR('',#4085,1.);
#4085 = DIRECTION('',(0.,-1.));
#4086 = ( GEOMETRIC_REPRESENTATION_CONTEXT(2) 
PARAMETRIC_REPRESENTATION_CONTEXT() REPRESENTATION_CONTEXT('2D SPACE',''
  ) );
#4087 = ORIENTED_EDGE('',*,*,#4088,.F.);
#4088 = EDGE_CURVE('',#4089,#4066,#4091,.T.);
#4089 = VERTEX_POINT('',#4090);
#4090 = CARTESIAN_POINT('',(-2.427050983125E-02,1.763355756877E-02,
    1.E-02));
#4091 = SURFACE_CURVE('',#4092,(#4097,#4104),.PCURVE_S1.);
#4092 = CIRCLE('',#4093,3.E-02);
#4093 = AXIS2_PLACEMENT_3D('',#4094,#4095,#4096);
#4094 = CARTESIAN_POINT('',(0.,0.,1.E-02));
#4095 = DIRECTION('',(0.,0.,1.));
#4096 = DIRECTION('',(-0.809016994375,0.587785252292,0.));
#4097 = PCURVE('',#3947,#4098);
#4098 = DEFINITIONAL_REPRESENTATION('',(#4099),#4103);
#4099 = CIRCLE('',#4100,3.E-02);
#4100 = AXIS2_PLACEMENT_2D('',#4101,#4102);
#4101 = CARTESIAN_POINT('',(0.,0.));
#4102 = DIRECTION('',(1.,0.));
#4103 = ( GEOMETRIC_REPRESENTATION_CONTEXT(2) 
PARAMETRIC_REPRESENTATION_CONTEXT() REPRESENTATION_CONTEXT('2D SPACE',''
  ) );
#4104 = PCURVE('',#4105,#4110);
#4105 = CYLINDRICAL_SURFACE('',#4106,3.E-02);
#4106 = AXIS2_PLACEMENT_3D('',#4107,#4108,#4109);
#4107 = CARTESIAN_POINT('',(0.,0.,1.E-02));
#4108 = DIRECTION('',(0.,0.,1.));
#4109 = DIRECTION('',(-0.809016994375,0.587785252292,0.));
#4110 = DEFINITIONAL_REPRESENTATION('',(#4111),#4115);
#4111 = LINE('',#4112,#4113);
#4112 = CARTESIAN_POINT('',(0.,0.));
#4113 = VECTOR('',#4114,1.);
#4114 = DIRECTION('',(1.,0.));
#4115 = ( GEOMETRIC_REPRESENTATION_CONTEXT(2) 
PARAMETRIC_REPRESENTATION_CONTEXT() REPRESENTATION_CONTEXT('2D SPACE',''
  ) );
#4116 = ORIENTED_EDGE('',*,*,#4117,.F.);
#4117 = EDGE_CURVE('',#4041,#4089,#4118,.T.);
#4118 = SURFACE_CURVE('',#4119,(#4124,#4131),.PCURVE_S1.);
#4119 = CIRCLE('',#4120,3.E-02);
#4120 = AXIS2_PLACEMENT_3D('',#4121,#4122,#4123);
#4121 = CARTESIAN_POINT('',(0.,0.,1.E-02));
#4122 = DIRECTION('',(0.,0.,1.));
#4123 = DIRECTION('',(-0.809016994375,0.587785252292,0.));
#4124 = PCURVE('',#3947,#4125);
#4125 = DEFINITIONAL_REPRESENTATION('',(#4126),#4130);
#4126 = CIRCLE('',#4127,3.E-02);
#4127 = AXIS2_PLACEMENT_2D('',#4128,#4129);
#4128 = CARTESIAN_POINT('',(0.,0.));
#4129 = DIRECTION('',(1.,0.));
#4130 = ( GEOMETRIC_REPRESENTATION_CONTEXT(2) 
PARAMETRIC_REPRESENTATION_CONTEXT() REPRESENTATION_CONTEXT('2D SPACE',''
  ) );
#4131 = PCURVE('',#4132,#4137);
#4132 = CYLINDRICAL_SURFACE('',#4133,3.E-02);
#4133 = AXIS2_PLACEMENT_3D('',#4134,#4135,#4136);
#4134 = CARTESIAN_POINT('',(0.,0.,1.E-02));
#4135 = DIRECTION('',(0.,0.,1.));
#4136 = DIRECTION('',(-0.809016994375,0.587785252292,0.));
#4137 = DEFINITIONAL_REPRESENTATION('',(#4138),#4142);
#4138 = LINE('',#4139,#4140);
#4139 = CARTESIAN_POINT('',(0.,0.));
#4140 = VECTOR('',#4141,1.);
#4141 = DIRECTION('',(1.,0.));
#4142 = ( GEOMETRIC_REPRESENTATION_CONTEXT(2) 
PARAMETRIC_REPRESENTATION_CONTEXT() REPRESENTATION_CONTEXT('2D SPACE',''
  ) );
#4143 = ADVANCED_FACE('Magnet::4::Boundary',(#4144),#3920,.F.);
#4144 = FACE_BOUND('',#4145,.F.);
#4145 = EDGE_LOOP('',(#4146,#4147,#4148,#4171));
#4146 = ORIENTED_EDGE('',*,*,#3904,.F.);
#4147 = ORIENTED_EDGE('',*,*,#4040,.T.);
#4148 = ORIENTED_EDGE('',*,*,#4149,.T.);
#4149 = EDGE_CURVE('',#4041,#4150,#4152,.T.);
#4150 = VERTEX_POINT('',#4151);
#4151 = CARTESIAN_POINT('',(-1.838721160959E-02,2.370465037127E-02,
    2.E-02));
#4152 = SURFACE_CURVE('',#4153,(#4157,#4164),.PCURVE_S1.);
#4153 = LINE('',#4154,#4155);
#4154 = CARTESIAN_POINT('',(-1.838721160959E-02,2.370465037127E-02,
    1.E-02));
#4155 = VECTOR('',#4156,1.);
#4156 = DIRECTION('',(0.,0.,1.));
#4157 = PCURVE('',#3920,#4158);
#4158 = DEFINITIONAL_REPRESENTATION('',(#4159),#4163);
#4159 = LINE('',#4160,#4161);
#4160 = CARTESIAN_POINT('',(0.18,0.21));
#4161 = VECTOR('',#4162,1.);
#4162 = DIRECTION('',(1.,0.));
#4163 = ( GEOMETRIC_REPRESENTATION_CONTEXT(2) 
PARAMETRIC_REPRESENTATION_CONTEXT() REPRESENTATION_CONTEXT('2D SPACE',''
  ) );
#4164 = PCURVE('',#4132,#4165);
#4165 = DEFINITIONAL_REPRESENTATION('',(#4166),#4170);
#4166 = LINE('',#4167,#4168);
#4167 = CARTESIAN_POINT('',(6.000441968357,0.));
#4168 = VECTOR('',#4169,1.);
#4169 = DIRECTION('',(0.,1.));
#4170 = ( GEOMETRIC_REPRESENTATION_CONTEXT(2) 
PARAMETRIC_REPRESENTATION_CONTEXT() REPRESENTATION_CONTEXT('2D SPACE',''
  ) );
#4171 = ORIENTED_EDGE('',*,*,#4172,.F.);
#4172 = EDGE_CURVE('',#3876,#4150,#4173,.T.);
#4173 = SURFACE_CURVE('',#4174,(#4178,#4185),.PCURVE_S1.);
#4174 = LINE('',#4175,#4176);
#4175 = CARTESIAN_POINT('',(5.516163482877E-02,-7.111395111381E-02,
    2.E-02));
#4176 = VECTOR('',#4177,1.);
#4177 = DIRECTION('',(0.612907053653,-0.790155012376,0.));
#4178 = PCURVE('',#3920,#4179);
#4179 = DEFINITIONAL_REPRESENTATION('',(#4180),#4184);
#4180 = LINE('',#4181,#4182);
#4181 = CARTESIAN_POINT('',(0.19,9.E-02));
#4182 = VECTOR('',#4183,1.);
#4183 = DIRECTION('',(0.,-1.));
#4184 = ( GEOMETRIC_REPRESENTATION_CONTEXT(2) 
PARAMETRIC_REPRESENTATION_CONTEXT() REPRESENTATION_CONTEXT('2D SPACE',''
  ) );
#4185 = PCURVE('',#3892,#4186);
#4186 = DEFINITIONAL_REPRESENTATION('',(#4187),#4191);
#4187 = LINE('',#4188,#4189);
#4188 = CARTESIAN_POINT('',(-8.642643171092E-02,2.510919954353E-02));
#4189 = VECTOR('',#4190,1.);
#4190 = DIRECTION('',(-0.960293685677,0.278991106039));
#4191 = ( GEOMETRIC_REPRESENTATION_CONTEXT(2) 
PARAMETRIC_REPRESENTATION_CONTEXT() REPRESENTATION_CONTEXT('2D SPACE',''
  ) );
#4192 = ADVANCED_FACE('Magnet::4::Boundary',(#4193),#3892,.T.);
#4193 = FACE_BOUND('',#4194,.T.);
#4194 = EDGE_LOOP('',(#4195,#4196,#4197,#4198,#4221,#4245));
#4195 = ORIENTED_EDGE('',*,*,#4172,.F.);
#4196 = ORIENTED_EDGE('',*,*,#3875,.T.);
#4197 = ORIENTED_EDGE('',*,*,#3962,.T.);
#4198 = ORIENTED_EDGE('',*,*,#4199,.T.);
#4199 = EDGE_CURVE('',#3963,#4200,#4202,.T.);
#4200 = VERTEX_POINT('',#4201);
#4201 = CARTESIAN_POINT('',(-2.822642306863E-02,1.016213760736E-02,
    2.E-02));
#4202 = SURFACE_CURVE('',#4203,(#4207,#4214),.PCURVE_S1.);
#4203 = LINE('',#4204,#4205);
#4204 = CARTESIAN_POINT('',(8.467926920588E-02,-3.048641282208E-02,
    2.E-02));
#4205 = VECTOR('',#4206,1.);
#4206 = DIRECTION('',(0.940880768954,-0.338737920245,0.));
#4207 = PCURVE('',#3892,#4208);
#4208 = DEFINITIONAL_REPRESENTATION('',(#4209),#4213);
#4209 = LINE('',#4210,#4211);
#4210 = CARTESIAN_POINT('',(-8.642643171092E-02,-2.510919954353E-02));
#4211 = VECTOR('',#4212,1.);
#4212 = DIRECTION('',(-0.960293685677,-0.278991106039));
#4213 = ( GEOMETRIC_REPRESENTATION_CONTEXT(2) 
PARAMETRIC_REPRESENTATION_CONTEXT() REPRESENTATION_CONTEXT('2D SPACE',''
  ) );
#4214 = PCURVE('',#4025,#4215);
#4215 = DEFINITIONAL_REPRESENTATION('',(#4216),#4220);
#4216 = LINE('',#4217,#4218);
#4217 = CARTESIAN_POINT('',(0.19,9.E-02));
#4218 = VECTOR('',#4219,1.);
#4219 = DIRECTION('',(0.,-1.));
#4220 = ( GEOMETRIC_REPRESENTATION_CONTEXT(2) 
PARAMETRIC_REPRESENTATION_CONTEXT() REPRESENTATION_CONTEXT('2D SPACE',''
  ) );
#4221 = ORIENTED_EDGE('',*,*,#4222,.F.);
#4222 = EDGE_CURVE('',#4223,#4200,#4225,.T.);
#4223 = VERTEX_POINT('',#4224);
#4224 = CARTESIAN_POINT('',(-2.427050983125E-02,1.763355756877E-02,
    2.E-02));
#4225 = SURFACE_CURVE('',#4226,(#4231,#4238),.PCURVE_S1.);
#4226 = CIRCLE('',#4227,3.E-02);
#4227 = AXIS2_PLACEMENT_3D('',#4228,#4229,#4230);
#4228 = CARTESIAN_POINT('',(0.,0.,2.E-02));
#4229 = DIRECTION('',(0.,0.,1.));
#4230 = DIRECTION('',(-0.809016994375,0.587785252292,0.));
#4231 = PCURVE('',#3892,#4232);
#4232 = DEFINITIONAL_REPRESENTATION('',(#4233),#4237);
#4233 = CIRCLE('',#4234,3.E-02);
#4234 = AXIS2_PLACEMENT_2D('',#4235,#4236);
#4235 = CARTESIAN_POINT('',(0.,0.));
#4236 = DIRECTION('',(1.,0.));
#4237 = ( GEOMETRIC_REPRESENTATION_CONTEXT(2) 
PARAMETRIC_REPRESENTATION_CONTEXT() REPRESENTATION_CONTEXT('2D SPACE',''
  ) );
#4238 = PCURVE('',#4105,#4239);
#4239 = DEFINITIONAL_REPRESENTATION('',(#4240),#4244);
#4240 = LINE('',#4241,#4242);
#4241 = CARTESIAN_POINT('',(0.,1.E-02));
#4242 = VECTOR('',#4243,1.);
#4243 = DIRECTION('',(1.,0.));
#4244 = ( GEOMETRIC_REPRESENTATION_CONTEXT(2) 
PARAMETRIC_REPRESENTATION_CONTEXT() REPRESENTATION_CONTEXT('2D SPACE',''
  ) );
#4245 = ORIENTED_EDGE('',*,*,#4246,.F.);
#4246 = EDGE_CURVE('',#4150,#4223,#4247,.T.);
#4247 = SURFACE_CURVE('',#4248,(#4253,#4260),.PCURVE_S1.);
#4248 = CIRCLE('',#4249,3.E-02);
#4249 = AXIS2_PLACEMENT_3D('',#4250,#4251,#4252);
#4250 = CARTESIAN_POINT('',(0.,0.,2.E-02));
#4251 = DIRECTION('',(0.,0.,1.));
#4252 = DIRECTION('',(-0.809016994375,0.587785252292,0.));
#4253 = PCURVE('',#3892,#4254);
#4254 = DEFINITIONAL_REPRESENTATION('',(#4255),#4259);
#4255 = CIRCLE('',#4256,3.E-02);
#4256 = AXIS2_PLACEMENT_2D('',#4257,#4258);
#4257 = CARTESIAN_POINT('',(0.,0.));
#4258 = DIRECTION('',(1.,0.));
#4259 = ( GEOMETRIC_REPRESENTATION_CONTEXT(2) 
PARAMETRIC_REPRESENTATION_CONTEXT() REPRESENTATION_CONTEXT('2D SPACE',''
  ) );
#4260 = PCURVE('',#4132,#4261);
#4261 = DEFINITIONAL_REPRESENTATION('',(#4262),#4266);
#4262 = LINE('',#4263,#4264);
#4263 = CARTESIAN_POINT('',(0.,1.E-02));
#4264 = VECTOR('',#4265,1.);
#4265 = DIRECTION('',(1.,0.));
#4266 = ( GEOMETRIC_REPRESENTATION_CONTEXT(2) 
PARAMETRIC_REPRESENTATION_CONTEXT() REPRESENTATION_CONTEXT('2D SPACE',''
  ) );
#4267 = ADVANCED_FACE('Magnet::4::Boundary',(#4268),#4025,.T.);
#4268 = FACE_BOUND('',#4269,.T.);
#4269 = EDGE_LOOP('',(#4270,#4271,#4272,#4293));
#4270 = ORIENTED_EDGE('',*,*,#4011,.F.);
#4271 = ORIENTED_EDGE('',*,*,#4065,.T.);
#4272 = ORIENTED_EDGE('',*,*,#4273,.T.);
#4273 = EDGE_CURVE('',#4066,#4200,#4274,.T.);
#4274 = SURFACE_CURVE('',#4275,(#4279,#4286),.PCURVE_S1.);
#4275 = LINE('',#4276,#4277);
#4276 = CARTESIAN_POINT('',(-2.822642306863E-02,1.016213760736E-02,
    1.E-02));
#4277 = VECTOR('',#4278,1.);
#4278 = DIRECTION('',(0.,0.,1.));
#4279 = PCURVE('',#4025,#4280);
#4280 = DEFINITIONAL_REPRESENTATION('',(#4281),#4285);
#4281 = LINE('',#4282,#4283);
#4282 = CARTESIAN_POINT('',(0.18,0.21));
#4283 = VECTOR('',#4284,1.);
#4284 = DIRECTION('',(1.,0.));
#4285 = ( GEOMETRIC_REPRESENTATION_CONTEXT(2) 
PARAMETRIC_REPRESENTATION_CONTEXT() REPRESENTATION_CONTEXT('2D SPACE',''
  ) );
#4286 = PCURVE('',#4105,#4287);
#4287 = DEFINITIONAL_REPRESENTATION('',(#4288),#4292);
#4288 = LINE('',#4289,#4290);
#4289 = CARTESIAN_POINT('',(0.282743338823,0.));
#4290 = VECTOR('',#4291,1.);
#4291 = DIRECTION('',(0.,1.));
#4292 = ( GEOMETRIC_REPRESENTATION_CONTEXT(2) 
PARAMETRIC_REPRESENTATION_CONTEXT() REPRESENTATION_CONTEXT('2D SPACE',''
  ) );
#4293 = ORIENTED_EDGE('',*,*,#4199,.F.);
#4294 = ADVANCED_FACE('Magnet::4::Boundary',(#4295),#4132,.F.);
#4295 = FACE_BOUND('',#4296,.F.);
#4296 = EDGE_LOOP('',(#4297,#4318,#4319,#4320));
#4297 = ORIENTED_EDGE('',*,*,#4298,.T.);
#4298 = EDGE_CURVE('',#4089,#4223,#4299,.T.);
#4299 = SURFACE_CURVE('',#4300,(#4304,#4311),.PCURVE_S1.);
#4300 = LINE('',#4301,#4302);
#4301 = CARTESIAN_POINT('',(-2.427050983125E-02,1.763355756877E-02,
    1.E-02));
#4302 = VECTOR('',#4303,1.);
#4303 = DIRECTION('',(0.,0.,1.));
#4304 = PCURVE('',#4132,#4305);
#4305 = DEFINITIONAL_REPRESENTATION('',(#4306),#4310);
#4306 = LINE('',#4307,#4308);
#4307 = CARTESIAN_POINT('',(6.28318530718,-0.));
#4308 = VECTOR('',#4309,1.);
#4309 = DIRECTION('',(0.,1.));
#4310 = ( GEOMETRIC_REPRESENTATION_CONTEXT(2) 
PARAMETRIC_REPRESENTATION_CONTEXT() REPRESENTATION_CONTEXT('2D SPACE',''
  ) );
#4311 = PCURVE('',#4105,#4312);
#4312 = DEFINITIONAL_REPRESENTATION('',(#4313),#4317);
#4313 = LINE('',#4314,#4315);
#4314 = CARTESIAN_POINT('',(0.,-0.));
#4315 = VECTOR('',#4316,1.);
#4316 = DIRECTION('',(0.,1.));
#4317 = ( GEOMETRIC_REPRESENTATION_CONTEXT(2) 
PARAMETRIC_REPRESENTATION_CONTEXT() REPRESENTATION_CONTEXT('2D SPACE',''
  ) );
#4318 = ORIENTED_EDGE('',*,*,#4246,.F.);
#4319 = ORIENTED_EDGE('',*,*,#4149,.F.);
#4320 = ORIENTED_EDGE('',*,*,#4117,.T.);
#4321 = ADVANCED_FACE('Magnet::4::Boundary',(#4322),#4105,.F.);
#4322 = FACE_BOUND('',#4323,.F.);
#4323 = EDGE_LOOP('',(#4324,#4325,#4326,#4327));
#4324 = ORIENTED_EDGE('',*,*,#4222,.F.);
#4325 = ORIENTED_EDGE('',*,*,#4298,.F.);
#4326 = ORIENTED_EDGE('',*,*,#4088,.T.);
#4327 = ORIENTED_EDGE('',*,*,#4273,.T.);
#4328 = MANIFOLD_SOLID_BREP('Magnet::5',#4329);
#4329 = CLOSED_SHELL('',(#4330,#4452,#4530,#4637,#4686,#4761,#4788,#4815
    ));
#4330 = ADVANCED_FACE('Magnet::5::Boundary',(#4331),#4345,.T.);
#4331 = FACE_BOUND('',#4332,.T.);
#4332 = EDGE_LOOP('',(#4333,#4368,#4397,#4425));
#4333 = ORIENTED_EDGE('',*,*,#4334,.T.);
#4334 = EDGE_CURVE('',#4335,#4337,#4339,.T.);
#4335 = VERTEX_POINT('',#4336);
#4336 = CARTESIAN_POINT('',(-6.E-02,2.204364238465E-17,1.E-02));
#4337 = VERTEX_POINT('',#4338);
#4338 = CARTESIAN_POINT('',(-6.E-02,2.204364238465E-17,2.E-02));
#4339 = SURFACE_CURVE('',#4340,(#4344,#4356),.PCURVE_S1.);
#4340 = LINE('',#4341,#4342);
#4341 = CARTESIAN_POINT('',(-6.E-02,2.204364238465E-17,1.E-02));
#4342 = VECTOR('',#4343,1.);
#4343 = DIRECTION('',(0.,0.,1.));
#4344 = PCURVE('',#4345,#4350);
#4345 = CYLINDRICAL_SURFACE('',#4346,6.E-02);
#4346 = AXIS2_PLACEMENT_3D('',#4347,#4348,#4349);
#4347 = CARTESIAN_POINT('',(0.,0.,1.E-02));
#4348 = DIRECTION('',(0.,0.,1.));
#4349 = DIRECTION('',(-1.,1.224646799147E-16,0.));
#4350 = DEFINITIONAL_REPRESENTATION('',(#4351),#4355);
#4351 = LINE('',#4352,#4353);
#4352 = CARTESIAN_POINT('',(6.28318530718,-0.));
#4353 = VECTOR('',#4354,1.);
#4354 = DIRECTION('',(0.,1.));
#4355 = ( GEOMETRIC_REPRESENTATION_CONTEXT(2) 
PARAMETRIC_REPRESENTATION_CONTEXT() REPRESENTATION_CONTEXT('2D SPACE',''
  ) );
#4356 = PCURVE('',#4357,#4362);
#4357 = CYLINDRICAL_SURFACE('',#4358,6.E-02);
#4358 = AXIS2_PLACEMENT_3D('',#4359,#4360,#4361);
#4359 = CARTESIAN_POINT('',(0.,0.,1.E-02));
#4360 = DIRECTION('',(0.,0.,1.));
#4361 = DIRECTION('',(-1.,1.224646799147E-16,0.));
#4362 = DEFINITIONAL_REPRESENTATION('',(#4363),#4367);
#4363 = LINE('',#4364,#4365);
#4364 = CARTESIAN_POINT('',(0.,-0.));
#4365 = VECTOR('',#4366,1.);
#4366 = DIRECTION('',(0.,1.));
#4367 = ( GEOMETRIC_REPRESENTATION_CONTEXT(2) 
PARAMETRIC_REPRESENTATION_CONTEXT() REPRESENTATION_CONTEXT('2D SPACE',''
  ) );
#4368 = ORIENTED_EDGE('',*,*,#4369,.F.);
#4369 = EDGE_CURVE('',#4370,#4337,#4372,.T.);
#4370 = VERTEX_POINT('',#4371);
#4371 = CARTESIAN_POINT('',(-5.761762114062E-02,1.673946636235E-02,
    2.E-02));
#4372 = SURFACE_CURVE('',#4373,(#4378,#4385),.PCURVE_S1.);
#4373 = CIRCLE('',#4374,6.E-02);
#4374 = AXIS2_PLACEMENT_3D('',#4375,#4376,#4377);
#4375 = CARTESIAN_POINT('',(0.,0.,2.E-02));
#4376 = DIRECTION('',(0.,0.,1.));
#4377 = DIRECTION('',(-1.,1.224646799147E-16,0.));
#4378 = PCURVE('',#4345,#4379);
#4379 = DEFINITIONAL_REPRESENTATION('',(#4380),#4384);
#4380 = LINE('',#4381,#4382);
#4381 = CARTESIAN_POINT('',(0.,1.E-02));
#4382 = VECTOR('',#4383,1.);
#4383 = DIRECTION('',(1.,0.));
#4384 = ( GEOMETRIC_REPRESENTATION_CONTEXT(2) 
PARAMETRIC_REPRESENTATION_CONTEXT() REPRESENTATION_CONTEXT('2D SPACE',''
  ) );
#4385 = PCURVE('',#4386,#4391);
#4386 = PLANE('',#4387);
#4387 = AXIS2_PLACEMENT_3D('',#4388,#4389,#4390);
#4388 = CARTESIAN_POINT('',(0.,0.,2.E-02));
#4389 = DIRECTION('',(0.,0.,1.));
#4390 = DIRECTION('',(-1.,1.224646799147E-16,0.));
#4391 = DEFINITIONAL_REPRESENTATION('',(#4392),#4396);
#4392 = CIRCLE('',#4393,6.E-02);
#4393 = AXIS2_PLACEMENT_2D('',#4394,#4395);
#4394 = CARTESIAN_POINT('',(0.,0.));
#4395 = DIRECTION('',(1.,0.));
#4396 = ( GEOMETRIC_REPRESENTATION_CONTEXT(2) 
PARAMETRIC_REPRESENTATION_CONTEXT() REPRESENTATION_CONTEXT('2D SPACE',''
  ) );
#4397 = ORIENTED_EDGE('',*,*,#4398,.F.);
#4398 = EDGE_CURVE('',#4399,#4370,#4401,.T.);
#4399 = VERTEX_POINT('',#4400);
#4400 = CARTESIAN_POINT('',(-5.761762114062E-02,1.673946636235E-02,
    1.E-02));
#4401 = SURFACE_CURVE('',#4402,(#4406,#4413),.PCURVE_S1.);
#4402 = LINE('',#4403,#4404);
#4403 = CARTESIAN_POINT('',(-5.761762114062E-02,1.673946636235E-02,
    1.E-02));
#4404 = VECTOR('',#4405,1.);
#4405 = DIRECTION('',(0.,0.,1.));
#4406 = PCURVE('',#4345,#4407);
#4407 = DEFINITIONAL_REPRESENTATION('',(#4408),#4412);
#4408 = LINE('',#4409,#4410);
#4409 = CARTESIAN_POINT('',(6.000441968357,0.));
#4410 = VECTOR('',#4411,1.);
#4411 = DIRECTION('',(0.,1.));
#4412 = ( GEOMETRIC_REPRESENTATION_CONTEXT(2) 
PARAMETRIC_REPRESENTATION_CONTEXT() REPRESENTATION_CONTEXT('2D SPACE',''
  ) );
#4413 = PCURVE('',#4414,#4419);
#4414 = PLANE('',#4415);
#4415 = AXIS2_PLACEMENT_3D('',#4416,#4417,#4418);
#4416 = CARTESIAN_POINT('',(0.172852863422,-5.021839908706E-02,-0.17));
#4417 = DIRECTION('',(-0.278991106039,-0.960293685677,0.));
#4418 = DIRECTION('',(0.,0.,1.));
#4419 = DEFINITIONAL_REPRESENTATION('',(#4420),#4424);
#4420 = LINE('',#4421,#4422);
#4421 = CARTESIAN_POINT('',(0.18,0.24));
#4422 = VECTOR('',#4423,1.);
#4423 = DIRECTION('',(1.,0.));
#4424 = ( GEOMETRIC_REPRESENTATION_CONTEXT(2) 
PARAMETRIC_REPRESENTATION_CONTEXT() REPRESENTATION_CONTEXT('2D SPACE',''
  ) );
#4425 = ORIENTED_EDGE('',*,*,#4426,.T.);
#4426 = EDGE_CURVE('',#4399,#4335,#4427,.T.);
#4427 = SURFACE_CURVE('',#4428,(#4433,#4440),.PCURVE_S1.);
#4428 = CIRCLE('',#4429,6.E-02);
#4429 = AXIS2_PLACEMENT_3D('',#4430,#4431,#4432);
#4430 = CARTESIAN_POINT('',(0.,0.,1.E-02));
#4431 = DIRECTION('',(0.,0.,1.));
#4432 = DIRECTION('',(-1.,1.224646799147E-16,0.));
#4433 = PCURVE('',#4345,#4434);
#4434 = DEFINITIONAL_REPRESENTATION('',(#4435),#4439);
#4435 = LINE('',#4436,#4437);
#4436 = CARTESIAN_POINT('',(0.,0.));
#4437 = VECTOR('',#4438,1.);
#4438 = DIRECTION('',(1.,0.));
#4439 = ( GEOMETRIC_REPRESENTATION_CONTEXT(2) 
PARAMETRIC_REPRESENTATION_CONTEXT() REPRESENTATION_CONTEXT('2D SPACE',''
  ) );
#4440 = PCURVE('',#4441,#4446);
#4441 = PLANE('',#4442);
#4442 = AXIS2_PLACEMENT_3D('',#4443,#4444,#4445);
#4443 = CARTESIAN_POINT('',(0.,0.,1.E-02));
#4444 = DIRECTION('',(0.,0.,1.));
#4445 = DIRECTION('',(-1.,1.224646799147E-16,0.));
#4446 = DEFINITIONAL_REPRESENTATION('',(#4447),#4451);
#4447 = CIRCLE('',#4448,6.E-02);
#4448 = AXIS2_PLACEMENT_2D('',#4449,#4450);
#4449 = CARTESIAN_POINT('',(0.,0.));
#4450 = DIRECTION('',(1.,0.));
#4451 = ( GEOMETRIC_REPRESENTATION_CONTEXT(2) 
PARAMETRIC_REPRESENTATION_CONTEXT() REPRESENTATION_CONTEXT('2D SPACE',''
  ) );
#4452 = ADVANCED_FACE('Magnet::5::Boundary',(#4453),#4357,.T.);
#4453 = FACE_BOUND('',#4454,.T.);
#4454 = EDGE_LOOP('',(#4455,#4479,#4480,#4504));
#4455 = ORIENTED_EDGE('',*,*,#4456,.F.);
#4456 = EDGE_CURVE('',#4337,#4457,#4459,.T.);
#4457 = VERTEX_POINT('',#4458);
#4458 = CARTESIAN_POINT('',(-5.761762114062E-02,-1.673946636235E-02,
    2.E-02));
#4459 = SURFACE_CURVE('',#4460,(#4465,#4472),.PCURVE_S1.);
#4460 = CIRCLE('',#4461,6.E-02);
#4461 = AXIS2_PLACEMENT_3D('',#4462,#4463,#4464);
#4462 = CARTESIAN_POINT('',(0.,0.,2.E-02));
#4463 = DIRECTION('',(0.,0.,1.));
#4464 = DIRECTION('',(-1.,1.224646799147E-16,0.));
#4465 = PCURVE('',#4357,#4466);
#4466 = DEFINITIONAL_REPRESENTATION('',(#4467),#4471);
#4467 = LINE('',#4468,#4469);
#4468 = CARTESIAN_POINT('',(0.,1.E-02));
#4469 = VECTOR('',#4470,1.);
#4470 = DIRECTION('',(1.,0.));
#4471 = ( GEOMETRIC_REPRESENTATION_CONTEXT(2) 
PARAMETRIC_REPRESENTATION_CONTEXT() REPRESENTATION_CONTEXT('2D SPACE',''
  ) );
#4472 = PCURVE('',#4386,#4473);
#4473 = DEFINITIONAL_REPRESENTATION('',(#4474),#4478);
#4474 = CIRCLE('',#4475,6.E-02);
#4475 = AXIS2_PLACEMENT_2D('',#4476,#4477);
#4476 = CARTESIAN_POINT('',(0.,0.));
#4477 = DIRECTION('',(1.,0.));
#4478 = ( GEOMETRIC_REPRESENTATION_CONTEXT(2) 
PARAMETRIC_REPRESENTATION_CONTEXT() REPRESENTATION_CONTEXT('2D SPACE',''
  ) );
#4479 = ORIENTED_EDGE('',*,*,#4334,.F.);
#4480 = ORIENTED_EDGE('',*,*,#4481,.T.);
#4481 = EDGE_CURVE('',#4335,#4482,#4484,.T.);
#4482 = VERTEX_POINT('',#4483);
#4483 = CARTESIAN_POINT('',(-5.761762114062E-02,-1.673946636235E-02,
    1.E-02));
#4484 = SURFACE_CURVE('',#4485,(#4490,#4497),.PCURVE_S1.);
#4485 = CIRCLE('',#4486,6.E-02);
#4486 = AXIS2_PLACEMENT_3D('',#4487,#4488,#4489);
#4487 = CARTESIAN_POINT('',(0.,0.,1.E-02));
#4488 = DIRECTION('',(0.,0.,1.));
#4489 = DIRECTION('',(-1.,1.224646799147E-16,0.));
#4490 = PCURVE('',#4357,#4491);
#4491 = DEFINITIONAL_REPRESENTATION('',(#4492),#4496);
#4492 = LINE('',#4493,#4494);
#4493 = CARTESIAN_POINT('',(0.,0.));
#4494 = VECTOR('',#4495,1.);
#4495 = DIRECTION('',(1.,0.));
#4496 = ( GEOMETRIC_REPRESENTATION_CONTEXT(2) 
PARAMETRIC_REPRESENTATION_CONTEXT() REPRESENTATION_CONTEXT('2D SPACE',''
  ) );
#4497 = PCURVE('',#4441,#4498);
#4498 = DEFINITIONAL_REPRESENTATION('',(#4499),#4503);
#4499 = CIRCLE('',#4500,6.E-02);
#4500 = AXIS2_PLACEMENT_2D('',#4501,#4502);
#4501 = CARTESIAN_POINT('',(0.,0.));
#4502 = DIRECTION('',(1.,0.));
#4503 = ( GEOMETRIC_REPRESENTATION_CONTEXT(2) 
PARAMETRIC_REPRESENTATION_CONTEXT() REPRESENTATION_CONTEXT('2D SPACE',''
  ) );
#4504 = ORIENTED_EDGE('',*,*,#4505,.T.);
#4505 = EDGE_CURVE('',#4482,#4457,#4506,.T.);
#4506 = SURFACE_CURVE('',#4507,(#4511,#4518),.PCURVE_S1.);
#4507 = LINE('',#4508,#4509);
#4508 = CARTESIAN_POINT('',(-5.761762114062E-02,-1.673946636235E-02,
    1.E-02));
#4509 = VECTOR('',#4510,1.);
#4510 = DIRECTION('',(0.,0.,1.));
#4511 = PCURVE('',#4357,#4512);
#4512 = DEFINITIONAL_REPRESENTATION('',(#4513),#4517);
#4513 = LINE('',#4514,#4515);
#4514 = CARTESIAN_POINT('',(0.282743338823,0.));
#4515 = VECTOR('',#4516,1.);
#4516 = DIRECTION('',(0.,1.));
#4517 = ( GEOMETRIC_REPRESENTATION_CONTEXT(2) 
PARAMETRIC_REPRESENTATION_CONTEXT() REPRESENTATION_CONTEXT('2D SPACE',''
  ) );
#4518 = PCURVE('',#4519,#4524);
#4519 = PLANE('',#4520);
#4520 = AXIS2_PLACEMENT_3D('',#4521,#4522,#4523);
#4521 = CARTESIAN_POINT('',(0.172852863422,5.021839908706E-02,-0.17));
#4522 = DIRECTION('',(0.278991106039,-0.960293685677,0.));
#4523 = DIRECTION('',(0.,0.,1.));
#4524 = DEFINITIONAL_REPRESENTATION('',(#4525),#4529);
#4525 = LINE('',#4526,#4527);
#4526 = CARTESIAN_POINT('',(0.18,0.24));
#4527 = VECTOR('',#4528,1.);
#4528 = DIRECTION('',(1.,0.));
#4529 = ( GEOMETRIC_REPRESENTATION_CONTEXT(2) 
PARAMETRIC_REPRESENTATION_CONTEXT() REPRESENTATION_CONTEXT('2D SPACE',''
  ) );
#4530 = ADVANCED_FACE('',(#4531),#4441,.F.);
#4531 = FACE_BOUND('',#4532,.F.);
#4532 = EDGE_LOOP('',(#4533,#4556,#4557,#4558,#4581,#4610));
#4533 = ORIENTED_EDGE('',*,*,#4534,.F.);
#4534 = EDGE_CURVE('',#4399,#4535,#4537,.T.);
#4535 = VERTEX_POINT('',#4536);
#4536 = CARTESIAN_POINT('',(-2.880881057031E-02,8.369733181177E-03,
    1.E-02));
#4537 = SURFACE_CURVE('',#4538,(#4542,#4549),.PCURVE_S1.);
#4538 = LINE('',#4539,#4540);
#4539 = CARTESIAN_POINT('',(8.642643171092E-02,-2.510919954353E-02,
    1.E-02));
#4540 = VECTOR('',#4541,1.);
#4541 = DIRECTION('',(0.960293685677,-0.278991106039,0.));
#4542 = PCURVE('',#4441,#4543);
#4543 = DEFINITIONAL_REPRESENTATION('',(#4544),#4548);
#4544 = LINE('',#4545,#4546);
#4545 = CARTESIAN_POINT('',(-8.642643171092E-02,2.510919954353E-02));
#4546 = VECTOR('',#4547,1.);
#4547 = DIRECTION('',(-0.960293685677,0.278991106039));
#4548 = ( GEOMETRIC_REPRESENTATION_CONTEXT(2) 
PARAMETRIC_REPRESENTATION_CONTEXT() REPRESENTATION_CONTEXT('2D SPACE',''
  ) );
#4549 = PCURVE('',#4414,#4550);
#4550 = DEFINITIONAL_REPRESENTATION('',(#4551),#4555);
#4551 = LINE('',#4552,#4553);
#4552 = CARTESIAN_POINT('',(0.18,9.E-02));
#4553 = VECTOR('',#4554,1.);
#4554 = DIRECTION('',(0.,-1.));
#4555 = ( GEOMETRIC_REPRESENTATION_CONTEXT(2) 
PARAMETRIC_REPRESENTATION_CONTEXT() REPRESENTATION_CONTEXT('2D SPACE',''
  ) );
#4556 = ORIENTED_EDGE('',*,*,#4426,.T.);
#4557 = ORIENTED_EDGE('',*,*,#4481,.T.);
#4558 = ORIENTED_EDGE('',*,*,#4559,.T.);
#4559 = EDGE_CURVE('',#4482,#4560,#4562,.T.);
#4560 = VERTEX_POINT('',#4561);
#4561 = CARTESIAN_POINT('',(-2.880881057031E-02,-8.369733181177E-03,
    1.E-02));
#4562 = SURFACE_CURVE('',#4563,(#4567,#4574),.PCURVE_S1.);
#4563 = LINE('',#4564,#4565);
#4564 = CARTESIAN_POINT('',(8.642643171092E-02,2.510919954353E-02,1.E-02
    ));
#4565 = VECTOR('',#4566,1.);
#4566 = DIRECTION('',(0.960293685677,0.278991106039,0.));
#4567 = PCURVE('',#4441,#4568);
#4568 = DEFINITIONAL_REPRESENTATION('',(#4569),#4573);
#4569 = LINE('',#4570,#4571);
#4570 = CARTESIAN_POINT('',(-8.642643171092E-02,-2.510919954353E-02));
#4571 = VECTOR('',#4572,1.);
#4572 = DIRECTION('',(-0.960293685677,-0.278991106039));
#4573 = ( GEOMETRIC_REPRESENTATION_CONTEXT(2) 
PARAMETRIC_REPRESENTATION_CONTEXT() REPRESENTATION_CONTEXT('2D SPACE',''
  ) );
#4574 = PCURVE('',#4519,#4575);
#4575 = DEFINITIONAL_REPRESENTATION('',(#4576),#4580);
#4576 = LINE('',#4577,#4578);
#4577 = CARTESIAN_POINT('',(0.18,9.E-02));
#4578 = VECTOR('',#4579,1.);
#4579 = DIRECTION('',(0.,-1.));
#4580 = ( GEOMETRIC_REPRESENTATION_CONTEXT(2) 
PARAMETRIC_REPRESENTATION_CONTEXT() REPRESENTATION_CONTEXT('2D SPACE',''
  ) );
#4581 = ORIENTED_EDGE('',*,*,#4582,.F.);
#4582 = EDGE_CURVE('',#4583,#4560,#4585,.T.);
#4583 = VERTEX_POINT('',#4584);
#4584 = CARTESIAN_POINT('',(-3.E-02,1.102182119233E-17,1.E-02));
#4585 = SURFACE_CURVE('',#4586,(#4591,#4598),.PCURVE_S1.);
#4586 = CIRCLE('',#4587,3.E-02);
#4587 = AXIS2_PLACEMENT_3D('',#4588,#4589,#4590);
#4588 = CARTESIAN_POINT('',(0.,0.,1.E-02));
#4589 = DIRECTION('',(0.,0.,1.));
#4590 = DIRECTION('',(-1.,1.224646799147E-16,0.));
#4591 = PCURVE('',#4441,#4592);
#4592 = DEFINITIONAL_REPRESENTATION('',(#4593),#4597);
#4593 = CIRCLE('',#4594,3.E-02);
#4594 = AXIS2_PLACEMENT_2D('',#4595,#4596);
#4595 = CARTESIAN_POINT('',(0.,0.));
#4596 = DIRECTION('',(1.,0.));
#4597 = ( GEOMETRIC_REPRESENTATION_CONTEXT(2) 
PARAMETRIC_REPRESENTATION_CONTEXT() REPRESENTATION_CONTEXT('2D SPACE',''
  ) );
#4598 = PCURVE('',#4599,#4604);
#4599 = CYLINDRICAL_SURFACE('',#4600,3.E-02);
#4600 = AXIS2_PLACEMENT_3D('',#4601,#4602,#4603);
#4601 = CARTESIAN_POINT('',(0.,0.,1.E-02));
#4602 = DIRECTION('',(0.,0.,1.));
#4603 = DIRECTION('',(-1.,1.224646799147E-16,0.));
#4604 = DEFINITIONAL_REPRESENTATION('',(#4605),#4609);
#4605 = LINE('',#4606,#4607);
#4606 = CARTESIAN_POINT('',(0.,0.));
#4607 = VECTOR('',#4608,1.);
#4608 = DIRECTION('',(1.,0.));
#4609 = ( GEOMETRIC_REPRESENTATION_CONTEXT(2) 
PARAMETRIC_REPRESENTATION_CONTEXT() REPRESENTATION_CONTEXT('2D SPACE',''
  ) );
#4610 = ORIENTED_EDGE('',*,*,#4611,.F.);
#4611 = EDGE_CURVE('',#4535,#4583,#4612,.T.);
#4612 = SURFACE_CURVE('',#4613,(#4618,#4625),.PCURVE_S1.);
#4613 = CIRCLE('',#4614,3.E-02);
#4614 = AXIS2_PLACEMENT_3D('',#4615,#4616,#4617);
#4615 = CARTESIAN_POINT('',(0.,0.,1.E-02));
#4616 = DIRECTION('',(0.,0.,1.));
#4617 = DIRECTION('',(-1.,1.224646799147E-16,0.));
#4618 = PCURVE('',#4441,#4619);
#4619 = DEFINITIONAL_REPRESENTATION('',(#4620),#4624);
#4620 = CIRCLE('',#4621,3.E-02);
#4621 = AXIS2_PLACEMENT_2D('',#4622,#4623);
#4622 = CARTESIAN_POINT('',(0.,0.));
#4623 = DIRECTION('',(1.,0.));
#4624 = ( GEOMETRIC_REPRESENTATION_CONTEXT(2) 
PARAMETRIC_REPRESENTATION_CONTEXT() REPRESENTATION_CONTEXT('2D SPACE',''
  ) );
#4625 = PCURVE('',#4626,#4631);
#4626 = CYLINDRICAL_SURFACE('',#4627,3.E-02);
#4627 = AXIS2_PLACEMENT_3D('',#4628,#4629,#4630);
#4628 = CARTESIAN_POINT('',(0.,0.,1.E-02));
#4629 = DIRECTION('',(0.,0.,1.));
#4630 = DIRECTION('',(-1.,1.224646799147E-16,0.));
#4631 = DEFINITIONAL_REPRESENTATION('',(#4632),#4636);
#4632 = LINE('',#4633,#4634);
#4633 = CARTESIAN_POINT('',(0.,0.));
#4634 = VECTOR('',#4635,1.);
#4635 = DIRECTION('',(1.,0.));
#4636 = ( GEOMETRIC_REPRESENTATION_CONTEXT(2) 
PARAMETRIC_REPRESENTATION_CONTEXT() REPRESENTATION_CONTEXT('2D SPACE',''
  ) );
#4637 = ADVANCED_FACE('Magnet::5::Boundary',(#4638),#4414,.F.);
#4638 = FACE_BOUND('',#4639,.F.);
#4639 = EDGE_LOOP('',(#4640,#4641,#4642,#4665));
#4640 = ORIENTED_EDGE('',*,*,#4398,.F.);
#4641 = ORIENTED_EDGE('',*,*,#4534,.T.);
#4642 = ORIENTED_EDGE('',*,*,#4643,.T.);
#4643 = EDGE_CURVE('',#4535,#4644,#4646,.T.);
#4644 = VERTEX_POINT('',#4645);
#4645 = CARTESIAN_POINT('',(-2.880881057031E-02,8.369733181177E-03,
    2.E-02));
#4646 = SURFACE_CURVE('',#4647,(#4651,#4658),.PCURVE_S1.);
#4647 = LINE('',#4648,#4649);
#4648 = CARTESIAN_POINT('',(-2.880881057031E-02,8.369733181177E-03,
    1.E-02));
#4649 = VECTOR('',#4650,1.);
#4650 = DIRECTION('',(0.,0.,1.));
#4651 = PCURVE('',#4414,#4652);
#4652 = DEFINITIONAL_REPRESENTATION('',(#4653),#4657);
#4653 = LINE('',#4654,#4655);
#4654 = CARTESIAN_POINT('',(0.18,0.21));
#4655 = VECTOR('',#4656,1.);
#4656 = DIRECTION('',(1.,0.));
#4657 = ( GEOMETRIC_REPRESENTATION_CONTEXT(2) 
PARAMETRIC_REPRESENTATION_CONTEXT() REPRESENTATION_CONTEXT('2D SPACE',''
  ) );
#4658 = PCURVE('',#4626,#4659);
#4659 = DEFINITIONAL_REPRESENTATION('',(#4660),#4664);
#4660 = LINE('',#4661,#4662);
#4661 = CARTESIAN_POINT('',(6.000441968357,0.));
#4662 = VECTOR('',#4663,1.);
#4663 = DIRECTION('',(0.,1.));
#4664 = ( GEOMETRIC_REPRESENTATION_CONTEXT(2) 
PARAMETRIC_REPRESENTATION_CONTEXT() REPRESENTATION_CONTEXT('2D SPACE',''
  ) );
#4665 = ORIENTED_EDGE('',*,*,#4666,.F.);
#4666 = EDGE_CURVE('',#4370,#4644,#4667,.T.);
#4667 = SURFACE_CURVE('',#4668,(#4672,#4679),.PCURVE_S1.);
#4668 = LINE('',#4669,#4670);
#4669 = CARTESIAN_POINT('',(8.642643171092E-02,-2.510919954353E-02,
    2.E-02));
#4670 = VECTOR('',#4671,1.);
#4671 = DIRECTION('',(0.960293685677,-0.278991106039,0.));
#4672 = PCURVE('',#4414,#4673);
#4673 = DEFINITIONAL_REPRESENTATION('',(#4674),#4678);
#4674 = LINE('',#4675,#4676);
#4675 = CARTESIAN_POINT('',(0.19,9.E-02));
#4676 = VECTOR('',#4677,1.);
#4677 = DIRECTION('',(0.,-1.));
#4678 = ( GEOMETRIC_REPRESENTATION_CONTEXT(2) 
PARAMETRIC_REPRESENTATION_CONTEXT() REPRESENTATION_CONTEXT('2D SPACE',''
  ) );
#4679 = PCURVE('',#4386,#4680);
#4680 = DEFINITIONAL_REPRESENTATION('',(#4681),#4685);
#4681 = LINE('',#4682,#4683);
#4682 = CARTESIAN_POINT('',(-8.642643171092E-02,2.510919954353E-02));
#4683 = VECTOR('',#4684,1.);
#4684 = DIRECTION('',(-0.960293685677,0.278991106039));
#4685 = ( GEOMETRIC_REPRESENTATION_CONTEXT(2) 
PARAMETRIC_REPRESENTATION_CONTEXT() REPRESENTATION_CONTEXT('2D SPACE',''
  ) );
#4686 = ADVANCED_FACE('Magnet::5::Boundary',(#4687),#4386,.T.);
#4687 = FACE_BOUND('',#4688,.T.);
#4688 = EDGE_LOOP('',(#4689,#4690,#4691,#4692,#4715,#4739));
#4689 = ORIENTED_EDGE('',*,*,#4666,.F.);
#4690 = ORIENTED_EDGE('',*,*,#4369,.T.);
#4691 = ORIENTED_EDGE('',*,*,#4456,.T.);
#4692 = ORIENTED_EDGE('',*,*,#4693,.T.);
#4693 = EDGE_CURVE('',#4457,#4694,#4696,.T.);
#4694 = VERTEX_POINT('',#4695);
#4695 = CARTESIAN_POINT('',(-2.880881057031E-02,-8.369733181177E-03,
    2.E-02));
#4696 = SURFACE_CURVE('',#4697,(#4701,#4708),.PCURVE_S1.);
#4697 = LINE('',#4698,#4699);
#4698 = CARTESIAN_POINT('',(8.642643171092E-02,2.510919954353E-02,2.E-02
    ));
#4699 = VECTOR('',#4700,1.);
#4700 = DIRECTION('',(0.960293685677,0.278991106039,0.));
#4701 = PCURVE('',#4386,#4702);
#4702 = DEFINITIONAL_REPRESENTATION('',(#4703),#4707);
#4703 = LINE('',#4704,#4705);
#4704 = CARTESIAN_POINT('',(-8.642643171092E-02,-2.510919954353E-02));
#4705 = VECTOR('',#4706,1.);
#4706 = DIRECTION('',(-0.960293685677,-0.278991106039));
#4707 = ( GEOMETRIC_REPRESENTATION_CONTEXT(2) 
PARAMETRIC_REPRESENTATION_CONTEXT() REPRESENTATION_CONTEXT('2D SPACE',''
  ) );
#4708 = PCURVE('',#4519,#4709);
#4709 = DEFINITIONAL_REPRESENTATION('',(#4710),#4714);
#4710 = LINE('',#4711,#4712);
#4711 = CARTESIAN_POINT('',(0.19,9.E-02));
#4712 = VECTOR('',#4713,1.);
#4713 = DIRECTION('',(0.,-1.));
#4714 = ( GEOMETRIC_REPRESENTATION_CONTEXT(2) 
PARAMETRIC_REPRESENTATION_CONTEXT() REPRESENTATION_CONTEXT('2D SPACE',''
  ) );
#4715 = ORIENTED_EDGE('',*,*,#4716,.F.);
#4716 = EDGE_CURVE('',#4717,#4694,#4719,.T.);
#4717 = VERTEX_POINT('',#4718);
#4718 = CARTESIAN_POINT('',(-3.E-02,1.102182119233E-17,2.E-02));
#4719 = SURFACE_CURVE('',#4720,(#4725,#4732),.PCURVE_S1.);
#4720 = CIRCLE('',#4721,3.E-02);
#4721 = AXIS2_PLACEMENT_3D('',#4722,#4723,#4724);
#4722 = CARTESIAN_POINT('',(0.,0.,2.E-02));
#4723 = DIRECTION('',(0.,0.,1.));
#4724 = DIRECTION('',(-1.,1.224646799147E-16,0.));
#4725 = PCURVE('',#4386,#4726);
#4726 = DEFINITIONAL_REPRESENTATION('',(#4727),#4731);
#4727 = CIRCLE('',#4728,3.E-02);
#4728 = AXIS2_PLACEMENT_2D('',#4729,#4730);
#4729 = CARTESIAN_POINT('',(0.,0.));
#4730 = DIRECTION('',(1.,0.));
#4731 = ( GEOMETRIC_REPRESENTATION_CONTEXT(2) 
PARAMETRIC_REPRESENTATION_CONTEXT() REPRESENTATION_CONTEXT('2D SPACE',''
  ) );
#4732 = PCURVE('',#4599,#4733);
#4733 = DEFINITIONAL_REPRESENTATION('',(#4734),#4738);
#4734 = LINE('',#4735,#4736);
#4735 = CARTESIAN_POINT('',(0.,1.E-02));
#4736 = VECTOR('',#4737,1.);
#4737 = DIRECTION('',(1.,0.));
#4738 = ( GEOMETRIC_REPRESENTATION_CONTEXT(2) 
PARAMETRIC_REPRESENTATION_CONTEXT() REPRESENTATION_CONTEXT('2D SPACE',''
  ) );
#4739 = ORIENTED_EDGE('',*,*,#4740,.F.);
#4740 = EDGE_CURVE('',#4644,#4717,#4741,.T.);
#4741 = SURFACE_CURVE('',#4742,(#4747,#4754),.PCURVE_S1.);
#4742 = CIRCLE('',#4743,3.E-02);
#4743 = AXIS2_PLACEMENT_3D('',#4744,#4745,#4746);
#4744 = CARTESIAN_POINT('',(0.,0.,2.E-02));
#4745 = DIRECTION('',(0.,0.,1.));
#4746 = DIRECTION('',(-1.,1.224646799147E-16,0.));
#4747 = PCURVE('',#4386,#4748);
#4748 = DEFINITIONAL_REPRESENTATION('',(#4749),#4753);
#4749 = CIRCLE('',#4750,3.E-02);
#4750 = AXIS2_PLACEMENT_2D('',#4751,#4752);
#4751 = CARTESIAN_POINT('',(0.,0.));
#4752 = DIRECTION('',(1.,0.));
#4753 = ( GEOMETRIC_REPRESENTATION_CONTEXT(2) 
PARAMETRIC_REPRESENTATION_CONTEXT() REPRESENTATION_CONTEXT('2D SPACE',''
  ) );
#4754 = PCURVE('',#4626,#4755);
#4755 = DEFINITIONAL_REPRESENTATION('',(#4756),#4760);
#4756 = LINE('',#4757,#4758);
#4757 = CARTESIAN_POINT('',(0.,1.E-02));
#4758 = VECTOR('',#4759,1.);
#4759 = DIRECTION('',(1.,0.));
#4760 = ( GEOMETRIC_REPRESENTATION_CONTEXT(2) 
PARAMETRIC_REPRESENTATION_CONTEXT() REPRESENTATION_CONTEXT('2D SPACE',''
  ) );
#4761 = ADVANCED_FACE('Magnet::5::Boundary',(#4762),#4519,.T.);
#4762 = FACE_BOUND('',#4763,.T.);
#4763 = EDGE_LOOP('',(#4764,#4765,#4766,#4787));
#4764 = ORIENTED_EDGE('',*,*,#4505,.F.);
#4765 = ORIENTED_EDGE('',*,*,#4559,.T.);
#4766 = ORIENTED_EDGE('',*,*,#4767,.T.);
#4767 = EDGE_CURVE('',#4560,#4694,#4768,.T.);
#4768 = SURFACE_CURVE('',#4769,(#4773,#4780),.PCURVE_S1.);
#4769 = LINE('',#4770,#4771);
#4770 = CARTESIAN_POINT('',(-2.880881057031E-02,-8.369733181177E-03,
    1.E-02));
#4771 = VECTOR('',#4772,1.);
#4772 = DIRECTION('',(0.,0.,1.));
#4773 = PCURVE('',#4519,#4774);
#4774 = DEFINITIONAL_REPRESENTATION('',(#4775),#4779);
#4775 = LINE('',#4776,#4777);
#4776 = CARTESIAN_POINT('',(0.18,0.21));
#4777 = VECTOR('',#4778,1.);
#4778 = DIRECTION('',(1.,0.));
#4779 = ( GEOMETRIC_REPRESENTATION_CONTEXT(2) 
PARAMETRIC_REPRESENTATION_CONTEXT() REPRESENTATION_CONTEXT('2D SPACE',''
  ) );
#4780 = PCURVE('',#4599,#4781);
#4781 = DEFINITIONAL_REPRESENTATION('',(#4782),#4786);
#4782 = LINE('',#4783,#4784);
#4783 = CARTESIAN_POINT('',(0.282743338823,0.));
#4784 = VECTOR('',#4785,1.);
#4785 = DIRECTION('',(0.,1.));
#4786 = ( GEOMETRIC_REPRESENTATION_CONTEXT(2) 
PARAMETRIC_REPRESENTATION_CONTEXT() REPRESENTATION_CONTEXT('2D SPACE',''
  ) );
#4787 = ORIENTED_EDGE('',*,*,#4693,.F.);
#4788 = ADVANCED_FACE('Magnet::5::Boundary',(#4789),#4626,.F.);
#4789 = FACE_BOUND('',#4790,.F.);
#4790 = EDGE_LOOP('',(#4791,#4812,#4813,#4814));
#4791 = ORIENTED_EDGE('',*,*,#4792,.T.);
#4792 = EDGE_CURVE('',#4583,#4717,#4793,.T.);
#4793 = SURFACE_CURVE('',#4794,(#4798,#4805),.PCURVE_S1.);
#4794 = LINE('',#4795,#4796);
#4795 = CARTESIAN_POINT('',(-3.E-02,1.102182119233E-17,1.E-02));
#4796 = VECTOR('',#4797,1.);
#4797 = DIRECTION('',(0.,0.,1.));
#4798 = PCURVE('',#4626,#4799);
#4799 = DEFINITIONAL_REPRESENTATION('',(#4800),#4804);
#4800 = LINE('',#4801,#4802);
#4801 = CARTESIAN_POINT('',(6.28318530718,-0.));
#4802 = VECTOR('',#4803,1.);
#4803 = DIRECTION('',(0.,1.));
#4804 = ( GEOMETRIC_REPRESENTATION_CONTEXT(2) 
PARAMETRIC_REPRESENTATION_CONTEXT() REPRESENTATION_CONTEXT('2D SPACE',''
  ) );
#4805 = PCURVE('',#4599,#4806);
#4806 = DEFINITIONAL_REPRESENTATION('',(#4807),#4811);
#4807 = LINE('',#4808,#4809);
#4808 = CARTESIAN_POINT('',(0.,-0.));
#4809 = VECTOR('',#4810,1.);
#4810 = DIRECTION('',(0.,1.));
#4811 = ( GEOMETRIC_REPRESENTATION_CONTEXT(2) 
PARAMETRIC_REPRESENTATION_CONTEXT() REPRESENTATION_CONTEXT('2D SPACE',''
  ) );
#4812 = ORIENTED_EDGE('',*,*,#4740,.F.);
#4813 = ORIENTED_EDGE('',*,*,#4643,.F.);
#4814 = ORIENTED_EDGE('',*,*,#4611,.T.);
#4815 = ADVANCED_FACE('Magnet::5::Boundary',(#4816),#4599,.F.);
#4816 = FACE_BOUND('',#4817,.F.);
#4817 = EDGE_LOOP('',(#4818,#4819,#4820,#4821));
#4818 = ORIENTED_EDGE('',*,*,#4716,.F.);
#4819 = ORIENTED_EDGE('',*,*,#4792,.F.);
#4820 = ORIENTED_EDGE('',*,*,#4582,.T.);
#4821 = ORIENTED_EDGE('',*,*,#4767,.T.);
#4822 = MANIFOLD_SOLID_BREP('Magnet::6',#4823);
#4823 = CLOSED_SHELL('',(#4824,#4946,#5024,#5131,#5180,#5255,#5282,#5309
    ));
#4824 = ADVANCED_FACE('Magnet::6::Boundary',(#4825),#4839,.T.);
#4825 = FACE_BOUND('',#4826,.T.);
#4826 = EDGE_LOOP('',(#4827,#4862,#4891,#4919));
#4827 = ORIENTED_EDGE('',*,*,#4828,.T.);
#4828 = EDGE_CURVE('',#4829,#4831,#4833,.T.);
#4829 = VERTEX_POINT('',#4830);
#4830 = CARTESIAN_POINT('',(-4.85410196625E-02,-3.526711513755E-02,
    1.E-02));
#4831 = VERTEX_POINT('',#4832);
#4832 = CARTESIAN_POINT('',(-4.85410196625E-02,-3.526711513755E-02,
    2.E-02));
#4833 = SURFACE_CURVE('',#4834,(#4838,#4850),.PCURVE_S1.);
#4834 = LINE('',#4835,#4836);
#4835 = CARTESIAN_POINT('',(-4.85410196625E-02,-3.526711513755E-02,
    1.E-02));
#4836 = VECTOR('',#4837,1.);
#4837 = DIRECTION('',(0.,0.,1.));
#4838 = PCURVE('',#4839,#4844);
#4839 = CYLINDRICAL_SURFACE('',#4840,6.E-02);
#4840 = AXIS2_PLACEMENT_3D('',#4841,#4842,#4843);
#4841 = CARTESIAN_POINT('',(0.,0.,1.E-02));
#4842 = DIRECTION('',(0.,0.,1.));
#4843 = DIRECTION('',(-0.809016994375,-0.587785252292,0.));
#4844 = DEFINITIONAL_REPRESENTATION('',(#4845),#4849);
#4845 = LINE('',#4846,#4847);
#4846 = CARTESIAN_POINT('',(6.28318530718,-0.));
#4847 = VECTOR('',#4848,1.);
#4848 = DIRECTION('',(0.,1.));
#4849 = ( GEOMETRIC_REPRESENTATION_CONTEXT(2) 
PARAMETRIC_REPRESENTATION_CONTEXT() REPRESENTATION_CONTEXT('2D SPACE',''
  ) );
#4850 = PCURVE('',#4851,#4856);
#4851 = CYLINDRICAL_SURFACE('',#4852,6.E-02);
#4852 = AXIS2_PLACEMENT_3D('',#4853,#4854,#4855);
#4853 = CARTESIAN_POINT('',(0.,0.,1.E-02));
#4854 = DIRECTION('',(0.,0.,1.));
#4855 = DIRECTION('',(-0.809016994375,-0.587785252292,0.));
#4856 = DEFINITIONAL_REPRESENTATION('',(#4857),#4861);
#4857 = LINE('',#4858,#4859);
#4858 = CARTESIAN_POINT('',(0.,-0.));
#4859 = VECTOR('',#4860,1.);
#4860 = DIRECTION('',(0.,1.));
#4861 = ( GEOMETRIC_REPRESENTATION_CONTEXT(2) 
PARAMETRIC_REPRESENTATION_CONTEXT() REPRESENTATION_CONTEXT('2D SPACE',''
  ) );
#4862 = ORIENTED_EDGE('',*,*,#4863,.F.);
#4863 = EDGE_CURVE('',#4864,#4831,#4866,.T.);
#4864 = VERTEX_POINT('',#4865);
#4865 = CARTESIAN_POINT('',(-5.645284613725E-02,-2.032427521472E-02,
    2.E-02));
#4866 = SURFACE_CURVE('',#4867,(#4872,#4879),.PCURVE_S1.);
#4867 = CIRCLE('',#4868,6.E-02);
#4868 = AXIS2_PLACEMENT_3D('',#4869,#4870,#4871);
#4869 = CARTESIAN_POINT('',(0.,0.,2.E-02));
#4870 = DIRECTION('',(0.,0.,1.));
#4871 = DIRECTION('',(-0.809016994375,-0.587785252292,0.));
#4872 = PCURVE('',#4839,#4873);
#4873 = DEFINITIONAL_REPRESENTATION('',(#4874),#4878);
#4874 = LINE('',#4875,#4876);
#4875 = CARTESIAN_POINT('',(0.,1.E-02));
#4876 = VECTOR('',#4877,1.);
#4877 = DIRECTION('',(1.,0.));
#4878 = ( GEOMETRIC_REPRESENTATION_CONTEXT(2) 
PARAMETRIC_REPRESENTATION_CONTEXT() REPRESENTATION_CONTEXT('2D SPACE',''
  ) );
#4879 = PCURVE('',#4880,#4885);
#4880 = PLANE('',#4881);
#4881 = AXIS2_PLACEMENT_3D('',#4882,#4883,#4884);
#4882 = CARTESIAN_POINT('',(0.,0.,2.E-02));
#4883 = DIRECTION('',(0.,0.,1.));
#4884 = DIRECTION('',(-0.809016994375,-0.587785252292,0.));
#4885 = DEFINITIONAL_REPRESENTATION('',(#4886),#4890);
#4886 = CIRCLE('',#4887,6.E-02);
#4887 = AXIS2_PLACEMENT_2D('',#4888,#4889);
#4888 = CARTESIAN_POINT('',(0.,0.));
#4889 = DIRECTION('',(1.,0.));
#4890 = ( GEOMETRIC_REPRESENTATION_CONTEXT(2) 
PARAMETRIC_REPRESENTATION_CONTEXT() REPRESENTATION_CONTEXT('2D SPACE',''
  ) );
#4891 = ORIENTED_EDGE('',*,*,#4892,.F.);
#4892 = EDGE_CURVE('',#4893,#4864,#4895,.T.);
#4893 = VERTEX_POINT('',#4894);
#4894 = CARTESIAN_POINT('',(-5.645284613725E-02,-2.032427521472E-02,
    1.E-02));
#4895 = SURFACE_CURVE('',#4896,(#4900,#4907),.PCURVE_S1.);
#4896 = LINE('',#4897,#4898);
#4897 = CARTESIAN_POINT('',(-5.645284613725E-02,-2.032427521472E-02,
    1.E-02));
#4898 = VECTOR('',#4899,1.);
#4899 = DIRECTION('',(0.,0.,1.));
#4900 = PCURVE('',#4839,#4901);
#4901 = DEFINITIONAL_REPRESENTATION('',(#4902),#4906);
#4902 = LINE('',#4903,#4904);
#4903 = CARTESIAN_POINT('',(6.000441968357,0.));
#4904 = VECTOR('',#4905,1.);
#4905 = DIRECTION('',(0.,1.));
#4906 = ( GEOMETRIC_REPRESENTATION_CONTEXT(2) 
PARAMETRIC_REPRESENTATION_CONTEXT() REPRESENTATION_CONTEXT('2D SPACE',''
  ) );
#4907 = PCURVE('',#4908,#4913);
#4908 = PLANE('',#4909);
#4909 = AXIS2_PLACEMENT_3D('',#4910,#4911,#4912);
#4910 = CARTESIAN_POINT('',(0.169358538412,6.097282564415E-02,-0.17));
#4911 = DIRECTION('',(0.338737920245,-0.940880768954,0.));
#4912 = DIRECTION('',(0.,0.,1.));
#4913 = DEFINITIONAL_REPRESENTATION('',(#4914),#4918);
#4914 = LINE('',#4915,#4916);
#4915 = CARTESIAN_POINT('',(0.18,0.24));
#4916 = VECTOR('',#4917,1.);
#4917 = DIRECTION('',(1.,0.));
#4918 = ( GEOMETRIC_REPRESENTATION_CONTEXT(2) 
PARAMETRIC_REPRESENTATION_CONTEXT() REPRESENTATION_CONTEXT('2D SPACE',''
  ) );
#4919 = ORIENTED_EDGE('',*,*,#4920,.T.);
#4920 = EDGE_CURVE('',#4893,#4829,#4921,.T.);
#4921 = SURFACE_CURVE('',#4922,(#4927,#4934),.PCURVE_S1.);
#4922 = CIRCLE('',#4923,6.E-02);
#4923 = AXIS2_PLACEMENT_3D('',#4924,#4925,#4926);
#4924 = CARTESIAN_POINT('',(0.,0.,1.E-02));
#4925 = DIRECTION('',(0.,0.,1.));
#4926 = DIRECTION('',(-0.809016994375,-0.587785252292,0.));
#4927 = PCURVE('',#4839,#4928);
#4928 = DEFINITIONAL_REPRESENTATION('',(#4929),#4933);
#4929 = LINE('',#4930,#4931);
#4930 = CARTESIAN_POINT('',(0.,0.));
#4931 = VECTOR('',#4932,1.);
#4932 = DIRECTION('',(1.,0.));
#4933 = ( GEOMETRIC_REPRESENTATION_CONTEXT(2) 
PARAMETRIC_REPRESENTATION_CONTEXT() REPRESENTATION_CONTEXT('2D SPACE',''
  ) );
#4934 = PCURVE('',#4935,#4940);
#4935 = PLANE('',#4936);
#4936 = AXIS2_PLACEMENT_3D('',#4937,#4938,#4939);
#4937 = CARTESIAN_POINT('',(0.,0.,1.E-02));
#4938 = DIRECTION('',(0.,0.,1.));
#4939 = DIRECTION('',(-0.809016994375,-0.587785252292,0.));
#4940 = DEFINITIONAL_REPRESENTATION('',(#4941),#4945);
#4941 = CIRCLE('',#4942,6.E-02);
#4942 = AXIS2_PLACEMENT_2D('',#4943,#4944);
#4943 = CARTESIAN_POINT('',(0.,0.));
#4944 = DIRECTION('',(1.,0.));
#4945 = ( GEOMETRIC_REPRESENTATION_CONTEXT(2) 
PARAMETRIC_REPRESENTATION_CONTEXT() REPRESENTATION_CONTEXT('2D SPACE',''
  ) );
#4946 = ADVANCED_FACE('Magnet::6::Boundary',(#4947),#4851,.T.);
#4947 = FACE_BOUND('',#4948,.T.);
#4948 = EDGE_LOOP('',(#4949,#4973,#4974,#4998));
#4949 = ORIENTED_EDGE('',*,*,#4950,.F.);
#4950 = EDGE_CURVE('',#4831,#4951,#4953,.T.);
#4951 = VERTEX_POINT('',#4952);
#4952 = CARTESIAN_POINT('',(-3.677442321918E-02,-4.740930074254E-02,
    2.E-02));
#4953 = SURFACE_CURVE('',#4954,(#4959,#4966),.PCURVE_S1.);
#4954 = CIRCLE('',#4955,6.E-02);
#4955 = AXIS2_PLACEMENT_3D('',#4956,#4957,#4958);
#4956 = CARTESIAN_POINT('',(0.,0.,2.E-02));
#4957 = DIRECTION('',(0.,0.,1.));
#4958 = DIRECTION('',(-0.809016994375,-0.587785252292,0.));
#4959 = PCURVE('',#4851,#4960);
#4960 = DEFINITIONAL_REPRESENTATION('',(#4961),#4965);
#4961 = LINE('',#4962,#4963);
#4962 = CARTESIAN_POINT('',(0.,1.E-02));
#4963 = VECTOR('',#4964,1.);
#4964 = DIRECTION('',(1.,0.));
#4965 = ( GEOMETRIC_REPRESENTATION_CONTEXT(2) 
PARAMETRIC_REPRESENTATION_CONTEXT() REPRESENTATION_CONTEXT('2D SPACE',''
  ) );
#4966 = PCURVE('',#4880,#4967);
#4967 = DEFINITIONAL_REPRESENTATION('',(#4968),#4972);
#4968 = CIRCLE('',#4969,6.E-02);
#4969 = AXIS2_PLACEMENT_2D('',#4970,#4971);
#4970 = CARTESIAN_POINT('',(0.,0.));
#4971 = DIRECTION('',(1.,0.));
#4972 = ( GEOMETRIC_REPRESENTATION_CONTEXT(2) 
PARAMETRIC_REPRESENTATION_CONTEXT() REPRESENTATION_CONTEXT('2D SPACE',''
  ) );
#4973 = ORIENTED_EDGE('',*,*,#4828,.F.);
#4974 = ORIENTED_EDGE('',*,*,#4975,.T.);
#4975 = EDGE_CURVE('',#4829,#4976,#4978,.T.);
#4976 = VERTEX_POINT('',#4977);
#4977 = CARTESIAN_POINT('',(-3.677442321918E-02,-4.740930074254E-02,
    1.E-02));
#4978 = SURFACE_CURVE('',#4979,(#4984,#4991),.PCURVE_S1.);
#4979 = CIRCLE('',#4980,6.E-02);
#4980 = AXIS2_PLACEMENT_3D('',#4981,#4982,#4983);
#4981 = CARTESIAN_POINT('',(0.,0.,1.E-02));
#4982 = DIRECTION('',(0.,0.,1.));
#4983 = DIRECTION('',(-0.809016994375,-0.587785252292,0.));
#4984 = PCURVE('',#4851,#4985);
#4985 = DEFINITIONAL_REPRESENTATION('',(#4986),#4990);
#4986 = LINE('',#4987,#4988);
#4987 = CARTESIAN_POINT('',(0.,0.));
#4988 = VECTOR('',#4989,1.);
#4989 = DIRECTION('',(1.,0.));
#4990 = ( GEOMETRIC_REPRESENTATION_CONTEXT(2) 
PARAMETRIC_REPRESENTATION_CONTEXT() REPRESENTATION_CONTEXT('2D SPACE',''
  ) );
#4991 = PCURVE('',#4935,#4992);
#4992 = DEFINITIONAL_REPRESENTATION('',(#4993),#4997);
#4993 = CIRCLE('',#4994,6.E-02);
#4994 = AXIS2_PLACEMENT_2D('',#4995,#4996);
#4995 = CARTESIAN_POINT('',(0.,0.));
#4996 = DIRECTION('',(1.,0.));
#4997 = ( GEOMETRIC_REPRESENTATION_CONTEXT(2) 
PARAMETRIC_REPRESENTATION_CONTEXT() REPRESENTATION_CONTEXT('2D SPACE',''
  ) );
#4998 = ORIENTED_EDGE('',*,*,#4999,.T.);
#4999 = EDGE_CURVE('',#4976,#4951,#5000,.T.);
#5000 = SURFACE_CURVE('',#5001,(#5005,#5012),.PCURVE_S1.);
#5001 = LINE('',#5002,#5003);
#5002 = CARTESIAN_POINT('',(-3.677442321918E-02,-4.740930074254E-02,
    1.E-02));
#5003 = VECTOR('',#5004,1.);
#5004 = DIRECTION('',(0.,0.,1.));
#5005 = PCURVE('',#4851,#5006);
#5006 = DEFINITIONAL_REPRESENTATION('',(#5007),#5011);
#5007 = LINE('',#5008,#5009);
#5008 = CARTESIAN_POINT('',(0.282743338823,0.));
#5009 = VECTOR('',#5010,1.);
#5010 = DIRECTION('',(0.,1.));
#5011 = ( GEOMETRIC_REPRESENTATION_CONTEXT(2) 
PARAMETRIC_REPRESENTATION_CONTEXT() REPRESENTATION_CONTEXT('2D SPACE',''
  ) );
#5012 = PCURVE('',#5013,#5018);
#5013 = PLANE('',#5014);
#5014 = AXIS2_PLACEMENT_3D('',#5015,#5016,#5017);
#5015 = CARTESIAN_POINT('',(0.110323269658,0.142227902228,-0.17));
#5016 = DIRECTION('',(0.790155012376,-0.612907053653,0.));
#5017 = DIRECTION('',(0.,0.,1.));
#5018 = DEFINITIONAL_REPRESENTATION('',(#5019),#5023);
#5019 = LINE('',#5020,#5021);
#5020 = CARTESIAN_POINT('',(0.18,0.24));
#5021 = VECTOR('',#5022,1.);
#5022 = DIRECTION('',(1.,0.));
#5023 = ( GEOMETRIC_REPRESENTATION_CONTEXT(2) 
PARAMETRIC_REPRESENTATION_CONTEXT() REPRESENTATION_CONTEXT('2D SPACE',''
  ) );
#5024 = ADVANCED_FACE('',(#5025),#4935,.F.);
#5025 = FACE_BOUND('',#5026,.F.);
#5026 = EDGE_LOOP('',(#5027,#5050,#5051,#5052,#5075,#5104));
#5027 = ORIENTED_EDGE('',*,*,#5028,.F.);
#5028 = EDGE_CURVE('',#4893,#5029,#5031,.T.);
#5029 = VERTEX_POINT('',#5030);
#5030 = CARTESIAN_POINT('',(-2.822642306863E-02,-1.016213760736E-02,
    1.E-02));
#5031 = SURFACE_CURVE('',#5032,(#5036,#5043),.PCURVE_S1.);
#5032 = LINE('',#5033,#5034);
#5033 = CARTESIAN_POINT('',(8.467926920588E-02,3.048641282208E-02,1.E-02
    ));
#5034 = VECTOR('',#5035,1.);
#5035 = DIRECTION('',(0.940880768954,0.338737920245,0.));
#5036 = PCURVE('',#4935,#5037);
#5037 = DEFINITIONAL_REPRESENTATION('',(#5038),#5042);
#5038 = LINE('',#5039,#5040);
#5039 = CARTESIAN_POINT('',(-8.642643171092E-02,2.510919954353E-02));
#5040 = VECTOR('',#5041,1.);
#5041 = DIRECTION('',(-0.960293685677,0.278991106039));
#5042 = ( GEOMETRIC_REPRESENTATION_CONTEXT(2) 
PARAMETRIC_REPRESENTATION_CONTEXT() REPRESENTATION_CONTEXT('2D SPACE',''
  ) );
#5043 = PCURVE('',#4908,#5044);
#5044 = DEFINITIONAL_REPRESENTATION('',(#5045),#5049);
#5045 = LINE('',#5046,#5047);
#5046 = CARTESIAN_POINT('',(0.18,9.E-02));
#5047 = VECTOR('',#5048,1.);
#5048 = DIRECTION('',(0.,-1.));
#5049 = ( GEOMETRIC_REPRESENTATION_CONTEXT(2) 
PARAMETRIC_REPRESENTATION_CONTEXT() REPRESENTATION_CONTEXT('2D SPACE',''
  ) );
#5050 = ORIENTED_EDGE('',*,*,#4920,.T.);
#5051 = ORIENTED_EDGE('',*,*,#4975,.T.);
#5052 = ORIENTED_EDGE('',*,*,#5053,.T.);
#5053 = EDGE_CURVE('',#4976,#5054,#5056,.T.);
#5054 = VERTEX_POINT('',#5055);
#5055 = CARTESIAN_POINT('',(-1.838721160959E-02,-2.370465037127E-02,
    1.E-02));
#5056 = SURFACE_CURVE('',#5057,(#5061,#5068),.PCURVE_S1.);
#5057 = LINE('',#5058,#5059);
#5058 = CARTESIAN_POINT('',(5.516163482877E-02,7.111395111381E-02,1.E-02
    ));
#5059 = VECTOR('',#5060,1.);
#5060 = DIRECTION('',(0.612907053653,0.790155012376,0.));
#5061 = PCURVE('',#4935,#5062);
#5062 = DEFINITIONAL_REPRESENTATION('',(#5063),#5067);
#5063 = LINE('',#5064,#5065);
#5064 = CARTESIAN_POINT('',(-8.642643171092E-02,-2.510919954353E-02));
#5065 = VECTOR('',#5066,1.);
#5066 = DIRECTION('',(-0.960293685677,-0.278991106039));
#5067 = ( GEOMETRIC_REPRESENTATION_CONTEXT(2) 
PARAMETRIC_REPRESENTATION_CONTEXT() REPRESENTATION_CONTEXT('2D SPACE',''
  ) );
#5068 = PCURVE('',#5013,#5069);
#5069 = DEFINITIONAL_REPRESENTATION('',(#5070),#5074);
#5070 = LINE('',#5071,#5072);
#5071 = CARTESIAN_POINT('',(0.18,9.E-02));
#5072 = VECTOR('',#5073,1.);
#5073 = DIRECTION('',(0.,-1.));
#5074 = ( GEOMETRIC_REPRESENTATION_CONTEXT(2) 
PARAMETRIC_REPRESENTATION_CONTEXT() REPRESENTATION_CONTEXT('2D SPACE',''
  ) );
#5075 = ORIENTED_EDGE('',*,*,#5076,.F.);
#5076 = EDGE_CURVE('',#5077,#5054,#5079,.T.);
#5077 = VERTEX_POINT('',#5078);
#5078 = CARTESIAN_POINT('',(-2.427050983125E-02,-1.763355756877E-02,
    1.E-02));
#5079 = SURFACE_CURVE('',#5080,(#5085,#5092),.PCURVE_S1.);
#5080 = CIRCLE('',#5081,3.E-02);
#5081 = AXIS2_PLACEMENT_3D('',#5082,#5083,#5084);
#5082 = CARTESIAN_POINT('',(0.,0.,1.E-02));
#5083 = DIRECTION('',(0.,0.,1.));
#5084 = DIRECTION('',(-0.809016994375,-0.587785252292,0.));
#5085 = PCURVE('',#4935,#5086);
#5086 = DEFINITIONAL_REPRESENTATION('',(#5087),#5091);
#5087 = CIRCLE('',#5088,3.E-02);
#5088 = AXIS2_PLACEMENT_2D('',#5089,#5090);
#5089 = CARTESIAN_POINT('',(0.,0.));
#5090 = DIRECTION('',(1.,0.));
#5091 = ( GEOMETRIC_REPRESENTATION_CONTEXT(2) 
PARAMETRIC_REPRESENTATION_CONTEXT() REPRESENTATION_CONTEXT('2D SPACE',''
  ) );
#5092 = PCURVE('',#5093,#5098);
#5093 = CYLINDRICAL_SURFACE('',#5094,3.E-02);
#5094 = AXIS2_PLACEMENT_3D('',#5095,#5096,#5097);
#5095 = CARTESIAN_POINT('',(0.,0.,1.E-02));
#5096 = DIRECTION('',(0.,0.,1.));
#5097 = DIRECTION('',(-0.809016994375,-0.587785252292,0.));
#5098 = DEFINITIONAL_REPRESENTATION('',(#5099),#5103);
#5099 = LINE('',#5100,#5101);
#5100 = CARTESIAN_POINT('',(0.,0.));
#5101 = VECTOR('',#5102,1.);
#5102 = DIRECTION('',(1.,0.));
#5103 = ( GEOMETRIC_REPRESENTATION_CONTEXT(2) 
PARAMETRIC_REPRESENTATION_CONTEXT() REPRESENTATION_CONTEXT('2D SPACE',''
  ) );
#5104 = ORIENTED_EDGE('',*,*,#5105,.F.);
#5105 = EDGE_CURVE('',#5029,#5077,#5106,.T.);
#5106 = SURFACE_CURVE('',#5107,(#5112,#5119),.PCURVE_S1.);
#5107 = CIRCLE('',#5108,3.E-02);
#5108 = AXIS2_PLACEMENT_3D('',#5109,#5110,#5111);
#5109 = CARTESIAN_POINT('',(0.,0.,1.E-02));
#5110 = DIRECTION('',(0.,0.,1.));
#5111 = DIRECTION('',(-0.809016994375,-0.587785252292,0.));
#5112 = PCURVE('',#4935,#5113);
#5113 = DEFINITIONAL_REPRESENTATION('',(#5114),#5118);
#5114 = CIRCLE('',#5115,3.E-02);
#5115 = AXIS2_PLACEMENT_2D('',#5116,#5117);
#5116 = CARTESIAN_POINT('',(0.,0.));
#5117 = DIRECTION('',(1.,0.));
#5118 = ( GEOMETRIC_REPRESENTATION_CONTEXT(2) 
PARAMETRIC_REPRESENTATION_CONTEXT() REPRESENTATION_CONTEXT('2D SPACE',''
  ) );
#5119 = PCURVE('',#5120,#5125);
#5120 = CYLINDRICAL_SURFACE('',#5121,3.E-02);
#5121 = AXIS2_PLACEMENT_3D('',#5122,#5123,#5124);
#5122 = CARTESIAN_POINT('',(0.,0.,1.E-02));
#5123 = DIRECTION('',(0.,0.,1.));
#5124 = DIRECTION('',(-0.809016994375,-0.587785252292,0.));
#5125 = DEFINITIONAL_REPRESENTATION('',(#5126),#5130);
#5126 = LINE('',#5127,#5128);
#5127 = CARTESIAN_POINT('',(0.,0.));
#5128 = VECTOR('',#5129,1.);
#5129 = DIRECTION('',(1.,0.));
#5130 = ( GEOMETRIC_REPRESENTATION_CONTEXT(2) 
PARAMETRIC_REPRESENTATION_CONTEXT() REPRESENTATION_CONTEXT('2D SPACE',''
  ) );
#5131 = ADVANCED_FACE('Magnet::6::Boundary',(#5132),#4908,.F.);
#5132 = FACE_BOUND('',#5133,.F.);
#5133 = EDGE_LOOP('',(#5134,#5135,#5136,#5159));
#5134 = ORIENTED_EDGE('',*,*,#4892,.F.);
#5135 = ORIENTED_EDGE('',*,*,#5028,.T.);
#5136 = ORIENTED_EDGE('',*,*,#5137,.T.);
#5137 = EDGE_CURVE('',#5029,#5138,#5140,.T.);
#5138 = VERTEX_POINT('',#5139);
#5139 = CARTESIAN_POINT('',(-2.822642306863E-02,-1.016213760736E-02,
    2.E-02));
#5140 = SURFACE_CURVE('',#5141,(#5145,#5152),.PCURVE_S1.);
#5141 = LINE('',#5142,#5143);
#5142 = CARTESIAN_POINT('',(-2.822642306863E-02,-1.016213760736E-02,
    1.E-02));
#5143 = VECTOR('',#5144,1.);
#5144 = DIRECTION('',(0.,0.,1.));
#5145 = PCURVE('',#4908,#5146);
#5146 = DEFINITIONAL_REPRESENTATION('',(#5147),#5151);
#5147 = LINE('',#5148,#5149);
#5148 = CARTESIAN_POINT('',(0.18,0.21));
#5149 = VECTOR('',#5150,1.);
#5150 = DIRECTION('',(1.,0.));
#5151 = ( GEOMETRIC_REPRESENTATION_CONTEXT(2) 
PARAMETRIC_REPRESENTATION_CONTEXT() REPRESENTATION_CONTEXT('2D SPACE',''
  ) );
#5152 = PCURVE('',#5120,#5153);
#5153 = DEFINITIONAL_REPRESENTATION('',(#5154),#5158);
#5154 = LINE('',#5155,#5156);
#5155 = CARTESIAN_POINT('',(6.000441968357,0.));
#5156 = VECTOR('',#5157,1.);
#5157 = DIRECTION('',(0.,1.));
#5158 = ( GEOMETRIC_REPRESENTATION_CONTEXT(2) 
PARAMETRIC_REPRESENTATION_CONTEXT() REPRESENTATION_CONTEXT('2D SPACE',''
  ) );
#5159 = ORIENTED_EDGE('',*,*,#5160,.F.);
#5160 = EDGE_CURVE('',#4864,#5138,#5161,.T.);
#5161 = SURFACE_CURVE('',#5162,(#5166,#5173),.PCURVE_S1.);
#5162 = LINE('',#5163,#5164);
#5163 = CARTESIAN_POINT('',(8.467926920588E-02,3.048641282208E-02,2.E-02
    ));
#5164 = VECTOR('',#5165,1.);
#5165 = DIRECTION('',(0.940880768954,0.338737920245,0.));
#5166 = PCURVE('',#4908,#5167);
#5167 = DEFINITIONAL_REPRESENTATION('',(#5168),#5172);
#5168 = LINE('',#5169,#5170);
#5169 = CARTESIAN_POINT('',(0.19,9.E-02));
#5170 = VECTOR('',#5171,1.);
#5171 = DIRECTION('',(0.,-1.));
#5172 = ( GEOMETRIC_REPRESENTATION_CONTEXT(2) 
PARAMETRIC_REPRESENTATION_CONTEXT() REPRESENTATION_CONTEXT('2D SPACE',''
  ) );
#5173 = PCURVE('',#4880,#5174);
#5174 = DEFINITIONAL_REPRESENTATION('',(#5175),#5179);
#5175 = LINE('',#5176,#5177);
#5176 = CARTESIAN_POINT('',(-8.642643171092E-02,2.510919954353E-02));
#5177 = VECTOR('',#5178,1.);
#5178 = DIRECTION('',(-0.960293685677,0.278991106039));
#5179 = ( GEOMETRIC_REPRESENTATION_CONTEXT(2) 
PARAMETRIC_REPRESENTATION_CONTEXT() REPRESENTATION_CONTEXT('2D SPACE',''
  ) );
#5180 = ADVANCED_FACE('Magnet::6::Boundary',(#5181),#4880,.T.);
#5181 = FACE_BOUND('',#5182,.T.);
#5182 = EDGE_LOOP('',(#5183,#5184,#5185,#5186,#5209,#5233));
#5183 = ORIENTED_EDGE('',*,*,#5160,.F.);
#5184 = ORIENTED_EDGE('',*,*,#4863,.T.);
#5185 = ORIENTED_EDGE('',*,*,#4950,.T.);
#5186 = ORIENTED_EDGE('',*,*,#5187,.T.);
#5187 = EDGE_CURVE('',#4951,#5188,#5190,.T.);
#5188 = VERTEX_POINT('',#5189);
#5189 = CARTESIAN_POINT('',(-1.838721160959E-02,-2.370465037127E-02,
    2.E-02));
#5190 = SURFACE_CURVE('',#5191,(#5195,#5202),.PCURVE_S1.);
#5191 = LINE('',#5192,#5193);
#5192 = CARTESIAN_POINT('',(5.516163482877E-02,7.111395111381E-02,2.E-02
    ));
#5193 = VECTOR('',#5194,1.);
#5194 = DIRECTION('',(0.612907053653,0.790155012376,0.));
#5195 = PCURVE('',#4880,#5196);
#5196 = DEFINITIONAL_REPRESENTATION('',(#5197),#5201);
#5197 = LINE('',#5198,#5199);
#5198 = CARTESIAN_POINT('',(-8.642643171092E-02,-2.510919954353E-02));
#5199 = VECTOR('',#5200,1.);
#5200 = DIRECTION('',(-0.960293685677,-0.278991106039));
#5201 = ( GEOMETRIC_REPRESENTATION_CONTEXT(2) 
PARAMETRIC_REPRESENTATION_CONTEXT() REPRESENTATION_CONTEXT('2D SPACE',''
  ) );
#5202 = PCURVE('',#5013,#5203);
#5203 = DEFINITIONAL_REPRESENTATION('',(#5204),#5208);
#5204 = LINE('',#5205,#5206);
#5205 = CARTESIAN_POINT('',(0.19,9.E-02));
#5206 = VECTOR('',#5207,1.);
#5207 = DIRECTION('',(0.,-1.));
#5208 = ( GEOMETRIC_REPRESENTATION_CONTEXT(2) 
PARAMETRIC_REPRESENTATION_CONTEXT() REPRESENTATION_CONTEXT('2D SPACE',''
  ) );
#5209 = ORIENTED_EDGE('',*,*,#5210,.F.);
#5210 = EDGE_CURVE('',#5211,#5188,#5213,.T.);
#5211 = VERTEX_POINT('',#5212);
#5212 = CARTESIAN_POINT('',(-2.427050983125E-02,-1.763355756877E-02,
    2.E-02));
#5213 = SURFACE_CURVE('',#5214,(#5219,#5226),.PCURVE_S1.);
#5214 = CIRCLE('',#5215,3.E-02);
#5215 = AXIS2_PLACEMENT_3D('',#5216,#5217,#5218);
#5216 = CARTESIAN_POINT('',(0.,0.,2.E-02));
#5217 = DIRECTION('',(0.,0.,1.));
#5218 = DIRECTION('',(-0.809016994375,-0.587785252292,0.));
#5219 = PCURVE('',#4880,#5220);
#5220 = DEFINITIONAL_REPRESENTATION('',(#5221),#5225);
#5221 = CIRCLE('',#5222,3.E-02);
#5222 = AXIS2_PLACEMENT_2D('',#5223,#5224);
#5223 = CARTESIAN_POINT('',(0.,0.));
#5224 = DIRECTION('',(1.,0.));
#5225 = ( GEOMETRIC_REPRESENTATION_CONTEXT(2) 
PARAMETRIC_REPRESENTATION_CONTEXT() REPRESENTATION_CONTEXT('2D SPACE',''
  ) );
#5226 = PCURVE('',#5093,#5227);
#5227 = DEFINITIONAL_REPRESENTATION('',(#5228),#5232);
#5228 = LINE('',#5229,#5230);
#5229 = CARTESIAN_POINT('',(0.,1.E-02));
#5230 = VECTOR('',#5231,1.);
#5231 = DIRECTION('',(1.,0.));
#5232 = ( GEOMETRIC_REPRESENTATION_CONTEXT(2) 
PARAMETRIC_REPRESENTATION_CONTEXT() REPRESENTATION_CONTEXT('2D SPACE',''
  ) );
#5233 = ORIENTED_EDGE('',*,*,#5234,.F.);
#5234 = EDGE_CURVE('',#5138,#5211,#5235,.T.);
#5235 = SURFACE_CURVE('',#5236,(#5241,#5248),.PCURVE_S1.);
#5236 = CIRCLE('',#5237,3.E-02);
#5237 = AXIS2_PLACEMENT_3D('',#5238,#5239,#5240);
#5238 = CARTESIAN_POINT('',(0.,0.,2.E-02));
#5239 = DIRECTION('',(0.,0.,1.));
#5240 = DIRECTION('',(-0.809016994375,-0.587785252292,0.));
#5241 = PCURVE('',#4880,#5242);
#5242 = DEFINITIONAL_REPRESENTATION('',(#5243),#5247);
#5243 = CIRCLE('',#5244,3.E-02);
#5244 = AXIS2_PLACEMENT_2D('',#5245,#5246);
#5245 = CARTESIAN_POINT('',(0.,0.));
#5246 = DIRECTION('',(1.,0.));
#5247 = ( GEOMETRIC_REPRESENTATION_CONTEXT(2) 
PARAMETRIC_REPRESENTATION_CONTEXT() REPRESENTATION_CONTEXT('2D SPACE',''
  ) );
#5248 = PCURVE('',#5120,#5249);
#5249 = DEFINITIONAL_REPRESENTATION('',(#5250),#5254);
#5250 = LINE('',#5251,#5252);
#5251 = CARTESIAN_POINT('',(0.,1.E-02));
#5252 = VECTOR('',#5253,1.);
#5253 = DIRECTION('',(1.,0.));
#5254 = ( GEOMETRIC_REPRESENTATION_CONTEXT(2) 
PARAMETRIC_REPRESENTATION_CONTEXT() REPRESENTATION_CONTEXT('2D SPACE',''
  ) );
#5255 = ADVANCED_FACE('Magnet::6::Boundary',(#5256),#5013,.T.);
#5256 = FACE_BOUND('',#5257,.T.);
#5257 = EDGE_LOOP('',(#5258,#5259,#5260,#5281));
#5258 = ORIENTED_EDGE('',*,*,#4999,.F.);
#5259 = ORIENTED_EDGE('',*,*,#5053,.T.);
#5260 = ORIENTED_EDGE('',*,*,#5261,.T.);
#5261 = EDGE_CURVE('',#5054,#5188,#5262,.T.);
#5262 = SURFACE_CURVE('',#5263,(#5267,#5274),.PCURVE_S1.);
#5263 = LINE('',#5264,#5265);
#5264 = CARTESIAN_POINT('',(-1.838721160959E-02,-2.370465037127E-02,
    1.E-02));
#5265 = VECTOR('',#5266,1.);
#5266 = DIRECTION('',(0.,0.,1.));
#5267 = PCURVE('',#5013,#5268);
#5268 = DEFINITIONAL_REPRESENTATION('',(#5269),#5273);
#5269 = LINE('',#5270,#5271);
#5270 = CARTESIAN_POINT('',(0.18,0.21));
#5271 = VECTOR('',#5272,1.);
#5272 = DIRECTION('',(1.,0.));
#5273 = ( GEOMETRIC_REPRESENTATION_CONTEXT(2) 
PARAMETRIC_REPRESENTATION_CONTEXT() REPRESENTATION_CONTEXT('2D SPACE',''
  ) );
#5274 = PCURVE('',#5093,#5275);
#5275 = DEFINITIONAL_REPRESENTATION('',(#5276),#5280);
#5276 = LINE('',#5277,#5278);
#5277 = CARTESIAN_POINT('',(0.282743338823,0.));
#5278 = VECTOR('',#5279,1.);
#5279 = DIRECTION('',(0.,1.));
#5280 = ( GEOMETRIC_REPRESENTATION_CONTEXT(2) 
PARAMETRIC_REPRESENTATION_CONTEXT() REPRESENTATION_CONTEXT('2D SPACE',''
  ) );
#5281 = ORIENTED_EDGE('',*,*,#5187,.F.);
#5282 = ADVANCED_FACE('Magnet::6::Boundary',(#5283),#5120,.F.);
#5283 = FACE_BOUND('',#5284,.F.);
#5284 = EDGE_LOOP('',(#5285,#5306,#5307,#5308));
#5285 = ORIENTED_EDGE('',*,*,#5286,.T.);
#5286 = EDGE_CURVE('',#5077,#5211,#5287,.T.);
#5287 = SURFACE_CURVE('',#5288,(#5292,#5299),.PCURVE_S1.);
#5288 = LINE('',#5289,#5290);
#5289 = CARTESIAN_POINT('',(-2.427050983125E-02,-1.763355756877E-02,
    1.E-02));
#5290 = VECTOR('',#5291,1.);
#5291 = DIRECTION('',(0.,0.,1.));
#5292 = PCURVE('',#5120,#5293);
#5293 = DEFINITIONAL_REPRESENTATION('',(#5294),#5298);
#5294 = LINE('',#5295,#5296);
#5295 = CARTESIAN_POINT('',(6.28318530718,-0.));
#5296 = VECTOR('',#5297,1.);
#5297 = DIRECTION('',(0.,1.));
#5298 = ( GEOMETRIC_REPRESENTATION_CONTEXT(2) 
PARAMETRIC_REPRESENTATION_CONTEXT() REPRESENTATION_CONTEXT('2D SPACE',''
  ) );
#5299 = PCURVE('',#5093,#5300);
#5300 = DEFINITIONAL_REPRESENTATION('',(#5301),#5305);
#5301 = LINE('',#5302,#5303);
#5302 = CARTESIAN_POINT('',(0.,-0.));
#5303 = VECTOR('',#5304,1.);
#5304 = DIRECTION('',(0.,1.));
#5305 = ( GEOMETRIC_REPRESENTATION_CONTEXT(2) 
PARAMETRIC_REPRESENTATION_CONTEXT() REPRESENTATION_CONTEXT('2D SPACE',''
  ) );
#5306 = ORIENTED_EDGE('',*,*,#5234,.F.);
#5307 = ORIENTED_EDGE('',*,*,#5137,.F.);
#5308 = ORIENTED_EDGE('',*,*,#5105,.T.);
#5309 = ADVANCED_FACE('Magnet::6::Boundary',(#5310),#5093,.F.);
#5310 = FACE_BOUND('',#5311,.F.);
#5311 = EDGE_LOOP('',(#5312,#5313,#5314,#5315));
#5312 = ORIENTED_EDGE('',*,*,#5210,.F.);
#5313 = ORIENTED_EDGE('',*,*,#5286,.F.);
#5314 = ORIENTED_EDGE('',*,*,#5076,.T.);
#5315 = ORIENTED_EDGE('',*,*,#5261,.T.);
#5316 = MANIFOLD_SOLID_BREP('Magnet::7',#5317);
#5317 = CLOSED_SHELL('',(#5318,#5440,#5518,#5625,#5674,#5749,#5776,#5803
    ));
#5318 = ADVANCED_FACE('Magnet::7::Boundary',(#5319),#5333,.T.);
#5319 = FACE_BOUND('',#5320,.T.);
#5320 = EDGE_LOOP('',(#5321,#5356,#5385,#5413));
#5321 = ORIENTED_EDGE('',*,*,#5322,.T.);
#5322 = EDGE_CURVE('',#5323,#5325,#5327,.T.);
#5323 = VERTEX_POINT('',#5324);
#5324 = CARTESIAN_POINT('',(-1.85410196625E-02,-5.706339097771E-02,
    1.E-02));
#5325 = VERTEX_POINT('',#5326);
#5326 = CARTESIAN_POINT('',(-1.85410196625E-02,-5.706339097771E-02,
    2.E-02));
#5327 = SURFACE_CURVE('',#5328,(#5332,#5344),.PCURVE_S1.);
#5328 = LINE('',#5329,#5330);
#5329 = CARTESIAN_POINT('',(-1.85410196625E-02,-5.706339097771E-02,
    1.E-02));
#5330 = VECTOR('',#5331,1.);
#5331 = DIRECTION('',(0.,0.,1.));
#5332 = PCURVE('',#5333,#5338);
#5333 = CYLINDRICAL_SURFACE('',#5334,6.E-02);
#5334 = AXIS2_PLACEMENT_3D('',#5335,#5336,#5337);
#5335 = CARTESIAN_POINT('',(0.,0.,1.E-02));
#5336 = DIRECTION('',(0.,0.,1.));
#5337 = DIRECTION('',(-0.309016994375,-0.951056516295,0.));
#5338 = DEFINITIONAL_REPRESENTATION('',(#5339),#5343);
#5339 = LINE('',#5340,#5341);
#5340 = CARTESIAN_POINT('',(6.28318530718,-0.));
#5341 = VECTOR('',#5342,1.);
#5342 = DIRECTION('',(0.,1.));
#5343 = ( GEOMETRIC_REPRESENTATION_CONTEXT(2) 
PARAMETRIC_REPRESENTATION_CONTEXT() REPRESENTATION_CONTEXT('2D SPACE',''
  ) );
#5344 = PCURVE('',#5345,#5350);
#5345 = CYLINDRICAL_SURFACE('',#5346,6.E-02);
#5346 = AXIS2_PLACEMENT_3D('',#5347,#5348,#5349);
#5347 = CARTESIAN_POINT('',(0.,0.,1.E-02));
#5348 = DIRECTION('',(0.,0.,1.));
#5349 = DIRECTION('',(-0.309016994375,-0.951056516295,0.));
#5350 = DEFINITIONAL_REPRESENTATION('',(#5351),#5355);
#5351 = LINE('',#5352,#5353);
#5352 = CARTESIAN_POINT('',(0.,-0.));
#5353 = VECTOR('',#5354,1.);
#5354 = DIRECTION('',(0.,1.));
#5355 = ( GEOMETRIC_REPRESENTATION_CONTEXT(2) 
PARAMETRIC_REPRESENTATION_CONTEXT() REPRESENTATION_CONTEXT('2D SPACE',''
  ) );
#5356 = ORIENTED_EDGE('',*,*,#5357,.F.);
#5357 = EDGE_CURVE('',#5358,#5325,#5360,.T.);
#5358 = VERTEX_POINT('',#5359);
#5359 = CARTESIAN_POINT('',(-3.372500267113E-02,-4.962483445647E-02,
    2.E-02));
#5360 = SURFACE_CURVE('',#5361,(#5366,#5373),.PCURVE_S1.);
#5361 = CIRCLE('',#5362,6.E-02);
#5362 = AXIS2_PLACEMENT_3D('',#5363,#5364,#5365);
#5363 = CARTESIAN_POINT('',(0.,0.,2.E-02));
#5364 = DIRECTION('',(0.,0.,1.));
#5365 = DIRECTION('',(-0.309016994375,-0.951056516295,0.));
#5366 = PCURVE('',#5333,#5367);
#5367 = DEFINITIONAL_REPRESENTATION('',(#5368),#5372);
#5368 = LINE('',#5369,#5370);
#5369 = CARTESIAN_POINT('',(0.,1.E-02));
#5370 = VECTOR('',#5371,1.);
#5371 = DIRECTION('',(1.,0.));
#5372 = ( GEOMETRIC_REPRESENTATION_CONTEXT(2) 
PARAMETRIC_REPRESENTATION_CONTEXT() REPRESENTATION_CONTEXT('2D SPACE',''
  ) );
#5373 = PCURVE('',#5374,#5379);
#5374 = PLANE('',#5375);
#5375 = AXIS2_PLACEMENT_3D('',#5376,#5377,#5378);
#5376 = CARTESIAN_POINT('',(0.,0.,2.E-02));
#5377 = DIRECTION('',(0.,0.,1.));
#5378 = DIRECTION('',(-0.309016994375,-0.951056516295,0.));
#5379 = DEFINITIONAL_REPRESENTATION('',(#5380),#5384);
#5380 = CIRCLE('',#5381,6.E-02);
#5381 = AXIS2_PLACEMENT_2D('',#5382,#5383);
#5382 = CARTESIAN_POINT('',(0.,0.));
#5383 = DIRECTION('',(1.,0.));
#5384 = ( GEOMETRIC_REPRESENTATION_CONTEXT(2) 
PARAMETRIC_REPRESENTATION_CONTEXT() REPRESENTATION_CONTEXT('2D SPACE',''
  ) );
#5385 = ORIENTED_EDGE('',*,*,#5386,.F.);
#5386 = EDGE_CURVE('',#5387,#5358,#5389,.T.);
#5387 = VERTEX_POINT('',#5388);
#5388 = CARTESIAN_POINT('',(-3.372500267113E-02,-4.962483445647E-02,
    1.E-02));
#5389 = SURFACE_CURVE('',#5390,(#5394,#5401),.PCURVE_S1.);
#5390 = LINE('',#5391,#5392);
#5391 = CARTESIAN_POINT('',(-3.372500267113E-02,-4.962483445647E-02,
    1.E-02));
#5392 = VECTOR('',#5393,1.);
#5393 = DIRECTION('',(0.,0.,1.));
#5394 = PCURVE('',#5333,#5395);
#5395 = DEFINITIONAL_REPRESENTATION('',(#5396),#5400);
#5396 = LINE('',#5397,#5398);
#5397 = CARTESIAN_POINT('',(6.000441968357,0.));
#5398 = VECTOR('',#5399,1.);
#5399 = DIRECTION('',(0.,1.));
#5400 = ( GEOMETRIC_REPRESENTATION_CONTEXT(2) 
PARAMETRIC_REPRESENTATION_CONTEXT() REPRESENTATION_CONTEXT('2D SPACE',''
  ) );
#5401 = PCURVE('',#5402,#5407);
#5402 = PLANE('',#5403);
#5403 = AXIS2_PLACEMENT_3D('',#5404,#5405,#5406);
#5404 = CARTESIAN_POINT('',(0.101175008013,0.148874503369,-0.17));
#5405 = DIRECTION('',(0.827080574275,-0.562083377852,0.));
#5406 = DIRECTION('',(0.,0.,1.));
#5407 = DEFINITIONAL_REPRESENTATION('',(#5408),#5412);
#5408 = LINE('',#5409,#5410);
#5409 = CARTESIAN_POINT('',(0.18,0.24));
#5410 = VECTOR('',#5411,1.);
#5411 = DIRECTION('',(1.,0.));
#5412 = ( GEOMETRIC_REPRESENTATION_CONTEXT(2) 
PARAMETRIC_REPRESENTATION_CONTEXT() REPRESENTATION_CONTEXT('2D SPACE',''
  ) );
#5413 = ORIENTED_EDGE('',*,*,#5414,.T.);
#5414 = EDGE_CURVE('',#5387,#5323,#5415,.T.);
#5415 = SURFACE_CURVE('',#5416,(#5421,#5428),.PCURVE_S1.);
#5416 = CIRCLE('',#5417,6.E-02);
#5417 = AXIS2_PLACEMENT_3D('',#5418,#5419,#5420);
#5418 = CARTESIAN_POINT('',(0.,0.,1.E-02));
#5419 = DIRECTION('',(0.,0.,1.));
#5420 = DIRECTION('',(-0.309016994375,-0.951056516295,0.));
#5421 = PCURVE('',#5333,#5422);
#5422 = DEFINITIONAL_REPRESENTATION('',(#5423),#5427);
#5423 = LINE('',#5424,#5425);
#5424 = CARTESIAN_POINT('',(0.,0.));
#5425 = VECTOR('',#5426,1.);
#5426 = DIRECTION('',(1.,0.));
#5427 = ( GEOMETRIC_REPRESENTATION_CONTEXT(2) 
PARAMETRIC_REPRESENTATION_CONTEXT() REPRESENTATION_CONTEXT('2D SPACE',''
  ) );
#5428 = PCURVE('',#5429,#5434);
#5429 = PLANE('',#5430);
#5430 = AXIS2_PLACEMENT_3D('',#5431,#5432,#5433);
#5431 = CARTESIAN_POINT('',(0.,0.,1.E-02));
#5432 = DIRECTION('',(0.,0.,1.));
#5433 = DIRECTION('',(-0.309016994375,-0.951056516295,0.));
#5434 = DEFINITIONAL_REPRESENTATION('',(#5435),#5439);
#5435 = CIRCLE('',#5436,6.E-02);
#5436 = AXIS2_PLACEMENT_2D('',#5437,#5438);
#5437 = CARTESIAN_POINT('',(0.,0.));
#5438 = DIRECTION('',(1.,0.));
#5439 = ( GEOMETRIC_REPRESENTATION_CONTEXT(2) 
PARAMETRIC_REPRESENTATION_CONTEXT() REPRESENTATION_CONTEXT('2D SPACE',''
  ) );
#5440 = ADVANCED_FACE('Magnet::7::Boundary',(#5441),#5345,.T.);
#5441 = FACE_BOUND('',#5442,.T.);
#5442 = EDGE_LOOP('',(#5443,#5467,#5468,#5492));
#5443 = ORIENTED_EDGE('',*,*,#5444,.F.);
#5444 = EDGE_CURVE('',#5325,#5445,#5447,.T.);
#5445 = VERTEX_POINT('',#5446);
#5446 = CARTESIAN_POINT('',(-1.884645544688E-03,-5.997039362194E-02,
    2.E-02));
#5447 = SURFACE_CURVE('',#5448,(#5453,#5460),.PCURVE_S1.);
#5448 = CIRCLE('',#5449,6.E-02);
#5449 = AXIS2_PLACEMENT_3D('',#5450,#5451,#5452);
#5450 = CARTESIAN_POINT('',(0.,0.,2.E-02));
#5451 = DIRECTION('',(0.,0.,1.));
#5452 = DIRECTION('',(-0.309016994375,-0.951056516295,0.));
#5453 = PCURVE('',#5345,#5454);
#5454 = DEFINITIONAL_REPRESENTATION('',(#5455),#5459);
#5455 = LINE('',#5456,#5457);
#5456 = CARTESIAN_POINT('',(0.,1.E-02));
#5457 = VECTOR('',#5458,1.);
#5458 = DIRECTION('',(1.,0.));
#5459 = ( GEOMETRIC_REPRESENTATION_CONTEXT(2) 
PARAMETRIC_REPRESENTATION_CONTEXT() REPRESENTATION_CONTEXT('2D SPACE',''
  ) );
#5460 = PCURVE('',#5374,#5461);
#5461 = DEFINITIONAL_REPRESENTATION('',(#5462),#5466);
#5462 = CIRCLE('',#5463,6.E-02);
#5463 = AXIS2_PLACEMENT_2D('',#5464,#5465);
#5464 = CARTESIAN_POINT('',(0.,0.));
#5465 = DIRECTION('',(1.,0.));
#5466 = ( GEOMETRIC_REPRESENTATION_CONTEXT(2) 
PARAMETRIC_REPRESENTATION_CONTEXT() REPRESENTATION_CONTEXT('2D SPACE',''
  ) );
#5467 = ORIENTED_EDGE('',*,*,#5322,.F.);
#5468 = ORIENTED_EDGE('',*,*,#5469,.T.);
#5469 = EDGE_CURVE('',#5323,#5470,#5472,.T.);
#5470 = VERTEX_POINT('',#5471);
#5471 = CARTESIAN_POINT('',(-1.884645544688E-03,-5.997039362194E-02,
    1.E-02));
#5472 = SURFACE_CURVE('',#5473,(#5478,#5485),.PCURVE_S1.);
#5473 = CIRCLE('',#5474,6.E-02);
#5474 = AXIS2_PLACEMENT_3D('',#5475,#5476,#5477);
#5475 = CARTESIAN_POINT('',(0.,0.,1.E-02));
#5476 = DIRECTION('',(0.,0.,1.));
#5477 = DIRECTION('',(-0.309016994375,-0.951056516295,0.));
#5478 = PCURVE('',#5345,#5479);
#5479 = DEFINITIONAL_REPRESENTATION('',(#5480),#5484);
#5480 = LINE('',#5481,#5482);
#5481 = CARTESIAN_POINT('',(0.,0.));
#5482 = VECTOR('',#5483,1.);
#5483 = DIRECTION('',(1.,0.));
#5484 = ( GEOMETRIC_REPRESENTATION_CONTEXT(2) 
PARAMETRIC_REPRESENTATION_CONTEXT() REPRESENTATION_CONTEXT('2D SPACE',''
  ) );
#5485 = PCURVE('',#5429,#5486);
#5486 = DEFINITIONAL_REPRESENTATION('',(#5487),#5491);
#5487 = CIRCLE('',#5488,6.E-02);
#5488 = AXIS2_PLACEMENT_2D('',#5489,#5490);
#5489 = CARTESIAN_POINT('',(0.,0.));
#5490 = DIRECTION('',(1.,0.));
#5491 = ( GEOMETRIC_REPRESENTATION_CONTEXT(2) 
PARAMETRIC_REPRESENTATION_CONTEXT() REPRESENTATION_CONTEXT('2D SPACE',''
  ) );
#5492 = ORIENTED_EDGE('',*,*,#5493,.T.);
#5493 = EDGE_CURVE('',#5470,#5445,#5494,.T.);
#5494 = SURFACE_CURVE('',#5495,(#5499,#5506),.PCURVE_S1.);
#5495 = LINE('',#5496,#5497);
#5496 = CARTESIAN_POINT('',(-1.884645544688E-03,-5.997039362194E-02,
    1.E-02));
#5497 = VECTOR('',#5498,1.);
#5498 = DIRECTION('',(0.,0.,1.));
#5499 = PCURVE('',#5345,#5500);
#5500 = DEFINITIONAL_REPRESENTATION('',(#5501),#5505);
#5501 = LINE('',#5502,#5503);
#5502 = CARTESIAN_POINT('',(0.282743338823,0.));
#5503 = VECTOR('',#5504,1.);
#5504 = DIRECTION('',(0.,1.));
#5505 = ( GEOMETRIC_REPRESENTATION_CONTEXT(2) 
PARAMETRIC_REPRESENTATION_CONTEXT() REPRESENTATION_CONTEXT('2D SPACE',''
  ) );
#5506 = PCURVE('',#5507,#5512);
#5507 = PLANE('',#5508);
#5508 = AXIS2_PLACEMENT_3D('',#5509,#5510,#5511);
#5509 = CARTESIAN_POINT('',(5.653936634063E-03,0.179911180866,-0.17));
#5510 = DIRECTION('',(0.999506560366,-3.141075907813E-02,0.));
#5511 = DIRECTION('',(0.,0.,1.));
#5512 = DEFINITIONAL_REPRESENTATION('',(#5513),#5517);
#5513 = LINE('',#5514,#5515);
#5514 = CARTESIAN_POINT('',(0.18,0.24));
#5515 = VECTOR('',#5516,1.);
#5516 = DIRECTION('',(1.,0.));
#5517 = ( GEOMETRIC_REPRESENTATION_CONTEXT(2) 
PARAMETRIC_REPRESENTATION_CONTEXT() REPRESENTATION_CONTEXT('2D SPACE',''
  ) );
#5518 = ADVANCED_FACE('',(#5519),#5429,.F.);
#5519 = FACE_BOUND('',#5520,.F.);
#5520 = EDGE_LOOP('',(#5521,#5544,#5545,#5546,#5569,#5598));
#5521 = ORIENTED_EDGE('',*,*,#5522,.F.);
#5522 = EDGE_CURVE('',#5387,#5523,#5525,.T.);
#5523 = VERTEX_POINT('',#5524);
#5524 = CARTESIAN_POINT('',(-1.686250133556E-02,-2.481241722824E-02,
    1.E-02));
#5525 = SURFACE_CURVE('',#5526,(#5530,#5537),.PCURVE_S1.);
#5526 = LINE('',#5527,#5528);
#5527 = CARTESIAN_POINT('',(5.058750400669E-02,7.443725168471E-02,1.E-02
    ));
#5528 = VECTOR('',#5529,1.);
#5529 = DIRECTION('',(0.562083377852,0.827080574275,0.));
#5530 = PCURVE('',#5429,#5531);
#5531 = DEFINITIONAL_REPRESENTATION('',(#5532),#5536);
#5532 = LINE('',#5533,#5534);
#5533 = CARTESIAN_POINT('',(-8.642643171092E-02,2.510919954353E-02));
#5534 = VECTOR('',#5535,1.);
#5535 = DIRECTION('',(-0.960293685677,0.278991106039));
#5536 = ( GEOMETRIC_REPRESENTATION_CONTEXT(2) 
PARAMETRIC_REPRESENTATION_CONTEXT() REPRESENTATION_CONTEXT('2D SPACE',''
  ) );
#5537 = PCURVE('',#5402,#5538);
#5538 = DEFINITIONAL_REPRESENTATION('',(#5539),#5543);
#5539 = LINE('',#5540,#5541);
#5540 = CARTESIAN_POINT('',(0.18,9.E-02));
#5541 = VECTOR('',#5542,1.);
#5542 = DIRECTION('',(0.,-1.));
#5543 = ( GEOMETRIC_REPRESENTATION_CONTEXT(2) 
PARAMETRIC_REPRESENTATION_CONTEXT() REPRESENTATION_CONTEXT('2D SPACE',''
  ) );
#5544 = ORIENTED_EDGE('',*,*,#5414,.T.);
#5545 = ORIENTED_EDGE('',*,*,#5469,.T.);
#5546 = ORIENTED_EDGE('',*,*,#5547,.T.);
#5547 = EDGE_CURVE('',#5470,#5548,#5550,.T.);
#5548 = VERTEX_POINT('',#5549);
#5549 = CARTESIAN_POINT('',(-9.423227723439E-04,-2.998519681097E-02,
    1.E-02));
#5550 = SURFACE_CURVE('',#5551,(#5555,#5562),.PCURVE_S1.);
#5551 = LINE('',#5552,#5553);
#5552 = CARTESIAN_POINT('',(2.826968317032E-03,8.995559043292E-02,1.E-02
    ));
#5553 = VECTOR('',#5554,1.);
#5554 = DIRECTION('',(3.141075907813E-02,0.999506560366,0.));
#5555 = PCURVE('',#5429,#5556);
#5556 = DEFINITIONAL_REPRESENTATION('',(#5557),#5561);
#5557 = LINE('',#5558,#5559);
#5558 = CARTESIAN_POINT('',(-8.642643171092E-02,-2.510919954353E-02));
#5559 = VECTOR('',#5560,1.);
#5560 = DIRECTION('',(-0.960293685677,-0.278991106039));
#5561 = ( GEOMETRIC_REPRESENTATION_CONTEXT(2) 
PARAMETRIC_REPRESENTATION_CONTEXT() REPRESENTATION_CONTEXT('2D SPACE',''
  ) );
#5562 = PCURVE('',#5507,#5563);
#5563 = DEFINITIONAL_REPRESENTATION('',(#5564),#5568);
#5564 = LINE('',#5565,#5566);
#5565 = CARTESIAN_POINT('',(0.18,9.E-02));
#5566 = VECTOR('',#5567,1.);
#5567 = DIRECTION('',(0.,-1.));
#5568 = ( GEOMETRIC_REPRESENTATION_CONTEXT(2) 
PARAMETRIC_REPRESENTATION_CONTEXT() REPRESENTATION_CONTEXT('2D SPACE',''
  ) );
#5569 = ORIENTED_EDGE('',*,*,#5570,.F.);
#5570 = EDGE_CURVE('',#5571,#5548,#5573,.T.);
#5571 = VERTEX_POINT('',#5572);
#5572 = CARTESIAN_POINT('',(-9.270509831248E-03,-2.853169548885E-02,
    1.E-02));
#5573 = SURFACE_CURVE('',#5574,(#5579,#5586),.PCURVE_S1.);
#5574 = CIRCLE('',#5575,3.E-02);
#5575 = AXIS2_PLACEMENT_3D('',#5576,#5577,#5578);
#5576 = CARTESIAN_POINT('',(0.,0.,1.E-02));
#5577 = DIRECTION('',(0.,0.,1.));
#5578 = DIRECTION('',(-0.309016994375,-0.951056516295,0.));
#5579 = PCURVE('',#5429,#5580);
#5580 = DEFINITIONAL_REPRESENTATION('',(#5581),#5585);
#5581 = CIRCLE('',#5582,3.E-02);
#5582 = AXIS2_PLACEMENT_2D('',#5583,#5584);
#5583 = CARTESIAN_POINT('',(0.,0.));
#5584 = DIRECTION('',(1.,0.));
#5585 = ( GEOMETRIC_REPRESENTATION_CONTEXT(2) 
PARAMETRIC_REPRESENTATION_CONTEXT() REPRESENTATION_CONTEXT('2D SPACE',''
  ) );
#5586 = PCURVE('',#5587,#5592);
#5587 = CYLINDRICAL_SURFACE('',#5588,3.E-02);
#5588 = AXIS2_PLACEMENT_3D('',#5589,#5590,#5591);
#5589 = CARTESIAN_POINT('',(0.,0.,1.E-02));
#5590 = DIRECTION('',(0.,0.,1.));
#5591 = DIRECTION('',(-0.309016994375,-0.951056516295,0.));
#5592 = DEFINITIONAL_REPRESENTATION('',(#5593),#5597);
#5593 = LINE('',#5594,#5595);
#5594 = CARTESIAN_POINT('',(0.,0.));
#5595 = VECTOR('',#5596,1.);
#5596 = DIRECTION('',(1.,0.));
#5597 = ( GEOMETRIC_REPRESENTATION_CONTEXT(2) 
PARAMETRIC_REPRESENTATION_CONTEXT() REPRESENTATION_CONTEXT('2D SPACE',''
  ) );
#5598 = ORIENTED_EDGE('',*,*,#5599,.F.);
#5599 = EDGE_CURVE('',#5523,#5571,#5600,.T.);
#5600 = SURFACE_CURVE('',#5601,(#5606,#5613),.PCURVE_S1.);
#5601 = CIRCLE('',#5602,3.E-02);
#5602 = AXIS2_PLACEMENT_3D('',#5603,#5604,#5605);
#5603 = CARTESIAN_POINT('',(0.,0.,1.E-02));
#5604 = DIRECTION('',(0.,0.,1.));
#5605 = DIRECTION('',(-0.309016994375,-0.951056516295,0.));
#5606 = PCURVE('',#5429,#5607);
#5607 = DEFINITIONAL_REPRESENTATION('',(#5608),#5612);
#5608 = CIRCLE('',#5609,3.E-02);
#5609 = AXIS2_PLACEMENT_2D('',#5610,#5611);
#5610 = CARTESIAN_POINT('',(0.,0.));
#5611 = DIRECTION('',(1.,0.));
#5612 = ( GEOMETRIC_REPRESENTATION_CONTEXT(2) 
PARAMETRIC_REPRESENTATION_CONTEXT() REPRESENTATION_CONTEXT('2D SPACE',''
  ) );
#5613 = PCURVE('',#5614,#5619);
#5614 = CYLINDRICAL_SURFACE('',#5615,3.E-02);
#5615 = AXIS2_PLACEMENT_3D('',#5616,#5617,#5618);
#5616 = CARTESIAN_POINT('',(0.,0.,1.E-02));
#5617 = DIRECTION('',(0.,0.,1.));
#5618 = DIRECTION('',(-0.309016994375,-0.951056516295,0.));
#5619 = DEFINITIONAL_REPRESENTATION('',(#5620),#5624);
#5620 = LINE('',#5621,#5622);
#5621 = CARTESIAN_POINT('',(0.,0.));
#5622 = VECTOR('',#5623,1.);
#5623 = DIRECTION('',(1.,0.));
#5624 = ( GEOMETRIC_REPRESENTATION_CONTEXT(2) 
PARAMETRIC_REPRESENTATION_CONTEXT() REPRESENTATION_CONTEXT('2D SPACE',''
  ) );
#5625 = ADVANCED_FACE('Magnet::7::Boundary',(#5626),#5402,.F.);
#5626 = FACE_BOUND('',#5627,.F.);
#5627 = EDGE_LOOP('',(#5628,#5629,#5630,#5653));
#5628 = ORIENTED_EDGE('',*,*,#5386,.F.);
#5629 = ORIENTED_EDGE('',*,*,#5522,.T.);
#5630 = ORIENTED_EDGE('',*,*,#5631,.T.);
#5631 = EDGE_CURVE('',#5523,#5632,#5634,.T.);
#5632 = VERTEX_POINT('',#5633);
#5633 = CARTESIAN_POINT('',(-1.686250133556E-02,-2.481241722824E-02,
    2.E-02));
#5634 = SURFACE_CURVE('',#5635,(#5639,#5646),.PCURVE_S1.);
#5635 = LINE('',#5636,#5637);
#5636 = CARTESIAN_POINT('',(-1.686250133556E-02,-2.481241722824E-02,
    1.E-02));
#5637 = VECTOR('',#5638,1.);
#5638 = DIRECTION('',(0.,0.,1.));
#5639 = PCURVE('',#5402,#5640);
#5640 = DEFINITIONAL_REPRESENTATION('',(#5641),#5645);
#5641 = LINE('',#5642,#5643);
#5642 = CARTESIAN_POINT('',(0.18,0.21));
#5643 = VECTOR('',#5644,1.);
#5644 = DIRECTION('',(1.,0.));
#5645 = ( GEOMETRIC_REPRESENTATION_CONTEXT(2) 
PARAMETRIC_REPRESENTATION_CONTEXT() REPRESENTATION_CONTEXT('2D SPACE',''
  ) );
#5646 = PCURVE('',#5614,#5647);
#5647 = DEFINITIONAL_REPRESENTATION('',(#5648),#5652);
#5648 = LINE('',#5649,#5650);
#5649 = CARTESIAN_POINT('',(6.000441968357,0.));
#5650 = VECTOR('',#5651,1.);
#5651 = DIRECTION('',(0.,1.));
#5652 = ( GEOMETRIC_REPRESENTATION_CONTEXT(2) 
PARAMETRIC_REPRESENTATION_CONTEXT() REPRESENTATION_CONTEXT('2D SPACE',''
  ) );
#5653 = ORIENTED_EDGE('',*,*,#5654,.F.);
#5654 = EDGE_CURVE('',#5358,#5632,#5655,.T.);
#5655 = SURFACE_CURVE('',#5656,(#5660,#5667),.PCURVE_S1.);
#5656 = LINE('',#5657,#5658);
#5657 = CARTESIAN_POINT('',(5.058750400669E-02,7.443725168471E-02,2.E-02
    ));
#5658 = VECTOR('',#5659,1.);
#5659 = DIRECTION('',(0.562083377852,0.827080574275,0.));
#5660 = PCURVE('',#5402,#5661);
#5661 = DEFINITIONAL_REPRESENTATION('',(#5662),#5666);
#5662 = LINE('',#5663,#5664);
#5663 = CARTESIAN_POINT('',(0.19,9.E-02));
#5664 = VECTOR('',#5665,1.);
#5665 = DIRECTION('',(0.,-1.));
#5666 = ( GEOMETRIC_REPRESENTATION_CONTEXT(2) 
PARAMETRIC_REPRESENTATION_CONTEXT() REPRESENTATION_CONTEXT('2D SPACE',''
  ) );
#5667 = PCURVE('',#5374,#5668);
#5668 = DEFINITIONAL_REPRESENTATION('',(#5669),#5673);
#5669 = LINE('',#5670,#5671);
#5670 = CARTESIAN_POINT('',(-8.642643171092E-02,2.510919954353E-02));
#5671 = VECTOR('',#5672,1.);
#5672 = DIRECTION('',(-0.960293685677,0.278991106039));
#5673 = ( GEOMETRIC_REPRESENTATION_CONTEXT(2) 
PARAMETRIC_REPRESENTATION_CONTEXT() REPRESENTATION_CONTEXT('2D SPACE',''
  ) );
#5674 = ADVANCED_FACE('Magnet::7::Boundary',(#5675),#5374,.T.);
#5675 = FACE_BOUND('',#5676,.T.);
#5676 = EDGE_LOOP('',(#5677,#5678,#5679,#5680,#5703,#5727));
#5677 = ORIENTED_EDGE('',*,*,#5654,.F.);
#5678 = ORIENTED_EDGE('',*,*,#5357,.T.);
#5679 = ORIENTED_EDGE('',*,*,#5444,.T.);
#5680 = ORIENTED_EDGE('',*,*,#5681,.T.);
#5681 = EDGE_CURVE('',#5445,#5682,#5684,.T.);
#5682 = VERTEX_POINT('',#5683);
#5683 = CARTESIAN_POINT('',(-9.423227723439E-04,-2.998519681097E-02,
    2.E-02));
#5684 = SURFACE_CURVE('',#5685,(#5689,#5696),.PCURVE_S1.);
#5685 = LINE('',#5686,#5687);
#5686 = CARTESIAN_POINT('',(2.826968317032E-03,8.995559043292E-02,2.E-02
    ));
#5687 = VECTOR('',#5688,1.);
#5688 = DIRECTION('',(3.141075907813E-02,0.999506560366,0.));
#5689 = PCURVE('',#5374,#5690);
#5690 = DEFINITIONAL_REPRESENTATION('',(#5691),#5695);
#5691 = LINE('',#5692,#5693);
#5692 = CARTESIAN_POINT('',(-8.642643171092E-02,-2.510919954353E-02));
#5693 = VECTOR('',#5694,1.);
#5694 = DIRECTION('',(-0.960293685677,-0.278991106039));
#5695 = ( GEOMETRIC_REPRESENTATION_CONTEXT(2) 
PARAMETRIC_REPRESENTATION_CONTEXT() REPRESENTATION_CONTEXT('2D SPACE',''
  ) );
#5696 = PCURVE('',#5507,#5697);
#5697 = DEFINITIONAL_REPRESENTATION('',(#5698),#5702);
#5698 = LINE('',#5699,#5700);
#5699 = CARTESIAN_POINT('',(0.19,9.E-02));
#5700 = VECTOR('',#5701,1.);
#5701 = DIRECTION('',(0.,-1.));
#5702 = ( GEOMETRIC_REPRESENTATION_CONTEXT(2) 
PARAMETRIC_REPRESENTATION_CONTEXT() REPRESENTATION_CONTEXT('2D SPACE',''
  ) );
#5703 = ORIENTED_EDGE('',*,*,#5704,.F.);
#5704 = EDGE_CURVE('',#5705,#5682,#5707,.T.);
#5705 = VERTEX_POINT('',#5706);
#5706 = CARTESIAN_POINT('',(-9.270509831248E-03,-2.853169548885E-02,
    2.E-02));
#5707 = SURFACE_CURVE('',#5708,(#5713,#5720),.PCURVE_S1.);
#5708 = CIRCLE('',#5709,3.E-02);
#5709 = AXIS2_PLACEMENT_3D('',#5710,#5711,#5712);
#5710 = CARTESIAN_POINT('',(0.,0.,2.E-02));
#5711 = DIRECTION('',(0.,0.,1.));
#5712 = DIRECTION('',(-0.309016994375,-0.951056516295,0.));
#5713 = PCURVE('',#5374,#5714);
#5714 = DEFINITIONAL_REPRESENTATION('',(#5715),#5719);
#5715 = CIRCLE('',#5716,3.E-02);
#5716 = AXIS2_PLACEMENT_2D('',#5717,#5718);
#5717 = CARTESIAN_POINT('',(0.,0.));
#5718 = DIRECTION('',(1.,0.));
#5719 = ( GEOMETRIC_REPRESENTATION_CONTEXT(2) 
PARAMETRIC_REPRESENTATION_CONTEXT() REPRESENTATION_CONTEXT('2D SPACE',''
  ) );
#5720 = PCURVE('',#5587,#5721);
#5721 = DEFINITIONAL_REPRESENTATION('',(#5722),#5726);
#5722 = LINE('',#5723,#5724);
#5723 = CARTESIAN_POINT('',(0.,1.E-02));
#5724 = VECTOR('',#5725,1.);
#5725 = DIRECTION('',(1.,0.));
#5726 = ( GEOMETRIC_REPRESENTATION_CONTEXT(2) 
PARAMETRIC_REPRESENTATION_CONTEXT() REPRESENTATION_CONTEXT('2D SPACE',''
  ) );
#5727 = ORIENTED_EDGE('',*,*,#5728,.F.);
#5728 = EDGE_CURVE('',#5632,#5705,#5729,.T.);
#5729 = SURFACE_CURVE('',#5730,(#5735,#5742),.PCURVE_S1.);
#5730 = CIRCLE('',#5731,3.E-02);
#5731 = AXIS2_PLACEMENT_3D('',#5732,#5733,#5734);
#5732 = CARTESIAN_POINT('',(0.,0.,2.E-02));
#5733 = DIRECTION('',(0.,0.,1.));
#5734 = DIRECTION('',(-0.309016994375,-0.951056516295,0.));
#5735 = PCURVE('',#5374,#5736);
#5736 = DEFINITIONAL_REPRESENTATION('',(#5737),#5741);
#5737 = CIRCLE('',#5738,3.E-02);
#5738 = AXIS2_PLACEMENT_2D('',#5739,#5740);
#5739 = CARTESIAN_POINT('',(0.,0.));
#5740 = DIRECTION('',(1.,0.));
#5741 = ( GEOMETRIC_REPRESENTATION_CONTEXT(2) 
PARAMETRIC_REPRESENTATION_CONTEXT() REPRESENTATION_CONTEXT('2D SPACE',''
  ) );
#5742 = PCURVE('',#5614,#5743);
#5743 = DEFINITIONAL_REPRESENTATION('',(#5744),#5748);
#5744 = LINE('',#5745,#5746);
#5745 = CARTESIAN_POINT('',(0.,1.E-02));
#5746 = VECTOR('',#5747,1.);
#5747 = DIRECTION('',(1.,0.));
#5748 = ( GEOMETRIC_REPRESENTATION_CONTEXT(2) 
PARAMETRIC_REPRESENTATION_CONTEXT() REPRESENTATION_CONTEXT('2D SPACE',''
  ) );
#5749 = ADVANCED_FACE('Magnet::7::Boundary',(#5750),#5507,.T.);
#5750 = FACE_BOUND('',#5751,.T.);
#5751 = EDGE_LOOP('',(#5752,#5753,#5754,#5775));
#5752 = ORIENTED_EDGE('',*,*,#5493,.F.);
#5753 = ORIENTED_EDGE('',*,*,#5547,.T.);
#5754 = ORIENTED_EDGE('',*,*,#5755,.T.);
#5755 = EDGE_CURVE('',#5548,#5682,#5756,.T.);
#5756 = SURFACE_CURVE('',#5757,(#5761,#5768),.PCURVE_S1.);
#5757 = LINE('',#5758,#5759);
#5758 = CARTESIAN_POINT('',(-9.423227723439E-04,-2.998519681097E-02,
    1.E-02));
#5759 = VECTOR('',#5760,1.);
#5760 = DIRECTION('',(0.,0.,1.));
#5761 = PCURVE('',#5507,#5762);
#5762 = DEFINITIONAL_REPRESENTATION('',(#5763),#5767);
#5763 = LINE('',#5764,#5765);
#5764 = CARTESIAN_POINT('',(0.18,0.21));
#5765 = VECTOR('',#5766,1.);
#5766 = DIRECTION('',(1.,0.));
#5767 = ( GEOMETRIC_REPRESENTATION_CONTEXT(2) 
PARAMETRIC_REPRESENTATION_CONTEXT() REPRESENTATION_CONTEXT('2D SPACE',''
  ) );
#5768 = PCURVE('',#5587,#5769);
#5769 = DEFINITIONAL_REPRESENTATION('',(#5770),#5774);
#5770 = LINE('',#5771,#5772);
#5771 = CARTESIAN_POINT('',(0.282743338823,0.));
#5772 = VECTOR('',#5773,1.);
#5773 = DIRECTION('',(0.,1.));
#5774 = ( GEOMETRIC_REPRESENTATION_CONTEXT(2) 
PARAMETRIC_REPRESENTATION_CONTEXT() REPRESENTATION_CONTEXT('2D SPACE',''
  ) );
#5775 = ORIENTED_EDGE('',*,*,#5681,.F.);
#5776 = ADVANCED_FACE('Magnet::7::Boundary',(#5777),#5614,.F.);
#5777 = FACE_BOUND('',#5778,.F.);
#5778 = EDGE_LOOP('',(#5779,#5800,#5801,#5802));
#5779 = ORIENTED_EDGE('',*,*,#5780,.T.);
#5780 = EDGE_CURVE('',#5571,#5705,#5781,.T.);
#5781 = SURFACE_CURVE('',#5782,(#5786,#5793),.PCURVE_S1.);
#5782 = LINE('',#5783,#5784);
#5783 = CARTESIAN_POINT('',(-9.270509831248E-03,-2.853169548885E-02,
    1.E-02));
#5784 = VECTOR('',#5785,1.);
#5785 = DIRECTION('',(0.,0.,1.));
#5786 = PCURVE('',#5614,#5787);
#5787 = DEFINITIONAL_REPRESENTATION('',(#5788),#5792);
#5788 = LINE('',#5789,#5790);
#5789 = CARTESIAN_POINT('',(6.28318530718,-0.));
#5790 = VECTOR('',#5791,1.);
#5791 = DIRECTION('',(0.,1.));
#5792 = ( GEOMETRIC_REPRESENTATION_CONTEXT(2) 
PARAMETRIC_REPRESENTATION_CONTEXT() REPRESENTATION_CONTEXT('2D SPACE',''
  ) );
#5793 = PCURVE('',#5587,#5794);
#5794 = DEFINITIONAL_REPRESENTATION('',(#5795),#5799);
#5795 = LINE('',#5796,#5797);
#5796 = CARTESIAN_POINT('',(0.,-0.));
#5797 = VECTOR('',#5798,1.);
#5798 = DIRECTION('',(0.,1.));
#5799 = ( GEOMETRIC_REPRESENTATION_CONTEXT(2) 
PARAMETRIC_REPRESENTATION_CONTEXT() REPRESENTATION_CONTEXT('2D SPACE',''
  ) );
#5800 = ORIENTED_EDGE('',*,*,#5728,.F.);
#5801 = ORIENTED_EDGE('',*,*,#5631,.F.);
#5802 = ORIENTED_EDGE('',*,*,#5599,.T.);
#5803 = ADVANCED_FACE('Magnet::7::Boundary',(#5804),#5587,.F.);
#5804 = FACE_BOUND('',#5805,.F.);
#5805 = EDGE_LOOP('',(#5806,#5807,#5808,#5809));
#5806 = ORIENTED_EDGE('',*,*,#5704,.F.);
#5807 = ORIENTED_EDGE('',*,*,#5780,.F.);
#5808 = ORIENTED_EDGE('',*,*,#5570,.T.);
#5809 = ORIENTED_EDGE('',*,*,#5755,.T.);
#5810 = MANIFOLD_SOLID_BREP('Magnet::8',#5811);
#5811 = CLOSED_SHELL('',(#5812,#5934,#6012,#6119,#6168,#6243,#6270,#6297
    ));
#5812 = ADVANCED_FACE('Magnet::8::Boundary',(#5813),#5827,.T.);
#5813 = FACE_BOUND('',#5814,.T.);
#5814 = EDGE_LOOP('',(#5815,#5850,#5879,#5907));
#5815 = ORIENTED_EDGE('',*,*,#5816,.T.);
#5816 = EDGE_CURVE('',#5817,#5819,#5821,.T.);
#5817 = VERTEX_POINT('',#5818);
#5818 = CARTESIAN_POINT('',(1.85410196625E-02,-5.706339097771E-02,1.E-02
    ));
#5819 = VERTEX_POINT('',#5820);
#5820 = CARTESIAN_POINT('',(1.85410196625E-02,-5.706339097771E-02,2.E-02
    ));
#5821 = SURFACE_CURVE('',#5822,(#5826,#5838),.PCURVE_S1.);
#5822 = LINE('',#5823,#5824);
#5823 = CARTESIAN_POINT('',(1.85410196625E-02,-5.706339097771E-02,1.E-02
    ));
#5824 = VECTOR('',#5825,1.);
#5825 = DIRECTION('',(0.,0.,1.));
#5826 = PCURVE('',#5827,#5832);
#5827 = CYLINDRICAL_SURFACE('',#5828,6.E-02);
#5828 = AXIS2_PLACEMENT_3D('',#5829,#5830,#5831);
#5829 = CARTESIAN_POINT('',(0.,0.,1.E-02));
#5830 = DIRECTION('',(0.,0.,1.));
#5831 = DIRECTION('',(0.309016994375,-0.951056516295,0.));
#5832 = DEFINITIONAL_REPRESENTATION('',(#5833),#5837);
#5833 = LINE('',#5834,#5835);
#5834 = CARTESIAN_POINT('',(6.28318530718,-0.));
#5835 = VECTOR('',#5836,1.);
#5836 = DIRECTION('',(0.,1.));
#5837 = ( GEOMETRIC_REPRESENTATION_CONTEXT(2) 
PARAMETRIC_REPRESENTATION_CONTEXT() REPRESENTATION_CONTEXT('2D SPACE',''
  ) );
#5838 = PCURVE('',#5839,#5844);
#5839 = CYLINDRICAL_SURFACE('',#5840,6.E-02);
#5840 = AXIS2_PLACEMENT_3D('',#5841,#5842,#5843);
#5841 = CARTESIAN_POINT('',(0.,0.,1.E-02));
#5842 = DIRECTION('',(0.,0.,1.));
#5843 = DIRECTION('',(0.309016994375,-0.951056516295,0.));
#5844 = DEFINITIONAL_REPRESENTATION('',(#5845),#5849);
#5845 = LINE('',#5846,#5847);
#5846 = CARTESIAN_POINT('',(0.,-0.));
#5847 = VECTOR('',#5848,1.);
#5848 = DIRECTION('',(0.,1.));
#5849 = ( GEOMETRIC_REPRESENTATION_CONTEXT(2) 
PARAMETRIC_REPRESENTATION_CONTEXT() REPRESENTATION_CONTEXT('2D SPACE',''
  ) );
#5850 = ORIENTED_EDGE('',*,*,#5851,.F.);
#5851 = EDGE_CURVE('',#5852,#5819,#5854,.T.);
#5852 = VERTEX_POINT('',#5853);
#5853 = CARTESIAN_POINT('',(1.884645544688E-03,-5.997039362194E-02,
    2.E-02));
#5854 = SURFACE_CURVE('',#5855,(#5860,#5867),.PCURVE_S1.);
#5855 = CIRCLE('',#5856,6.E-02);
#5856 = AXIS2_PLACEMENT_3D('',#5857,#5858,#5859);
#5857 = CARTESIAN_POINT('',(0.,0.,2.E-02));
#5858 = DIRECTION('',(-0.,0.,1.));
#5859 = DIRECTION('',(0.309016994375,-0.951056516295,0.));
#5860 = PCURVE('',#5827,#5861);
#5861 = DEFINITIONAL_REPRESENTATION('',(#5862),#5866);
#5862 = LINE('',#5863,#5864);
#5863 = CARTESIAN_POINT('',(0.,1.E-02));
#5864 = VECTOR('',#5865,1.);
#5865 = DIRECTION('',(1.,0.));
#5866 = ( GEOMETRIC_REPRESENTATION_CONTEXT(2) 
PARAMETRIC_REPRESENTATION_CONTEXT() REPRESENTATION_CONTEXT('2D SPACE',''
  ) );
#5867 = PCURVE('',#5868,#5873);
#5868 = PLANE('',#5869);
#5869 = AXIS2_PLACEMENT_3D('',#5870,#5871,#5872);
#5870 = CARTESIAN_POINT('',(0.,0.,2.E-02));
#5871 = DIRECTION('',(0.,0.,1.));
#5872 = DIRECTION('',(0.309016994375,-0.951056516295,0.));
#5873 = DEFINITIONAL_REPRESENTATION('',(#5874),#5878);
#5874 = CIRCLE('',#5875,6.E-02);
#5875 = AXIS2_PLACEMENT_2D('',#5876,#5877);
#5876 = CARTESIAN_POINT('',(0.,0.));
#5877 = DIRECTION('',(1.,0.));
#5878 = ( GEOMETRIC_REPRESENTATION_CONTEXT(2) 
PARAMETRIC_REPRESENTATION_CONTEXT() REPRESENTATION_CONTEXT('2D SPACE',''
  ) );
#5879 = ORIENTED_EDGE('',*,*,#5880,.F.);
#5880 = EDGE_CURVE('',#5881,#5852,#5883,.T.);
#5881 = VERTEX_POINT('',#5882);
#5882 = CARTESIAN_POINT('',(1.884645544688E-03,-5.997039362194E-02,
    1.E-02));
#5883 = SURFACE_CURVE('',#5884,(#5888,#5895),.PCURVE_S1.);
#5884 = LINE('',#5885,#5886);
#5885 = CARTESIAN_POINT('',(1.884645544688E-03,-5.997039362194E-02,
    1.E-02));
#5886 = VECTOR('',#5887,1.);
#5887 = DIRECTION('',(0.,0.,1.));
#5888 = PCURVE('',#5827,#5889);
#5889 = DEFINITIONAL_REPRESENTATION('',(#5890),#5894);
#5890 = LINE('',#5891,#5892);
#5891 = CARTESIAN_POINT('',(6.000441968357,0.));
#5892 = VECTOR('',#5893,1.);
#5893 = DIRECTION('',(0.,1.));
#5894 = ( GEOMETRIC_REPRESENTATION_CONTEXT(2) 
PARAMETRIC_REPRESENTATION_CONTEXT() REPRESENTATION_CONTEXT('2D SPACE',''
  ) );
#5895 = PCURVE('',#5896,#5901);
#5896 = PLANE('',#5897);
#5897 = AXIS2_PLACEMENT_3D('',#5898,#5899,#5900);
#5898 = CARTESIAN_POINT('',(-5.653936634063E-03,0.179911180866,-0.17));
#5899 = DIRECTION('',(0.999506560366,3.141075907813E-02,0.));
#5900 = DIRECTION('',(0.,0.,1.));
#5901 = DEFINITIONAL_REPRESENTATION('',(#5902),#5906);
#5902 = LINE('',#5903,#5904);
#5903 = CARTESIAN_POINT('',(0.18,0.24));
#5904 = VECTOR('',#5905,1.);
#5905 = DIRECTION('',(1.,0.));
#5906 = ( GEOMETRIC_REPRESENTATION_CONTEXT(2) 
PARAMETRIC_REPRESENTATION_CONTEXT() REPRESENTATION_CONTEXT('2D SPACE',''
  ) );
#5907 = ORIENTED_EDGE('',*,*,#5908,.T.);
#5908 = EDGE_CURVE('',#5881,#5817,#5909,.T.);
#5909 = SURFACE_CURVE('',#5910,(#5915,#5922),.PCURVE_S1.);
#5910 = CIRCLE('',#5911,6.E-02);
#5911 = AXIS2_PLACEMENT_3D('',#5912,#5913,#5914);
#5912 = CARTESIAN_POINT('',(0.,0.,1.E-02));
#5913 = DIRECTION('',(-0.,0.,1.));
#5914 = DIRECTION('',(0.309016994375,-0.951056516295,0.));
#5915 = PCURVE('',#5827,#5916);
#5916 = DEFINITIONAL_REPRESENTATION('',(#5917),#5921);
#5917 = LINE('',#5918,#5919);
#5918 = CARTESIAN_POINT('',(0.,0.));
#5919 = VECTOR('',#5920,1.);
#5920 = DIRECTION('',(1.,0.));
#5921 = ( GEOMETRIC_REPRESENTATION_CONTEXT(2) 
PARAMETRIC_REPRESENTATION_CONTEXT() REPRESENTATION_CONTEXT('2D SPACE',''
  ) );
#5922 = PCURVE('',#5923,#5928);
#5923 = PLANE('',#5924);
#5924 = AXIS2_PLACEMENT_3D('',#5925,#5926,#5927);
#5925 = CARTESIAN_POINT('',(0.,0.,1.E-02));
#5926 = DIRECTION('',(0.,0.,1.));
#5927 = DIRECTION('',(0.309016994375,-0.951056516295,0.));
#5928 = DEFINITIONAL_REPRESENTATION('',(#5929),#5933);
#5929 = CIRCLE('',#5930,6.E-02);
#5930 = AXIS2_PLACEMENT_2D('',#5931,#5932);
#5931 = CARTESIAN_POINT('',(0.,0.));
#5932 = DIRECTION('',(1.,0.));
#5933 = ( GEOMETRIC_REPRESENTATION_CONTEXT(2) 
PARAMETRIC_REPRESENTATION_CONTEXT() REPRESENTATION_CONTEXT('2D SPACE',''
  ) );
#5934 = ADVANCED_FACE('Magnet::8::Boundary',(#5935),#5839,.T.);
#5935 = FACE_BOUND('',#5936,.T.);
#5936 = EDGE_LOOP('',(#5937,#5961,#5962,#5986));
#5937 = ORIENTED_EDGE('',*,*,#5938,.F.);
#5938 = EDGE_CURVE('',#5819,#5939,#5941,.T.);
#5939 = VERTEX_POINT('',#5940);
#5940 = CARTESIAN_POINT('',(3.372500267113E-02,-4.962483445647E-02,
    2.E-02));
#5941 = SURFACE_CURVE('',#5942,(#5947,#5954),.PCURVE_S1.);
#5942 = CIRCLE('',#5943,6.E-02);
#5943 = AXIS2_PLACEMENT_3D('',#5944,#5945,#5946);
#5944 = CARTESIAN_POINT('',(0.,0.,2.E-02));
#5945 = DIRECTION('',(-0.,0.,1.));
#5946 = DIRECTION('',(0.309016994375,-0.951056516295,0.));
#5947 = PCURVE('',#5839,#5948);
#5948 = DEFINITIONAL_REPRESENTATION('',(#5949),#5953);
#5949 = LINE('',#5950,#5951);
#5950 = CARTESIAN_POINT('',(0.,1.E-02));
#5951 = VECTOR('',#5952,1.);
#5952 = DIRECTION('',(1.,0.));
#5953 = ( GEOMETRIC_REPRESENTATION_CONTEXT(2) 
PARAMETRIC_REPRESENTATION_CONTEXT() REPRESENTATION_CONTEXT('2D SPACE',''
  ) );
#5954 = PCURVE('',#5868,#5955);
#5955 = DEFINITIONAL_REPRESENTATION('',(#5956),#5960);
#5956 = CIRCLE('',#5957,6.E-02);
#5957 = AXIS2_PLACEMENT_2D('',#5958,#5959);
#5958 = CARTESIAN_POINT('',(0.,0.));
#5959 = DIRECTION('',(1.,0.));
#5960 = ( GEOMETRIC_REPRESENTATION_CONTEXT(2) 
PARAMETRIC_REPRESENTATION_CONTEXT() REPRESENTATION_CONTEXT('2D SPACE',''
  ) );
#5961 = ORIENTED_EDGE('',*,*,#5816,.F.);
#5962 = ORIENTED_EDGE('',*,*,#5963,.T.);
#5963 = EDGE_CURVE('',#5817,#5964,#5966,.T.);
#5964 = VERTEX_POINT('',#5965);
#5965 = CARTESIAN_POINT('',(3.372500267113E-02,-4.962483445647E-02,
    1.E-02));
#5966 = SURFACE_CURVE('',#5967,(#5972,#5979),.PCURVE_S1.);
#5967 = CIRCLE('',#5968,6.E-02);
#5968 = AXIS2_PLACEMENT_3D('',#5969,#5970,#5971);
#5969 = CARTESIAN_POINT('',(0.,0.,1.E-02));
#5970 = DIRECTION('',(-0.,0.,1.));
#5971 = DIRECTION('',(0.309016994375,-0.951056516295,0.));
#5972 = PCURVE('',#5839,#5973);
#5973 = DEFINITIONAL_REPRESENTATION('',(#5974),#5978);
#5974 = LINE('',#5975,#5976);
#5975 = CARTESIAN_POINT('',(0.,0.));
#5976 = VECTOR('',#5977,1.);
#5977 = DIRECTION('',(1.,0.));
#5978 = ( GEOMETRIC_REPRESENTATION_CONTEXT(2) 
PARAMETRIC_REPRESENTATION_CONTEXT() REPRESENTATION_CONTEXT('2D SPACE',''
  ) );
#5979 = PCURVE('',#5923,#5980);
#5980 = DEFINITIONAL_REPRESENTATION('',(#5981),#5985);
#5981 = CIRCLE('',#5982,6.E-02);
#5982 = AXIS2_PLACEMENT_2D('',#5983,#5984);
#5983 = CARTESIAN_POINT('',(0.,0.));
#5984 = DIRECTION('',(1.,0.));
#5985 = ( GEOMETRIC_REPRESENTATION_CONTEXT(2) 
PARAMETRIC_REPRESENTATION_CONTEXT() REPRESENTATION_CONTEXT('2D SPACE',''
  ) );
#5986 = ORIENTED_EDGE('',*,*,#5987,.T.);
#5987 = EDGE_CURVE('',#5964,#5939,#5988,.T.);
#5988 = SURFACE_CURVE('',#5989,(#5993,#6000),.PCURVE_S1.);
#5989 = LINE('',#5990,#5991);
#5990 = CARTESIAN_POINT('',(3.372500267113E-02,-4.962483445647E-02,
    1.E-02));
#5991 = VECTOR('',#5992,1.);
#5992 = DIRECTION('',(0.,0.,1.));
#5993 = PCURVE('',#5839,#5994);
#5994 = DEFINITIONAL_REPRESENTATION('',(#5995),#5999);
#5995 = LINE('',#5996,#5997);
#5996 = CARTESIAN_POINT('',(0.282743338823,0.));
#5997 = VECTOR('',#5998,1.);
#5998 = DIRECTION('',(0.,1.));
#5999 = ( GEOMETRIC_REPRESENTATION_CONTEXT(2) 
PARAMETRIC_REPRESENTATION_CONTEXT() REPRESENTATION_CONTEXT('2D SPACE',''
  ) );
#6000 = PCURVE('',#6001,#6006);
#6001 = PLANE('',#6002);
#6002 = AXIS2_PLACEMENT_3D('',#6003,#6004,#6005);
#6003 = CARTESIAN_POINT('',(-0.101175008013,0.148874503369,-0.17));
#6004 = DIRECTION('',(0.827080574275,0.562083377852,0.));
#6005 = DIRECTION('',(0.,0.,1.));
#6006 = DEFINITIONAL_REPRESENTATION('',(#6007),#6011);
#6007 = LINE('',#6008,#6009);
#6008 = CARTESIAN_POINT('',(0.18,0.24));
#6009 = VECTOR('',#6010,1.);
#6010 = DIRECTION('',(1.,0.));
#6011 = ( GEOMETRIC_REPRESENTATION_CONTEXT(2) 
PARAMETRIC_REPRESENTATION_CONTEXT() REPRESENTATION_CONTEXT('2D SPACE',''
  ) );
#6012 = ADVANCED_FACE('',(#6013),#5923,.F.);
#6013 = FACE_BOUND('',#6014,.F.);
#6014 = EDGE_LOOP('',(#6015,#6038,#6039,#6040,#6063,#6092));
#6015 = ORIENTED_EDGE('',*,*,#6016,.F.);
#6016 = EDGE_CURVE('',#5881,#6017,#6019,.T.);
#6017 = VERTEX_POINT('',#6018);
#6018 = CARTESIAN_POINT('',(9.423227723438E-04,-2.998519681097E-02,
    1.E-02));
#6019 = SURFACE_CURVE('',#6020,(#6024,#6031),.PCURVE_S1.);
#6020 = LINE('',#6021,#6022);
#6021 = CARTESIAN_POINT('',(-2.826968317032E-03,8.995559043292E-02,
    1.E-02));
#6022 = VECTOR('',#6023,1.);
#6023 = DIRECTION('',(-3.141075907813E-02,0.999506560366,0.));
#6024 = PCURVE('',#5923,#6025);
#6025 = DEFINITIONAL_REPRESENTATION('',(#6026),#6030);
#6026 = LINE('',#6027,#6028);
#6027 = CARTESIAN_POINT('',(-8.642643171092E-02,2.510919954353E-02));
#6028 = VECTOR('',#6029,1.);
#6029 = DIRECTION('',(-0.960293685677,0.278991106039));
#6030 = ( GEOMETRIC_REPRESENTATION_CONTEXT(2) 
PARAMETRIC_REPRESENTATION_CONTEXT() REPRESENTATION_CONTEXT('2D SPACE',''
  ) );
#6031 = PCURVE('',#5896,#6032);
#6032 = DEFINITIONAL_REPRESENTATION('',(#6033),#6037);
#6033 = LINE('',#6034,#6035);
#6034 = CARTESIAN_POINT('',(0.18,9.E-02));
#6035 = VECTOR('',#6036,1.);
#6036 = DIRECTION('',(0.,-1.));
#6037 = ( GEOMETRIC_REPRESENTATION_CONTEXT(2) 
PARAMETRIC_REPRESENTATION_CONTEXT() REPRESENTATION_CONTEXT('2D SPACE',''
  ) );
#6038 = ORIENTED_EDGE('',*,*,#5908,.T.);
#6039 = ORIENTED_EDGE('',*,*,#5963,.T.);
#6040 = ORIENTED_EDGE('',*,*,#6041,.T.);
#6041 = EDGE_CURVE('',#5964,#6042,#6044,.T.);
#6042 = VERTEX_POINT('',#6043);
#6043 = CARTESIAN_POINT('',(1.686250133556E-02,-2.481241722824E-02,
    1.E-02));
#6044 = SURFACE_CURVE('',#6045,(#6049,#6056),.PCURVE_S1.);
#6045 = LINE('',#6046,#6047);
#6046 = CARTESIAN_POINT('',(-5.058750400669E-02,7.443725168471E-02,
    1.E-02));
#6047 = VECTOR('',#6048,1.);
#6048 = DIRECTION('',(-0.562083377852,0.827080574275,0.));
#6049 = PCURVE('',#5923,#6050);
#6050 = DEFINITIONAL_REPRESENTATION('',(#6051),#6055);
#6051 = LINE('',#6052,#6053);
#6052 = CARTESIAN_POINT('',(-8.642643171092E-02,-2.510919954353E-02));
#6053 = VECTOR('',#6054,1.);
#6054 = DIRECTION('',(-0.960293685677,-0.278991106039));
#6055 = ( GEOMETRIC_REPRESENTATION_CONTEXT(2) 
PARAMETRIC_REPRESENTATION_CONTEXT() REPRESENTATION_CONTEXT('2D SPACE',''
  ) );
#6056 = PCURVE('',#6001,#6057);
#6057 = DEFINITIONAL_REPRESENTATION('',(#6058),#6062);
#6058 = LINE('',#6059,#6060);
#6059 = CARTESIAN_POINT('',(0.18,9.E-02));
#6060 = VECTOR('',#6061,1.);
#6061 = DIRECTION('',(0.,-1.));
#6062 = ( GEOMETRIC_REPRESENTATION_CONTEXT(2) 
PARAMETRIC_REPRESENTATION_CONTEXT() REPRESENTATION_CONTEXT('2D SPACE',''
  ) );
#6063 = ORIENTED_EDGE('',*,*,#6064,.F.);
#6064 = EDGE_CURVE('',#6065,#6042,#6067,.T.);
#6065 = VERTEX_POINT('',#6066);
#6066 = CARTESIAN_POINT('',(9.270509831248E-03,-2.853169548885E-02,
    1.E-02));
#6067 = SURFACE_CURVE('',#6068,(#6073,#6080),.PCURVE_S1.);
#6068 = CIRCLE('',#6069,3.E-02);
#6069 = AXIS2_PLACEMENT_3D('',#6070,#6071,#6072);
#6070 = CARTESIAN_POINT('',(0.,0.,1.E-02));
#6071 = DIRECTION('',(-0.,0.,1.));
#6072 = DIRECTION('',(0.309016994375,-0.951056516295,0.));
#6073 = PCURVE('',#5923,#6074);
#6074 = DEFINITIONAL_REPRESENTATION('',(#6075),#6079);
#6075 = CIRCLE('',#6076,3.E-02);
#6076 = AXIS2_PLACEMENT_2D('',#6077,#6078);
#6077 = CARTESIAN_POINT('',(0.,0.));
#6078 = DIRECTION('',(1.,0.));
#6079 = ( GEOMETRIC_REPRESENTATION_CONTEXT(2) 
PARAMETRIC_REPRESENTATION_CONTEXT() REPRESENTATION_CONTEXT('2D SPACE',''
  ) );
#6080 = PCURVE('',#6081,#6086);
#6081 = CYLINDRICAL_SURFACE('',#6082,3.E-02);
#6082 = AXIS2_PLACEMENT_3D('',#6083,#6084,#6085);
#6083 = CARTESIAN_POINT('',(0.,0.,1.E-02));
#6084 = DIRECTION('',(0.,0.,1.));
#6085 = DIRECTION('',(0.309016994375,-0.951056516295,0.));
#6086 = DEFINITIONAL_REPRESENTATION('',(#6087),#6091);
#6087 = LINE('',#6088,#6089);
#6088 = CARTESIAN_POINT('',(0.,0.));
#6089 = VECTOR('',#6090,1.);
#6090 = DIRECTION('',(1.,0.));
#6091 = ( GEOMETRIC_REPRESENTATION_CONTEXT(2) 
PARAMETRIC_REPRESENTATION_CONTEXT() REPRESENTATION_CONTEXT('2D SPACE',''
  ) );
#6092 = ORIENTED_EDGE('',*,*,#6093,.F.);
#6093 = EDGE_CURVE('',#6017,#6065,#6094,.T.);
#6094 = SURFACE_CURVE('',#6095,(#6100,#6107),.PCURVE_S1.);
#6095 = CIRCLE('',#6096,3.E-02);
#6096 = AXIS2_PLACEMENT_3D('',#6097,#6098,#6099);
#6097 = CARTESIAN_POINT('',(0.,0.,1.E-02));
#6098 = DIRECTION('',(-0.,0.,1.));
#6099 = DIRECTION('',(0.309016994375,-0.951056516295,0.));
#6100 = PCURVE('',#5923,#6101);
#6101 = DEFINITIONAL_REPRESENTATION('',(#6102),#6106);
#6102 = CIRCLE('',#6103,3.E-02);
#6103 = AXIS2_PLACEMENT_2D('',#6104,#6105);
#6104 = CARTESIAN_POINT('',(0.,0.));
#6105 = DIRECTION('',(1.,0.));
#6106 = ( GEOMETRIC_REPRESENTATION_CONTEXT(2) 
PARAMETRIC_REPRESENTATION_CONTEXT() REPRESENTATION_CONTEXT('2D SPACE',''
  ) );
#6107 = PCURVE('',#6108,#6113);
#6108 = CYLINDRICAL_SURFACE('',#6109,3.E-02);
#6109 = AXIS2_PLACEMENT_3D('',#6110,#6111,#6112);
#6110 = CARTESIAN_POINT('',(0.,0.,1.E-02));
#6111 = DIRECTION('',(0.,0.,1.));
#6112 = DIRECTION('',(0.309016994375,-0.951056516295,0.));
#6113 = DEFINITIONAL_REPRESENTATION('',(#6114),#6118);
#6114 = LINE('',#6115,#6116);
#6115 = CARTESIAN_POINT('',(0.,0.));
#6116 = VECTOR('',#6117,1.);
#6117 = DIRECTION('',(1.,0.));
#6118 = ( GEOMETRIC_REPRESENTATION_CONTEXT(2) 
PARAMETRIC_REPRESENTATION_CONTEXT() REPRESENTATION_CONTEXT('2D SPACE',''
  ) );
#6119 = ADVANCED_FACE('Magnet::8::Boundary',(#6120),#5896,.F.);
#6120 = FACE_BOUND('',#6121,.F.);
#6121 = EDGE_LOOP('',(#6122,#6123,#6124,#6147));
#6122 = ORIENTED_EDGE('',*,*,#5880,.F.);
#6123 = ORIENTED_EDGE('',*,*,#6016,.T.);
#6124 = ORIENTED_EDGE('',*,*,#6125,.T.);
#6125 = EDGE_CURVE('',#6017,#6126,#6128,.T.);
#6126 = VERTEX_POINT('',#6127);
#6127 = CARTESIAN_POINT('',(9.423227723438E-04,-2.998519681097E-02,
    2.E-02));
#6128 = SURFACE_CURVE('',#6129,(#6133,#6140),.PCURVE_S1.);
#6129 = LINE('',#6130,#6131);
#6130 = CARTESIAN_POINT('',(9.423227723438E-04,-2.998519681097E-02,
    1.E-02));
#6131 = VECTOR('',#6132,1.);
#6132 = DIRECTION('',(0.,0.,1.));
#6133 = PCURVE('',#5896,#6134);
#6134 = DEFINITIONAL_REPRESENTATION('',(#6135),#6139);
#6135 = LINE('',#6136,#6137);
#6136 = CARTESIAN_POINT('',(0.18,0.21));
#6137 = VECTOR('',#6138,1.);
#6138 = DIRECTION('',(1.,0.));
#6139 = ( GEOMETRIC_REPRESENTATION_CONTEXT(2) 
PARAMETRIC_REPRESENTATION_CONTEXT() REPRESENTATION_CONTEXT('2D SPACE',''
  ) );
#6140 = PCURVE('',#6108,#6141);
#6141 = DEFINITIONAL_REPRESENTATION('',(#6142),#6146);
#6142 = LINE('',#6143,#6144);
#6143 = CARTESIAN_POINT('',(6.000441968357,0.));
#6144 = VECTOR('',#6145,1.);
#6145 = DIRECTION('',(0.,1.));
#6146 = ( GEOMETRIC_REPRESENTATION_CONTEXT(2) 
PARAMETRIC_REPRESENTATION_CONTEXT() REPRESENTATION_CONTEXT('2D SPACE',''
  ) );
#6147 = ORIENTED_EDGE('',*,*,#6148,.F.);
#6148 = EDGE_CURVE('',#5852,#6126,#6149,.T.);
#6149 = SURFACE_CURVE('',#6150,(#6154,#6161),.PCURVE_S1.);
#6150 = LINE('',#6151,#6152);
#6151 = CARTESIAN_POINT('',(-2.826968317032E-03,8.995559043292E-02,
    2.E-02));
#6152 = VECTOR('',#6153,1.);
#6153 = DIRECTION('',(-3.141075907813E-02,0.999506560366,0.));
#6154 = PCURVE('',#5896,#6155);
#6155 = DEFINITIONAL_REPRESENTATION('',(#6156),#6160);
#6156 = LINE('',#6157,#6158);
#6157 = CARTESIAN_POINT('',(0.19,9.E-02));
#6158 = VECTOR('',#6159,1.);
#6159 = DIRECTION('',(0.,-1.));
#6160 = ( GEOMETRIC_REPRESENTATION_CONTEXT(2) 
PARAMETRIC_REPRESENTATION_CONTEXT() REPRESENTATION_CONTEXT('2D SPACE',''
  ) );
#6161 = PCURVE('',#5868,#6162);
#6162 = DEFINITIONAL_REPRESENTATION('',(#6163),#6167);
#6163 = LINE('',#6164,#6165);
#6164 = CARTESIAN_POINT('',(-8.642643171092E-02,2.510919954353E-02));
#6165 = VECTOR('',#6166,1.);
#6166 = DIRECTION('',(-0.960293685677,0.278991106039));
#6167 = ( GEOMETRIC_REPRESENTATION_CONTEXT(2) 
PARAMETRIC_REPRESENTATION_CONTEXT() REPRESENTATION_CONTEXT('2D SPACE',''
  ) );
#6168 = ADVANCED_FACE('Magnet::8::Boundary',(#6169),#5868,.T.);
#6169 = FACE_BOUND('',#6170,.T.);
#6170 = EDGE_LOOP('',(#6171,#6172,#6173,#6174,#6197,#6221));
#6171 = ORIENTED_EDGE('',*,*,#6148,.F.);
#6172 = ORIENTED_EDGE('',*,*,#5851,.T.);
#6173 = ORIENTED_EDGE('',*,*,#5938,.T.);
#6174 = ORIENTED_EDGE('',*,*,#6175,.T.);
#6175 = EDGE_CURVE('',#5939,#6176,#6178,.T.);
#6176 = VERTEX_POINT('',#6177);
#6177 = CARTESIAN_POINT('',(1.686250133556E-02,-2.481241722824E-02,
    2.E-02));
#6178 = SURFACE_CURVE('',#6179,(#6183,#6190),.PCURVE_S1.);
#6179 = LINE('',#6180,#6181);
#6180 = CARTESIAN_POINT('',(-5.058750400669E-02,7.443725168471E-02,
    2.E-02));
#6181 = VECTOR('',#6182,1.);
#6182 = DIRECTION('',(-0.562083377852,0.827080574275,0.));
#6183 = PCURVE('',#5868,#6184);
#6184 = DEFINITIONAL_REPRESENTATION('',(#6185),#6189);
#6185 = LINE('',#6186,#6187);
#6186 = CARTESIAN_POINT('',(-8.642643171092E-02,-2.510919954353E-02));
#6187 = VECTOR('',#6188,1.);
#6188 = DIRECTION('',(-0.960293685677,-0.278991106039));
#6189 = ( GEOMETRIC_REPRESENTATION_CONTEXT(2) 
PARAMETRIC_REPRESENTATION_CONTEXT() REPRESENTATION_CONTEXT('2D SPACE',''
  ) );
#6190 = PCURVE('',#6001,#6191);
#6191 = DEFINITIONAL_REPRESENTATION('',(#6192),#6196);
#6192 = LINE('',#6193,#6194);
#6193 = CARTESIAN_POINT('',(0.19,9.E-02));
#6194 = VECTOR('',#6195,1.);
#6195 = DIRECTION('',(0.,-1.));
#6196 = ( GEOMETRIC_REPRESENTATION_CONTEXT(2) 
PARAMETRIC_REPRESENTATION_CONTEXT() REPRESENTATION_CONTEXT('2D SPACE',''
  ) );
#6197 = ORIENTED_EDGE('',*,*,#6198,.F.);
#6198 = EDGE_CURVE('',#6199,#6176,#6201,.T.);
#6199 = VERTEX_POINT('',#6200);
#6200 = CARTESIAN_POINT('',(9.270509831248E-03,-2.853169548885E-02,
    2.E-02));
#6201 = SURFACE_CURVE('',#6202,(#6207,#6214),.PCURVE_S1.);
#6202 = CIRCLE('',#6203,3.E-02);
#6203 = AXIS2_PLACEMENT_3D('',#6204,#6205,#6206);
#6204 = CARTESIAN_POINT('',(0.,0.,2.E-02));
#6205 = DIRECTION('',(-0.,0.,1.));
#6206 = DIRECTION('',(0.309016994375,-0.951056516295,0.));
#6207 = PCURVE('',#5868,#6208);
#6208 = DEFINITIONAL_REPRESENTATION('',(#6209),#6213);
#6209 = CIRCLE('',#6210,3.E-02);
#6210 = AXIS2_PLACEMENT_2D('',#6211,#6212);
#6211 = CARTESIAN_POINT('',(0.,0.));
#6212 = DIRECTION('',(1.,0.));
#6213 = ( GEOMETRIC_REPRESENTATION_CONTEXT(2) 
PARAMETRIC_REPRESENTATION_CONTEXT() REPRESENTATION_CONTEXT('2D SPACE',''
  ) );
#6214 = PCURVE('',#6081,#6215);
#6215 = DEFINITIONAL_REPRESENTATION('',(#6216),#6220);
#6216 = LINE('',#6217,#6218);
#6217 = CARTESIAN_POINT('',(0.,1.E-02));
#6218 = VECTOR('',#6219,1.);
#6219 = DIRECTION('',(1.,0.));
#6220 = ( GEOMETRIC_REPRESENTATION_CONTEXT(2) 
PARAMETRIC_REPRESENTATION_CONTEXT() REPRESENTATION_CONTEXT('2D SPACE',''
  ) );
#6221 = ORIENTED_EDGE('',*,*,#6222,.F.);
#6222 = EDGE_CURVE('',#6126,#6199,#6223,.T.);
#6223 = SURFACE_CURVE('',#6224,(#6229,#6236),.PCURVE_S1.);
#6224 = CIRCLE('',#6225,3.E-02);
#6225 = AXIS2_PLACEMENT_3D('',#6226,#6227,#6228);
#6226 = CARTESIAN_POINT('',(0.,0.,2.E-02));
#6227 = DIRECTION('',(-0.,0.,1.));
#6228 = DIRECTION('',(0.309016994375,-0.951056516295,0.));
#6229 = PCURVE('',#5868,#6230);
#6230 = DEFINITIONAL_REPRESENTATION('',(#6231),#6235);
#6231 = CIRCLE('',#6232,3.E-02);
#6232 = AXIS2_PLACEMENT_2D('',#6233,#6234);
#6233 = CARTESIAN_POINT('',(0.,0.));
#6234 = DIRECTION('',(1.,0.));
#6235 = ( GEOMETRIC_REPRESENTATION_CONTEXT(2) 
PARAMETRIC_REPRESENTATION_CONTEXT() REPRESENTATION_CONTEXT('2D SPACE',''
  ) );
#6236 = PCURVE('',#6108,#6237);
#6237 = DEFINITIONAL_REPRESENTATION('',(#6238),#6242);
#6238 = LINE('',#6239,#6240);
#6239 = CARTESIAN_POINT('',(0.,1.E-02));
#6240 = VECTOR('',#6241,1.);
#6241 = DIRECTION('',(1.,0.));
#6242 = ( GEOMETRIC_REPRESENTATION_CONTEXT(2) 
PARAMETRIC_REPRESENTATION_CONTEXT() REPRESENTATION_CONTEXT('2D SPACE',''
  ) );
#6243 = ADVANCED_FACE('Magnet::8::Boundary',(#6244),#6001,.T.);
#6244 = FACE_BOUND('',#6245,.T.);
#6245 = EDGE_LOOP('',(#6246,#6247,#6248,#6269));
#6246 = ORIENTED_EDGE('',*,*,#5987,.F.);
#6247 = ORIENTED_EDGE('',*,*,#6041,.T.);
#6248 = ORIENTED_EDGE('',*,*,#6249,.T.);
#6249 = EDGE_CURVE('',#6042,#6176,#6250,.T.);
#6250 = SURFACE_CURVE('',#6251,(#6255,#6262),.PCURVE_S1.);
#6251 = LINE('',#6252,#6253);
#6252 = CARTESIAN_POINT('',(1.686250133556E-02,-2.481241722824E-02,
    1.E-02));
#6253 = VECTOR('',#6254,1.);
#6254 = DIRECTION('',(0.,0.,1.));
#6255 = PCURVE('',#6001,#6256);
#6256 = DEFINITIONAL_REPRESENTATION('',(#6257),#6261);
#6257 = LINE('',#6258,#6259);
#6258 = CARTESIAN_POINT('',(0.18,0.21));
#6259 = VECTOR('',#6260,1.);
#6260 = DIRECTION('',(1.,0.));
#6261 = ( GEOMETRIC_REPRESENTATION_CONTEXT(2) 
PARAMETRIC_REPRESENTATION_CONTEXT() REPRESENTATION_CONTEXT('2D SPACE',''
  ) );
#6262 = PCURVE('',#6081,#6263);
#6263 = DEFINITIONAL_REPRESENTATION('',(#6264),#6268);
#6264 = LINE('',#6265,#6266);
#6265 = CARTESIAN_POINT('',(0.282743338823,0.));
#6266 = VECTOR('',#6267,1.);
#6267 = DIRECTION('',(0.,1.));
#6268 = ( GEOMETRIC_REPRESENTATION_CONTEXT(2) 
PARAMETRIC_REPRESENTATION_CONTEXT() REPRESENTATION_CONTEXT('2D SPACE',''
  ) );
#6269 = ORIENTED_EDGE('',*,*,#6175,.F.);
#6270 = ADVANCED_FACE('Magnet::8::Boundary',(#6271),#6108,.F.);
#6271 = FACE_BOUND('',#6272,.F.);
#6272 = EDGE_LOOP('',(#6273,#6294,#6295,#6296));
#6273 = ORIENTED_EDGE('',*,*,#6274,.T.);
#6274 = EDGE_CURVE('',#6065,#6199,#6275,.T.);
#6275 = SURFACE_CURVE('',#6276,(#6280,#6287),.PCURVE_S1.);
#6276 = LINE('',#6277,#6278);
#6277 = CARTESIAN_POINT('',(9.270509831248E-03,-2.853169548885E-02,
    1.E-02));
#6278 = VECTOR('',#6279,1.);
#6279 = DIRECTION('',(0.,0.,1.));
#6280 = PCURVE('',#6108,#6281);
#6281 = DEFINITIONAL_REPRESENTATION('',(#6282),#6286);
#6282 = LINE('',#6283,#6284);
#6283 = CARTESIAN_POINT('',(6.28318530718,-0.));
#6284 = VECTOR('',#6285,1.);
#6285 = DIRECTION('',(0.,1.));
#6286 = ( GEOMETRIC_REPRESENTATION_CONTEXT(2) 
PARAMETRIC_REPRESENTATION_CONTEXT() REPRESENTATION_CONTEXT('2D SPACE',''
  ) );
#6287 = PCURVE('',#6081,#6288);
#6288 = DEFINITIONAL_REPRESENTATION('',(#6289),#6293);
#6289 = LINE('',#6290,#6291);
#6290 = CARTESIAN_POINT('',(0.,-0.));
#6291 = VECTOR('',#6292,1.);
#6292 = DIRECTION('',(0.,1.));
#6293 = ( GEOMETRIC_REPRESENTATION_CONTEXT(2) 
PARAMETRIC_REPRESENTATION_CONTEXT() REPRESENTATION_CONTEXT('2D SPACE',''
  ) );
#6294 = ORIENTED_EDGE('',*,*,#6222,.F.);
#6295 = ORIENTED_EDGE('',*,*,#6125,.F.);
#6296 = ORIENTED_EDGE('',*,*,#6093,.T.);
#6297 = ADVANCED_FACE('Magnet::8::Boundary',(#6298),#6081,.F.);
#6298 = FACE_BOUND('',#6299,.F.);
#6299 = EDGE_LOOP('',(#6300,#6301,#6302,#6303));
#6300 = ORIENTED_EDGE('',*,*,#6198,.F.);
#6301 = ORIENTED_EDGE('',*,*,#6274,.F.);
#6302 = ORIENTED_EDGE('',*,*,#6064,.T.);
#6303 = ORIENTED_EDGE('',*,*,#6249,.T.);
#6304 = MANIFOLD_SOLID_BREP('Magnet::9',#6305);
#6305 = CLOSED_SHELL('',(#6306,#6428,#6506,#6613,#6662,#6737,#6764,#6791
    ));
#6306 = ADVANCED_FACE('Magnet::9::Boundary',(#6307),#6321,.T.);
#6307 = FACE_BOUND('',#6308,.T.);
#6308 = EDGE_LOOP('',(#6309,#6344,#6373,#6401));
#6309 = ORIENTED_EDGE('',*,*,#6310,.T.);
#6310 = EDGE_CURVE('',#6311,#6313,#6315,.T.);
#6311 = VERTEX_POINT('',#6312);
#6312 = CARTESIAN_POINT('',(4.85410196625E-02,-3.526711513755E-02,1.E-02
    ));
#6313 = VERTEX_POINT('',#6314);
#6314 = CARTESIAN_POINT('',(4.85410196625E-02,-3.526711513755E-02,2.E-02
    ));
#6315 = SURFACE_CURVE('',#6316,(#6320,#6332),.PCURVE_S1.);
#6316 = LINE('',#6317,#6318);
#6317 = CARTESIAN_POINT('',(4.85410196625E-02,-3.526711513755E-02,1.E-02
    ));
#6318 = VECTOR('',#6319,1.);
#6319 = DIRECTION('',(0.,0.,1.));
#6320 = PCURVE('',#6321,#6326);
#6321 = CYLINDRICAL_SURFACE('',#6322,6.E-02);
#6322 = AXIS2_PLACEMENT_3D('',#6323,#6324,#6325);
#6323 = CARTESIAN_POINT('',(0.,0.,1.E-02));
#6324 = DIRECTION('',(0.,0.,1.));
#6325 = DIRECTION('',(0.809016994375,-0.587785252292,0.));
#6326 = DEFINITIONAL_REPRESENTATION('',(#6327),#6331);
#6327 = LINE('',#6328,#6329);
#6328 = CARTESIAN_POINT('',(6.28318530718,-0.));
#6329 = VECTOR('',#6330,1.);
#6330 = DIRECTION('',(0.,1.));
#6331 = ( GEOMETRIC_REPRESENTATION_CONTEXT(2) 
PARAMETRIC_REPRESENTATION_CONTEXT() REPRESENTATION_CONTEXT('2D SPACE',''
  ) );
#6332 = PCURVE('',#6333,#6338);
#6333 = CYLINDRICAL_SURFACE('',#6334,6.E-02);
#6334 = AXIS2_PLACEMENT_3D('',#6335,#6336,#6337);
#6335 = CARTESIAN_POINT('',(0.,0.,1.E-02));
#6336 = DIRECTION('',(0.,0.,1.));
#6337 = DIRECTION('',(0.809016994375,-0.587785252292,0.));
#6338 = DEFINITIONAL_REPRESENTATION('',(#6339),#6343);
#6339 = LINE('',#6340,#6341);
#6340 = CARTESIAN_POINT('',(0.,-0.));
#6341 = VECTOR('',#6342,1.);
#6342 = DIRECTION('',(0.,1.));
#6343 = ( GEOMETRIC_REPRESENTATION_CONTEXT(2) 
PARAMETRIC_REPRESENTATION_CONTEXT() REPRESENTATION_CONTEXT('2D SPACE',''
  ) );
#6344 = ORIENTED_EDGE('',*,*,#6345,.F.);
#6345 = EDGE_CURVE('',#6346,#6313,#6348,.T.);
#6346 = VERTEX_POINT('',#6347);
#6347 = CARTESIAN_POINT('',(3.677442321918E-02,-4.740930074254E-02,
    2.E-02));
#6348 = SURFACE_CURVE('',#6349,(#6354,#6361),.PCURVE_S1.);
#6349 = CIRCLE('',#6350,6.E-02);
#6350 = AXIS2_PLACEMENT_3D('',#6351,#6352,#6353);
#6351 = CARTESIAN_POINT('',(0.,0.,2.E-02));
#6352 = DIRECTION('',(-0.,0.,1.));
#6353 = DIRECTION('',(0.809016994375,-0.587785252292,0.));
#6354 = PCURVE('',#6321,#6355);
#6355 = DEFINITIONAL_REPRESENTATION('',(#6356),#6360);
#6356 = LINE('',#6357,#6358);
#6357 = CARTESIAN_POINT('',(0.,1.E-02));
#6358 = VECTOR('',#6359,1.);
#6359 = DIRECTION('',(1.,0.));
#6360 = ( GEOMETRIC_REPRESENTATION_CONTEXT(2) 
PARAMETRIC_REPRESENTATION_CONTEXT() REPRESENTATION_CONTEXT('2D SPACE',''
  ) );
#6361 = PCURVE('',#6362,#6367);
#6362 = PLANE('',#6363);
#6363 = AXIS2_PLACEMENT_3D('',#6364,#6365,#6366);
#6364 = CARTESIAN_POINT('',(0.,0.,2.E-02));
#6365 = DIRECTION('',(0.,0.,1.));
#6366 = DIRECTION('',(0.809016994375,-0.587785252292,0.));
#6367 = DEFINITIONAL_REPRESENTATION('',(#6368),#6372);
#6368 = CIRCLE('',#6369,6.E-02);
#6369 = AXIS2_PLACEMENT_2D('',#6370,#6371);
#6370 = CARTESIAN_POINT('',(0.,0.));
#6371 = DIRECTION('',(1.,0.));
#6372 = ( GEOMETRIC_REPRESENTATION_CONTEXT(2) 
PARAMETRIC_REPRESENTATION_CONTEXT() REPRESENTATION_CONTEXT('2D SPACE',''
  ) );
#6373 = ORIENTED_EDGE('',*,*,#6374,.F.);
#6374 = EDGE_CURVE('',#6375,#6346,#6377,.T.);
#6375 = VERTEX_POINT('',#6376);
#6376 = CARTESIAN_POINT('',(3.677442321918E-02,-4.740930074254E-02,
    1.E-02));
#6377 = SURFACE_CURVE('',#6378,(#6382,#6389),.PCURVE_S1.);
#6378 = LINE('',#6379,#6380);
#6379 = CARTESIAN_POINT('',(3.677442321918E-02,-4.740930074254E-02,
    1.E-02));
#6380 = VECTOR('',#6381,1.);
#6381 = DIRECTION('',(0.,0.,1.));
#6382 = PCURVE('',#6321,#6383);
#6383 = DEFINITIONAL_REPRESENTATION('',(#6384),#6388);
#6384 = LINE('',#6385,#6386);
#6385 = CARTESIAN_POINT('',(6.000441968357,0.));
#6386 = VECTOR('',#6387,1.);
#6387 = DIRECTION('',(0.,1.));
#6388 = ( GEOMETRIC_REPRESENTATION_CONTEXT(2) 
PARAMETRIC_REPRESENTATION_CONTEXT() REPRESENTATION_CONTEXT('2D SPACE',''
  ) );
#6389 = PCURVE('',#6390,#6395);
#6390 = PLANE('',#6391);
#6391 = AXIS2_PLACEMENT_3D('',#6392,#6393,#6394);
#6392 = CARTESIAN_POINT('',(-0.110323269658,0.142227902228,-0.17));
#6393 = DIRECTION('',(0.790155012376,0.612907053653,0.));
#6394 = DIRECTION('',(0.,0.,1.));
#6395 = DEFINITIONAL_REPRESENTATION('',(#6396),#6400);
#6396 = LINE('',#6397,#6398);
#6397 = CARTESIAN_POINT('',(0.18,0.24));
#6398 = VECTOR('',#6399,1.);
#6399 = DIRECTION('',(1.,0.));
#6400 = ( GEOMETRIC_REPRESENTATION_CONTEXT(2) 
PARAMETRIC_REPRESENTATION_CONTEXT() REPRESENTATION_CONTEXT('2D SPACE',''
  ) );
#6401 = ORIENTED_EDGE('',*,*,#6402,.T.);
#6402 = EDGE_CURVE('',#6375,#6311,#6403,.T.);
#6403 = SURFACE_CURVE('',#6404,(#6409,#6416),.PCURVE_S1.);
#6404 = CIRCLE('',#6405,6.E-02);
#6405 = AXIS2_PLACEMENT_3D('',#6406,#6407,#6408);
#6406 = CARTESIAN_POINT('',(0.,0.,1.E-02));
#6407 = DIRECTION('',(-0.,0.,1.));
#6408 = DIRECTION('',(0.809016994375,-0.587785252292,0.));
#6409 = PCURVE('',#6321,#6410);
#6410 = DEFINITIONAL_REPRESENTATION('',(#6411),#6415);
#6411 = LINE('',#6412,#6413);
#6412 = CARTESIAN_POINT('',(0.,0.));
#6413 = VECTOR('',#6414,1.);
#6414 = DIRECTION('',(1.,0.));
#6415 = ( GEOMETRIC_REPRESENTATION_CONTEXT(2) 
PARAMETRIC_REPRESENTATION_CONTEXT() REPRESENTATION_CONTEXT('2D SPACE',''
  ) );
#6416 = PCURVE('',#6417,#6422);
#6417 = PLANE('',#6418);
#6418 = AXIS2_PLACEMENT_3D('',#6419,#6420,#6421);
#6419 = CARTESIAN_POINT('',(0.,0.,1.E-02));
#6420 = DIRECTION('',(0.,0.,1.));
#6421 = DIRECTION('',(0.809016994375,-0.587785252292,0.));
#6422 = DEFINITIONAL_REPRESENTATION('',(#6423),#6427);
#6423 = CIRCLE('',#6424,6.E-02);
#6424 = AXIS2_PLACEMENT_2D('',#6425,#6426);
#6425 = CARTESIAN_POINT('',(0.,0.));
#6426 = DIRECTION('',(1.,0.));
#6427 = ( GEOMETRIC_REPRESENTATION_CONTEXT(2) 
PARAMETRIC_REPRESENTATION_CONTEXT() REPRESENTATION_CONTEXT('2D SPACE',''
  ) );
#6428 = ADVANCED_FACE('Magnet::9::Boundary',(#6429),#6333,.T.);
#6429 = FACE_BOUND('',#6430,.T.);
#6430 = EDGE_LOOP('',(#6431,#6455,#6456,#6480));
#6431 = ORIENTED_EDGE('',*,*,#6432,.F.);
#6432 = EDGE_CURVE('',#6313,#6433,#6435,.T.);
#6433 = VERTEX_POINT('',#6434);
#6434 = CARTESIAN_POINT('',(5.645284613725E-02,-2.032427521472E-02,
    2.E-02));
#6435 = SURFACE_CURVE('',#6436,(#6441,#6448),.PCURVE_S1.);
#6436 = CIRCLE('',#6437,6.E-02);
#6437 = AXIS2_PLACEMENT_3D('',#6438,#6439,#6440);
#6438 = CARTESIAN_POINT('',(0.,0.,2.E-02));
#6439 = DIRECTION('',(-0.,0.,1.));
#6440 = DIRECTION('',(0.809016994375,-0.587785252292,0.));
#6441 = PCURVE('',#6333,#6442);
#6442 = DEFINITIONAL_REPRESENTATION('',(#6443),#6447);
#6443 = LINE('',#6444,#6445);
#6444 = CARTESIAN_POINT('',(0.,1.E-02));
#6445 = VECTOR('',#6446,1.);
#6446 = DIRECTION('',(1.,0.));
#6447 = ( GEOMETRIC_REPRESENTATION_CONTEXT(2) 
PARAMETRIC_REPRESENTATION_CONTEXT() REPRESENTATION_CONTEXT('2D SPACE',''
  ) );
#6448 = PCURVE('',#6362,#6449);
#6449 = DEFINITIONAL_REPRESENTATION('',(#6450),#6454);
#6450 = CIRCLE('',#6451,6.E-02);
#6451 = AXIS2_PLACEMENT_2D('',#6452,#6453);
#6452 = CARTESIAN_POINT('',(0.,0.));
#6453 = DIRECTION('',(1.,0.));
#6454 = ( GEOMETRIC_REPRESENTATION_CONTEXT(2) 
PARAMETRIC_REPRESENTATION_CONTEXT() REPRESENTATION_CONTEXT('2D SPACE',''
  ) );
#6455 = ORIENTED_EDGE('',*,*,#6310,.F.);
#6456 = ORIENTED_EDGE('',*,*,#6457,.T.);
#6457 = EDGE_CURVE('',#6311,#6458,#6460,.T.);
#6458 = VERTEX_POINT('',#6459);
#6459 = CARTESIAN_POINT('',(5.645284613725E-02,-2.032427521472E-02,
    1.E-02));
#6460 = SURFACE_CURVE('',#6461,(#6466,#6473),.PCURVE_S1.);
#6461 = CIRCLE('',#6462,6.E-02);
#6462 = AXIS2_PLACEMENT_3D('',#6463,#6464,#6465);
#6463 = CARTESIAN_POINT('',(0.,0.,1.E-02));
#6464 = DIRECTION('',(-0.,0.,1.));
#6465 = DIRECTION('',(0.809016994375,-0.587785252292,0.));
#6466 = PCURVE('',#6333,#6467);
#6467 = DEFINITIONAL_REPRESENTATION('',(#6468),#6472);
#6468 = LINE('',#6469,#6470);
#6469 = CARTESIAN_POINT('',(0.,0.));
#6470 = VECTOR('',#6471,1.);
#6471 = DIRECTION('',(1.,0.));
#6472 = ( GEOMETRIC_REPRESENTATION_CONTEXT(2) 
PARAMETRIC_REPRESENTATION_CONTEXT() REPRESENTATION_CONTEXT('2D SPACE',''
  ) );
#6473 = PCURVE('',#6417,#6474);
#6474 = DEFINITIONAL_REPRESENTATION('',(#6475),#6479);
#6475 = CIRCLE('',#6476,6.E-02);
#6476 = AXIS2_PLACEMENT_2D('',#6477,#6478);
#6477 = CARTESIAN_POINT('',(0.,0.));
#6478 = DIRECTION('',(1.,0.));
#6479 = ( GEOMETRIC_REPRESENTATION_CONTEXT(2) 
PARAMETRIC_REPRESENTATION_CONTEXT() REPRESENTATION_CONTEXT('2D SPACE',''
  ) );
#6480 = ORIENTED_EDGE('',*,*,#6481,.T.);
#6481 = EDGE_CURVE('',#6458,#6433,#6482,.T.);
#6482 = SURFACE_CURVE('',#6483,(#6487,#6494),.PCURVE_S1.);
#6483 = LINE('',#6484,#6485);
#6484 = CARTESIAN_POINT('',(5.645284613725E-02,-2.032427521472E-02,
    1.E-02));
#6485 = VECTOR('',#6486,1.);
#6486 = DIRECTION('',(0.,0.,1.));
#6487 = PCURVE('',#6333,#6488);
#6488 = DEFINITIONAL_REPRESENTATION('',(#6489),#6493);
#6489 = LINE('',#6490,#6491);
#6490 = CARTESIAN_POINT('',(0.282743338823,0.));
#6491 = VECTOR('',#6492,1.);
#6492 = DIRECTION('',(0.,1.));
#6493 = ( GEOMETRIC_REPRESENTATION_CONTEXT(2) 
PARAMETRIC_REPRESENTATION_CONTEXT() REPRESENTATION_CONTEXT('2D SPACE',''
  ) );
#6494 = PCURVE('',#6495,#6500);
#6495 = PLANE('',#6496);
#6496 = AXIS2_PLACEMENT_3D('',#6497,#6498,#6499);
#6497 = CARTESIAN_POINT('',(-0.169358538412,6.097282564415E-02,-0.17));
#6498 = DIRECTION('',(0.338737920245,0.940880768954,0.));
#6499 = DIRECTION('',(0.,0.,1.));
#6500 = DEFINITIONAL_REPRESENTATION('',(#6501),#6505);
#6501 = LINE('',#6502,#6503);
#6502 = CARTESIAN_POINT('',(0.18,0.24));
#6503 = VECTOR('',#6504,1.);
#6504 = DIRECTION('',(1.,0.));
#6505 = ( GEOMETRIC_REPRESENTATION_CONTEXT(2) 
PARAMETRIC_REPRESENTATION_CONTEXT() REPRESENTATION_CONTEXT('2D SPACE',''
  ) );
#6506 = ADVANCED_FACE('',(#6507),#6417,.F.);
#6507 = FACE_BOUND('',#6508,.F.);
#6508 = EDGE_LOOP('',(#6509,#6532,#6533,#6534,#6557,#6586));
#6509 = ORIENTED_EDGE('',*,*,#6510,.F.);
#6510 = EDGE_CURVE('',#6375,#6511,#6513,.T.);
#6511 = VERTEX_POINT('',#6512);
#6512 = CARTESIAN_POINT('',(1.838721160959E-02,-2.370465037127E-02,
    1.E-02));
#6513 = SURFACE_CURVE('',#6514,(#6518,#6525),.PCURVE_S1.);
#6514 = LINE('',#6515,#6516);
#6515 = CARTESIAN_POINT('',(-5.516163482877E-02,7.111395111381E-02,
    1.E-02));
#6516 = VECTOR('',#6517,1.);
#6517 = DIRECTION('',(-0.612907053653,0.790155012376,0.));
#6518 = PCURVE('',#6417,#6519);
#6519 = DEFINITIONAL_REPRESENTATION('',(#6520),#6524);
#6520 = LINE('',#6521,#6522);
#6521 = CARTESIAN_POINT('',(-8.642643171092E-02,2.510919954353E-02));
#6522 = VECTOR('',#6523,1.);
#6523 = DIRECTION('',(-0.960293685677,0.278991106039));
#6524 = ( GEOMETRIC_REPRESENTATION_CONTEXT(2) 
PARAMETRIC_REPRESENTATION_CONTEXT() REPRESENTATION_CONTEXT('2D SPACE',''
  ) );
#6525 = PCURVE('',#6390,#6526);
#6526 = DEFINITIONAL_REPRESENTATION('',(#6527),#6531);
#6527 = LINE('',#6528,#6529);
#6528 = CARTESIAN_POINT('',(0.18,9.E-02));
#6529 = VECTOR('',#6530,1.);
#6530 = DIRECTION('',(0.,-1.));
#6531 = ( GEOMETRIC_REPRESENTATION_CONTEXT(2) 
PARAMETRIC_REPRESENTATION_CONTEXT() REPRESENTATION_CONTEXT('2D SPACE',''
  ) );
#6532 = ORIENTED_EDGE('',*,*,#6402,.T.);
#6533 = ORIENTED_EDGE('',*,*,#6457,.T.);
#6534 = ORIENTED_EDGE('',*,*,#6535,.T.);
#6535 = EDGE_CURVE('',#6458,#6536,#6538,.T.);
#6536 = VERTEX_POINT('',#6537);
#6537 = CARTESIAN_POINT('',(2.822642306863E-02,-1.016213760736E-02,
    1.E-02));
#6538 = SURFACE_CURVE('',#6539,(#6543,#6550),.PCURVE_S1.);
#6539 = LINE('',#6540,#6541);
#6540 = CARTESIAN_POINT('',(-8.467926920588E-02,3.048641282208E-02,
    1.E-02));
#6541 = VECTOR('',#6542,1.);
#6542 = DIRECTION('',(-0.940880768954,0.338737920245,0.));
#6543 = PCURVE('',#6417,#6544);
#6544 = DEFINITIONAL_REPRESENTATION('',(#6545),#6549);
#6545 = LINE('',#6546,#6547);
#6546 = CARTESIAN_POINT('',(-8.642643171092E-02,-2.510919954353E-02));
#6547 = VECTOR('',#6548,1.);
#6548 = DIRECTION('',(-0.960293685677,-0.278991106039));
#6549 = ( GEOMETRIC_REPRESENTATION_CONTEXT(2) 
PARAMETRIC_REPRESENTATION_CONTEXT() REPRESENTATION_CONTEXT('2D SPACE',''
  ) );
#6550 = PCURVE('',#6495,#6551);
#6551 = DEFINITIONAL_REPRESENTATION('',(#6552),#6556);
#6552 = LINE('',#6553,#6554);
#6553 = CARTESIAN_POINT('',(0.18,9.E-02));
#6554 = VECTOR('',#6555,1.);
#6555 = DIRECTION('',(0.,-1.));
#6556 = ( GEOMETRIC_REPRESENTATION_CONTEXT(2) 
PARAMETRIC_REPRESENTATION_CONTEXT() REPRESENTATION_CONTEXT('2D SPACE',''
  ) );
#6557 = ORIENTED_EDGE('',*,*,#6558,.F.);
#6558 = EDGE_CURVE('',#6559,#6536,#6561,.T.);
#6559 = VERTEX_POINT('',#6560);
#6560 = CARTESIAN_POINT('',(2.427050983125E-02,-1.763355756877E-02,
    1.E-02));
#6561 = SURFACE_CURVE('',#6562,(#6567,#6574),.PCURVE_S1.);
#6562 = CIRCLE('',#6563,3.E-02);
#6563 = AXIS2_PLACEMENT_3D('',#6564,#6565,#6566);
#6564 = CARTESIAN_POINT('',(0.,0.,1.E-02));
#6565 = DIRECTION('',(-0.,0.,1.));
#6566 = DIRECTION('',(0.809016994375,-0.587785252292,0.));
#6567 = PCURVE('',#6417,#6568);
#6568 = DEFINITIONAL_REPRESENTATION('',(#6569),#6573);
#6569 = CIRCLE('',#6570,3.E-02);
#6570 = AXIS2_PLACEMENT_2D('',#6571,#6572);
#6571 = CARTESIAN_POINT('',(0.,0.));
#6572 = DIRECTION('',(1.,0.));
#6573 = ( GEOMETRIC_REPRESENTATION_CONTEXT(2) 
PARAMETRIC_REPRESENTATION_CONTEXT() REPRESENTATION_CONTEXT('2D SPACE',''
  ) );
#6574 = PCURVE('',#6575,#6580);
#6575 = CYLINDRICAL_SURFACE('',#6576,3.E-02);
#6576 = AXIS2_PLACEMENT_3D('',#6577,#6578,#6579);
#6577 = CARTESIAN_POINT('',(0.,0.,1.E-02));
#6578 = DIRECTION('',(0.,0.,1.));
#6579 = DIRECTION('',(0.809016994375,-0.587785252292,0.));
#6580 = DEFINITIONAL_REPRESENTATION('',(#6581),#6585);
#6581 = LINE('',#6582,#6583);
#6582 = CARTESIAN_POINT('',(0.,0.));
#6583 = VECTOR('',#6584,1.);
#6584 = DIRECTION('',(1.,0.));
#6585 = ( GEOMETRIC_REPRESENTATION_CONTEXT(2) 
PARAMETRIC_REPRESENTATION_CONTEXT() REPRESENTATION_CONTEXT('2D SPACE',''
  ) );
#6586 = ORIENTED_EDGE('',*,*,#6587,.F.);
#6587 = EDGE_CURVE('',#6511,#6559,#6588,.T.);
#6588 = SURFACE_CURVE('',#6589,(#6594,#6601),.PCURVE_S1.);
#6589 = CIRCLE('',#6590,3.E-02);
#6590 = AXIS2_PLACEMENT_3D('',#6591,#6592,#6593);
#6591 = CARTESIAN_POINT('',(0.,0.,1.E-02));
#6592 = DIRECTION('',(-0.,0.,1.));
#6593 = DIRECTION('',(0.809016994375,-0.587785252292,0.));
#6594 = PCURVE('',#6417,#6595);
#6595 = DEFINITIONAL_REPRESENTATION('',(#6596),#6600);
#6596 = CIRCLE('',#6597,3.E-02);
#6597 = AXIS2_PLACEMENT_2D('',#6598,#6599);
#6598 = CARTESIAN_POINT('',(0.,0.));
#6599 = DIRECTION('',(1.,0.));
#6600 = ( GEOMETRIC_REPRESENTATION_CONTEXT(2) 
PARAMETRIC_REPRESENTATION_CONTEXT() REPRESENTATION_CONTEXT('2D SPACE',''
  ) );
#6601 = PCURVE('',#6602,#6607);
#6602 = CYLINDRICAL_SURFACE('',#6603,3.E-02);
#6603 = AXIS2_PLACEMENT_3D('',#6604,#6605,#6606);
#6604 = CARTESIAN_POINT('',(0.,0.,1.E-02));
#6605 = DIRECTION('',(0.,0.,1.));
#6606 = DIRECTION('',(0.809016994375,-0.587785252292,0.));
#6607 = DEFINITIONAL_REPRESENTATION('',(#6608),#6612);
#6608 = LINE('',#6609,#6610);
#6609 = CARTESIAN_POINT('',(0.,0.));
#6610 = VECTOR('',#6611,1.);
#6611 = DIRECTION('',(1.,0.));
#6612 = ( GEOMETRIC_REPRESENTATION_CONTEXT(2) 
PARAMETRIC_REPRESENTATION_CONTEXT() REPRESENTATION_CONTEXT('2D SPACE',''
  ) );
#6613 = ADVANCED_FACE('Magnet::9::Boundary',(#6614),#6390,.F.);
#6614 = FACE_BOUND('',#6615,.F.);
#6615 = EDGE_LOOP('',(#6616,#6617,#6618,#6641));
#6616 = ORIENTED_EDGE('',*,*,#6374,.F.);
#6617 = ORIENTED_EDGE('',*,*,#6510,.T.);
#6618 = ORIENTED_EDGE('',*,*,#6619,.T.);
#6619 = EDGE_CURVE('',#6511,#6620,#6622,.T.);
#6620 = VERTEX_POINT('',#6621);
#6621 = CARTESIAN_POINT('',(1.838721160959E-02,-2.370465037127E-02,
    2.E-02));
#6622 = SURFACE_CURVE('',#6623,(#6627,#6634),.PCURVE_S1.);
#6623 = LINE('',#6624,#6625);
#6624 = CARTESIAN_POINT('',(1.838721160959E-02,-2.370465037127E-02,
    1.E-02));
#6625 = VECTOR('',#6626,1.);
#6626 = DIRECTION('',(0.,0.,1.));
#6627 = PCURVE('',#6390,#6628);
#6628 = DEFINITIONAL_REPRESENTATION('',(#6629),#6633);
#6629 = LINE('',#6630,#6631);
#6630 = CARTESIAN_POINT('',(0.18,0.21));
#6631 = VECTOR('',#6632,1.);
#6632 = DIRECTION('',(1.,0.));
#6633 = ( GEOMETRIC_REPRESENTATION_CONTEXT(2) 
PARAMETRIC_REPRESENTATION_CONTEXT() REPRESENTATION_CONTEXT('2D SPACE',''
  ) );
#6634 = PCURVE('',#6602,#6635);
#6635 = DEFINITIONAL_REPRESENTATION('',(#6636),#6640);
#6636 = LINE('',#6637,#6638);
#6637 = CARTESIAN_POINT('',(6.000441968357,0.));
#6638 = VECTOR('',#6639,1.);
#6639 = DIRECTION('',(0.,1.));
#6640 = ( GEOMETRIC_REPRESENTATION_CONTEXT(2) 
PARAMETRIC_REPRESENTATION_CONTEXT() REPRESENTATION_CONTEXT('2D SPACE',''
  ) );
#6641 = ORIENTED_EDGE('',*,*,#6642,.F.);
#6642 = EDGE_CURVE('',#6346,#6620,#6643,.T.);
#6643 = SURFACE_CURVE('',#6644,(#6648,#6655),.PCURVE_S1.);
#6644 = LINE('',#6645,#6646);
#6645 = CARTESIAN_POINT('',(-5.516163482877E-02,7.111395111381E-02,
    2.E-02));
#6646 = VECTOR('',#6647,1.);
#6647 = DIRECTION('',(-0.612907053653,0.790155012376,0.));
#6648 = PCURVE('',#6390,#6649);
#6649 = DEFINITIONAL_REPRESENTATION('',(#6650),#6654);
#6650 = LINE('',#6651,#6652);
#6651 = CARTESIAN_POINT('',(0.19,9.E-02));
#6652 = VECTOR('',#6653,1.);
#6653 = DIRECTION('',(0.,-1.));
#6654 = ( GEOMETRIC_REPRESENTATION_CONTEXT(2) 
PARAMETRIC_REPRESENTATION_CONTEXT() REPRESENTATION_CONTEXT('2D SPACE',''
  ) );
#6655 = PCURVE('',#6362,#6656);
#6656 = DEFINITIONAL_REPRESENTATION('',(#6657),#6661);
#6657 = LINE('',#6658,#6659);
#6658 = CARTESIAN_POINT('',(-8.642643171092E-02,2.510919954353E-02));
#6659 = VECTOR('',#6660,1.);
#6660 = DIRECTION('',(-0.960293685677,0.278991106039));
#6661 = ( GEOMETRIC_REPRESENTATION_CONTEXT(2) 
PARAMETRIC_REPRESENTATION_CONTEXT() REPRESENTATION_CONTEXT('2D SPACE',''
  ) );
#6662 = ADVANCED_FACE('Magnet::9::Boundary',(#6663),#6362,.T.);
#6663 = FACE_BOUND('',#6664,.T.);
#6664 = EDGE_LOOP('',(#6665,#6666,#6667,#6668,#6691,#6715));
#6665 = ORIENTED_EDGE('',*,*,#6642,.F.);
#6666 = ORIENTED_EDGE('',*,*,#6345,.T.);
#6667 = ORIENTED_EDGE('',*,*,#6432,.T.);
#6668 = ORIENTED_EDGE('',*,*,#6669,.T.);
#6669 = EDGE_CURVE('',#6433,#6670,#6672,.T.);
#6670 = VERTEX_POINT('',#6671);
#6671 = CARTESIAN_POINT('',(2.822642306863E-02,-1.016213760736E-02,
    2.E-02));
#6672 = SURFACE_CURVE('',#6673,(#6677,#6684),.PCURVE_S1.);
#6673 = LINE('',#6674,#6675);
#6674 = CARTESIAN_POINT('',(-8.467926920588E-02,3.048641282208E-02,
    2.E-02));
#6675 = VECTOR('',#6676,1.);
#6676 = DIRECTION('',(-0.940880768954,0.338737920245,0.));
#6677 = PCURVE('',#6362,#6678);
#6678 = DEFINITIONAL_REPRESENTATION('',(#6679),#6683);
#6679 = LINE('',#6680,#6681);
#6680 = CARTESIAN_POINT('',(-8.642643171092E-02,-2.510919954353E-02));
#6681 = VECTOR('',#6682,1.);
#6682 = DIRECTION('',(-0.960293685677,-0.278991106039));
#6683 = ( GEOMETRIC_REPRESENTATION_CONTEXT(2) 
PARAMETRIC_REPRESENTATION_CONTEXT() REPRESENTATION_CONTEXT('2D SPACE',''
  ) );
#6684 = PCURVE('',#6495,#6685);
#6685 = DEFINITIONAL_REPRESENTATION('',(#6686),#6690);
#6686 = LINE('',#6687,#6688);
#6687 = CARTESIAN_POINT('',(0.19,9.E-02));
#6688 = VECTOR('',#6689,1.);
#6689 = DIRECTION('',(0.,-1.));
#6690 = ( GEOMETRIC_REPRESENTATION_CONTEXT(2) 
PARAMETRIC_REPRESENTATION_CONTEXT() REPRESENTATION_CONTEXT('2D SPACE',''
  ) );
#6691 = ORIENTED_EDGE('',*,*,#6692,.F.);
#6692 = EDGE_CURVE('',#6693,#6670,#6695,.T.);
#6693 = VERTEX_POINT('',#6694);
#6694 = CARTESIAN_POINT('',(2.427050983125E-02,-1.763355756877E-02,
    2.E-02));
#6695 = SURFACE_CURVE('',#6696,(#6701,#6708),.PCURVE_S1.);
#6696 = CIRCLE('',#6697,3.E-02);
#6697 = AXIS2_PLACEMENT_3D('',#6698,#6699,#6700);
#6698 = CARTESIAN_POINT('',(0.,0.,2.E-02));
#6699 = DIRECTION('',(-0.,0.,1.));
#6700 = DIRECTION('',(0.809016994375,-0.587785252292,0.));
#6701 = PCURVE('',#6362,#6702);
#6702 = DEFINITIONAL_REPRESENTATION('',(#6703),#6707);
#6703 = CIRCLE('',#6704,3.E-02);
#6704 = AXIS2_PLACEMENT_2D('',#6705,#6706);
#6705 = CARTESIAN_POINT('',(0.,0.));
#6706 = DIRECTION('',(1.,0.));
#6707 = ( GEOMETRIC_REPRESENTATION_CONTEXT(2) 
PARAMETRIC_REPRESENTATION_CONTEXT() REPRESENTATION_CONTEXT('2D SPACE',''
  ) );
#6708 = PCURVE('',#6575,#6709);
#6709 = DEFINITIONAL_REPRESENTATION('',(#6710),#6714);
#6710 = LINE('',#6711,#6712);
#6711 = CARTESIAN_POINT('',(0.,1.E-02));
#6712 = VECTOR('',#6713,1.);
#6713 = DIRECTION('',(1.,0.));
#6714 = ( GEOMETRIC_REPRESENTATION_CONTEXT(2) 
PARAMETRIC_REPRESENTATION_CONTEXT() REPRESENTATION_CONTEXT('2D SPACE',''
  ) );
#6715 = ORIENTED_EDGE('',*,*,#6716,.F.);
#6716 = EDGE_CURVE('',#6620,#6693,#6717,.T.);
#6717 = SURFACE_CURVE('',#6718,(#6723,#6730),.PCURVE_S1.);
#6718 = CIRCLE('',#6719,3.E-02);
#6719 = AXIS2_PLACEMENT_3D('',#6720,#6721,#6722);
#6720 = CARTESIAN_POINT('',(0.,0.,2.E-02));
#6721 = DIRECTION('',(-0.,0.,1.));
#6722 = DIRECTION('',(0.809016994375,-0.587785252292,0.));
#6723 = PCURVE('',#6362,#6724);
#6724 = DEFINITIONAL_REPRESENTATION('',(#6725),#6729);
#6725 = CIRCLE('',#6726,3.E-02);
#6726 = AXIS2_PLACEMENT_2D('',#6727,#6728);
#6727 = CARTESIAN_POINT('',(0.,0.));
#6728 = DIRECTION('',(1.,0.));
#6729 = ( GEOMETRIC_REPRESENTATION_CONTEXT(2) 
PARAMETRIC_REPRESENTATION_CONTEXT() REPRESENTATION_CONTEXT('2D SPACE',''
  ) );
#6730 = PCURVE('',#6602,#6731);
#6731 = DEFINITIONAL_REPRESENTATION('',(#6732),#6736);
#6732 = LINE('',#6733,#6734);
#6733 = CARTESIAN_POINT('',(0.,1.E-02));
#6734 = VECTOR('',#6735,1.);
#6735 = DIRECTION('',(1.,0.));
#6736 = ( GEOMETRIC_REPRESENTATION_CONTEXT(2) 
PARAMETRIC_REPRESENTATION_CONTEXT() REPRESENTATION_CONTEXT('2D SPACE',''
  ) );
#6737 = ADVANCED_FACE('Magnet::9::Boundary',(#6738),#6495,.T.);
#6738 = FACE_BOUND('',#6739,.T.);
#6739 = EDGE_LOOP('',(#6740,#6741,#6742,#6763));
#6740 = ORIENTED_EDGE('',*,*,#6481,.F.);
#6741 = ORIENTED_EDGE('',*,*,#6535,.T.);
#6742 = ORIENTED_EDGE('',*,*,#6743,.T.);
#6743 = EDGE_CURVE('',#6536,#6670,#6744,.T.);
#6744 = SURFACE_CURVE('',#6745,(#6749,#6756),.PCURVE_S1.);
#6745 = LINE('',#6746,#6747);
#6746 = CARTESIAN_POINT('',(2.822642306863E-02,-1.016213760736E-02,
    1.E-02));
#6747 = VECTOR('',#6748,1.);
#6748 = DIRECTION('',(0.,0.,1.));
#6749 = PCURVE('',#6495,#6750);
#6750 = DEFINITIONAL_REPRESENTATION('',(#6751),#6755);
#6751 = LINE('',#6752,#6753);
#6752 = CARTESIAN_POINT('',(0.18,0.21));
#6753 = VECTOR('',#6754,1.);
#6754 = DIRECTION('',(1.,0.));
#6755 = ( GEOMETRIC_REPRESENTATION_CONTEXT(2) 
PARAMETRIC_REPRESENTATION_CONTEXT() REPRESENTATION_CONTEXT('2D SPACE',''
  ) );
#6756 = PCURVE('',#6575,#6757);
#6757 = DEFINITIONAL_REPRESENTATION('',(#6758),#6762);
#6758 = LINE('',#6759,#6760);
#6759 = CARTESIAN_POINT('',(0.282743338823,0.));
#6760 = VECTOR('',#6761,1.);
#6761 = DIRECTION('',(0.,1.));
#6762 = ( GEOMETRIC_REPRESENTATION_CONTEXT(2) 
PARAMETRIC_REPRESENTATION_CONTEXT() REPRESENTATION_CONTEXT('2D SPACE',''
  ) );
#6763 = ORIENTED_EDGE('',*,*,#6669,.F.);
#6764 = ADVANCED_FACE('Magnet::9::Boundary',(#6765),#6602,.F.);
#6765 = FACE_BOUND('',#6766,.F.);
#6766 = EDGE_LOOP('',(#6767,#6788,#6789,#6790));
#6767 = ORIENTED_EDGE('',*,*,#6768,.T.);
#6768 = EDGE_CURVE('',#6559,#6693,#6769,.T.);
#6769 = SURFACE_CURVE('',#6770,(#6774,#6781),.PCURVE_S1.);
#6770 = LINE('',#6771,#6772);
#6771 = CARTESIAN_POINT('',(2.427050983125E-02,-1.763355756877E-02,
    1.E-02));
#6772 = VECTOR('',#6773,1.);
#6773 = DIRECTION('',(0.,0.,1.));
#6774 = PCURVE('',#6602,#6775);
#6775 = DEFINITIONAL_REPRESENTATION('',(#6776),#6780);
#6776 = LINE('',#6777,#6778);
#6777 = CARTESIAN_POINT('',(6.28318530718,-0.));
#6778 = VECTOR('',#6779,1.);
#6779 = DIRECTION('',(0.,1.));
#6780 = ( GEOMETRIC_REPRESENTATION_CONTEXT(2) 
PARAMETRIC_REPRESENTATION_CONTEXT() REPRESENTATION_CONTEXT('2D SPACE',''
  ) );
#6781 = PCURVE('',#6575,#6782);
#6782 = DEFINITIONAL_REPRESENTATION('',(#6783),#6787);
#6783 = LINE('',#6784,#6785);
#6784 = CARTESIAN_POINT('',(0.,-0.));
#6785 = VECTOR('',#6786,1.);
#6786 = DIRECTION('',(0.,1.));
#6787 = ( GEOMETRIC_REPRESENTATION_CONTEXT(2) 
PARAMETRIC_REPRESENTATION_CONTEXT() REPRESENTATION_CONTEXT('2D SPACE',''
  ) );
#6788 = ORIENTED_EDGE('',*,*,#6716,.F.);
#6789 = ORIENTED_EDGE('',*,*,#6619,.F.);
#6790 = ORIENTED_EDGE('',*,*,#6587,.T.);
#6791 = ADVANCED_FACE('Magnet::9::Boundary',(#6792),#6575,.F.);
#6792 = FACE_BOUND('',#6793,.F.);
#6793 = EDGE_LOOP('',(#6794,#6795,#6796,#6797));
#6794 = ORIENTED_EDGE('',*,*,#6692,.F.);
#6795 = ORIENTED_EDGE('',*,*,#6768,.F.);
#6796 = ORIENTED_EDGE('',*,*,#6558,.T.);
#6797 = ORIENTED_EDGE('',*,*,#6743,.T.);
#6798 = MANIFOLD_SOLID_BREP('Copper Plate',#6799);
#6799 = CLOSED_SHELL('',(#6800,#6888,#6923,#6953));
#6800 = ADVANCED_FACE('Copper Plate::Boundary',(#6801),#6814,.T.);
#6801 = FACE_BOUND('',#6802,.T.);
#6802 = EDGE_LOOP('',(#6803,#6837,#6860,#6887));
#6803 = ORIENTED_EDGE('',*,*,#6804,.F.);
#6804 = EDGE_CURVE('',#6805,#6805,#6807,.T.);
#6805 = VERTEX_POINT('',#6806);
#6806 = CARTESIAN_POINT('',(7.5E-02,-1.836970198721E-17,2.8E-02));
#6807 = SURFACE_CURVE('',#6808,(#6813,#6825),.PCURVE_S1.);
#6808 = CIRCLE('',#6809,7.5E-02);
#6809 = AXIS2_PLACEMENT_3D('',#6810,#6811,#6812);
#6810 = CARTESIAN_POINT('',(0.,0.,2.8E-02));
#6811 = DIRECTION('',(0.,0.,1.));
#6812 = DIRECTION('',(1.,0.,-0.));
#6813 = PCURVE('',#6814,#6819);
#6814 = CYLINDRICAL_SURFACE('',#6815,7.5E-02);
#6815 = AXIS2_PLACEMENT_3D('',#6816,#6817,#6818);
#6816 = CARTESIAN_POINT('',(0.,0.,2.3E-02));
#6817 = DIRECTION('',(0.,0.,1.));
#6818 = DIRECTION('',(1.,0.,-0.));
#6819 = DEFINITIONAL_REPRESENTATION('',(#6820),#6824);
#6820 = LINE('',#6821,#6822);
#6821 = CARTESIAN_POINT('',(0.,5.E-03));
#6822 = VECTOR('',#6823,1.);
#6823 = DIRECTION('',(1.,0.));
#6824 = ( GEOMETRIC_REPRESENTATION_CONTEXT(2) 
PARAMETRIC_REPRESENTATION_CONTEXT() REPRESENTATION_CONTEXT('2D SPACE',''
  ) );
#6825 = PCURVE('',#6826,#6831);
#6826 = PLANE('',#6827);
#6827 = AXIS2_PLACEMENT_3D('',#6828,#6829,#6830);
#6828 = CARTESIAN_POINT('',(0.,0.,2.8E-02));
#6829 = DIRECTION('',(0.,0.,1.));
#6830 = DIRECTION('',(1.,0.,-0.));
#6831 = DEFINITIONAL_REPRESENTATION('',(#6832),#6836);
#6832 = CIRCLE('',#6833,7.5E-02);
#6833 = AXIS2_PLACEMENT_2D('',#6834,#6835);
#6834 = CARTESIAN_POINT('',(0.,0.));
#6835 = DIRECTION('',(1.,0.));
#6836 = ( GEOMETRIC_REPRESENTATION_CONTEXT(2) 
PARAMETRIC_REPRESENTATION_CONTEXT() REPRESENTATION_CONTEXT('2D SPACE',''
  ) );
#6837 = ORIENTED_EDGE('',*,*,#6838,.F.);
#6838 = EDGE_CURVE('',#6839,#6805,#6841,.T.);
#6839 = VERTEX_POINT('',#6840);
#6840 = CARTESIAN_POINT('',(7.5E-02,-1.836970198721E-17,2.3E-02));
#6841 = SEAM_CURVE('',#6842,(#6846,#6853),.PCURVE_S1.);
#6842 = LINE('',#6843,#6844);
#6843 = CARTESIAN_POINT('',(7.5E-02,-1.836970198721E-17,2.3E-02));
#6844 = VECTOR('',#6845,1.);
#6845 = DIRECTION('',(0.,0.,1.));
#6846 = PCURVE('',#6814,#6847);
#6847 = DEFINITIONAL_REPRESENTATION('',(#6848),#6852);
#6848 = LINE('',#6849,#6850);
#6849 = CARTESIAN_POINT('',(6.28318530718,-0.));
#6850 = VECTOR('',#6851,1.);
#6851 = DIRECTION('',(0.,1.));
#6852 = ( GEOMETRIC_REPRESENTATION_CONTEXT(2) 
PARAMETRIC_REPRESENTATION_CONTEXT() REPRESENTATION_CONTEXT('2D SPACE',''
  ) );
#6853 = PCURVE('',#6814,#6854);
#6854 = DEFINITIONAL_REPRESENTATION('',(#6855),#6859);
#6855 = LINE('',#6856,#6857);
#6856 = CARTESIAN_POINT('',(0.,-0.));
#6857 = VECTOR('',#6858,1.);
#6858 = DIRECTION('',(0.,1.));
#6859 = ( GEOMETRIC_REPRESENTATION_CONTEXT(2) 
PARAMETRIC_REPRESENTATION_CONTEXT() REPRESENTATION_CONTEXT('2D SPACE',''
  ) );
#6860 = ORIENTED_EDGE('',*,*,#6861,.T.);
#6861 = EDGE_CURVE('',#6839,#6839,#6862,.T.);
#6862 = SURFACE_CURVE('',#6863,(#6868,#6875),.PCURVE_S1.);
#6863 = CIRCLE('',#6864,7.5E-02);
#6864 = AXIS2_PLACEMENT_3D('',#6865,#6866,#6867);
#6865 = CARTESIAN_POINT('',(0.,0.,2.3E-02));
#6866 = DIRECTION('',(0.,0.,1.));
#6867 = DIRECTION('',(1.,0.,-0.));
#6868 = PCURVE('',#6814,#6869);
#6869 = DEFINITIONAL_REPRESENTATION('',(#6870),#6874);
#6870 = LINE('',#6871,#6872);
#6871 = CARTESIAN_POINT('',(0.,0.));
#6872 = VECTOR('',#6873,1.);
#6873 = DIRECTION('',(1.,0.));
#6874 = ( GEOMETRIC_REPRESENTATION_CONTEXT(2) 
PARAMETRIC_REPRESENTATION_CONTEXT() REPRESENTATION_CONTEXT('2D SPACE',''
  ) );
#6875 = PCURVE('',#6876,#6881);
#6876 = PLANE('',#6877);
#6877 = AXIS2_PLACEMENT_3D('',#6878,#6879,#6880);
#6878 = CARTESIAN_POINT('',(0.,0.,2.3E-02));
#6879 = DIRECTION('',(0.,0.,1.));
#6880 = DIRECTION('',(1.,0.,-0.));
#6881 = DEFINITIONAL_REPRESENTATION('',(#6882),#6886);
#6882 = CIRCLE('',#6883,7.5E-02);
#6883 = AXIS2_PLACEMENT_2D('',#6884,#6885);
#6884 = CARTESIAN_POINT('',(0.,0.));
#6885 = DIRECTION('',(1.,0.));
#6886 = ( GEOMETRIC_REPRESENTATION_CONTEXT(2) 
PARAMETRIC_REPRESENTATION_CONTEXT() REPRESENTATION_CONTEXT('2D SPACE',''
  ) );
#6887 = ORIENTED_EDGE('',*,*,#6838,.T.);
#6888 = ADVANCED_FACE('Copper Plate::Boundary',(#6889,#6892),#6826,.T.);
#6889 = FACE_BOUND('',#6890,.T.);
#6890 = EDGE_LOOP('',(#6891));
#6891 = ORIENTED_EDGE('',*,*,#6804,.T.);
#6892 = FACE_BOUND('',#6893,.T.);
#6893 = EDGE_LOOP('',(#6894));
#6894 = ORIENTED_EDGE('',*,*,#6895,.F.);
#6895 = EDGE_CURVE('',#6896,#6896,#6898,.T.);
#6896 = VERTEX_POINT('',#6897);
#6897 = CARTESIAN_POINT('',(1.5E-02,-3.673940397442E-18,2.8E-02));
#6898 = SURFACE_CURVE('',#6899,(#6904,#6911),.PCURVE_S1.);
#6899 = CIRCLE('',#6900,1.5E-02);
#6900 = AXIS2_PLACEMENT_3D('',#6901,#6902,#6903);
#6901 = CARTESIAN_POINT('',(0.,0.,2.8E-02));
#6902 = DIRECTION('',(0.,0.,1.));
#6903 = DIRECTION('',(1.,0.,-0.));
#6904 = PCURVE('',#6826,#6905);
#6905 = DEFINITIONAL_REPRESENTATION('',(#6906),#6910);
#6906 = CIRCLE('',#6907,1.5E-02);
#6907 = AXIS2_PLACEMENT_2D('',#6908,#6909);
#6908 = CARTESIAN_POINT('',(0.,0.));
#6909 = DIRECTION('',(1.,0.));
#6910 = ( GEOMETRIC_REPRESENTATION_CONTEXT(2) 
PARAMETRIC_REPRESENTATION_CONTEXT() REPRESENTATION_CONTEXT('2D SPACE',''
  ) );
#6911 = PCURVE('',#6912,#6917);
#6912 = CYLINDRICAL_SURFACE('',#6913,1.5E-02);
#6913 = AXIS2_PLACEMENT_3D('',#6914,#6915,#6916);
#6914 = CARTESIAN_POINT('',(0.,0.,2.3E-02));
#6915 = DIRECTION('',(0.,0.,1.));
#6916 = DIRECTION('',(1.,0.,-0.));
#6917 = DEFINITIONAL_REPRESENTATION('',(#6918),#6922);
#6918 = LINE('',#6919,#6920);
#6919 = CARTESIAN_POINT('',(0.,5.E-03));
#6920 = VECTOR('',#6921,1.);
#6921 = DIRECTION('',(1.,0.));
#6922 = ( GEOMETRIC_REPRESENTATION_CONTEXT(2) 
PARAMETRIC_REPRESENTATION_CONTEXT() REPRESENTATION_CONTEXT('2D SPACE',''
  ) );
#6923 = ADVANCED_FACE('Copper Plate::Boundary',(#6924,#6927),#6876,.F.);
#6924 = FACE_BOUND('',#6925,.F.);
#6925 = EDGE_LOOP('',(#6926));
#6926 = ORIENTED_EDGE('',*,*,#6861,.T.);
#6927 = FACE_BOUND('',#6928,.F.);
#6928 = EDGE_LOOP('',(#6929));
#6929 = ORIENTED_EDGE('',*,*,#6930,.F.);
#6930 = EDGE_CURVE('',#6931,#6931,#6933,.T.);
#6931 = VERTEX_POINT('',#6932);
#6932 = CARTESIAN_POINT('',(1.5E-02,-3.673940397442E-18,2.3E-02));
#6933 = SURFACE_CURVE('',#6934,(#6939,#6946),.PCURVE_S1.);
#6934 = CIRCLE('',#6935,1.5E-02);
#6935 = AXIS2_PLACEMENT_3D('',#6936,#6937,#6938);
#6936 = CARTESIAN_POINT('',(0.,0.,2.3E-02));
#6937 = DIRECTION('',(0.,0.,1.));
#6938 = DIRECTION('',(1.,0.,-0.));
#6939 = PCURVE('',#6876,#6940);
#6940 = DEFINITIONAL_REPRESENTATION('',(#6941),#6945);
#6941 = CIRCLE('',#6942,1.5E-02);
#6942 = AXIS2_PLACEMENT_2D('',#6943,#6944);
#6943 = CARTESIAN_POINT('',(0.,0.));
#6944 = DIRECTION('',(1.,0.));
#6945 = ( GEOMETRIC_REPRESENTATION_CONTEXT(2) 
PARAMETRIC_REPRESENTATION_CONTEXT() REPRESENTATION_CONTEXT('2D SPACE',''
  ) );
#6946 = PCURVE('',#6912,#6947);
#6947 = DEFINITIONAL_REPRESENTATION('',(#6948),#6952);
#6948 = LINE('',#6949,#6950);
#6949 = CARTESIAN_POINT('',(0.,0.));
#6950 = VECTOR('',#6951,1.);
#6951 = DIRECTION('',(1.,0.));
#6952 = ( GEOMETRIC_REPRESENTATION_CONTEXT(2) 
PARAMETRIC_REPRESENTATION_CONTEXT() REPRESENTATION_CONTEXT('2D SPACE',''
  ) );
#6953 = ADVANCED_FACE('Copper Plate::Boundary',(#6954),#6912,.F.);
#6954 = FACE_BOUND('',#6955,.F.);
#6955 = EDGE_LOOP('',(#6956,#6957,#6978,#6979));
#6956 = ORIENTED_EDGE('',*,*,#6895,.F.);
#6957 = ORIENTED_EDGE('',*,*,#6958,.F.);
#6958 = EDGE_CURVE('',#6931,#6896,#6959,.T.);
#6959 = SEAM_CURVE('',#6960,(#6964,#6971),.PCURVE_S1.);
#6960 = LINE('',#6961,#6962);
#6961 = CARTESIAN_POINT('',(1.5E-02,-3.673940397442E-18,2.3E-02));
#6962 = VECTOR('',#6963,1.);
#6963 = DIRECTION('',(0.,0.,1.));
#6964 = PCURVE('',#6912,#6965);
#6965 = DEFINITIONAL_REPRESENTATION('',(#6966),#6970);
#6966 = LINE('',#6967,#6968);
#6967 = CARTESIAN_POINT('',(6.28318530718,-0.));
#6968 = VECTOR('',#6969,1.);
#6969 = DIRECTION('',(0.,1.));
#6970 = ( GEOMETRIC_REPRESENTATION_CONTEXT(2) 
PARAMETRIC_REPRESENTATION_CONTEXT() REPRESENTATION_CONTEXT('2D SPACE',''
  ) );
#6971 = PCURVE('',#6912,#6972);
#6972 = DEFINITIONAL_REPRESENTATION('',(#6973),#6977);
#6973 = LINE('',#6974,#6975);
#6974 = CARTESIAN_POINT('',(0.,-0.));
#6975 = VECTOR('',#6976,1.);
#6976 = DIRECTION('',(0.,1.));
#6977 = ( GEOMETRIC_REPRESENTATION_CONTEXT(2) 
PARAMETRIC_REPRESENTATION_CONTEXT() REPRESENTATION_CONTEXT('2D SPACE',''
  ) );
#6978 = ORIENTED_EDGE('',*,*,#6930,.T.);
#6979 = ORIENTED_EDGE('',*,*,#6958,.T.);
#6980 = MANIFOLD_SOLID_BREP('Back Iron::Copper Side',#6981);
#6981 = CLOSED_SHELL('',(#6982,#7069,#7104,#7133));
#6982 = ADVANCED_FACE('Back Iron::Copper Side::Boundary',(#6983),#6996,
  .T.);
#6983 = FACE_BOUND('',#6984,.T.);
#6984 = EDGE_LOOP('',(#6985,#7019,#7042,#7068));
#6985 = ORIENTED_EDGE('',*,*,#6986,.F.);
#6986 = EDGE_CURVE('',#6987,#6987,#6989,.T.);
#6987 = VERTEX_POINT('',#6988);
#6988 = CARTESIAN_POINT('',(7.5E-02,-1.836970198721E-17,3.6E-02));
#6989 = SURFACE_CURVE('',#6990,(#6995,#7007),.PCURVE_S1.);
#6990 = CIRCLE('',#6991,7.5E-02);
#6991 = AXIS2_PLACEMENT_3D('',#6992,#6993,#6994);
#6992 = CARTESIAN_POINT('',(0.,0.,3.6E-02));
#6993 = DIRECTION('',(0.,0.,1.));
#6994 = DIRECTION('',(1.,0.,-0.));
#6995 = PCURVE('',#6996,#7001);
#6996 = CYLINDRICAL_SURFACE('',#6997,7.5E-02);
#6997 = AXIS2_PLACEMENT_3D('',#6998,#6999,#7000);
#6998 = CARTESIAN_POINT('',(0.,0.,2.8E-02));
#6999 = DIRECTION('',(0.,0.,1.));
#7000 = DIRECTION('',(1.,0.,-0.));
#7001 = DEFINITIONAL_REPRESENTATION('',(#7002),#7006);
#7002 = LINE('',#7003,#7004);
#7003 = CARTESIAN_POINT('',(0.,8.E-03));
#7004 = VECTOR('',#7005,1.);
#7005 = DIRECTION('',(1.,0.));
#7006 = ( GEOMETRIC_REPRESENTATION_CONTEXT(2) 
PARAMETRIC_REPRESENTATION_CONTEXT() REPRESENTATION_CONTEXT('2D SPACE',''
  ) );
#7007 = PCURVE('',#7008,#7013);
#7008 = PLANE('',#7009);
#7009 = AXIS2_PLACEMENT_3D('',#7010,#7011,#7012);
#7010 = CARTESIAN_POINT('',(0.,0.,3.6E-02));
#7011 = DIRECTION('',(0.,0.,1.));
#7012 = DIRECTION('',(1.,0.,-0.));
#7013 = DEFINITIONAL_REPRESENTATION('',(#7014),#7018);
#7014 = CIRCLE('',#7015,7.5E-02);
#7015 = AXIS2_PLACEMENT_2D('',#7016,#7017);
#7016 = CARTESIAN_POINT('',(0.,0.));
#7017 = DIRECTION('',(1.,0.));
#7018 = ( GEOMETRIC_REPRESENTATION_CONTEXT(2) 
PARAMETRIC_REPRESENTATION_CONTEXT() REPRESENTATION_CONTEXT('2D SPACE',''
  ) );
#7019 = ORIENTED_EDGE('',*,*,#7020,.F.);
#7020 = EDGE_CURVE('',#7021,#6987,#7023,.T.);
#7021 = VERTEX_POINT('',#7022);
#7022 = CARTESIAN_POINT('',(7.5E-02,-1.836970198721E-17,2.8E-02));
#7023 = SEAM_CURVE('',#7024,(#7028,#7035),.PCURVE_S1.);
#7024 = LINE('',#7025,#7026);
#7025 = CARTESIAN_POINT('',(7.5E-02,-1.836970198721E-17,2.8E-02));
#7026 = VECTOR('',#7027,1.);
#7027 = DIRECTION('',(0.,0.,1.));
#7028 = PCURVE('',#6996,#7029);
#7029 = DEFINITIONAL_REPRESENTATION('',(#7030),#7034);
#7030 = LINE('',#7031,#7032);
#7031 = CARTESIAN_POINT('',(6.28318530718,-0.));
#7032 = VECTOR('',#7033,1.);
#7033 = DIRECTION('',(0.,1.));
#7034 = ( GEOMETRIC_REPRESENTATION_CONTEXT(2) 
PARAMETRIC_REPRESENTATION_CONTEXT() REPRESENTATION_CONTEXT('2D SPACE',''
  ) );
#7035 = PCURVE('',#6996,#7036);
#7036 = DEFINITIONAL_REPRESENTATION('',(#7037),#7041);
#7037 = LINE('',#7038,#7039);
#7038 = CARTESIAN_POINT('',(0.,-0.));
#7039 = VECTOR('',#7040,1.);
#7040 = DIRECTION('',(0.,1.));
#7041 = ( GEOMETRIC_REPRESENTATION_CONTEXT(2) 
PARAMETRIC_REPRESENTATION_CONTEXT() REPRESENTATION_CONTEXT('2D SPACE',''
  ) );
#7042 = ORIENTED_EDGE('',*,*,#7043,.T.);
#7043 = EDGE_CURVE('',#7021,#7021,#7044,.T.);
#7044 = SURFACE_CURVE('',#7045,(#7050,#7056),.PCURVE_S1.);
#7045 = CIRCLE('',#7046,7.5E-02);
#7046 = AXIS2_PLACEMENT_3D('',#7047,#7048,#7049);
#7047 = CARTESIAN_POINT('',(0.,0.,2.8E-02));
#7048 = DIRECTION('',(0.,0.,1.));
#7049 = DIRECTION('',(1.,0.,-0.));
#7050 = PCURVE('',#6996,#7051);
#7051 = DEFINITIONAL_REPRESENTATION('',(#7052),#7055);
#7052 = B_SPLINE_CURVE_WITH_KNOTS('',1,(#7053,#7054),.UNSPECIFIED.,.F.,
  .F.,(2,2),(0.,6.28318530718),.PIECEWISE_BEZIER_KNOTS.);
#7053 = CARTESIAN_POINT('',(0.,0.));
#7054 = CARTESIAN_POINT('',(6.28318530718,0.));
#7055 = ( GEOMETRIC_REPRESENTATION_CONTEXT(2) 
PARAMETRIC_REPRESENTATION_CONTEXT() REPRESENTATION_CONTEXT('2D SPACE',''
  ) );
#7056 = PCURVE('',#7057,#7062);
#7057 = PLANE('',#7058);
#7058 = AXIS2_PLACEMENT_3D('',#7059,#7060,#7061);
#7059 = CARTESIAN_POINT('',(0.,0.,2.8E-02));
#7060 = DIRECTION('',(0.,0.,1.));
#7061 = DIRECTION('',(1.,0.,-0.));
#7062 = DEFINITIONAL_REPRESENTATION('',(#7063),#7067);
#7063 = CIRCLE('',#7064,7.5E-02);
#7064 = AXIS2_PLACEMENT_2D('',#7065,#7066);
#7065 = CARTESIAN_POINT('',(0.,0.));
#7066 = DIRECTION('',(1.,0.));
#7067 = ( GEOMETRIC_REPRESENTATION_CONTEXT(2) 
PARAMETRIC_REPRESENTATION_CONTEXT() REPRESENTATION_CONTEXT('2D SPACE',''
  ) );
#7068 = ORIENTED_EDGE('',*,*,#7020,.T.);
#7069 = ADVANCED_FACE('Back Iron::Copper Side::Boundary',(#7070,#7073),
  #7008,.T.);
#7070 = FACE_BOUND('',#7071,.T.);
#7071 = EDGE_LOOP('',(#7072));
#7072 = ORIENTED_EDGE('',*,*,#6986,.T.);
#7073 = FACE_BOUND('',#7074,.T.);
#7074 = EDGE_LOOP('',(#7075));
#7075 = ORIENTED_EDGE('',*,*,#7076,.F.);
#7076 = EDGE_CURVE('',#7077,#7077,#7079,.T.);
#7077 = VERTEX_POINT('',#7078);
#7078 = CARTESIAN_POINT('',(1.5E-02,-3.673940397442E-18,3.6E-02));
#7079 = SURFACE_CURVE('',#7080,(#7085,#7092),.PCURVE_S1.);
#7080 = CIRCLE('',#7081,1.5E-02);
#7081 = AXIS2_PLACEMENT_3D('',#7082,#7083,#7084);
#7082 = CARTESIAN_POINT('',(0.,0.,3.6E-02));
#7083 = DIRECTION('',(0.,0.,1.));
#7084 = DIRECTION('',(1.,0.,-0.));
#7085 = PCURVE('',#7008,#7086);
#7086 = DEFINITIONAL_REPRESENTATION('',(#7087),#7091);
#7087 = CIRCLE('',#7088,1.5E-02);
#7088 = AXIS2_PLACEMENT_2D('',#7089,#7090);
#7089 = CARTESIAN_POINT('',(0.,0.));
#7090 = DIRECTION('',(1.,0.));
#7091 = ( GEOMETRIC_REPRESENTATION_CONTEXT(2) 
PARAMETRIC_REPRESENTATION_CONTEXT() REPRESENTATION_CONTEXT('2D SPACE',''
  ) );
#7092 = PCURVE('',#7093,#7098);
#7093 = CYLINDRICAL_SURFACE('',#7094,1.5E-02);
#7094 = AXIS2_PLACEMENT_3D('',#7095,#7096,#7097);
#7095 = CARTESIAN_POINT('',(0.,0.,2.8E-02));
#7096 = DIRECTION('',(0.,0.,1.));
#7097 = DIRECTION('',(1.,0.,-0.));
#7098 = DEFINITIONAL_REPRESENTATION('',(#7099),#7103);
#7099 = LINE('',#7100,#7101);
#7100 = CARTESIAN_POINT('',(0.,8.E-03));
#7101 = VECTOR('',#7102,1.);
#7102 = DIRECTION('',(1.,0.));
#7103 = ( GEOMETRIC_REPRESENTATION_CONTEXT(2) 
PARAMETRIC_REPRESENTATION_CONTEXT() REPRESENTATION_CONTEXT('2D SPACE',''
  ) );
#7104 = ADVANCED_FACE('',(#7105,#7108),#7057,.F.);
#7105 = FACE_BOUND('',#7106,.F.);
#7106 = EDGE_LOOP('',(#7107));
#7107 = ORIENTED_EDGE('',*,*,#7043,.T.);
#7108 = FACE_BOUND('',#7109,.F.);
#7109 = EDGE_LOOP('',(#7110));
#7110 = ORIENTED_EDGE('',*,*,#7111,.F.);
#7111 = EDGE_CURVE('',#7112,#7112,#7114,.T.);
#7112 = VERTEX_POINT('',#7113);
#7113 = CARTESIAN_POINT('',(1.5E-02,-3.673940397442E-18,2.8E-02));
#7114 = SURFACE_CURVE('',#7115,(#7120,#7127),.PCURVE_S1.);
#7115 = CIRCLE('',#7116,1.5E-02);
#7116 = AXIS2_PLACEMENT_3D('',#7117,#7118,#7119);
#7117 = CARTESIAN_POINT('',(0.,0.,2.8E-02));
#7118 = DIRECTION('',(0.,0.,1.));
#7119 = DIRECTION('',(1.,0.,-0.));
#7120 = PCURVE('',#7057,#7121);
#7121 = DEFINITIONAL_REPRESENTATION('',(#7122),#7126);
#7122 = CIRCLE('',#7123,1.5E-02);
#7123 = AXIS2_PLACEMENT_2D('',#7124,#7125);
#7124 = CARTESIAN_POINT('',(0.,0.));
#7125 = DIRECTION('',(1.,0.));
#7126 = ( GEOMETRIC_REPRESENTATION_CONTEXT(2) 
PARAMETRIC_REPRESENTATION_CONTEXT() REPRESENTATION_CONTEXT('2D SPACE',''
  ) );
#7127 = PCURVE('',#7093,#7128);
#7128 = DEFINITIONAL_REPRESENTATION('',(#7129),#7132);
#7129 = B_SPLINE_CURVE_WITH_KNOTS('',1,(#7130,#7131),.UNSPECIFIED.,.F.,
  .F.,(2,2),(0.,6.28318530718),.PIECEWISE_BEZIER_KNOTS.);
#7130 = CARTESIAN_POINT('',(0.,0.));
#7131 = CARTESIAN_POINT('',(6.28318530718,0.));
#7132 = ( GEOMETRIC_REPRESENTATION_CONTEXT(2) 
PARAMETRIC_REPRESENTATION_CONTEXT() REPRESENTATION_CONTEXT('2D SPACE',''
  ) );
#7133 = ADVANCED_FACE('Back Iron::Copper Side::Boundary',(#7134),#7093,
  .F.);
#7134 = FACE_BOUND('',#7135,.F.);
#7135 = EDGE_LOOP('',(#7136,#7137,#7158,#7159));
#7136 = ORIENTED_EDGE('',*,*,#7076,.F.);
#7137 = ORIENTED_EDGE('',*,*,#7138,.F.);
#7138 = EDGE_CURVE('',#7112,#7077,#7139,.T.);
#7139 = SEAM_CURVE('',#7140,(#7144,#7151),.PCURVE_S1.);
#7140 = LINE('',#7141,#7142);
#7141 = CARTESIAN_POINT('',(1.5E-02,-3.673940397442E-18,2.8E-02));
#7142 = VECTOR('',#7143,1.);
#7143 = DIRECTION('',(0.,0.,1.));
#7144 = PCURVE('',#7093,#7145);
#7145 = DEFINITIONAL_REPRESENTATION('',(#7146),#7150);
#7146 = LINE('',#7147,#7148);
#7147 = CARTESIAN_POINT('',(6.28318530718,-0.));
#7148 = VECTOR('',#7149,1.);
#7149 = DIRECTION('',(0.,1.));
#7150 = ( GEOMETRIC_REPRESENTATION_CONTEXT(2) 
PARAMETRIC_REPRESENTATION_CONTEXT() REPRESENTATION_CONTEXT('2D SPACE',''
  ) );
#7151 = PCURVE('',#7093,#7152);
#7152 = DEFINITIONAL_REPRESENTATION('',(#7153),#7157);
#7153 = LINE('',#7154,#7155);
#7154 = CARTESIAN_POINT('',(0.,-0.));
#7155 = VECTOR('',#7156,1.);
#7156 = DIRECTION('',(0.,1.));
#7157 = ( GEOMETRIC_REPRESENTATION_CONTEXT(2) 
PARAMETRIC_REPRESENTATION_CONTEXT() REPRESENTATION_CONTEXT('2D SPACE',''
  ) );
#7158 = ORIENTED_EDGE('',*,*,#7111,.T.);
#7159 = ORIENTED_EDGE('',*,*,#7138,.T.);
#7160 = BREP_WITH_VOIDS('Air',#7161,(#7258,#12381));
#7161 = CLOSED_SHELL('',(#7162,#7250,#7254));
#7162 = ADVANCED_FACE('Air::Boundary',(#7163),#7176,.T.);
#7163 = FACE_BOUND('',#7164,.T.);
#7164 = EDGE_LOOP('',(#7165,#7199,#7222,#7249));
#7165 = ORIENTED_EDGE('',*,*,#7166,.F.);
#7166 = EDGE_CURVE('',#7167,#7167,#7169,.T.);
#7167 = VERTEX_POINT('',#7168);
#7168 = CARTESIAN_POINT('',(0.15,-3.673940397442E-17,7.8E-02));
#7169 = SURFACE_CURVE('',#7170,(#7175,#7187),.PCURVE_S1.);
#7170 = CIRCLE('',#7171,0.15);
#7171 = AXIS2_PLACEMENT_3D('',#7172,#7173,#7174);
#7172 = CARTESIAN_POINT('',(0.,0.,7.8E-02));
#7173 = DIRECTION('',(0.,0.,1.));
#7174 = DIRECTION('',(1.,0.,-0.));
#7175 = PCURVE('',#7176,#7181);
#7176 = CYLINDRICAL_SURFACE('',#7177,0.15);
#7177 = AXIS2_PLACEMENT_3D('',#7178,#7179,#7180);
#7178 = CARTESIAN_POINT('',(0.,0.,-3.E-02));
#7179 = DIRECTION('',(0.,0.,1.));
#7180 = DIRECTION('',(1.,0.,-0.));
#7181 = DEFINITIONAL_REPRESENTATION('',(#7182),#7186);
#7182 = LINE('',#7183,#7184);
#7183 = CARTESIAN_POINT('',(0.,0.108));
#7184 = VECTOR('',#7185,1.);
#7185 = DIRECTION('',(1.,0.));
#7186 = ( GEOMETRIC_REPRESENTATION_CONTEXT(2) 
PARAMETRIC_REPRESENTATION_CONTEXT() REPRESENTATION_CONTEXT('2D SPACE',''
  ) );
#7187 = PCURVE('',#7188,#7193);
#7188 = PLANE('',#7189);
#7189 = AXIS2_PLACEMENT_3D('',#7190,#7191,#7192);
#7190 = CARTESIAN_POINT('',(0.,0.,7.8E-02));
#7191 = DIRECTION('',(0.,0.,1.));
#7192 = DIRECTION('',(1.,0.,-0.));
#7193 = DEFINITIONAL_REPRESENTATION('',(#7194),#7198);
#7194 = CIRCLE('',#7195,0.15);
#7195 = AXIS2_PLACEMENT_2D('',#7196,#7197);
#7196 = CARTESIAN_POINT('',(0.,0.));
#7197 = DIRECTION('',(1.,0.));
#7198 = ( GEOMETRIC_REPRESENTATION_CONTEXT(2) 
PARAMETRIC_REPRESENTATION_CONTEXT() REPRESENTATION_CONTEXT('2D SPACE',''
  ) );
#7199 = ORIENTED_EDGE('',*,*,#7200,.F.);
#7200 = EDGE_CURVE('',#7201,#7167,#7203,.T.);
#7201 = VERTEX_POINT('',#7202);
#7202 = CARTESIAN_POINT('',(0.15,-3.673940397442E-17,-3.E-02));
#7203 = SEAM_CURVE('',#7204,(#7208,#7215),.PCURVE_S1.);
#7204 = LINE('',#7205,#7206);
#7205 = CARTESIAN_POINT('',(0.15,-3.673940397442E-17,-3.E-02));
#7206 = VECTOR('',#7207,1.);
#7207 = DIRECTION('',(0.,0.,1.));
#7208 = PCURVE('',#7176,#7209);
#7209 = DEFINITIONAL_REPRESENTATION('',(#7210),#7214);
#7210 = LINE('',#7211,#7212);
#7211 = CARTESIAN_POINT('',(6.28318530718,-0.));
#7212 = VECTOR('',#7213,1.);
#7213 = DIRECTION('',(0.,1.));
#7214 = ( GEOMETRIC_REPRESENTATION_CONTEXT(2) 
PARAMETRIC_REPRESENTATION_CONTEXT() REPRESENTATION_CONTEXT('2D SPACE',''
  ) );
#7215 = PCURVE('',#7176,#7216);
#7216 = DEFINITIONAL_REPRESENTATION('',(#7217),#7221);
#7217 = LINE('',#7218,#7219);
#7218 = CARTESIAN_POINT('',(0.,-0.));
#7219 = VECTOR('',#7220,1.);
#7220 = DIRECTION('',(0.,1.));
#7221 = ( GEOMETRIC_REPRESENTATION_CONTEXT(2) 
PARAMETRIC_REPRESENTATION_CONTEXT() REPRESENTATION_CONTEXT('2D SPACE',''
  ) );
#7222 = ORIENTED_EDGE('',*,*,#7223,.T.);
#7223 = EDGE_CURVE('',#7201,#7201,#7224,.T.);
#7224 = SURFACE_CURVE('',#7225,(#7230,#7237),.PCURVE_S1.);
#7225 = CIRCLE('',#7226,0.15);
#7226 = AXIS2_PLACEMENT_3D('',#7227,#7228,#7229);
#7227 = CARTESIAN_POINT('',(0.,0.,-3.E-02));
#7228 = DIRECTION('',(0.,0.,1.));
#7229 = DIRECTION('',(1.,0.,-0.));
#7230 = PCURVE('',#7176,#7231);
#7231 = DEFINITIONAL_REPRESENTATION('',(#7232),#7236);
#7232 = LINE('',#7233,#7234);
#7233 = CARTESIAN_POINT('',(0.,0.));
#7234 = VECTOR('',#7235,1.);
#7235 = DIRECTION('',(1.,0.));
#7236 = ( GEOMETRIC_REPRESENTATION_CONTEXT(2) 
PARAMETRIC_REPRESENTATION_CONTEXT() REPRESENTATION_CONTEXT('2D SPACE',''
  ) );
#7237 = PCURVE('',#7238,#7243);
#7238 = PLANE('',#7239);
#7239 = AXIS2_PLACEMENT_3D('',#7240,#7241,#7242);
#7240 = CARTESIAN_POINT('',(0.,0.,-3.E-02));
#7241 = DIRECTION('',(0.,0.,1.));
#7242 = DIRECTION('',(1.,0.,-0.));
#7243 = DEFINITIONAL_REPRESENTATION('',(#7244),#7248);
#7244 = CIRCLE('',#7245,0.15);
#7245 = AXIS2_PLACEMENT_2D('',#7246,#7247);
#7246 = CARTESIAN_POINT('',(0.,0.));
#7247 = DIRECTION('',(1.,0.));
#7248 = ( GEOMETRIC_REPRESENTATION_CONTEXT(2) 
PARAMETRIC_REPRESENTATION_CONTEXT() REPRESENTATION_CONTEXT('2D SPACE',''
  ) );
#7249 = ORIENTED_EDGE('',*,*,#7200,.T.);
#7250 = ADVANCED_FACE('Air::Boundary',(#7251),#7188,.T.);
#7251 = FACE_BOUND('',#7252,.T.);
#7252 = EDGE_LOOP('',(#7253));
#7253 = ORIENTED_EDGE('',*,*,#7166,.T.);
#7254 = ADVANCED_FACE('Air::Boundary',(#7255),#7238,.F.);
#7255 = FACE_BOUND('',#7256,.T.);
#7256 = EDGE_LOOP('',(#7257));
#7257 = ORIENTED_EDGE('',*,*,#7223,.F.);
#7258 = ORIENTED_CLOSED_SHELL('',*,#7259,.F.);
#7259 = CLOSED_SHELL('',(#7260,#8124,#8128,#8210,#9338,#9415,#9465,#9542
    ,#9592,#9669,#9719,#9796,#9846,#9923,#9973,#10050,#10100,#10177,
    #10227,#10304,#10354,#10431,#10481,#10531,#10628,#10655,#10682,
    #10709,#10716,#10765,#10815,#10865,#10892,#10941,#10991,#11041,
    #11068,#11117,#11167,#11217,#11244,#11293,#11343,#11393,#11420,
    #11469,#11519,#11569,#11596,#11645,#11695,#11745,#11772,#11821,
    #11871,#11921,#11948,#11997,#12047,#12097,#12124,#12173,#12223,
    #12273,#12300,#12309,#12318,#12327,#12336,#12345,#12354,#12363,
    #12372));
#7260 = ADVANCED_FACE('',(#7261),#7275,.T.);
#7261 = FACE_BOUND('',#7262,.T.);
#7262 = EDGE_LOOP('',(#7263,#7293,#7321,#7350,#7378,#7406,#7430,#7458,
    #7486,#7510,#7538,#7566,#7590,#7618,#7646,#7670,#7698,#7726,#7750,
    #7778,#7806,#7830,#7858,#7886,#7910,#7938,#7966,#7990,#8018,#8046,
    #8070,#8096,#8097));
#7263 = ORIENTED_EDGE('',*,*,#7264,.T.);
#7264 = EDGE_CURVE('',#7265,#7267,#7269,.T.);
#7265 = VERTEX_POINT('',#7266);
#7266 = CARTESIAN_POINT('',(6.E-02,-1.469576158977E-17,0.));
#7267 = VERTEX_POINT('',#7268);
#7268 = CARTESIAN_POINT('',(6.E-02,-1.469576158977E-17,1.E-02));
#7269 = SEAM_CURVE('',#7270,(#7274,#7286),.PCURVE_S1.);
#7270 = LINE('',#7271,#7272);
#7271 = CARTESIAN_POINT('',(6.E-02,-1.469576158977E-17,0.));
#7272 = VECTOR('',#7273,1.);
#7273 = DIRECTION('',(0.,0.,1.));
#7274 = PCURVE('',#7275,#7280);
#7275 = CYLINDRICAL_SURFACE('',#7276,6.E-02);
#7276 = AXIS2_PLACEMENT_3D('',#7277,#7278,#7279);
#7277 = CARTESIAN_POINT('',(0.,0.,0.));
#7278 = DIRECTION('',(0.,0.,1.));
#7279 = DIRECTION('',(1.,0.,-0.));
#7280 = DEFINITIONAL_REPRESENTATION('',(#7281),#7285);
#7281 = LINE('',#7282,#7283);
#7282 = CARTESIAN_POINT('',(6.28318530718,-0.));
#7283 = VECTOR('',#7284,1.);
#7284 = DIRECTION('',(0.,1.));
#7285 = ( GEOMETRIC_REPRESENTATION_CONTEXT(2) 
PARAMETRIC_REPRESENTATION_CONTEXT() REPRESENTATION_CONTEXT('2D SPACE',''
  ) );
#7286 = PCURVE('',#7275,#7287);
#7287 = DEFINITIONAL_REPRESENTATION('',(#7288),#7292);
#7288 = LINE('',#7289,#7290);
#7289 = CARTESIAN_POINT('',(0.,-0.));
#7290 = VECTOR('',#7291,1.);
#7291 = DIRECTION('',(0.,1.));
#7292 = ( GEOMETRIC_REPRESENTATION_CONTEXT(2) 
PARAMETRIC_REPRESENTATION_CONTEXT() REPRESENTATION_CONTEXT('2D SPACE',''
  ) );
#7293 = ORIENTED_EDGE('',*,*,#7294,.F.);
#7294 = EDGE_CURVE('',#7295,#7267,#7297,.T.);
#7295 = VERTEX_POINT('',#7296);
#7296 = CARTESIAN_POINT('',(5.761762114062E-02,-1.673946636235E-02,
    1.E-02));
#7297 = SURFACE_CURVE('',#7298,(#7303,#7310),.PCURVE_S1.);
#7298 = CIRCLE('',#7299,6.E-02);
#7299 = AXIS2_PLACEMENT_3D('',#7300,#7301,#7302);
#7300 = CARTESIAN_POINT('',(0.,0.,1.E-02));
#7301 = DIRECTION('',(0.,0.,1.));
#7302 = DIRECTION('',(1.,0.,-0.));
#7303 = PCURVE('',#7275,#7304);
#7304 = DEFINITIONAL_REPRESENTATION('',(#7305),#7309);
#7305 = LINE('',#7306,#7307);
#7306 = CARTESIAN_POINT('',(0.,1.E-02));
#7307 = VECTOR('',#7308,1.);
#7308 = DIRECTION('',(1.,0.));
#7309 = ( GEOMETRIC_REPRESENTATION_CONTEXT(2) 
PARAMETRIC_REPRESENTATION_CONTEXT() REPRESENTATION_CONTEXT('2D SPACE',''
  ) );
#7310 = PCURVE('',#7311,#7316);
#7311 = CYLINDRICAL_SURFACE('',#7312,6.E-02);
#7312 = AXIS2_PLACEMENT_3D('',#7313,#7314,#7315);
#7313 = CARTESIAN_POINT('',(0.,0.,1.E-02));
#7314 = DIRECTION('',(0.,0.,1.));
#7315 = DIRECTION('',(1.,0.,0.));
#7316 = DEFINITIONAL_REPRESENTATION('',(#7317),#7320);
#7317 = B_SPLINE_CURVE_WITH_KNOTS('',1,(#7318,#7319),.UNSPECIFIED.,.F.,
  .F.,(2,2),(6.000441968357,6.28318530718),.PIECEWISE_BEZIER_KNOTS.);
#7318 = CARTESIAN_POINT('',(6.000441968357,0.));
#7319 = CARTESIAN_POINT('',(6.28318530718,0.));
#7320 = ( GEOMETRIC_REPRESENTATION_CONTEXT(2) 
PARAMETRIC_REPRESENTATION_CONTEXT() REPRESENTATION_CONTEXT('2D SPACE',''
  ) );
#7321 = ORIENTED_EDGE('',*,*,#7322,.F.);
#7322 = EDGE_CURVE('',#7323,#7295,#7325,.T.);
#7323 = VERTEX_POINT('',#7324);
#7324 = CARTESIAN_POINT('',(5.645284613725E-02,-2.032427521472E-02,
    1.E-02));
#7325 = SURFACE_CURVE('',#7326,(#7331,#7338),.PCURVE_S1.);
#7326 = CIRCLE('',#7327,6.E-02);
#7327 = AXIS2_PLACEMENT_3D('',#7328,#7329,#7330);
#7328 = CARTESIAN_POINT('',(0.,0.,1.E-02));
#7329 = DIRECTION('',(0.,0.,1.));
#7330 = DIRECTION('',(1.,0.,-0.));
#7331 = PCURVE('',#7275,#7332);
#7332 = DEFINITIONAL_REPRESENTATION('',(#7333),#7337);
#7333 = LINE('',#7334,#7335);
#7334 = CARTESIAN_POINT('',(0.,1.E-02));
#7335 = VECTOR('',#7336,1.);
#7336 = DIRECTION('',(1.,0.));
#7337 = ( GEOMETRIC_REPRESENTATION_CONTEXT(2) 
PARAMETRIC_REPRESENTATION_CONTEXT() REPRESENTATION_CONTEXT('2D SPACE',''
  ) );
#7338 = PCURVE('',#7339,#7344);
#7339 = PLANE('',#7340);
#7340 = AXIS2_PLACEMENT_3D('',#7341,#7342,#7343);
#7341 = CARTESIAN_POINT('',(0.,0.,1.E-02));
#7342 = DIRECTION('',(0.,0.,1.));
#7343 = DIRECTION('',(1.,0.,-0.));
#7344 = DEFINITIONAL_REPRESENTATION('',(#7345),#7349);
#7345 = CIRCLE('',#7346,6.E-02);
#7346 = AXIS2_PLACEMENT_2D('',#7347,#7348);
#7347 = CARTESIAN_POINT('',(0.,0.));
#7348 = DIRECTION('',(1.,0.));
#7349 = ( GEOMETRIC_REPRESENTATION_CONTEXT(2) 
PARAMETRIC_REPRESENTATION_CONTEXT() REPRESENTATION_CONTEXT('2D SPACE',''
  ) );
#7350 = ORIENTED_EDGE('',*,*,#7351,.F.);
#7351 = EDGE_CURVE('',#7352,#7323,#7354,.T.);
#7352 = VERTEX_POINT('',#7353);
#7353 = CARTESIAN_POINT('',(4.85410196625E-02,-3.526711513755E-02,1.E-02
    ));
#7354 = SURFACE_CURVE('',#7355,(#7360,#7366),.PCURVE_S1.);
#7355 = CIRCLE('',#7356,6.E-02);
#7356 = AXIS2_PLACEMENT_3D('',#7357,#7358,#7359);
#7357 = CARTESIAN_POINT('',(0.,0.,1.E-02));
#7358 = DIRECTION('',(-0.,0.,1.));
#7359 = DIRECTION('',(0.809016994375,-0.587785252292,0.));
#7360 = PCURVE('',#7275,#7361);
#7361 = DEFINITIONAL_REPRESENTATION('',(#7362),#7365);
#7362 = B_SPLINE_CURVE_WITH_KNOTS('',1,(#7363,#7364),.UNSPECIFIED.,.F.,
  .F.,(2,2),(0.,0.282743338823),.PIECEWISE_BEZIER_KNOTS.);
#7363 = CARTESIAN_POINT('',(5.654866776462,1.E-02));
#7364 = CARTESIAN_POINT('',(5.937610115285,1.E-02));
#7365 = ( GEOMETRIC_REPRESENTATION_CONTEXT(2) 
PARAMETRIC_REPRESENTATION_CONTEXT() REPRESENTATION_CONTEXT('2D SPACE',''
  ) );
#7366 = PCURVE('',#7367,#7372);
#7367 = CYLINDRICAL_SURFACE('',#7368,6.E-02);
#7368 = AXIS2_PLACEMENT_3D('',#7369,#7370,#7371);
#7369 = CARTESIAN_POINT('',(0.,0.,1.E-02));
#7370 = DIRECTION('',(0.,0.,1.));
#7371 = DIRECTION('',(0.809016994375,-0.587785252292,0.));
#7372 = DEFINITIONAL_REPRESENTATION('',(#7373),#7377);
#7373 = LINE('',#7374,#7375);
#7374 = CARTESIAN_POINT('',(0.,0.));
#7375 = VECTOR('',#7376,1.);
#7376 = DIRECTION('',(1.,0.));
#7377 = ( GEOMETRIC_REPRESENTATION_CONTEXT(2) 
PARAMETRIC_REPRESENTATION_CONTEXT() REPRESENTATION_CONTEXT('2D SPACE',''
  ) );
#7378 = ORIENTED_EDGE('',*,*,#7379,.F.);
#7379 = EDGE_CURVE('',#7380,#7352,#7382,.T.);
#7380 = VERTEX_POINT('',#7381);
#7381 = CARTESIAN_POINT('',(3.677442321918E-02,-4.740930074254E-02,
    1.E-02));
#7382 = SURFACE_CURVE('',#7383,(#7388,#7394),.PCURVE_S1.);
#7383 = CIRCLE('',#7384,6.E-02);
#7384 = AXIS2_PLACEMENT_3D('',#7385,#7386,#7387);
#7385 = CARTESIAN_POINT('',(0.,0.,1.E-02));
#7386 = DIRECTION('',(-0.,0.,1.));
#7387 = DIRECTION('',(0.809016994375,-0.587785252292,0.));
#7388 = PCURVE('',#7275,#7389);
#7389 = DEFINITIONAL_REPRESENTATION('',(#7390),#7393);
#7390 = B_SPLINE_CURVE_WITH_KNOTS('',1,(#7391,#7392),.UNSPECIFIED.,.F.,
  .F.,(2,2),(6.000441968357,6.28318530718),.PIECEWISE_BEZIER_KNOTS.);
#7391 = CARTESIAN_POINT('',(5.372123437639,1.E-02));
#7392 = CARTESIAN_POINT('',(5.654866776462,1.E-02));
#7393 = ( GEOMETRIC_REPRESENTATION_CONTEXT(2) 
PARAMETRIC_REPRESENTATION_CONTEXT() REPRESENTATION_CONTEXT('2D SPACE',''
  ) );
#7394 = PCURVE('',#7395,#7400);
#7395 = CYLINDRICAL_SURFACE('',#7396,6.E-02);
#7396 = AXIS2_PLACEMENT_3D('',#7397,#7398,#7399);
#7397 = CARTESIAN_POINT('',(0.,0.,1.E-02));
#7398 = DIRECTION('',(0.,0.,1.));
#7399 = DIRECTION('',(0.809016994375,-0.587785252292,0.));
#7400 = DEFINITIONAL_REPRESENTATION('',(#7401),#7405);
#7401 = LINE('',#7402,#7403);
#7402 = CARTESIAN_POINT('',(0.,0.));
#7403 = VECTOR('',#7404,1.);
#7404 = DIRECTION('',(1.,0.));
#7405 = ( GEOMETRIC_REPRESENTATION_CONTEXT(2) 
PARAMETRIC_REPRESENTATION_CONTEXT() REPRESENTATION_CONTEXT('2D SPACE',''
  ) );
#7406 = ORIENTED_EDGE('',*,*,#7407,.F.);
#7407 = EDGE_CURVE('',#7408,#7380,#7410,.T.);
#7408 = VERTEX_POINT('',#7409);
#7409 = CARTESIAN_POINT('',(3.372500267113E-02,-4.962483445647E-02,
    1.E-02));
#7410 = SURFACE_CURVE('',#7411,(#7416,#7423),.PCURVE_S1.);
#7411 = CIRCLE('',#7412,6.E-02);
#7412 = AXIS2_PLACEMENT_3D('',#7413,#7414,#7415);
#7413 = CARTESIAN_POINT('',(0.,0.,1.E-02));
#7414 = DIRECTION('',(0.,0.,1.));
#7415 = DIRECTION('',(1.,0.,-0.));
#7416 = PCURVE('',#7275,#7417);
#7417 = DEFINITIONAL_REPRESENTATION('',(#7418),#7422);
#7418 = LINE('',#7419,#7420);
#7419 = CARTESIAN_POINT('',(0.,1.E-02));
#7420 = VECTOR('',#7421,1.);
#7421 = DIRECTION('',(1.,0.));
#7422 = ( GEOMETRIC_REPRESENTATION_CONTEXT(2) 
PARAMETRIC_REPRESENTATION_CONTEXT() REPRESENTATION_CONTEXT('2D SPACE',''
  ) );
#7423 = PCURVE('',#7339,#7424);
#7424 = DEFINITIONAL_REPRESENTATION('',(#7425),#7429);
#7425 = CIRCLE('',#7426,6.E-02);
#7426 = AXIS2_PLACEMENT_2D('',#7427,#7428);
#7427 = CARTESIAN_POINT('',(0.,0.));
#7428 = DIRECTION('',(1.,0.));
#7429 = ( GEOMETRIC_REPRESENTATION_CONTEXT(2) 
PARAMETRIC_REPRESENTATION_CONTEXT() REPRESENTATION_CONTEXT('2D SPACE',''
  ) );
#7430 = ORIENTED_EDGE('',*,*,#7431,.F.);
#7431 = EDGE_CURVE('',#7432,#7408,#7434,.T.);
#7432 = VERTEX_POINT('',#7433);
#7433 = CARTESIAN_POINT('',(1.85410196625E-02,-5.706339097771E-02,1.E-02
    ));
#7434 = SURFACE_CURVE('',#7435,(#7440,#7446),.PCURVE_S1.);
#7435 = CIRCLE('',#7436,6.E-02);
#7436 = AXIS2_PLACEMENT_3D('',#7437,#7438,#7439);
#7437 = CARTESIAN_POINT('',(0.,0.,1.E-02));
#7438 = DIRECTION('',(-0.,0.,1.));
#7439 = DIRECTION('',(0.309016994375,-0.951056516295,0.));
#7440 = PCURVE('',#7275,#7441);
#7441 = DEFINITIONAL_REPRESENTATION('',(#7442),#7445);
#7442 = B_SPLINE_CURVE_WITH_KNOTS('',1,(#7443,#7444),.UNSPECIFIED.,.F.,
  .F.,(2,2),(0.,0.282743338823),.PIECEWISE_BEZIER_KNOTS.);
#7443 = CARTESIAN_POINT('',(5.026548245744,1.E-02));
#7444 = CARTESIAN_POINT('',(5.309291584567,1.E-02));
#7445 = ( GEOMETRIC_REPRESENTATION_CONTEXT(2) 
PARAMETRIC_REPRESENTATION_CONTEXT() REPRESENTATION_CONTEXT('2D SPACE',''
  ) );
#7446 = PCURVE('',#7447,#7452);
#7447 = CYLINDRICAL_SURFACE('',#7448,6.E-02);
#7448 = AXIS2_PLACEMENT_3D('',#7449,#7450,#7451);
#7449 = CARTESIAN_POINT('',(0.,0.,1.E-02));
#7450 = DIRECTION('',(0.,0.,1.));
#7451 = DIRECTION('',(0.309016994375,-0.951056516295,0.));
#7452 = DEFINITIONAL_REPRESENTATION('',(#7453),#7457);
#7453 = LINE('',#7454,#7455);
#7454 = CARTESIAN_POINT('',(0.,0.));
#7455 = VECTOR('',#7456,1.);
#7456 = DIRECTION('',(1.,0.));
#7457 = ( GEOMETRIC_REPRESENTATION_CONTEXT(2) 
PARAMETRIC_REPRESENTATION_CONTEXT() REPRESENTATION_CONTEXT('2D SPACE',''
  ) );
#7458 = ORIENTED_EDGE('',*,*,#7459,.F.);
#7459 = EDGE_CURVE('',#7460,#7432,#7462,.T.);
#7460 = VERTEX_POINT('',#7461);
#7461 = CARTESIAN_POINT('',(1.884645544688E-03,-5.997039362194E-02,
    1.E-02));
#7462 = SURFACE_CURVE('',#7463,(#7468,#7474),.PCURVE_S1.);
#7463 = CIRCLE('',#7464,6.E-02);
#7464 = AXIS2_PLACEMENT_3D('',#7465,#7466,#7467);
#7465 = CARTESIAN_POINT('',(0.,0.,1.E-02));
#7466 = DIRECTION('',(-0.,0.,1.));
#7467 = DIRECTION('',(0.309016994375,-0.951056516295,0.));
#7468 = PCURVE('',#7275,#7469);
#7469 = DEFINITIONAL_REPRESENTATION('',(#7470),#7473);
#7470 = B_SPLINE_CURVE_WITH_KNOTS('',1,(#7471,#7472),.UNSPECIFIED.,.F.,
  .F.,(2,2),(6.000441968357,6.28318530718),.PIECEWISE_BEZIER_KNOTS.);
#7471 = CARTESIAN_POINT('',(4.743804906921,1.E-02));
#7472 = CARTESIAN_POINT('',(5.026548245744,1.E-02));
#7473 = ( GEOMETRIC_REPRESENTATION_CONTEXT(2) 
PARAMETRIC_REPRESENTATION_CONTEXT() REPRESENTATION_CONTEXT('2D SPACE',''
  ) );
#7474 = PCURVE('',#7475,#7480);
#7475 = CYLINDRICAL_SURFACE('',#7476,6.E-02);
#7476 = AXIS2_PLACEMENT_3D('',#7477,#7478,#7479);
#7477 = CARTESIAN_POINT('',(0.,0.,1.E-02));
#7478 = DIRECTION('',(0.,0.,1.));
#7479 = DIRECTION('',(0.309016994375,-0.951056516295,0.));
#7480 = DEFINITIONAL_REPRESENTATION('',(#7481),#7485);
#7481 = LINE('',#7482,#7483);
#7482 = CARTESIAN_POINT('',(0.,0.));
#7483 = VECTOR('',#7484,1.);
#7484 = DIRECTION('',(1.,0.));
#7485 = ( GEOMETRIC_REPRESENTATION_CONTEXT(2) 
PARAMETRIC_REPRESENTATION_CONTEXT() REPRESENTATION_CONTEXT('2D SPACE',''
  ) );
#7486 = ORIENTED_EDGE('',*,*,#7487,.F.);
#7487 = EDGE_CURVE('',#7488,#7460,#7490,.T.);
#7488 = VERTEX_POINT('',#7489);
#7489 = CARTESIAN_POINT('',(-1.884645544688E-03,-5.997039362194E-02,
    1.E-02));
#7490 = SURFACE_CURVE('',#7491,(#7496,#7503),.PCURVE_S1.);
#7491 = CIRCLE('',#7492,6.E-02);
#7492 = AXIS2_PLACEMENT_3D('',#7493,#7494,#7495);
#7493 = CARTESIAN_POINT('',(0.,0.,1.E-02));
#7494 = DIRECTION('',(0.,0.,1.));
#7495 = DIRECTION('',(1.,0.,-0.));
#7496 = PCURVE('',#7275,#7497);
#7497 = DEFINITIONAL_REPRESENTATION('',(#7498),#7502);
#7498 = LINE('',#7499,#7500);
#7499 = CARTESIAN_POINT('',(0.,1.E-02));
#7500 = VECTOR('',#7501,1.);
#7501 = DIRECTION('',(1.,0.));
#7502 = ( GEOMETRIC_REPRESENTATION_CONTEXT(2) 
PARAMETRIC_REPRESENTATION_CONTEXT() REPRESENTATION_CONTEXT('2D SPACE',''
  ) );
#7503 = PCURVE('',#7339,#7504);
#7504 = DEFINITIONAL_REPRESENTATION('',(#7505),#7509);
#7505 = CIRCLE('',#7506,6.E-02);
#7506 = AXIS2_PLACEMENT_2D('',#7507,#7508);
#7507 = CARTESIAN_POINT('',(0.,0.));
#7508 = DIRECTION('',(1.,0.));
#7509 = ( GEOMETRIC_REPRESENTATION_CONTEXT(2) 
PARAMETRIC_REPRESENTATION_CONTEXT() REPRESENTATION_CONTEXT('2D SPACE',''
  ) );
#7510 = ORIENTED_EDGE('',*,*,#7511,.F.);
#7511 = EDGE_CURVE('',#7512,#7488,#7514,.T.);
#7512 = VERTEX_POINT('',#7513);
#7513 = CARTESIAN_POINT('',(-1.85410196625E-02,-5.706339097771E-02,
    1.E-02));
#7514 = SURFACE_CURVE('',#7515,(#7520,#7526),.PCURVE_S1.);
#7515 = CIRCLE('',#7516,6.E-02);
#7516 = AXIS2_PLACEMENT_3D('',#7517,#7518,#7519);
#7517 = CARTESIAN_POINT('',(0.,0.,1.E-02));
#7518 = DIRECTION('',(0.,0.,1.));
#7519 = DIRECTION('',(-0.309016994375,-0.951056516295,0.));
#7520 = PCURVE('',#7275,#7521);
#7521 = DEFINITIONAL_REPRESENTATION('',(#7522),#7525);
#7522 = B_SPLINE_CURVE_WITH_KNOTS('',1,(#7523,#7524),.UNSPECIFIED.,.F.,
  .F.,(2,2),(0.,0.282743338823),.PIECEWISE_BEZIER_KNOTS.);
#7523 = CARTESIAN_POINT('',(4.398229715026,1.E-02));
#7524 = CARTESIAN_POINT('',(4.680973053849,1.E-02));
#7525 = ( GEOMETRIC_REPRESENTATION_CONTEXT(2) 
PARAMETRIC_REPRESENTATION_CONTEXT() REPRESENTATION_CONTEXT('2D SPACE',''
  ) );
#7526 = PCURVE('',#7527,#7532);
#7527 = CYLINDRICAL_SURFACE('',#7528,6.E-02);
#7528 = AXIS2_PLACEMENT_3D('',#7529,#7530,#7531);
#7529 = CARTESIAN_POINT('',(0.,0.,1.E-02));
#7530 = DIRECTION('',(0.,0.,1.));
#7531 = DIRECTION('',(-0.309016994375,-0.951056516295,0.));
#7532 = DEFINITIONAL_REPRESENTATION('',(#7533),#7537);
#7533 = LINE('',#7534,#7535);
#7534 = CARTESIAN_POINT('',(0.,0.));
#7535 = VECTOR('',#7536,1.);
#7536 = DIRECTION('',(1.,0.));
#7537 = ( GEOMETRIC_REPRESENTATION_CONTEXT(2) 
PARAMETRIC_REPRESENTATION_CONTEXT() REPRESENTATION_CONTEXT('2D SPACE',''
  ) );
#7538 = ORIENTED_EDGE('',*,*,#7539,.F.);
#7539 = EDGE_CURVE('',#7540,#7512,#7542,.T.);
#7540 = VERTEX_POINT('',#7541);
#7541 = CARTESIAN_POINT('',(-3.372500267113E-02,-4.962483445647E-02,
    1.E-02));
#7542 = SURFACE_CURVE('',#7543,(#7548,#7554),.PCURVE_S1.);
#7543 = CIRCLE('',#7544,6.E-02);
#7544 = AXIS2_PLACEMENT_3D('',#7545,#7546,#7547);
#7545 = CARTESIAN_POINT('',(0.,0.,1.E-02));
#7546 = DIRECTION('',(0.,0.,1.));
#7547 = DIRECTION('',(-0.309016994375,-0.951056516295,0.));
#7548 = PCURVE('',#7275,#7549);
#7549 = DEFINITIONAL_REPRESENTATION('',(#7550),#7553);
#7550 = B_SPLINE_CURVE_WITH_KNOTS('',1,(#7551,#7552),.UNSPECIFIED.,.F.,
  .F.,(2,2),(6.000441968357,6.28318530718),.PIECEWISE_BEZIER_KNOTS.);
#7551 = CARTESIAN_POINT('',(4.115486376203,1.E-02));
#7552 = CARTESIAN_POINT('',(4.398229715026,1.E-02));
#7553 = ( GEOMETRIC_REPRESENTATION_CONTEXT(2) 
PARAMETRIC_REPRESENTATION_CONTEXT() REPRESENTATION_CONTEXT('2D SPACE',''
  ) );
#7554 = PCURVE('',#7555,#7560);
#7555 = CYLINDRICAL_SURFACE('',#7556,6.E-02);
#7556 = AXIS2_PLACEMENT_3D('',#7557,#7558,#7559);
#7557 = CARTESIAN_POINT('',(0.,0.,1.E-02));
#7558 = DIRECTION('',(0.,0.,1.));
#7559 = DIRECTION('',(-0.309016994375,-0.951056516295,0.));
#7560 = DEFINITIONAL_REPRESENTATION('',(#7561),#7565);
#7561 = LINE('',#7562,#7563);
#7562 = CARTESIAN_POINT('',(0.,0.));
#7563 = VECTOR('',#7564,1.);
#7564 = DIRECTION('',(1.,0.));
#7565 = ( GEOMETRIC_REPRESENTATION_CONTEXT(2) 
PARAMETRIC_REPRESENTATION_CONTEXT() REPRESENTATION_CONTEXT('2D SPACE',''
  ) );
#7566 = ORIENTED_EDGE('',*,*,#7567,.F.);
#7567 = EDGE_CURVE('',#7568,#7540,#7570,.T.);
#7568 = VERTEX_POINT('',#7569);
#7569 = CARTESIAN_POINT('',(-3.677442321918E-02,-4.740930074254E-02,
    1.E-02));
#7570 = SURFACE_CURVE('',#7571,(#7576,#7583),.PCURVE_S1.);
#7571 = CIRCLE('',#7572,6.E-02);
#7572 = AXIS2_PLACEMENT_3D('',#7573,#7574,#7575);
#7573 = CARTESIAN_POINT('',(0.,0.,1.E-02));
#7574 = DIRECTION('',(0.,0.,1.));
#7575 = DIRECTION('',(1.,0.,-0.));
#7576 = PCURVE('',#7275,#7577);
#7577 = DEFINITIONAL_REPRESENTATION('',(#7578),#7582);
#7578 = LINE('',#7579,#7580);
#7579 = CARTESIAN_POINT('',(0.,1.E-02));
#7580 = VECTOR('',#7581,1.);
#7581 = DIRECTION('',(1.,0.));
#7582 = ( GEOMETRIC_REPRESENTATION_CONTEXT(2) 
PARAMETRIC_REPRESENTATION_CONTEXT() REPRESENTATION_CONTEXT('2D SPACE',''
  ) );
#7583 = PCURVE('',#7339,#7584);
#7584 = DEFINITIONAL_REPRESENTATION('',(#7585),#7589);
#7585 = CIRCLE('',#7586,6.E-02);
#7586 = AXIS2_PLACEMENT_2D('',#7587,#7588);
#7587 = CARTESIAN_POINT('',(0.,0.));
#7588 = DIRECTION('',(1.,0.));
#7589 = ( GEOMETRIC_REPRESENTATION_CONTEXT(2) 
PARAMETRIC_REPRESENTATION_CONTEXT() REPRESENTATION_CONTEXT('2D SPACE',''
  ) );
#7590 = ORIENTED_EDGE('',*,*,#7591,.F.);
#7591 = EDGE_CURVE('',#7592,#7568,#7594,.T.);
#7592 = VERTEX_POINT('',#7593);
#7593 = CARTESIAN_POINT('',(-4.85410196625E-02,-3.526711513755E-02,
    1.E-02));
#7594 = SURFACE_CURVE('',#7595,(#7600,#7606),.PCURVE_S1.);
#7595 = CIRCLE('',#7596,6.E-02);
#7596 = AXIS2_PLACEMENT_3D('',#7597,#7598,#7599);
#7597 = CARTESIAN_POINT('',(0.,0.,1.E-02));
#7598 = DIRECTION('',(0.,0.,1.));
#7599 = DIRECTION('',(-0.809016994375,-0.587785252292,0.));
#7600 = PCURVE('',#7275,#7601);
#7601 = DEFINITIONAL_REPRESENTATION('',(#7602),#7605);
#7602 = B_SPLINE_CURVE_WITH_KNOTS('',1,(#7603,#7604),.UNSPECIFIED.,.F.,
  .F.,(2,2),(0.,0.282743338823),.PIECEWISE_BEZIER_KNOTS.);
#7603 = CARTESIAN_POINT('',(3.769911184308,1.E-02));
#7604 = CARTESIAN_POINT('',(4.052654523131,1.E-02));
#7605 = ( GEOMETRIC_REPRESENTATION_CONTEXT(2) 
PARAMETRIC_REPRESENTATION_CONTEXT() REPRESENTATION_CONTEXT('2D SPACE',''
  ) );
#7606 = PCURVE('',#7607,#7612);
#7607 = CYLINDRICAL_SURFACE('',#7608,6.E-02);
#7608 = AXIS2_PLACEMENT_3D('',#7609,#7610,#7611);
#7609 = CARTESIAN_POINT('',(0.,0.,1.E-02));
#7610 = DIRECTION('',(0.,0.,1.));
#7611 = DIRECTION('',(-0.809016994375,-0.587785252292,0.));
#7612 = DEFINITIONAL_REPRESENTATION('',(#7613),#7617);
#7613 = LINE('',#7614,#7615);
#7614 = CARTESIAN_POINT('',(0.,0.));
#7615 = VECTOR('',#7616,1.);
#7616 = DIRECTION('',(1.,0.));
#7617 = ( GEOMETRIC_REPRESENTATION_CONTEXT(2) 
PARAMETRIC_REPRESENTATION_CONTEXT() REPRESENTATION_CONTEXT('2D SPACE',''
  ) );
#7618 = ORIENTED_EDGE('',*,*,#7619,.F.);
#7619 = EDGE_CURVE('',#7620,#7592,#7622,.T.);
#7620 = VERTEX_POINT('',#7621);
#7621 = CARTESIAN_POINT('',(-5.645284613725E-02,-2.032427521472E-02,
    1.E-02));
#7622 = SURFACE_CURVE('',#7623,(#7628,#7634),.PCURVE_S1.);
#7623 = CIRCLE('',#7624,6.E-02);
#7624 = AXIS2_PLACEMENT_3D('',#7625,#7626,#7627);
#7625 = CARTESIAN_POINT('',(0.,0.,1.E-02));
#7626 = DIRECTION('',(0.,0.,1.));
#7627 = DIRECTION('',(-0.809016994375,-0.587785252292,0.));
#7628 = PCURVE('',#7275,#7629);
#7629 = DEFINITIONAL_REPRESENTATION('',(#7630),#7633);
#7630 = B_SPLINE_CURVE_WITH_KNOTS('',1,(#7631,#7632),.UNSPECIFIED.,.F.,
  .F.,(2,2),(6.000441968357,6.28318530718),.PIECEWISE_BEZIER_KNOTS.);
#7631 = CARTESIAN_POINT('',(3.487167845485,1.E-02));
#7632 = CARTESIAN_POINT('',(3.769911184308,1.E-02));
#7633 = ( GEOMETRIC_REPRESENTATION_CONTEXT(2) 
PARAMETRIC_REPRESENTATION_CONTEXT() REPRESENTATION_CONTEXT('2D SPACE',''
  ) );
#7634 = PCURVE('',#7635,#7640);
#7635 = CYLINDRICAL_SURFACE('',#7636,6.E-02);
#7636 = AXIS2_PLACEMENT_3D('',#7637,#7638,#7639);
#7637 = CARTESIAN_POINT('',(0.,0.,1.E-02));
#7638 = DIRECTION('',(0.,0.,1.));
#7639 = DIRECTION('',(-0.809016994375,-0.587785252292,0.));
#7640 = DEFINITIONAL_REPRESENTATION('',(#7641),#7645);
#7641 = LINE('',#7642,#7643);
#7642 = CARTESIAN_POINT('',(0.,0.));
#7643 = VECTOR('',#7644,1.);
#7644 = DIRECTION('',(1.,0.));
#7645 = ( GEOMETRIC_REPRESENTATION_CONTEXT(2) 
PARAMETRIC_REPRESENTATION_CONTEXT() REPRESENTATION_CONTEXT('2D SPACE',''
  ) );
#7646 = ORIENTED_EDGE('',*,*,#7647,.F.);
#7647 = EDGE_CURVE('',#7648,#7620,#7650,.T.);
#7648 = VERTEX_POINT('',#7649);
#7649 = CARTESIAN_POINT('',(-5.761762114062E-02,-1.673946636235E-02,
    1.E-02));
#7650 = SURFACE_CURVE('',#7651,(#7656,#7663),.PCURVE_S1.);
#7651 = CIRCLE('',#7652,6.E-02);
#7652 = AXIS2_PLACEMENT_3D('',#7653,#7654,#7655);
#7653 = CARTESIAN_POINT('',(0.,0.,1.E-02));
#7654 = DIRECTION('',(0.,0.,1.));
#7655 = DIRECTION('',(1.,0.,-0.));
#7656 = PCURVE('',#7275,#7657);
#7657 = DEFINITIONAL_REPRESENTATION('',(#7658),#7662);
#7658 = LINE('',#7659,#7660);
#7659 = CARTESIAN_POINT('',(0.,1.E-02));
#7660 = VECTOR('',#7661,1.);
#7661 = DIRECTION('',(1.,0.));
#7662 = ( GEOMETRIC_REPRESENTATION_CONTEXT(2) 
PARAMETRIC_REPRESENTATION_CONTEXT() REPRESENTATION_CONTEXT('2D SPACE',''
  ) );
#7663 = PCURVE('',#7339,#7664);
#7664 = DEFINITIONAL_REPRESENTATION('',(#7665),#7669);
#7665 = CIRCLE('',#7666,6.E-02);
#7666 = AXIS2_PLACEMENT_2D('',#7667,#7668);
#7667 = CARTESIAN_POINT('',(0.,0.));
#7668 = DIRECTION('',(1.,0.));
#7669 = ( GEOMETRIC_REPRESENTATION_CONTEXT(2) 
PARAMETRIC_REPRESENTATION_CONTEXT() REPRESENTATION_CONTEXT('2D SPACE',''
  ) );
#7670 = ORIENTED_EDGE('',*,*,#7671,.F.);
#7671 = EDGE_CURVE('',#7672,#7648,#7674,.T.);
#7672 = VERTEX_POINT('',#7673);
#7673 = CARTESIAN_POINT('',(-6.E-02,2.204364238465E-17,1.E-02));
#7674 = SURFACE_CURVE('',#7675,(#7680,#7686),.PCURVE_S1.);
#7675 = CIRCLE('',#7676,6.E-02);
#7676 = AXIS2_PLACEMENT_3D('',#7677,#7678,#7679);
#7677 = CARTESIAN_POINT('',(0.,0.,1.E-02));
#7678 = DIRECTION('',(0.,0.,1.));
#7679 = DIRECTION('',(-1.,1.224646799147E-16,0.));
#7680 = PCURVE('',#7275,#7681);
#7681 = DEFINITIONAL_REPRESENTATION('',(#7682),#7685);
#7682 = B_SPLINE_CURVE_WITH_KNOTS('',1,(#7683,#7684),.UNSPECIFIED.,.F.,
  .F.,(2,2),(0.,0.282743338823),.PIECEWISE_BEZIER_KNOTS.);
#7683 = CARTESIAN_POINT('',(3.14159265359,1.E-02));
#7684 = CARTESIAN_POINT('',(3.424335992413,1.E-02));
#7685 = ( GEOMETRIC_REPRESENTATION_CONTEXT(2) 
PARAMETRIC_REPRESENTATION_CONTEXT() REPRESENTATION_CONTEXT('2D SPACE',''
  ) );
#7686 = PCURVE('',#7687,#7692);
#7687 = CYLINDRICAL_SURFACE('',#7688,6.E-02);
#7688 = AXIS2_PLACEMENT_3D('',#7689,#7690,#7691);
#7689 = CARTESIAN_POINT('',(0.,0.,1.E-02));
#7690 = DIRECTION('',(0.,0.,1.));
#7691 = DIRECTION('',(-1.,1.224646799147E-16,0.));
#7692 = DEFINITIONAL_REPRESENTATION('',(#7693),#7697);
#7693 = LINE('',#7694,#7695);
#7694 = CARTESIAN_POINT('',(0.,0.));
#7695 = VECTOR('',#7696,1.);
#7696 = DIRECTION('',(1.,0.));
#7697 = ( GEOMETRIC_REPRESENTATION_CONTEXT(2) 
PARAMETRIC_REPRESENTATION_CONTEXT() REPRESENTATION_CONTEXT('2D SPACE',''
  ) );
#7698 = ORIENTED_EDGE('',*,*,#7699,.F.);
#7699 = EDGE_CURVE('',#7700,#7672,#7702,.T.);
#7700 = VERTEX_POINT('',#7701);
#7701 = CARTESIAN_POINT('',(-5.761762114062E-02,1.673946636235E-02,
    1.E-02));
#7702 = SURFACE_CURVE('',#7703,(#7708,#7714),.PCURVE_S1.);
#7703 = CIRCLE('',#7704,6.E-02);
#7704 = AXIS2_PLACEMENT_3D('',#7705,#7706,#7707);
#7705 = CARTESIAN_POINT('',(0.,0.,1.E-02));
#7706 = DIRECTION('',(0.,0.,1.));
#7707 = DIRECTION('',(-1.,1.224646799147E-16,0.));
#7708 = PCURVE('',#7275,#7709);
#7709 = DEFINITIONAL_REPRESENTATION('',(#7710),#7713);
#7710 = B_SPLINE_CURVE_WITH_KNOTS('',1,(#7711,#7712),.UNSPECIFIED.,.F.,
  .F.,(2,2),(6.000441968357,6.28318530718),.PIECEWISE_BEZIER_KNOTS.);
#7711 = CARTESIAN_POINT('',(2.858849314767,1.E-02));
#7712 = CARTESIAN_POINT('',(3.14159265359,1.E-02));
#7713 = ( GEOMETRIC_REPRESENTATION_CONTEXT(2) 
PARAMETRIC_REPRESENTATION_CONTEXT() REPRESENTATION_CONTEXT('2D SPACE',''
  ) );
#7714 = PCURVE('',#7715,#7720);
#7715 = CYLINDRICAL_SURFACE('',#7716,6.E-02);
#7716 = AXIS2_PLACEMENT_3D('',#7717,#7718,#7719);
#7717 = CARTESIAN_POINT('',(0.,0.,1.E-02));
#7718 = DIRECTION('',(0.,0.,1.));
#7719 = DIRECTION('',(-1.,1.224646799147E-16,0.));
#7720 = DEFINITIONAL_REPRESENTATION('',(#7721),#7725);
#7721 = LINE('',#7722,#7723);
#7722 = CARTESIAN_POINT('',(0.,0.));
#7723 = VECTOR('',#7724,1.);
#7724 = DIRECTION('',(1.,0.));
#7725 = ( GEOMETRIC_REPRESENTATION_CONTEXT(2) 
PARAMETRIC_REPRESENTATION_CONTEXT() REPRESENTATION_CONTEXT('2D SPACE',''
  ) );
#7726 = ORIENTED_EDGE('',*,*,#7727,.F.);
#7727 = EDGE_CURVE('',#7728,#7700,#7730,.T.);
#7728 = VERTEX_POINT('',#7729);
#7729 = CARTESIAN_POINT('',(-5.645284613725E-02,2.032427521472E-02,
    1.E-02));
#7730 = SURFACE_CURVE('',#7731,(#7736,#7743),.PCURVE_S1.);
#7731 = CIRCLE('',#7732,6.E-02);
#7732 = AXIS2_PLACEMENT_3D('',#7733,#7734,#7735);
#7733 = CARTESIAN_POINT('',(0.,0.,1.E-02));
#7734 = DIRECTION('',(0.,0.,1.));
#7735 = DIRECTION('',(1.,0.,-0.));
#7736 = PCURVE('',#7275,#7737);
#7737 = DEFINITIONAL_REPRESENTATION('',(#7738),#7742);
#7738 = LINE('',#7739,#7740);
#7739 = CARTESIAN_POINT('',(0.,1.E-02));
#7740 = VECTOR('',#7741,1.);
#7741 = DIRECTION('',(1.,0.));
#7742 = ( GEOMETRIC_REPRESENTATION_CONTEXT(2) 
PARAMETRIC_REPRESENTATION_CONTEXT() REPRESENTATION_CONTEXT('2D SPACE',''
  ) );
#7743 = PCURVE('',#7339,#7744);
#7744 = DEFINITIONAL_REPRESENTATION('',(#7745),#7749);
#7745 = CIRCLE('',#7746,6.E-02);
#7746 = AXIS2_PLACEMENT_2D('',#7747,#7748);
#7747 = CARTESIAN_POINT('',(0.,0.));
#7748 = DIRECTION('',(1.,0.));
#7749 = ( GEOMETRIC_REPRESENTATION_CONTEXT(2) 
PARAMETRIC_REPRESENTATION_CONTEXT() REPRESENTATION_CONTEXT('2D SPACE',''
  ) );
#7750 = ORIENTED_EDGE('',*,*,#7751,.F.);
#7751 = EDGE_CURVE('',#7752,#7728,#7754,.T.);
#7752 = VERTEX_POINT('',#7753);
#7753 = CARTESIAN_POINT('',(-4.85410196625E-02,3.526711513755E-02,1.E-02
    ));
#7754 = SURFACE_CURVE('',#7755,(#7760,#7766),.PCURVE_S1.);
#7755 = CIRCLE('',#7756,6.E-02);
#7756 = AXIS2_PLACEMENT_3D('',#7757,#7758,#7759);
#7757 = CARTESIAN_POINT('',(0.,0.,1.E-02));
#7758 = DIRECTION('',(0.,0.,1.));
#7759 = DIRECTION('',(-0.809016994375,0.587785252292,0.));
#7760 = PCURVE('',#7275,#7761);
#7761 = DEFINITIONAL_REPRESENTATION('',(#7762),#7765);
#7762 = B_SPLINE_CURVE_WITH_KNOTS('',1,(#7763,#7764),.UNSPECIFIED.,.F.,
  .F.,(2,2),(0.,0.282743338823),.PIECEWISE_BEZIER_KNOTS.);
#7763 = CARTESIAN_POINT('',(2.513274122872,1.E-02));
#7764 = CARTESIAN_POINT('',(2.796017461695,1.E-02));
#7765 = ( GEOMETRIC_REPRESENTATION_CONTEXT(2) 
PARAMETRIC_REPRESENTATION_CONTEXT() REPRESENTATION_CONTEXT('2D SPACE',''
  ) );
#7766 = PCURVE('',#7767,#7772);
#7767 = CYLINDRICAL_SURFACE('',#7768,6.E-02);
#7768 = AXIS2_PLACEMENT_3D('',#7769,#7770,#7771);
#7769 = CARTESIAN_POINT('',(0.,0.,1.E-02));
#7770 = DIRECTION('',(0.,0.,1.));
#7771 = DIRECTION('',(-0.809016994375,0.587785252292,0.));
#7772 = DEFINITIONAL_REPRESENTATION('',(#7773),#7777);
#7773 = LINE('',#7774,#7775);
#7774 = CARTESIAN_POINT('',(0.,0.));
#7775 = VECTOR('',#7776,1.);
#7776 = DIRECTION('',(1.,0.));
#7777 = ( GEOMETRIC_REPRESENTATION_CONTEXT(2) 
PARAMETRIC_REPRESENTATION_CONTEXT() REPRESENTATION_CONTEXT('2D SPACE',''
  ) );
#7778 = ORIENTED_EDGE('',*,*,#7779,.F.);
#7779 = EDGE_CURVE('',#7780,#7752,#7782,.T.);
#7780 = VERTEX_POINT('',#7781);
#7781 = CARTESIAN_POINT('',(-3.677442321918E-02,4.740930074254E-02,
    1.E-02));
#7782 = SURFACE_CURVE('',#7783,(#7788,#7794),.PCURVE_S1.);
#7783 = CIRCLE('',#7784,6.E-02);
#7784 = AXIS2_PLACEMENT_3D('',#7785,#7786,#7787);
#7785 = CARTESIAN_POINT('',(0.,0.,1.E-02));
#7786 = DIRECTION('',(0.,0.,1.));
#7787 = DIRECTION('',(-0.809016994375,0.587785252292,0.));
#7788 = PCURVE('',#7275,#7789);
#7789 = DEFINITIONAL_REPRESENTATION('',(#7790),#7793);
#7790 = B_SPLINE_CURVE_WITH_KNOTS('',1,(#7791,#7792),.UNSPECIFIED.,.F.,
  .F.,(2,2),(6.000441968357,6.28318530718),.PIECEWISE_BEZIER_KNOTS.);
#7791 = CARTESIAN_POINT('',(2.230530784049,1.E-02));
#7792 = CARTESIAN_POINT('',(2.513274122872,1.E-02));
#7793 = ( GEOMETRIC_REPRESENTATION_CONTEXT(2) 
PARAMETRIC_REPRESENTATION_CONTEXT() REPRESENTATION_CONTEXT('2D SPACE',''
  ) );
#7794 = PCURVE('',#7795,#7800);
#7795 = CYLINDRICAL_SURFACE('',#7796,6.E-02);
#7796 = AXIS2_PLACEMENT_3D('',#7797,#7798,#7799);
#7797 = CARTESIAN_POINT('',(0.,0.,1.E-02));
#7798 = DIRECTION('',(0.,0.,1.));
#7799 = DIRECTION('',(-0.809016994375,0.587785252292,0.));
#7800 = DEFINITIONAL_REPRESENTATION('',(#7801),#7805);
#7801 = LINE('',#7802,#7803);
#7802 = CARTESIAN_POINT('',(0.,0.));
#7803 = VECTOR('',#7804,1.);
#7804 = DIRECTION('',(1.,0.));
#7805 = ( GEOMETRIC_REPRESENTATION_CONTEXT(2) 
PARAMETRIC_REPRESENTATION_CONTEXT() REPRESENTATION_CONTEXT('2D SPACE',''
  ) );
#7806 = ORIENTED_EDGE('',*,*,#7807,.F.);
#7807 = EDGE_CURVE('',#7808,#7780,#7810,.T.);
#7808 = VERTEX_POINT('',#7809);
#7809 = CARTESIAN_POINT('',(-3.372500267113E-02,4.962483445647E-02,
    1.E-02));
#7810 = SURFACE_CURVE('',#7811,(#7816,#7823),.PCURVE_S1.);
#7811 = CIRCLE('',#7812,6.E-02);
#7812 = AXIS2_PLACEMENT_3D('',#7813,#7814,#7815);
#7813 = CARTESIAN_POINT('',(0.,0.,1.E-02));
#7814 = DIRECTION('',(0.,0.,1.));
#7815 = DIRECTION('',(1.,0.,-0.));
#7816 = PCURVE('',#7275,#7817);
#7817 = DEFINITIONAL_REPRESENTATION('',(#7818),#7822);
#7818 = LINE('',#7819,#7820);
#7819 = CARTESIAN_POINT('',(0.,1.E-02));
#7820 = VECTOR('',#7821,1.);
#7821 = DIRECTION('',(1.,0.));
#7822 = ( GEOMETRIC_REPRESENTATION_CONTEXT(2) 
PARAMETRIC_REPRESENTATION_CONTEXT() REPRESENTATION_CONTEXT('2D SPACE',''
  ) );
#7823 = PCURVE('',#7339,#7824);
#7824 = DEFINITIONAL_REPRESENTATION('',(#7825),#7829);
#7825 = CIRCLE('',#7826,6.E-02);
#7826 = AXIS2_PLACEMENT_2D('',#7827,#7828);
#7827 = CARTESIAN_POINT('',(0.,0.));
#7828 = DIRECTION('',(1.,0.));
#7829 = ( GEOMETRIC_REPRESENTATION_CONTEXT(2) 
PARAMETRIC_REPRESENTATION_CONTEXT() REPRESENTATION_CONTEXT('2D SPACE',''
  ) );
#7830 = ORIENTED_EDGE('',*,*,#7831,.F.);
#7831 = EDGE_CURVE('',#7832,#7808,#7834,.T.);
#7832 = VERTEX_POINT('',#7833);
#7833 = CARTESIAN_POINT('',(-1.85410196625E-02,5.706339097771E-02,1.E-02
    ));
#7834 = SURFACE_CURVE('',#7835,(#7840,#7846),.PCURVE_S1.);
#7835 = CIRCLE('',#7836,6.E-02);
#7836 = AXIS2_PLACEMENT_3D('',#7837,#7838,#7839);
#7837 = CARTESIAN_POINT('',(0.,0.,1.E-02));
#7838 = DIRECTION('',(0.,0.,1.));
#7839 = DIRECTION('',(-0.309016994375,0.951056516295,0.));
#7840 = PCURVE('',#7275,#7841);
#7841 = DEFINITIONAL_REPRESENTATION('',(#7842),#7845);
#7842 = B_SPLINE_CURVE_WITH_KNOTS('',1,(#7843,#7844),.UNSPECIFIED.,.F.,
  .F.,(2,2),(0.,0.282743338823),.PIECEWISE_BEZIER_KNOTS.);
#7843 = CARTESIAN_POINT('',(1.884955592154,1.E-02));
#7844 = CARTESIAN_POINT('',(2.167698930977,1.E-02));
#7845 = ( GEOMETRIC_REPRESENTATION_CONTEXT(2) 
PARAMETRIC_REPRESENTATION_CONTEXT() REPRESENTATION_CONTEXT('2D SPACE',''
  ) );
#7846 = PCURVE('',#7847,#7852);
#7847 = CYLINDRICAL_SURFACE('',#7848,6.E-02);
#7848 = AXIS2_PLACEMENT_3D('',#7849,#7850,#7851);
#7849 = CARTESIAN_POINT('',(0.,0.,1.E-02));
#7850 = DIRECTION('',(0.,0.,1.));
#7851 = DIRECTION('',(-0.309016994375,0.951056516295,0.));
#7852 = DEFINITIONAL_REPRESENTATION('',(#7853),#7857);
#7853 = LINE('',#7854,#7855);
#7854 = CARTESIAN_POINT('',(0.,0.));
#7855 = VECTOR('',#7856,1.);
#7856 = DIRECTION('',(1.,0.));
#7857 = ( GEOMETRIC_REPRESENTATION_CONTEXT(2) 
PARAMETRIC_REPRESENTATION_CONTEXT() REPRESENTATION_CONTEXT('2D SPACE',''
  ) );
#7858 = ORIENTED_EDGE('',*,*,#7859,.F.);
#7859 = EDGE_CURVE('',#7860,#7832,#7862,.T.);
#7860 = VERTEX_POINT('',#7861);
#7861 = CARTESIAN_POINT('',(-1.884645544688E-03,5.997039362194E-02,
    1.E-02));
#7862 = SURFACE_CURVE('',#7863,(#7868,#7874),.PCURVE_S1.);
#7863 = CIRCLE('',#7864,6.E-02);
#7864 = AXIS2_PLACEMENT_3D('',#7865,#7866,#7867);
#7865 = CARTESIAN_POINT('',(0.,0.,1.E-02));
#7866 = DIRECTION('',(0.,0.,1.));
#7867 = DIRECTION('',(-0.309016994375,0.951056516295,0.));
#7868 = PCURVE('',#7275,#7869);
#7869 = DEFINITIONAL_REPRESENTATION('',(#7870),#7873);
#7870 = B_SPLINE_CURVE_WITH_KNOTS('',1,(#7871,#7872),.UNSPECIFIED.,.F.,
  .F.,(2,2),(6.000441968357,6.28318530718),.PIECEWISE_BEZIER_KNOTS.);
#7871 = CARTESIAN_POINT('',(1.602212253331,1.E-02));
#7872 = CARTESIAN_POINT('',(1.884955592154,1.E-02));
#7873 = ( GEOMETRIC_REPRESENTATION_CONTEXT(2) 
PARAMETRIC_REPRESENTATION_CONTEXT() REPRESENTATION_CONTEXT('2D SPACE',''
  ) );
#7874 = PCURVE('',#7875,#7880);
#7875 = CYLINDRICAL_SURFACE('',#7876,6.E-02);
#7876 = AXIS2_PLACEMENT_3D('',#7877,#7878,#7879);
#7877 = CARTESIAN_POINT('',(0.,0.,1.E-02));
#7878 = DIRECTION('',(0.,0.,1.));
#7879 = DIRECTION('',(-0.309016994375,0.951056516295,0.));
#7880 = DEFINITIONAL_REPRESENTATION('',(#7881),#7885);
#7881 = LINE('',#7882,#7883);
#7882 = CARTESIAN_POINT('',(0.,0.));
#7883 = VECTOR('',#7884,1.);
#7884 = DIRECTION('',(1.,0.));
#7885 = ( GEOMETRIC_REPRESENTATION_CONTEXT(2) 
PARAMETRIC_REPRESENTATION_CONTEXT() REPRESENTATION_CONTEXT('2D SPACE',''
  ) );
#7886 = ORIENTED_EDGE('',*,*,#7887,.F.);
#7887 = EDGE_CURVE('',#7888,#7860,#7890,.T.);
#7888 = VERTEX_POINT('',#7889);
#7889 = CARTESIAN_POINT('',(1.884645544688E-03,5.997039362194E-02,1.E-02
    ));
#7890 = SURFACE_CURVE('',#7891,(#7896,#7903),.PCURVE_S1.);
#7891 = CIRCLE('',#7892,6.E-02);
#7892 = AXIS2_PLACEMENT_3D('',#7893,#7894,#7895);
#7893 = CARTESIAN_POINT('',(0.,0.,1.E-02));
#7894 = DIRECTION('',(0.,0.,1.));
#7895 = DIRECTION('',(1.,0.,-0.));
#7896 = PCURVE('',#7275,#7897);
#7897 = DEFINITIONAL_REPRESENTATION('',(#7898),#7902);
#7898 = LINE('',#7899,#7900);
#7899 = CARTESIAN_POINT('',(0.,1.E-02));
#7900 = VECTOR('',#7901,1.);
#7901 = DIRECTION('',(1.,0.));
#7902 = ( GEOMETRIC_REPRESENTATION_CONTEXT(2) 
PARAMETRIC_REPRESENTATION_CONTEXT() REPRESENTATION_CONTEXT('2D SPACE',''
  ) );
#7903 = PCURVE('',#7339,#7904);
#7904 = DEFINITIONAL_REPRESENTATION('',(#7905),#7909);
#7905 = CIRCLE('',#7906,6.E-02);
#7906 = AXIS2_PLACEMENT_2D('',#7907,#7908);
#7907 = CARTESIAN_POINT('',(0.,0.));
#7908 = DIRECTION('',(1.,0.));
#7909 = ( GEOMETRIC_REPRESENTATION_CONTEXT(2) 
PARAMETRIC_REPRESENTATION_CONTEXT() REPRESENTATION_CONTEXT('2D SPACE',''
  ) );
#7910 = ORIENTED_EDGE('',*,*,#7911,.F.);
#7911 = EDGE_CURVE('',#7912,#7888,#7914,.T.);
#7912 = VERTEX_POINT('',#7913);
#7913 = CARTESIAN_POINT('',(1.85410196625E-02,5.706339097771E-02,1.E-02)
  );
#7914 = SURFACE_CURVE('',#7915,(#7920,#7926),.PCURVE_S1.);
#7915 = CIRCLE('',#7916,6.E-02);
#7916 = AXIS2_PLACEMENT_3D('',#7917,#7918,#7919);
#7917 = CARTESIAN_POINT('',(0.,0.,1.E-02));
#7918 = DIRECTION('',(0.,-0.,1.));
#7919 = DIRECTION('',(0.309016994375,0.951056516295,0.));
#7920 = PCURVE('',#7275,#7921);
#7921 = DEFINITIONAL_REPRESENTATION('',(#7922),#7925);
#7922 = B_SPLINE_CURVE_WITH_KNOTS('',1,(#7923,#7924),.UNSPECIFIED.,.F.,
  .F.,(2,2),(0.,0.282743338823),.PIECEWISE_BEZIER_KNOTS.);
#7923 = CARTESIAN_POINT('',(1.256637061436,1.E-02));
#7924 = CARTESIAN_POINT('',(1.539380400259,1.E-02));
#7925 = ( GEOMETRIC_REPRESENTATION_CONTEXT(2) 
PARAMETRIC_REPRESENTATION_CONTEXT() REPRESENTATION_CONTEXT('2D SPACE',''
  ) );
#7926 = PCURVE('',#7927,#7932);
#7927 = CYLINDRICAL_SURFACE('',#7928,6.E-02);
#7928 = AXIS2_PLACEMENT_3D('',#7929,#7930,#7931);
#7929 = CARTESIAN_POINT('',(0.,0.,1.E-02));
#7930 = DIRECTION('',(0.,0.,1.));
#7931 = DIRECTION('',(0.309016994375,0.951056516295,0.));
#7932 = DEFINITIONAL_REPRESENTATION('',(#7933),#7937);
#7933 = LINE('',#7934,#7935);
#7934 = CARTESIAN_POINT('',(0.,0.));
#7935 = VECTOR('',#7936,1.);
#7936 = DIRECTION('',(1.,0.));
#7937 = ( GEOMETRIC_REPRESENTATION_CONTEXT(2) 
PARAMETRIC_REPRESENTATION_CONTEXT() REPRESENTATION_CONTEXT('2D SPACE',''
  ) );
#7938 = ORIENTED_EDGE('',*,*,#7939,.F.);
#7939 = EDGE_CURVE('',#7940,#7912,#7942,.T.);
#7940 = VERTEX_POINT('',#7941);
#7941 = CARTESIAN_POINT('',(3.372500267113E-02,4.962483445647E-02,1.E-02
    ));
#7942 = SURFACE_CURVE('',#7943,(#7948,#7954),.PCURVE_S1.);
#7943 = CIRCLE('',#7944,6.E-02);
#7944 = AXIS2_PLACEMENT_3D('',#7945,#7946,#7947);
#7945 = CARTESIAN_POINT('',(0.,0.,1.E-02));
#7946 = DIRECTION('',(0.,-0.,1.));
#7947 = DIRECTION('',(0.309016994375,0.951056516295,0.));
#7948 = PCURVE('',#7275,#7949);
#7949 = DEFINITIONAL_REPRESENTATION('',(#7950),#7953);
#7950 = B_SPLINE_CURVE_WITH_KNOTS('',1,(#7951,#7952),.UNSPECIFIED.,.F.,
  .F.,(2,2),(6.000441968357,6.28318530718),.PIECEWISE_BEZIER_KNOTS.);
#7951 = CARTESIAN_POINT('',(0.973893722613,1.E-02));
#7952 = CARTESIAN_POINT('',(1.256637061436,1.E-02));
#7953 = ( GEOMETRIC_REPRESENTATION_CONTEXT(2) 
PARAMETRIC_REPRESENTATION_CONTEXT() REPRESENTATION_CONTEXT('2D SPACE',''
  ) );
#7954 = PCURVE('',#7955,#7960);
#7955 = CYLINDRICAL_SURFACE('',#7956,6.E-02);
#7956 = AXIS2_PLACEMENT_3D('',#7957,#7958,#7959);
#7957 = CARTESIAN_POINT('',(0.,0.,1.E-02));
#7958 = DIRECTION('',(0.,0.,1.));
#7959 = DIRECTION('',(0.309016994375,0.951056516295,0.));
#7960 = DEFINITIONAL_REPRESENTATION('',(#7961),#7965);
#7961 = LINE('',#7962,#7963);
#7962 = CARTESIAN_POINT('',(0.,0.));
#7963 = VECTOR('',#7964,1.);
#7964 = DIRECTION('',(1.,0.));
#7965 = ( GEOMETRIC_REPRESENTATION_CONTEXT(2) 
PARAMETRIC_REPRESENTATION_CONTEXT() REPRESENTATION_CONTEXT('2D SPACE',''
  ) );
#7966 = ORIENTED_EDGE('',*,*,#7967,.F.);
#7967 = EDGE_CURVE('',#7968,#7940,#7970,.T.);
#7968 = VERTEX_POINT('',#7969);
#7969 = CARTESIAN_POINT('',(3.677442321918E-02,4.740930074254E-02,1.E-02
    ));
#7970 = SURFACE_CURVE('',#7971,(#7976,#7983),.PCURVE_S1.);
#7971 = CIRCLE('',#7972,6.E-02);
#7972 = AXIS2_PLACEMENT_3D('',#7973,#7974,#7975);
#7973 = CARTESIAN_POINT('',(0.,0.,1.E-02));
#7974 = DIRECTION('',(0.,0.,1.));
#7975 = DIRECTION('',(1.,0.,-0.));
#7976 = PCURVE('',#7275,#7977);
#7977 = DEFINITIONAL_REPRESENTATION('',(#7978),#7982);
#7978 = LINE('',#7979,#7980);
#7979 = CARTESIAN_POINT('',(0.,1.E-02));
#7980 = VECTOR('',#7981,1.);
#7981 = DIRECTION('',(1.,0.));
#7982 = ( GEOMETRIC_REPRESENTATION_CONTEXT(2) 
PARAMETRIC_REPRESENTATION_CONTEXT() REPRESENTATION_CONTEXT('2D SPACE',''
  ) );
#7983 = PCURVE('',#7339,#7984);
#7984 = DEFINITIONAL_REPRESENTATION('',(#7985),#7989);
#7985 = CIRCLE('',#7986,6.E-02);
#7986 = AXIS2_PLACEMENT_2D('',#7987,#7988);
#7987 = CARTESIAN_POINT('',(0.,0.));
#7988 = DIRECTION('',(1.,0.));
#7989 = ( GEOMETRIC_REPRESENTATION_CONTEXT(2) 
PARAMETRIC_REPRESENTATION_CONTEXT() REPRESENTATION_CONTEXT('2D SPACE',''
  ) );
#7990 = ORIENTED_EDGE('',*,*,#7991,.F.);
#7991 = EDGE_CURVE('',#7992,#7968,#7994,.T.);
#7992 = VERTEX_POINT('',#7993);
#7993 = CARTESIAN_POINT('',(4.85410196625E-02,3.526711513755E-02,1.E-02)
  );
#7994 = SURFACE_CURVE('',#7995,(#8000,#8006),.PCURVE_S1.);
#7995 = CIRCLE('',#7996,6.E-02);
#7996 = AXIS2_PLACEMENT_3D('',#7997,#7998,#7999);
#7997 = CARTESIAN_POINT('',(0.,0.,1.E-02));
#7998 = DIRECTION('',(0.,-0.,1.));
#7999 = DIRECTION('',(0.809016994375,0.587785252292,0.));
#8000 = PCURVE('',#7275,#8001);
#8001 = DEFINITIONAL_REPRESENTATION('',(#8002),#8005);
#8002 = B_SPLINE_CURVE_WITH_KNOTS('',1,(#8003,#8004),.UNSPECIFIED.,.F.,
  .F.,(2,2),(0.,0.282743338823),.PIECEWISE_BEZIER_KNOTS.);
#8003 = CARTESIAN_POINT('',(0.628318530718,1.E-02));
#8004 = CARTESIAN_POINT('',(0.911061869541,1.E-02));
#8005 = ( GEOMETRIC_REPRESENTATION_CONTEXT(2) 
PARAMETRIC_REPRESENTATION_CONTEXT() REPRESENTATION_CONTEXT('2D SPACE',''
  ) );
#8006 = PCURVE('',#8007,#8012);
#8007 = CYLINDRICAL_SURFACE('',#8008,6.E-02);
#8008 = AXIS2_PLACEMENT_3D('',#8009,#8010,#8011);
#8009 = CARTESIAN_POINT('',(0.,0.,1.E-02));
#8010 = DIRECTION('',(0.,0.,1.));
#8011 = DIRECTION('',(0.809016994375,0.587785252292,0.));
#8012 = DEFINITIONAL_REPRESENTATION('',(#8013),#8017);
#8013 = LINE('',#8014,#8015);
#8014 = CARTESIAN_POINT('',(0.,0.));
#8015 = VECTOR('',#8016,1.);
#8016 = DIRECTION('',(1.,0.));
#8017 = ( GEOMETRIC_REPRESENTATION_CONTEXT(2) 
PARAMETRIC_REPRESENTATION_CONTEXT() REPRESENTATION_CONTEXT('2D SPACE',''
  ) );
#8018 = ORIENTED_EDGE('',*,*,#8019,.F.);
#8019 = EDGE_CURVE('',#8020,#7992,#8022,.T.);
#8020 = VERTEX_POINT('',#8021);
#8021 = CARTESIAN_POINT('',(5.645284613725E-02,2.032427521472E-02,1.E-02
    ));
#8022 = SURFACE_CURVE('',#8023,(#8028,#8034),.PCURVE_S1.);
#8023 = CIRCLE('',#8024,6.E-02);
#8024 = AXIS2_PLACEMENT_3D('',#8025,#8026,#8027);
#8025 = CARTESIAN_POINT('',(0.,0.,1.E-02));
#8026 = DIRECTION('',(0.,-0.,1.));
#8027 = DIRECTION('',(0.809016994375,0.587785252292,0.));
#8028 = PCURVE('',#7275,#8029);
#8029 = DEFINITIONAL_REPRESENTATION('',(#8030),#8033);
#8030 = B_SPLINE_CURVE_WITH_KNOTS('',1,(#8031,#8032),.UNSPECIFIED.,.F.,
  .F.,(2,2),(6.000441968357,6.28318530718),.PIECEWISE_BEZIER_KNOTS.);
#8031 = CARTESIAN_POINT('',(0.345575191895,1.E-02));
#8032 = CARTESIAN_POINT('',(0.628318530718,1.E-02));
#8033 = ( GEOMETRIC_REPRESENTATION_CONTEXT(2) 
PARAMETRIC_REPRESENTATION_CONTEXT() REPRESENTATION_CONTEXT('2D SPACE',''
  ) );
#8034 = PCURVE('',#8035,#8040);
#8035 = CYLINDRICAL_SURFACE('',#8036,6.E-02);
#8036 = AXIS2_PLACEMENT_3D('',#8037,#8038,#8039);
#8037 = CARTESIAN_POINT('',(0.,0.,1.E-02));
#8038 = DIRECTION('',(0.,0.,1.));
#8039 = DIRECTION('',(0.809016994375,0.587785252292,0.));
#8040 = DEFINITIONAL_REPRESENTATION('',(#8041),#8045);
#8041 = LINE('',#8042,#8043);
#8042 = CARTESIAN_POINT('',(0.,0.));
#8043 = VECTOR('',#8044,1.);
#8044 = DIRECTION('',(1.,0.));
#8045 = ( GEOMETRIC_REPRESENTATION_CONTEXT(2) 
PARAMETRIC_REPRESENTATION_CONTEXT() REPRESENTATION_CONTEXT('2D SPACE',''
  ) );
#8046 = ORIENTED_EDGE('',*,*,#8047,.F.);
#8047 = EDGE_CURVE('',#8048,#8020,#8050,.T.);
#8048 = VERTEX_POINT('',#8049);
#8049 = CARTESIAN_POINT('',(5.761762114062E-02,1.673946636235E-02,1.E-02
    ));
#8050 = SURFACE_CURVE('',#8051,(#8056,#8063),.PCURVE_S1.);
#8051 = CIRCLE('',#8052,6.E-02);
#8052 = AXIS2_PLACEMENT_3D('',#8053,#8054,#8055);
#8053 = CARTESIAN_POINT('',(0.,0.,1.E-02));
#8054 = DIRECTION('',(0.,0.,1.));
#8055 = DIRECTION('',(1.,0.,-0.));
#8056 = PCURVE('',#7275,#8057);
#8057 = DEFINITIONAL_REPRESENTATION('',(#8058),#8062);
#8058 = LINE('',#8059,#8060);
#8059 = CARTESIAN_POINT('',(0.,1.E-02));
#8060 = VECTOR('',#8061,1.);
#8061 = DIRECTION('',(1.,0.));
#8062 = ( GEOMETRIC_REPRESENTATION_CONTEXT(2) 
PARAMETRIC_REPRESENTATION_CONTEXT() REPRESENTATION_CONTEXT('2D SPACE',''
  ) );
#8063 = PCURVE('',#7339,#8064);
#8064 = DEFINITIONAL_REPRESENTATION('',(#8065),#8069);
#8065 = CIRCLE('',#8066,6.E-02);
#8066 = AXIS2_PLACEMENT_2D('',#8067,#8068);
#8067 = CARTESIAN_POINT('',(0.,0.));
#8068 = DIRECTION('',(1.,0.));
#8069 = ( GEOMETRIC_REPRESENTATION_CONTEXT(2) 
PARAMETRIC_REPRESENTATION_CONTEXT() REPRESENTATION_CONTEXT('2D SPACE',''
  ) );
#8070 = ORIENTED_EDGE('',*,*,#8071,.F.);
#8071 = EDGE_CURVE('',#7267,#8048,#8072,.T.);
#8072 = SURFACE_CURVE('',#8073,(#8078,#8085),.PCURVE_S1.);
#8073 = CIRCLE('',#8074,6.E-02);
#8074 = AXIS2_PLACEMENT_3D('',#8075,#8076,#8077);
#8075 = CARTESIAN_POINT('',(0.,0.,1.E-02));
#8076 = DIRECTION('',(0.,0.,1.));
#8077 = DIRECTION('',(1.,0.,-0.));
#8078 = PCURVE('',#7275,#8079);
#8079 = DEFINITIONAL_REPRESENTATION('',(#8080),#8084);
#8080 = LINE('',#8081,#8082);
#8081 = CARTESIAN_POINT('',(0.,1.E-02));
#8082 = VECTOR('',#8083,1.);
#8083 = DIRECTION('',(1.,0.));
#8084 = ( GEOMETRIC_REPRESENTATION_CONTEXT(2) 
PARAMETRIC_REPRESENTATION_CONTEXT() REPRESENTATION_CONTEXT('2D SPACE',''
  ) );
#8085 = PCURVE('',#8086,#8091);
#8086 = CYLINDRICAL_SURFACE('',#8087,6.E-02);
#8087 = AXIS2_PLACEMENT_3D('',#8088,#8089,#8090);
#8088 = CARTESIAN_POINT('',(0.,0.,1.E-02));
#8089 = DIRECTION('',(0.,0.,1.));
#8090 = DIRECTION('',(1.,0.,0.));
#8091 = DEFINITIONAL_REPRESENTATION('',(#8092),#8095);
#8092 = B_SPLINE_CURVE_WITH_KNOTS('',1,(#8093,#8094),.UNSPECIFIED.,.F.,
  .F.,(2,2),(0.,0.282743338823),.PIECEWISE_BEZIER_KNOTS.);
#8093 = CARTESIAN_POINT('',(0.,0.));
#8094 = CARTESIAN_POINT('',(0.282743338823,0.));
#8095 = ( GEOMETRIC_REPRESENTATION_CONTEXT(2) 
PARAMETRIC_REPRESENTATION_CONTEXT() REPRESENTATION_CONTEXT('2D SPACE',''
  ) );
#8096 = ORIENTED_EDGE('',*,*,#7264,.F.);
#8097 = ORIENTED_EDGE('',*,*,#8098,.T.);
#8098 = EDGE_CURVE('',#7265,#7265,#8099,.T.);
#8099 = SURFACE_CURVE('',#8100,(#8105,#8112),.PCURVE_S1.);
#8100 = CIRCLE('',#8101,6.E-02);
#8101 = AXIS2_PLACEMENT_3D('',#8102,#8103,#8104);
#8102 = CARTESIAN_POINT('',(0.,0.,0.));
#8103 = DIRECTION('',(0.,0.,1.));
#8104 = DIRECTION('',(1.,0.,-0.));
#8105 = PCURVE('',#7275,#8106);
#8106 = DEFINITIONAL_REPRESENTATION('',(#8107),#8111);
#8107 = LINE('',#8108,#8109);
#8108 = CARTESIAN_POINT('',(0.,0.));
#8109 = VECTOR('',#8110,1.);
#8110 = DIRECTION('',(1.,0.));
#8111 = ( GEOMETRIC_REPRESENTATION_CONTEXT(2) 
PARAMETRIC_REPRESENTATION_CONTEXT() REPRESENTATION_CONTEXT('2D SPACE',''
  ) );
#8112 = PCURVE('',#8113,#8118);
#8113 = PLANE('',#8114);
#8114 = AXIS2_PLACEMENT_3D('',#8115,#8116,#8117);
#8115 = CARTESIAN_POINT('',(0.,0.,0.));
#8116 = DIRECTION('',(0.,0.,1.));
#8117 = DIRECTION('',(1.,0.,-0.));
#8118 = DEFINITIONAL_REPRESENTATION('',(#8119),#8123);
#8119 = CIRCLE('',#8120,6.E-02);
#8120 = AXIS2_PLACEMENT_2D('',#8121,#8122);
#8121 = CARTESIAN_POINT('',(0.,0.));
#8122 = DIRECTION('',(1.,0.));
#8123 = ( GEOMETRIC_REPRESENTATION_CONTEXT(2) 
PARAMETRIC_REPRESENTATION_CONTEXT() REPRESENTATION_CONTEXT('2D SPACE',''
  ) );
#8124 = ADVANCED_FACE('',(#8125),#8113,.F.);
#8125 = FACE_BOUND('',#8126,.T.);
#8126 = EDGE_LOOP('',(#8127));
#8127 = ORIENTED_EDGE('',*,*,#8098,.F.);
#8128 = ADVANCED_FACE('',(#8129),#8086,.T.);
#8129 = FACE_BOUND('',#8130,.T.);
#8130 = EDGE_LOOP('',(#8131,#8162,#8183,#8184));
#8131 = ORIENTED_EDGE('',*,*,#8132,.F.);
#8132 = EDGE_CURVE('',#8133,#8135,#8137,.T.);
#8133 = VERTEX_POINT('',#8134);
#8134 = CARTESIAN_POINT('',(6.E-02,-1.469576158977E-17,2.E-02));
#8135 = VERTEX_POINT('',#8136);
#8136 = CARTESIAN_POINT('',(5.761762114062E-02,1.673946636235E-02,2.E-02
    ));
#8137 = SURFACE_CURVE('',#8138,(#8143,#8150),.PCURVE_S1.);
#8138 = CIRCLE('',#8139,6.E-02);
#8139 = AXIS2_PLACEMENT_3D('',#8140,#8141,#8142);
#8140 = CARTESIAN_POINT('',(0.,0.,2.E-02));
#8141 = DIRECTION('',(0.,0.,1.));
#8142 = DIRECTION('',(1.,0.,0.));
#8143 = PCURVE('',#8086,#8144);
#8144 = DEFINITIONAL_REPRESENTATION('',(#8145),#8149);
#8145 = LINE('',#8146,#8147);
#8146 = CARTESIAN_POINT('',(0.,1.E-02));
#8147 = VECTOR('',#8148,1.);
#8148 = DIRECTION('',(1.,0.));
#8149 = ( GEOMETRIC_REPRESENTATION_CONTEXT(2) 
PARAMETRIC_REPRESENTATION_CONTEXT() REPRESENTATION_CONTEXT('2D SPACE',''
  ) );
#8150 = PCURVE('',#8151,#8156);
#8151 = PLANE('',#8152);
#8152 = AXIS2_PLACEMENT_3D('',#8153,#8154,#8155);
#8153 = CARTESIAN_POINT('',(0.,0.,2.E-02));
#8154 = DIRECTION('',(0.,0.,1.));
#8155 = DIRECTION('',(1.,0.,0.));
#8156 = DEFINITIONAL_REPRESENTATION('',(#8157),#8161);
#8157 = CIRCLE('',#8158,6.E-02);
#8158 = AXIS2_PLACEMENT_2D('',#8159,#8160);
#8159 = CARTESIAN_POINT('',(0.,0.));
#8160 = DIRECTION('',(1.,0.));
#8161 = ( GEOMETRIC_REPRESENTATION_CONTEXT(2) 
PARAMETRIC_REPRESENTATION_CONTEXT() REPRESENTATION_CONTEXT('2D SPACE',''
  ) );
#8162 = ORIENTED_EDGE('',*,*,#8163,.F.);
#8163 = EDGE_CURVE('',#7267,#8133,#8164,.T.);
#8164 = SURFACE_CURVE('',#8165,(#8169,#8176),.PCURVE_S1.);
#8165 = LINE('',#8166,#8167);
#8166 = CARTESIAN_POINT('',(6.E-02,-1.469576158977E-17,1.E-02));
#8167 = VECTOR('',#8168,1.);
#8168 = DIRECTION('',(0.,0.,1.));
#8169 = PCURVE('',#8086,#8170);
#8170 = DEFINITIONAL_REPRESENTATION('',(#8171),#8175);
#8171 = LINE('',#8172,#8173);
#8172 = CARTESIAN_POINT('',(0.,-0.));
#8173 = VECTOR('',#8174,1.);
#8174 = DIRECTION('',(0.,1.));
#8175 = ( GEOMETRIC_REPRESENTATION_CONTEXT(2) 
PARAMETRIC_REPRESENTATION_CONTEXT() REPRESENTATION_CONTEXT('2D SPACE',''
  ) );
#8176 = PCURVE('',#7311,#8177);
#8177 = DEFINITIONAL_REPRESENTATION('',(#8178),#8182);
#8178 = LINE('',#8179,#8180);
#8179 = CARTESIAN_POINT('',(6.28318530718,-0.));
#8180 = VECTOR('',#8181,1.);
#8181 = DIRECTION('',(0.,1.));
#8182 = ( GEOMETRIC_REPRESENTATION_CONTEXT(2) 
PARAMETRIC_REPRESENTATION_CONTEXT() REPRESENTATION_CONTEXT('2D SPACE',''
  ) );
#8183 = ORIENTED_EDGE('',*,*,#8071,.T.);
#8184 = ORIENTED_EDGE('',*,*,#8185,.T.);
#8185 = EDGE_CURVE('',#8048,#8135,#8186,.T.);
#8186 = SURFACE_CURVE('',#8187,(#8191,#8198),.PCURVE_S1.);
#8187 = LINE('',#8188,#8189);
#8188 = CARTESIAN_POINT('',(5.761762114062E-02,1.673946636235E-02,1.E-02
    ));
#8189 = VECTOR('',#8190,1.);
#8190 = DIRECTION('',(0.,0.,1.));
#8191 = PCURVE('',#8086,#8192);
#8192 = DEFINITIONAL_REPRESENTATION('',(#8193),#8197);
#8193 = LINE('',#8194,#8195);
#8194 = CARTESIAN_POINT('',(0.282743338823,0.));
#8195 = VECTOR('',#8196,1.);
#8196 = DIRECTION('',(0.,1.));
#8197 = ( GEOMETRIC_REPRESENTATION_CONTEXT(2) 
PARAMETRIC_REPRESENTATION_CONTEXT() REPRESENTATION_CONTEXT('2D SPACE',''
  ) );
#8198 = PCURVE('',#8199,#8204);
#8199 = PLANE('',#8200);
#8200 = AXIS2_PLACEMENT_3D('',#8201,#8202,#8203);
#8201 = CARTESIAN_POINT('',(-0.172852863422,-5.021839908706E-02,-0.17));
#8202 = DIRECTION('',(-0.278991106039,0.960293685677,0.));
#8203 = DIRECTION('',(0.,0.,1.));
#8204 = DEFINITIONAL_REPRESENTATION('',(#8205),#8209);
#8205 = LINE('',#8206,#8207);
#8206 = CARTESIAN_POINT('',(0.18,0.24));
#8207 = VECTOR('',#8208,1.);
#8208 = DIRECTION('',(1.,0.));
#8209 = ( GEOMETRIC_REPRESENTATION_CONTEXT(2) 
PARAMETRIC_REPRESENTATION_CONTEXT() REPRESENTATION_CONTEXT('2D SPACE',''
  ) );
#8210 = ADVANCED_FACE('',(#8211),#7339,.T.);
#8211 = FACE_BOUND('',#8212,.T.);
#8212 = EDGE_LOOP('',(#8213,#8236,#8237,#8265,#8294,#8323,#8349,#8350,
    #8378,#8407,#8436,#8462,#8463,#8491,#8520,#8549,#8575,#8576,#8604,
    #8633,#8662,#8688,#8689,#8717,#8746,#8775,#8801,#8802,#8830,#8859,
    #8888,#8914,#8915,#8943,#8972,#9001,#9027,#9028,#9056,#9085,#9114,
    #9140,#9141,#9169,#9198,#9227,#9253,#9254,#9282,#9311));
#8213 = ORIENTED_EDGE('',*,*,#8214,.F.);
#8214 = EDGE_CURVE('',#8048,#8215,#8217,.T.);
#8215 = VERTEX_POINT('',#8216);
#8216 = CARTESIAN_POINT('',(2.880881057031E-02,8.369733181177E-03,1.E-02
    ));
#8217 = SURFACE_CURVE('',#8218,(#8222,#8229),.PCURVE_S1.);
#8218 = LINE('',#8219,#8220);
#8219 = CARTESIAN_POINT('',(-8.642643171092E-02,-2.510919954353E-02,
    1.E-02));
#8220 = VECTOR('',#8221,1.);
#8221 = DIRECTION('',(-0.960293685677,-0.278991106039,0.));
#8222 = PCURVE('',#7339,#8223);
#8223 = DEFINITIONAL_REPRESENTATION('',(#8224),#8228);
#8224 = LINE('',#8225,#8226);
#8225 = CARTESIAN_POINT('',(-8.642643171092E-02,-2.510919954353E-02));
#8226 = VECTOR('',#8227,1.);
#8227 = DIRECTION('',(-0.960293685677,-0.278991106039));
#8228 = ( GEOMETRIC_REPRESENTATION_CONTEXT(2) 
PARAMETRIC_REPRESENTATION_CONTEXT() REPRESENTATION_CONTEXT('2D SPACE',''
  ) );
#8229 = PCURVE('',#8199,#8230);
#8230 = DEFINITIONAL_REPRESENTATION('',(#8231),#8235);
#8231 = LINE('',#8232,#8233);
#8232 = CARTESIAN_POINT('',(0.18,9.E-02));
#8233 = VECTOR('',#8234,1.);
#8234 = DIRECTION('',(0.,-1.));
#8235 = ( GEOMETRIC_REPRESENTATION_CONTEXT(2) 
PARAMETRIC_REPRESENTATION_CONTEXT() REPRESENTATION_CONTEXT('2D SPACE',''
  ) );
#8236 = ORIENTED_EDGE('',*,*,#8047,.T.);
#8237 = ORIENTED_EDGE('',*,*,#8238,.T.);
#8238 = EDGE_CURVE('',#8020,#8239,#8241,.T.);
#8239 = VERTEX_POINT('',#8240);
#8240 = CARTESIAN_POINT('',(2.822642306863E-02,1.016213760736E-02,1.E-02
    ));
#8241 = SURFACE_CURVE('',#8242,(#8246,#8253),.PCURVE_S1.);
#8242 = LINE('',#8243,#8244);
#8243 = CARTESIAN_POINT('',(-8.467926920588E-02,-3.048641282208E-02,
    1.E-02));
#8244 = VECTOR('',#8245,1.);
#8245 = DIRECTION('',(-0.940880768954,-0.338737920245,0.));
#8246 = PCURVE('',#7339,#8247);
#8247 = DEFINITIONAL_REPRESENTATION('',(#8248),#8252);
#8248 = LINE('',#8249,#8250);
#8249 = CARTESIAN_POINT('',(-8.467926920588E-02,-3.048641282208E-02));
#8250 = VECTOR('',#8251,1.);
#8251 = DIRECTION('',(-0.940880768954,-0.338737920245));
#8252 = ( GEOMETRIC_REPRESENTATION_CONTEXT(2) 
PARAMETRIC_REPRESENTATION_CONTEXT() REPRESENTATION_CONTEXT('2D SPACE',''
  ) );
#8253 = PCURVE('',#8254,#8259);
#8254 = PLANE('',#8255);
#8255 = AXIS2_PLACEMENT_3D('',#8256,#8257,#8258);
#8256 = CARTESIAN_POINT('',(-0.169358538412,-6.097282564415E-02,-0.17));
#8257 = DIRECTION('',(-0.338737920245,0.940880768954,0.));
#8258 = DIRECTION('',(0.,0.,1.));
#8259 = DEFINITIONAL_REPRESENTATION('',(#8260),#8264);
#8260 = LINE('',#8261,#8262);
#8261 = CARTESIAN_POINT('',(0.18,9.E-02));
#8262 = VECTOR('',#8263,1.);
#8263 = DIRECTION('',(0.,-1.));
#8264 = ( GEOMETRIC_REPRESENTATION_CONTEXT(2) 
PARAMETRIC_REPRESENTATION_CONTEXT() REPRESENTATION_CONTEXT('2D SPACE',''
  ) );
#8265 = ORIENTED_EDGE('',*,*,#8266,.T.);
#8266 = EDGE_CURVE('',#8239,#8267,#8269,.T.);
#8267 = VERTEX_POINT('',#8268);
#8268 = CARTESIAN_POINT('',(2.427050983125E-02,1.763355756877E-02,1.E-02
    ));
#8269 = SURFACE_CURVE('',#8270,(#8275,#8282),.PCURVE_S1.);
#8270 = CIRCLE('',#8271,3.E-02);
#8271 = AXIS2_PLACEMENT_3D('',#8272,#8273,#8274);
#8272 = CARTESIAN_POINT('',(0.,0.,1.E-02));
#8273 = DIRECTION('',(0.,-0.,1.));
#8274 = DIRECTION('',(0.809016994375,0.587785252292,0.));
#8275 = PCURVE('',#7339,#8276);
#8276 = DEFINITIONAL_REPRESENTATION('',(#8277),#8281);
#8277 = CIRCLE('',#8278,3.E-02);
#8278 = AXIS2_PLACEMENT_2D('',#8279,#8280);
#8279 = CARTESIAN_POINT('',(0.,0.));
#8280 = DIRECTION('',(0.809016994375,0.587785252292));
#8281 = ( GEOMETRIC_REPRESENTATION_CONTEXT(2) 
PARAMETRIC_REPRESENTATION_CONTEXT() REPRESENTATION_CONTEXT('2D SPACE',''
  ) );
#8282 = PCURVE('',#8283,#8288);
#8283 = CYLINDRICAL_SURFACE('',#8284,3.E-02);
#8284 = AXIS2_PLACEMENT_3D('',#8285,#8286,#8287);
#8285 = CARTESIAN_POINT('',(0.,0.,1.E-02));
#8286 = DIRECTION('',(0.,0.,1.));
#8287 = DIRECTION('',(0.809016994375,0.587785252292,0.));
#8288 = DEFINITIONAL_REPRESENTATION('',(#8289),#8293);
#8289 = LINE('',#8290,#8291);
#8290 = CARTESIAN_POINT('',(0.,0.));
#8291 = VECTOR('',#8292,1.);
#8292 = DIRECTION('',(1.,0.));
#8293 = ( GEOMETRIC_REPRESENTATION_CONTEXT(2) 
PARAMETRIC_REPRESENTATION_CONTEXT() REPRESENTATION_CONTEXT('2D SPACE',''
  ) );
#8294 = ORIENTED_EDGE('',*,*,#8295,.T.);
#8295 = EDGE_CURVE('',#8267,#8296,#8298,.T.);
#8296 = VERTEX_POINT('',#8297);
#8297 = CARTESIAN_POINT('',(1.838721160959E-02,2.370465037127E-02,1.E-02
    ));
#8298 = SURFACE_CURVE('',#8299,(#8304,#8311),.PCURVE_S1.);
#8299 = CIRCLE('',#8300,3.E-02);
#8300 = AXIS2_PLACEMENT_3D('',#8301,#8302,#8303);
#8301 = CARTESIAN_POINT('',(0.,0.,1.E-02));
#8302 = DIRECTION('',(0.,-0.,1.));
#8303 = DIRECTION('',(0.809016994375,0.587785252292,0.));
#8304 = PCURVE('',#7339,#8305);
#8305 = DEFINITIONAL_REPRESENTATION('',(#8306),#8310);
#8306 = CIRCLE('',#8307,3.E-02);
#8307 = AXIS2_PLACEMENT_2D('',#8308,#8309);
#8308 = CARTESIAN_POINT('',(0.,0.));
#8309 = DIRECTION('',(0.809016994375,0.587785252292));
#8310 = ( GEOMETRIC_REPRESENTATION_CONTEXT(2) 
PARAMETRIC_REPRESENTATION_CONTEXT() REPRESENTATION_CONTEXT('2D SPACE',''
  ) );
#8311 = PCURVE('',#8312,#8317);
#8312 = CYLINDRICAL_SURFACE('',#8313,3.E-02);
#8313 = AXIS2_PLACEMENT_3D('',#8314,#8315,#8316);
#8314 = CARTESIAN_POINT('',(0.,0.,1.E-02));
#8315 = DIRECTION('',(0.,0.,1.));
#8316 = DIRECTION('',(0.809016994375,0.587785252292,0.));
#8317 = DEFINITIONAL_REPRESENTATION('',(#8318),#8322);
#8318 = LINE('',#8319,#8320);
#8319 = CARTESIAN_POINT('',(0.,0.));
#8320 = VECTOR('',#8321,1.);
#8321 = DIRECTION('',(1.,0.));
#8322 = ( GEOMETRIC_REPRESENTATION_CONTEXT(2) 
PARAMETRIC_REPRESENTATION_CONTEXT() REPRESENTATION_CONTEXT('2D SPACE',''
  ) );
#8323 = ORIENTED_EDGE('',*,*,#8324,.F.);
#8324 = EDGE_CURVE('',#7968,#8296,#8325,.T.);
#8325 = SURFACE_CURVE('',#8326,(#8330,#8337),.PCURVE_S1.);
#8326 = LINE('',#8327,#8328);
#8327 = CARTESIAN_POINT('',(-5.516163482877E-02,-7.111395111381E-02,
    1.E-02));
#8328 = VECTOR('',#8329,1.);
#8329 = DIRECTION('',(-0.612907053653,-0.790155012376,0.));
#8330 = PCURVE('',#7339,#8331);
#8331 = DEFINITIONAL_REPRESENTATION('',(#8332),#8336);
#8332 = LINE('',#8333,#8334);
#8333 = CARTESIAN_POINT('',(-5.516163482877E-02,-7.111395111381E-02));
#8334 = VECTOR('',#8335,1.);
#8335 = DIRECTION('',(-0.612907053653,-0.790155012376));
#8336 = ( GEOMETRIC_REPRESENTATION_CONTEXT(2) 
PARAMETRIC_REPRESENTATION_CONTEXT() REPRESENTATION_CONTEXT('2D SPACE',''
  ) );
#8337 = PCURVE('',#8338,#8343);
#8338 = PLANE('',#8339);
#8339 = AXIS2_PLACEMENT_3D('',#8340,#8341,#8342);
#8340 = CARTESIAN_POINT('',(-0.110323269658,-0.142227902228,-0.17));
#8341 = DIRECTION('',(-0.790155012376,0.612907053653,0.));
#8342 = DIRECTION('',(0.,0.,1.));
#8343 = DEFINITIONAL_REPRESENTATION('',(#8344),#8348);
#8344 = LINE('',#8345,#8346);
#8345 = CARTESIAN_POINT('',(0.18,9.E-02));
#8346 = VECTOR('',#8347,1.);
#8347 = DIRECTION('',(0.,-1.));
#8348 = ( GEOMETRIC_REPRESENTATION_CONTEXT(2) 
PARAMETRIC_REPRESENTATION_CONTEXT() REPRESENTATION_CONTEXT('2D SPACE',''
  ) );
#8349 = ORIENTED_EDGE('',*,*,#7967,.T.);
#8350 = ORIENTED_EDGE('',*,*,#8351,.T.);
#8351 = EDGE_CURVE('',#7940,#8352,#8354,.T.);
#8352 = VERTEX_POINT('',#8353);
#8353 = CARTESIAN_POINT('',(1.686250133556E-02,2.481241722824E-02,1.E-02
    ));
#8354 = SURFACE_CURVE('',#8355,(#8359,#8366),.PCURVE_S1.);
#8355 = LINE('',#8356,#8357);
#8356 = CARTESIAN_POINT('',(-5.058750400669E-02,-7.443725168471E-02,
    1.E-02));
#8357 = VECTOR('',#8358,1.);
#8358 = DIRECTION('',(-0.562083377852,-0.827080574275,0.));
#8359 = PCURVE('',#7339,#8360);
#8360 = DEFINITIONAL_REPRESENTATION('',(#8361),#8365);
#8361 = LINE('',#8362,#8363);
#8362 = CARTESIAN_POINT('',(-5.058750400669E-02,-7.443725168471E-02));
#8363 = VECTOR('',#8364,1.);
#8364 = DIRECTION('',(-0.562083377852,-0.827080574275));
#8365 = ( GEOMETRIC_REPRESENTATION_CONTEXT(2) 
PARAMETRIC_REPRESENTATION_CONTEXT() REPRESENTATION_CONTEXT('2D SPACE',''
  ) );
#8366 = PCURVE('',#8367,#8372);
#8367 = PLANE('',#8368);
#8368 = AXIS2_PLACEMENT_3D('',#8369,#8370,#8371);
#8369 = CARTESIAN_POINT('',(-0.101175008013,-0.148874503369,-0.17));
#8370 = DIRECTION('',(-0.827080574275,0.562083377852,0.));
#8371 = DIRECTION('',(0.,0.,1.));
#8372 = DEFINITIONAL_REPRESENTATION('',(#8373),#8377);
#8373 = LINE('',#8374,#8375);
#8374 = CARTESIAN_POINT('',(0.18,9.E-02));
#8375 = VECTOR('',#8376,1.);
#8376 = DIRECTION('',(0.,-1.));
#8377 = ( GEOMETRIC_REPRESENTATION_CONTEXT(2) 
PARAMETRIC_REPRESENTATION_CONTEXT() REPRESENTATION_CONTEXT('2D SPACE',''
  ) );
#8378 = ORIENTED_EDGE('',*,*,#8379,.T.);
#8379 = EDGE_CURVE('',#8352,#8380,#8382,.T.);
#8380 = VERTEX_POINT('',#8381);
#8381 = CARTESIAN_POINT('',(9.270509831248E-03,2.853169548885E-02,1.E-02
    ));
#8382 = SURFACE_CURVE('',#8383,(#8388,#8395),.PCURVE_S1.);
#8383 = CIRCLE('',#8384,3.E-02);
#8384 = AXIS2_PLACEMENT_3D('',#8385,#8386,#8387);
#8385 = CARTESIAN_POINT('',(0.,0.,1.E-02));
#8386 = DIRECTION('',(0.,-0.,1.));
#8387 = DIRECTION('',(0.309016994375,0.951056516295,0.));
#8388 = PCURVE('',#7339,#8389);
#8389 = DEFINITIONAL_REPRESENTATION('',(#8390),#8394);
#8390 = CIRCLE('',#8391,3.E-02);
#8391 = AXIS2_PLACEMENT_2D('',#8392,#8393);
#8392 = CARTESIAN_POINT('',(0.,0.));
#8393 = DIRECTION('',(0.309016994375,0.951056516295));
#8394 = ( GEOMETRIC_REPRESENTATION_CONTEXT(2) 
PARAMETRIC_REPRESENTATION_CONTEXT() REPRESENTATION_CONTEXT('2D SPACE',''
  ) );
#8395 = PCURVE('',#8396,#8401);
#8396 = CYLINDRICAL_SURFACE('',#8397,3.E-02);
#8397 = AXIS2_PLACEMENT_3D('',#8398,#8399,#8400);
#8398 = CARTESIAN_POINT('',(0.,0.,1.E-02));
#8399 = DIRECTION('',(0.,0.,1.));
#8400 = DIRECTION('',(0.309016994375,0.951056516295,0.));
#8401 = DEFINITIONAL_REPRESENTATION('',(#8402),#8406);
#8402 = LINE('',#8403,#8404);
#8403 = CARTESIAN_POINT('',(0.,0.));
#8404 = VECTOR('',#8405,1.);
#8405 = DIRECTION('',(1.,0.));
#8406 = ( GEOMETRIC_REPRESENTATION_CONTEXT(2) 
PARAMETRIC_REPRESENTATION_CONTEXT() REPRESENTATION_CONTEXT('2D SPACE',''
  ) );
#8407 = ORIENTED_EDGE('',*,*,#8408,.T.);
#8408 = EDGE_CURVE('',#8380,#8409,#8411,.T.);
#8409 = VERTEX_POINT('',#8410);
#8410 = CARTESIAN_POINT('',(9.423227723439E-04,2.998519681097E-02,1.E-02
    ));
#8411 = SURFACE_CURVE('',#8412,(#8417,#8424),.PCURVE_S1.);
#8412 = CIRCLE('',#8413,3.E-02);
#8413 = AXIS2_PLACEMENT_3D('',#8414,#8415,#8416);
#8414 = CARTESIAN_POINT('',(0.,0.,1.E-02));
#8415 = DIRECTION('',(0.,-0.,1.));
#8416 = DIRECTION('',(0.309016994375,0.951056516295,0.));
#8417 = PCURVE('',#7339,#8418);
#8418 = DEFINITIONAL_REPRESENTATION('',(#8419),#8423);
#8419 = CIRCLE('',#8420,3.E-02);
#8420 = AXIS2_PLACEMENT_2D('',#8421,#8422);
#8421 = CARTESIAN_POINT('',(0.,0.));
#8422 = DIRECTION('',(0.309016994375,0.951056516295));
#8423 = ( GEOMETRIC_REPRESENTATION_CONTEXT(2) 
PARAMETRIC_REPRESENTATION_CONTEXT() REPRESENTATION_CONTEXT('2D SPACE',''
  ) );
#8424 = PCURVE('',#8425,#8430);
#8425 = CYLINDRICAL_SURFACE('',#8426,3.E-02);
#8426 = AXIS2_PLACEMENT_3D('',#8427,#8428,#8429);
#8427 = CARTESIAN_POINT('',(0.,0.,1.E-02));
#8428 = DIRECTION('',(0.,0.,1.));
#8429 = DIRECTION('',(0.309016994375,0.951056516295,0.));
#8430 = DEFINITIONAL_REPRESENTATION('',(#8431),#8435);
#8431 = LINE('',#8432,#8433);
#8432 = CARTESIAN_POINT('',(0.,0.));
#8433 = VECTOR('',#8434,1.);
#8434 = DIRECTION('',(1.,0.));
#8435 = ( GEOMETRIC_REPRESENTATION_CONTEXT(2) 
PARAMETRIC_REPRESENTATION_CONTEXT() REPRESENTATION_CONTEXT('2D SPACE',''
  ) );
#8436 = ORIENTED_EDGE('',*,*,#8437,.F.);
#8437 = EDGE_CURVE('',#7888,#8409,#8438,.T.);
#8438 = SURFACE_CURVE('',#8439,(#8443,#8450),.PCURVE_S1.);
#8439 = LINE('',#8440,#8441);
#8440 = CARTESIAN_POINT('',(-2.826968317032E-03,-8.995559043292E-02,
    1.E-02));
#8441 = VECTOR('',#8442,1.);
#8442 = DIRECTION('',(-3.141075907813E-02,-0.999506560366,0.));
#8443 = PCURVE('',#7339,#8444);
#8444 = DEFINITIONAL_REPRESENTATION('',(#8445),#8449);
#8445 = LINE('',#8446,#8447);
#8446 = CARTESIAN_POINT('',(-2.826968317032E-03,-8.995559043292E-02));
#8447 = VECTOR('',#8448,1.);
#8448 = DIRECTION('',(-3.141075907813E-02,-0.999506560366));
#8449 = ( GEOMETRIC_REPRESENTATION_CONTEXT(2) 
PARAMETRIC_REPRESENTATION_CONTEXT() REPRESENTATION_CONTEXT('2D SPACE',''
  ) );
#8450 = PCURVE('',#8451,#8456);
#8451 = PLANE('',#8452);
#8452 = AXIS2_PLACEMENT_3D('',#8453,#8454,#8455);
#8453 = CARTESIAN_POINT('',(-5.653936634063E-03,-0.179911180866,-0.17));
#8454 = DIRECTION('',(-0.999506560366,3.141075907813E-02,0.));
#8455 = DIRECTION('',(0.,0.,1.));
#8456 = DEFINITIONAL_REPRESENTATION('',(#8457),#8461);
#8457 = LINE('',#8458,#8459);
#8458 = CARTESIAN_POINT('',(0.18,9.E-02));
#8459 = VECTOR('',#8460,1.);
#8460 = DIRECTION('',(0.,-1.));
#8461 = ( GEOMETRIC_REPRESENTATION_CONTEXT(2) 
PARAMETRIC_REPRESENTATION_CONTEXT() REPRESENTATION_CONTEXT('2D SPACE',''
  ) );
#8462 = ORIENTED_EDGE('',*,*,#7887,.T.);
#8463 = ORIENTED_EDGE('',*,*,#8464,.T.);
#8464 = EDGE_CURVE('',#7860,#8465,#8467,.T.);
#8465 = VERTEX_POINT('',#8466);
#8466 = CARTESIAN_POINT('',(-9.423227723438E-04,2.998519681097E-02,
    1.E-02));
#8467 = SURFACE_CURVE('',#8468,(#8472,#8479),.PCURVE_S1.);
#8468 = LINE('',#8469,#8470);
#8469 = CARTESIAN_POINT('',(2.826968317032E-03,-8.995559043292E-02,
    1.E-02));
#8470 = VECTOR('',#8471,1.);
#8471 = DIRECTION('',(3.141075907813E-02,-0.999506560366,0.));
#8472 = PCURVE('',#7339,#8473);
#8473 = DEFINITIONAL_REPRESENTATION('',(#8474),#8478);
#8474 = LINE('',#8475,#8476);
#8475 = CARTESIAN_POINT('',(2.826968317032E-03,-8.995559043292E-02));
#8476 = VECTOR('',#8477,1.);
#8477 = DIRECTION('',(3.141075907813E-02,-0.999506560366));
#8478 = ( GEOMETRIC_REPRESENTATION_CONTEXT(2) 
PARAMETRIC_REPRESENTATION_CONTEXT() REPRESENTATION_CONTEXT('2D SPACE',''
  ) );
#8479 = PCURVE('',#8480,#8485);
#8480 = PLANE('',#8481);
#8481 = AXIS2_PLACEMENT_3D('',#8482,#8483,#8484);
#8482 = CARTESIAN_POINT('',(5.653936634063E-03,-0.179911180866,-0.17));
#8483 = DIRECTION('',(-0.999506560366,-3.141075907813E-02,0.));
#8484 = DIRECTION('',(0.,0.,1.));
#8485 = DEFINITIONAL_REPRESENTATION('',(#8486),#8490);
#8486 = LINE('',#8487,#8488);
#8487 = CARTESIAN_POINT('',(0.18,9.E-02));
#8488 = VECTOR('',#8489,1.);
#8489 = DIRECTION('',(0.,-1.));
#8490 = ( GEOMETRIC_REPRESENTATION_CONTEXT(2) 
PARAMETRIC_REPRESENTATION_CONTEXT() REPRESENTATION_CONTEXT('2D SPACE',''
  ) );
#8491 = ORIENTED_EDGE('',*,*,#8492,.T.);
#8492 = EDGE_CURVE('',#8465,#8493,#8495,.T.);
#8493 = VERTEX_POINT('',#8494);
#8494 = CARTESIAN_POINT('',(-9.270509831248E-03,2.853169548885E-02,
    1.E-02));
#8495 = SURFACE_CURVE('',#8496,(#8501,#8508),.PCURVE_S1.);
#8496 = CIRCLE('',#8497,3.E-02);
#8497 = AXIS2_PLACEMENT_3D('',#8498,#8499,#8500);
#8498 = CARTESIAN_POINT('',(0.,0.,1.E-02));
#8499 = DIRECTION('',(0.,0.,1.));
#8500 = DIRECTION('',(-0.309016994375,0.951056516295,0.));
#8501 = PCURVE('',#7339,#8502);
#8502 = DEFINITIONAL_REPRESENTATION('',(#8503),#8507);
#8503 = CIRCLE('',#8504,3.E-02);
#8504 = AXIS2_PLACEMENT_2D('',#8505,#8506);
#8505 = CARTESIAN_POINT('',(0.,0.));
#8506 = DIRECTION('',(-0.309016994375,0.951056516295));
#8507 = ( GEOMETRIC_REPRESENTATION_CONTEXT(2) 
PARAMETRIC_REPRESENTATION_CONTEXT() REPRESENTATION_CONTEXT('2D SPACE',''
  ) );
#8508 = PCURVE('',#8509,#8514);
#8509 = CYLINDRICAL_SURFACE('',#8510,3.E-02);
#8510 = AXIS2_PLACEMENT_3D('',#8511,#8512,#8513);
#8511 = CARTESIAN_POINT('',(0.,0.,1.E-02));
#8512 = DIRECTION('',(0.,0.,1.));
#8513 = DIRECTION('',(-0.309016994375,0.951056516295,0.));
#8514 = DEFINITIONAL_REPRESENTATION('',(#8515),#8519);
#8515 = LINE('',#8516,#8517);
#8516 = CARTESIAN_POINT('',(0.,0.));
#8517 = VECTOR('',#8518,1.);
#8518 = DIRECTION('',(1.,0.));
#8519 = ( GEOMETRIC_REPRESENTATION_CONTEXT(2) 
PARAMETRIC_REPRESENTATION_CONTEXT() REPRESENTATION_CONTEXT('2D SPACE',''
  ) );
#8520 = ORIENTED_EDGE('',*,*,#8521,.T.);
#8521 = EDGE_CURVE('',#8493,#8522,#8524,.T.);
#8522 = VERTEX_POINT('',#8523);
#8523 = CARTESIAN_POINT('',(-1.686250133556E-02,2.481241722824E-02,
    1.E-02));
#8524 = SURFACE_CURVE('',#8525,(#8530,#8537),.PCURVE_S1.);
#8525 = CIRCLE('',#8526,3.E-02);
#8526 = AXIS2_PLACEMENT_3D('',#8527,#8528,#8529);
#8527 = CARTESIAN_POINT('',(0.,0.,1.E-02));
#8528 = DIRECTION('',(0.,0.,1.));
#8529 = DIRECTION('',(-0.309016994375,0.951056516295,0.));
#8530 = PCURVE('',#7339,#8531);
#8531 = DEFINITIONAL_REPRESENTATION('',(#8532),#8536);
#8532 = CIRCLE('',#8533,3.E-02);
#8533 = AXIS2_PLACEMENT_2D('',#8534,#8535);
#8534 = CARTESIAN_POINT('',(0.,0.));
#8535 = DIRECTION('',(-0.309016994375,0.951056516295));
#8536 = ( GEOMETRIC_REPRESENTATION_CONTEXT(2) 
PARAMETRIC_REPRESENTATION_CONTEXT() REPRESENTATION_CONTEXT('2D SPACE',''
  ) );
#8537 = PCURVE('',#8538,#8543);
#8538 = CYLINDRICAL_SURFACE('',#8539,3.E-02);
#8539 = AXIS2_PLACEMENT_3D('',#8540,#8541,#8542);
#8540 = CARTESIAN_POINT('',(0.,0.,1.E-02));
#8541 = DIRECTION('',(0.,0.,1.));
#8542 = DIRECTION('',(-0.309016994375,0.951056516295,0.));
#8543 = DEFINITIONAL_REPRESENTATION('',(#8544),#8548);
#8544 = LINE('',#8545,#8546);
#8545 = CARTESIAN_POINT('',(0.,0.));
#8546 = VECTOR('',#8547,1.);
#8547 = DIRECTION('',(1.,0.));
#8548 = ( GEOMETRIC_REPRESENTATION_CONTEXT(2) 
PARAMETRIC_REPRESENTATION_CONTEXT() REPRESENTATION_CONTEXT('2D SPACE',''
  ) );
#8549 = ORIENTED_EDGE('',*,*,#8550,.F.);
#8550 = EDGE_CURVE('',#7808,#8522,#8551,.T.);
#8551 = SURFACE_CURVE('',#8552,(#8556,#8563),.PCURVE_S1.);
#8552 = LINE('',#8553,#8554);
#8553 = CARTESIAN_POINT('',(5.058750400669E-02,-7.443725168471E-02,
    1.E-02));
#8554 = VECTOR('',#8555,1.);
#8555 = DIRECTION('',(0.562083377852,-0.827080574275,0.));
#8556 = PCURVE('',#7339,#8557);
#8557 = DEFINITIONAL_REPRESENTATION('',(#8558),#8562);
#8558 = LINE('',#8559,#8560);
#8559 = CARTESIAN_POINT('',(5.058750400669E-02,-7.443725168471E-02));
#8560 = VECTOR('',#8561,1.);
#8561 = DIRECTION('',(0.562083377852,-0.827080574275));
#8562 = ( GEOMETRIC_REPRESENTATION_CONTEXT(2) 
PARAMETRIC_REPRESENTATION_CONTEXT() REPRESENTATION_CONTEXT('2D SPACE',''
  ) );
#8563 = PCURVE('',#8564,#8569);
#8564 = PLANE('',#8565);
#8565 = AXIS2_PLACEMENT_3D('',#8566,#8567,#8568);
#8566 = CARTESIAN_POINT('',(0.101175008013,-0.148874503369,-0.17));
#8567 = DIRECTION('',(-0.827080574275,-0.562083377852,0.));
#8568 = DIRECTION('',(0.,0.,1.));
#8569 = DEFINITIONAL_REPRESENTATION('',(#8570),#8574);
#8570 = LINE('',#8571,#8572);
#8571 = CARTESIAN_POINT('',(0.18,9.E-02));
#8572 = VECTOR('',#8573,1.);
#8573 = DIRECTION('',(0.,-1.));
#8574 = ( GEOMETRIC_REPRESENTATION_CONTEXT(2) 
PARAMETRIC_REPRESENTATION_CONTEXT() REPRESENTATION_CONTEXT('2D SPACE',''
  ) );
#8575 = ORIENTED_EDGE('',*,*,#7807,.T.);
#8576 = ORIENTED_EDGE('',*,*,#8577,.T.);
#8577 = EDGE_CURVE('',#7780,#8578,#8580,.T.);
#8578 = VERTEX_POINT('',#8579);
#8579 = CARTESIAN_POINT('',(-1.838721160959E-02,2.370465037127E-02,
    1.E-02));
#8580 = SURFACE_CURVE('',#8581,(#8585,#8592),.PCURVE_S1.);
#8581 = LINE('',#8582,#8583);
#8582 = CARTESIAN_POINT('',(5.516163482877E-02,-7.111395111381E-02,
    1.E-02));
#8583 = VECTOR('',#8584,1.);
#8584 = DIRECTION('',(0.612907053653,-0.790155012376,0.));
#8585 = PCURVE('',#7339,#8586);
#8586 = DEFINITIONAL_REPRESENTATION('',(#8587),#8591);
#8587 = LINE('',#8588,#8589);
#8588 = CARTESIAN_POINT('',(5.516163482877E-02,-7.111395111381E-02));
#8589 = VECTOR('',#8590,1.);
#8590 = DIRECTION('',(0.612907053653,-0.790155012376));
#8591 = ( GEOMETRIC_REPRESENTATION_CONTEXT(2) 
PARAMETRIC_REPRESENTATION_CONTEXT() REPRESENTATION_CONTEXT('2D SPACE',''
  ) );
#8592 = PCURVE('',#8593,#8598);
#8593 = PLANE('',#8594);
#8594 = AXIS2_PLACEMENT_3D('',#8595,#8596,#8597);
#8595 = CARTESIAN_POINT('',(0.110323269658,-0.142227902228,-0.17));
#8596 = DIRECTION('',(-0.790155012376,-0.612907053653,0.));
#8597 = DIRECTION('',(0.,0.,1.));
#8598 = DEFINITIONAL_REPRESENTATION('',(#8599),#8603);
#8599 = LINE('',#8600,#8601);
#8600 = CARTESIAN_POINT('',(0.18,9.E-02));
#8601 = VECTOR('',#8602,1.);
#8602 = DIRECTION('',(0.,-1.));
#8603 = ( GEOMETRIC_REPRESENTATION_CONTEXT(2) 
PARAMETRIC_REPRESENTATION_CONTEXT() REPRESENTATION_CONTEXT('2D SPACE',''
  ) );
#8604 = ORIENTED_EDGE('',*,*,#8605,.T.);
#8605 = EDGE_CURVE('',#8578,#8606,#8608,.T.);
#8606 = VERTEX_POINT('',#8607);
#8607 = CARTESIAN_POINT('',(-2.427050983125E-02,1.763355756877E-02,
    1.E-02));
#8608 = SURFACE_CURVE('',#8609,(#8614,#8621),.PCURVE_S1.);
#8609 = CIRCLE('',#8610,3.E-02);
#8610 = AXIS2_PLACEMENT_3D('',#8611,#8612,#8613);
#8611 = CARTESIAN_POINT('',(0.,0.,1.E-02));
#8612 = DIRECTION('',(0.,0.,1.));
#8613 = DIRECTION('',(-0.809016994375,0.587785252292,0.));
#8614 = PCURVE('',#7339,#8615);
#8615 = DEFINITIONAL_REPRESENTATION('',(#8616),#8620);
#8616 = CIRCLE('',#8617,3.E-02);
#8617 = AXIS2_PLACEMENT_2D('',#8618,#8619);
#8618 = CARTESIAN_POINT('',(0.,0.));
#8619 = DIRECTION('',(-0.809016994375,0.587785252292));
#8620 = ( GEOMETRIC_REPRESENTATION_CONTEXT(2) 
PARAMETRIC_REPRESENTATION_CONTEXT() REPRESENTATION_CONTEXT('2D SPACE',''
  ) );
#8621 = PCURVE('',#8622,#8627);
#8622 = CYLINDRICAL_SURFACE('',#8623,3.E-02);
#8623 = AXIS2_PLACEMENT_3D('',#8624,#8625,#8626);
#8624 = CARTESIAN_POINT('',(0.,0.,1.E-02));
#8625 = DIRECTION('',(0.,0.,1.));
#8626 = DIRECTION('',(-0.809016994375,0.587785252292,0.));
#8627 = DEFINITIONAL_REPRESENTATION('',(#8628),#8632);
#8628 = LINE('',#8629,#8630);
#8629 = CARTESIAN_POINT('',(0.,0.));
#8630 = VECTOR('',#8631,1.);
#8631 = DIRECTION('',(1.,0.));
#8632 = ( GEOMETRIC_REPRESENTATION_CONTEXT(2) 
PARAMETRIC_REPRESENTATION_CONTEXT() REPRESENTATION_CONTEXT('2D SPACE',''
  ) );
#8633 = ORIENTED_EDGE('',*,*,#8634,.T.);
#8634 = EDGE_CURVE('',#8606,#8635,#8637,.T.);
#8635 = VERTEX_POINT('',#8636);
#8636 = CARTESIAN_POINT('',(-2.822642306863E-02,1.016213760736E-02,
    1.E-02));
#8637 = SURFACE_CURVE('',#8638,(#8643,#8650),.PCURVE_S1.);
#8638 = CIRCLE('',#8639,3.E-02);
#8639 = AXIS2_PLACEMENT_3D('',#8640,#8641,#8642);
#8640 = CARTESIAN_POINT('',(0.,0.,1.E-02));
#8641 = DIRECTION('',(0.,0.,1.));
#8642 = DIRECTION('',(-0.809016994375,0.587785252292,0.));
#8643 = PCURVE('',#7339,#8644);
#8644 = DEFINITIONAL_REPRESENTATION('',(#8645),#8649);
#8645 = CIRCLE('',#8646,3.E-02);
#8646 = AXIS2_PLACEMENT_2D('',#8647,#8648);
#8647 = CARTESIAN_POINT('',(0.,0.));
#8648 = DIRECTION('',(-0.809016994375,0.587785252292));
#8649 = ( GEOMETRIC_REPRESENTATION_CONTEXT(2) 
PARAMETRIC_REPRESENTATION_CONTEXT() REPRESENTATION_CONTEXT('2D SPACE',''
  ) );
#8650 = PCURVE('',#8651,#8656);
#8651 = CYLINDRICAL_SURFACE('',#8652,3.E-02);
#8652 = AXIS2_PLACEMENT_3D('',#8653,#8654,#8655);
#8653 = CARTESIAN_POINT('',(0.,0.,1.E-02));
#8654 = DIRECTION('',(0.,0.,1.));
#8655 = DIRECTION('',(-0.809016994375,0.587785252292,0.));
#8656 = DEFINITIONAL_REPRESENTATION('',(#8657),#8661);
#8657 = LINE('',#8658,#8659);
#8658 = CARTESIAN_POINT('',(0.,0.));
#8659 = VECTOR('',#8660,1.);
#8660 = DIRECTION('',(1.,0.));
#8661 = ( GEOMETRIC_REPRESENTATION_CONTEXT(2) 
PARAMETRIC_REPRESENTATION_CONTEXT() REPRESENTATION_CONTEXT('2D SPACE',''
  ) );
#8662 = ORIENTED_EDGE('',*,*,#8663,.F.);
#8663 = EDGE_CURVE('',#7728,#8635,#8664,.T.);
#8664 = SURFACE_CURVE('',#8665,(#8669,#8676),.PCURVE_S1.);
#8665 = LINE('',#8666,#8667);
#8666 = CARTESIAN_POINT('',(8.467926920588E-02,-3.048641282208E-02,
    1.E-02));
#8667 = VECTOR('',#8668,1.);
#8668 = DIRECTION('',(0.940880768954,-0.338737920245,0.));
#8669 = PCURVE('',#7339,#8670);
#8670 = DEFINITIONAL_REPRESENTATION('',(#8671),#8675);
#8671 = LINE('',#8672,#8673);
#8672 = CARTESIAN_POINT('',(8.467926920588E-02,-3.048641282208E-02));
#8673 = VECTOR('',#8674,1.);
#8674 = DIRECTION('',(0.940880768954,-0.338737920245));
#8675 = ( GEOMETRIC_REPRESENTATION_CONTEXT(2) 
PARAMETRIC_REPRESENTATION_CONTEXT() REPRESENTATION_CONTEXT('2D SPACE',''
  ) );
#8676 = PCURVE('',#8677,#8682);
#8677 = PLANE('',#8678);
#8678 = AXIS2_PLACEMENT_3D('',#8679,#8680,#8681);
#8679 = CARTESIAN_POINT('',(0.169358538412,-6.097282564415E-02,-0.17));
#8680 = DIRECTION('',(-0.338737920245,-0.940880768954,0.));
#8681 = DIRECTION('',(0.,0.,1.));
#8682 = DEFINITIONAL_REPRESENTATION('',(#8683),#8687);
#8683 = LINE('',#8684,#8685);
#8684 = CARTESIAN_POINT('',(0.18,9.E-02));
#8685 = VECTOR('',#8686,1.);
#8686 = DIRECTION('',(0.,-1.));
#8687 = ( GEOMETRIC_REPRESENTATION_CONTEXT(2) 
PARAMETRIC_REPRESENTATION_CONTEXT() REPRESENTATION_CONTEXT('2D SPACE',''
  ) );
#8688 = ORIENTED_EDGE('',*,*,#7727,.T.);
#8689 = ORIENTED_EDGE('',*,*,#8690,.T.);
#8690 = EDGE_CURVE('',#7700,#8691,#8693,.T.);
#8691 = VERTEX_POINT('',#8692);
#8692 = CARTESIAN_POINT('',(-2.880881057031E-02,8.369733181177E-03,
    1.E-02));
#8693 = SURFACE_CURVE('',#8694,(#8698,#8705),.PCURVE_S1.);
#8694 = LINE('',#8695,#8696);
#8695 = CARTESIAN_POINT('',(8.642643171092E-02,-2.510919954353E-02,
    1.E-02));
#8696 = VECTOR('',#8697,1.);
#8697 = DIRECTION('',(0.960293685677,-0.278991106039,0.));
#8698 = PCURVE('',#7339,#8699);
#8699 = DEFINITIONAL_REPRESENTATION('',(#8700),#8704);
#8700 = LINE('',#8701,#8702);
#8701 = CARTESIAN_POINT('',(8.642643171092E-02,-2.510919954353E-02));
#8702 = VECTOR('',#8703,1.);
#8703 = DIRECTION('',(0.960293685677,-0.278991106039));
#8704 = ( GEOMETRIC_REPRESENTATION_CONTEXT(2) 
PARAMETRIC_REPRESENTATION_CONTEXT() REPRESENTATION_CONTEXT('2D SPACE',''
  ) );
#8705 = PCURVE('',#8706,#8711);
#8706 = PLANE('',#8707);
#8707 = AXIS2_PLACEMENT_3D('',#8708,#8709,#8710);
#8708 = CARTESIAN_POINT('',(0.172852863422,-5.021839908706E-02,-0.17));
#8709 = DIRECTION('',(-0.278991106039,-0.960293685677,0.));
#8710 = DIRECTION('',(0.,0.,1.));
#8711 = DEFINITIONAL_REPRESENTATION('',(#8712),#8716);
#8712 = LINE('',#8713,#8714);
#8713 = CARTESIAN_POINT('',(0.18,9.E-02));
#8714 = VECTOR('',#8715,1.);
#8715 = DIRECTION('',(0.,-1.));
#8716 = ( GEOMETRIC_REPRESENTATION_CONTEXT(2) 
PARAMETRIC_REPRESENTATION_CONTEXT() REPRESENTATION_CONTEXT('2D SPACE',''
  ) );
#8717 = ORIENTED_EDGE('',*,*,#8718,.T.);
#8718 = EDGE_CURVE('',#8691,#8719,#8721,.T.);
#8719 = VERTEX_POINT('',#8720);
#8720 = CARTESIAN_POINT('',(-3.E-02,1.102182119233E-17,1.E-02));
#8721 = SURFACE_CURVE('',#8722,(#8727,#8734),.PCURVE_S1.);
#8722 = CIRCLE('',#8723,3.E-02);
#8723 = AXIS2_PLACEMENT_3D('',#8724,#8725,#8726);
#8724 = CARTESIAN_POINT('',(0.,0.,1.E-02));
#8725 = DIRECTION('',(0.,0.,1.));
#8726 = DIRECTION('',(-1.,1.224646799147E-16,0.));
#8727 = PCURVE('',#7339,#8728);
#8728 = DEFINITIONAL_REPRESENTATION('',(#8729),#8733);
#8729 = CIRCLE('',#8730,3.E-02);
#8730 = AXIS2_PLACEMENT_2D('',#8731,#8732);
#8731 = CARTESIAN_POINT('',(0.,0.));
#8732 = DIRECTION('',(-1.,1.224646799147E-16));
#8733 = ( GEOMETRIC_REPRESENTATION_CONTEXT(2) 
PARAMETRIC_REPRESENTATION_CONTEXT() REPRESENTATION_CONTEXT('2D SPACE',''
  ) );
#8734 = PCURVE('',#8735,#8740);
#8735 = CYLINDRICAL_SURFACE('',#8736,3.E-02);
#8736 = AXIS2_PLACEMENT_3D('',#8737,#8738,#8739);
#8737 = CARTESIAN_POINT('',(0.,0.,1.E-02));
#8738 = DIRECTION('',(0.,0.,1.));
#8739 = DIRECTION('',(-1.,1.224646799147E-16,0.));
#8740 = DEFINITIONAL_REPRESENTATION('',(#8741),#8745);
#8741 = LINE('',#8742,#8743);
#8742 = CARTESIAN_POINT('',(0.,0.));
#8743 = VECTOR('',#8744,1.);
#8744 = DIRECTION('',(1.,0.));
#8745 = ( GEOMETRIC_REPRESENTATION_CONTEXT(2) 
PARAMETRIC_REPRESENTATION_CONTEXT() REPRESENTATION_CONTEXT('2D SPACE',''
  ) );
#8746 = ORIENTED_EDGE('',*,*,#8747,.T.);
#8747 = EDGE_CURVE('',#8719,#8748,#8750,.T.);
#8748 = VERTEX_POINT('',#8749);
#8749 = CARTESIAN_POINT('',(-2.880881057031E-02,-8.369733181177E-03,
    1.E-02));
#8750 = SURFACE_CURVE('',#8751,(#8756,#8763),.PCURVE_S1.);
#8751 = CIRCLE('',#8752,3.E-02);
#8752 = AXIS2_PLACEMENT_3D('',#8753,#8754,#8755);
#8753 = CARTESIAN_POINT('',(0.,0.,1.E-02));
#8754 = DIRECTION('',(0.,0.,1.));
#8755 = DIRECTION('',(-1.,1.224646799147E-16,0.));
#8756 = PCURVE('',#7339,#8757);
#8757 = DEFINITIONAL_REPRESENTATION('',(#8758),#8762);
#8758 = CIRCLE('',#8759,3.E-02);
#8759 = AXIS2_PLACEMENT_2D('',#8760,#8761);
#8760 = CARTESIAN_POINT('',(0.,0.));
#8761 = DIRECTION('',(-1.,1.224646799147E-16));
#8762 = ( GEOMETRIC_REPRESENTATION_CONTEXT(2) 
PARAMETRIC_REPRESENTATION_CONTEXT() REPRESENTATION_CONTEXT('2D SPACE',''
  ) );
#8763 = PCURVE('',#8764,#8769);
#8764 = CYLINDRICAL_SURFACE('',#8765,3.E-02);
#8765 = AXIS2_PLACEMENT_3D('',#8766,#8767,#8768);
#8766 = CARTESIAN_POINT('',(0.,0.,1.E-02));
#8767 = DIRECTION('',(0.,0.,1.));
#8768 = DIRECTION('',(-1.,1.224646799147E-16,0.));
#8769 = DEFINITIONAL_REPRESENTATION('',(#8770),#8774);
#8770 = LINE('',#8771,#8772);
#8771 = CARTESIAN_POINT('',(0.,0.));
#8772 = VECTOR('',#8773,1.);
#8773 = DIRECTION('',(1.,0.));
#8774 = ( GEOMETRIC_REPRESENTATION_CONTEXT(2) 
PARAMETRIC_REPRESENTATION_CONTEXT() REPRESENTATION_CONTEXT('2D SPACE',''
  ) );
#8775 = ORIENTED_EDGE('',*,*,#8776,.F.);
#8776 = EDGE_CURVE('',#7648,#8748,#8777,.T.);
#8777 = SURFACE_CURVE('',#8778,(#8782,#8789),.PCURVE_S1.);
#8778 = LINE('',#8779,#8780);
#8779 = CARTESIAN_POINT('',(8.642643171092E-02,2.510919954353E-02,1.E-02
    ));
#8780 = VECTOR('',#8781,1.);
#8781 = DIRECTION('',(0.960293685677,0.278991106039,0.));
#8782 = PCURVE('',#7339,#8783);
#8783 = DEFINITIONAL_REPRESENTATION('',(#8784),#8788);
#8784 = LINE('',#8785,#8786);
#8785 = CARTESIAN_POINT('',(8.642643171092E-02,2.510919954353E-02));
#8786 = VECTOR('',#8787,1.);
#8787 = DIRECTION('',(0.960293685677,0.278991106039));
#8788 = ( GEOMETRIC_REPRESENTATION_CONTEXT(2) 
PARAMETRIC_REPRESENTATION_CONTEXT() REPRESENTATION_CONTEXT('2D SPACE',''
  ) );
#8789 = PCURVE('',#8790,#8795);
#8790 = PLANE('',#8791);
#8791 = AXIS2_PLACEMENT_3D('',#8792,#8793,#8794);
#8792 = CARTESIAN_POINT('',(0.172852863422,5.021839908706E-02,-0.17));
#8793 = DIRECTION('',(0.278991106039,-0.960293685677,0.));
#8794 = DIRECTION('',(0.,0.,1.));
#8795 = DEFINITIONAL_REPRESENTATION('',(#8796),#8800);
#8796 = LINE('',#8797,#8798);
#8797 = CARTESIAN_POINT('',(0.18,9.E-02));
#8798 = VECTOR('',#8799,1.);
#8799 = DIRECTION('',(0.,-1.));
#8800 = ( GEOMETRIC_REPRESENTATION_CONTEXT(2) 
PARAMETRIC_REPRESENTATION_CONTEXT() REPRESENTATION_CONTEXT('2D SPACE',''
  ) );
#8801 = ORIENTED_EDGE('',*,*,#7647,.T.);
#8802 = ORIENTED_EDGE('',*,*,#8803,.T.);
#8803 = EDGE_CURVE('',#7620,#8804,#8806,.T.);
#8804 = VERTEX_POINT('',#8805);
#8805 = CARTESIAN_POINT('',(-2.822642306863E-02,-1.016213760736E-02,
    1.E-02));
#8806 = SURFACE_CURVE('',#8807,(#8811,#8818),.PCURVE_S1.);
#8807 = LINE('',#8808,#8809);
#8808 = CARTESIAN_POINT('',(8.467926920588E-02,3.048641282208E-02,1.E-02
    ));
#8809 = VECTOR('',#8810,1.);
#8810 = DIRECTION('',(0.940880768954,0.338737920245,0.));
#8811 = PCURVE('',#7339,#8812);
#8812 = DEFINITIONAL_REPRESENTATION('',(#8813),#8817);
#8813 = LINE('',#8814,#8815);
#8814 = CARTESIAN_POINT('',(8.467926920588E-02,3.048641282208E-02));
#8815 = VECTOR('',#8816,1.);
#8816 = DIRECTION('',(0.940880768954,0.338737920245));
#8817 = ( GEOMETRIC_REPRESENTATION_CONTEXT(2) 
PARAMETRIC_REPRESENTATION_CONTEXT() REPRESENTATION_CONTEXT('2D SPACE',''
  ) );
#8818 = PCURVE('',#8819,#8824);
#8819 = PLANE('',#8820);
#8820 = AXIS2_PLACEMENT_3D('',#8821,#8822,#8823);
#8821 = CARTESIAN_POINT('',(0.169358538412,6.097282564415E-02,-0.17));
#8822 = DIRECTION('',(0.338737920245,-0.940880768954,0.));
#8823 = DIRECTION('',(0.,0.,1.));
#8824 = DEFINITIONAL_REPRESENTATION('',(#8825),#8829);
#8825 = LINE('',#8826,#8827);
#8826 = CARTESIAN_POINT('',(0.18,9.E-02));
#8827 = VECTOR('',#8828,1.);
#8828 = DIRECTION('',(0.,-1.));
#8829 = ( GEOMETRIC_REPRESENTATION_CONTEXT(2) 
PARAMETRIC_REPRESENTATION_CONTEXT() REPRESENTATION_CONTEXT('2D SPACE',''
  ) );
#8830 = ORIENTED_EDGE('',*,*,#8831,.T.);
#8831 = EDGE_CURVE('',#8804,#8832,#8834,.T.);
#8832 = VERTEX_POINT('',#8833);
#8833 = CARTESIAN_POINT('',(-2.427050983125E-02,-1.763355756877E-02,
    1.E-02));
#8834 = SURFACE_CURVE('',#8835,(#8840,#8847),.PCURVE_S1.);
#8835 = CIRCLE('',#8836,3.E-02);
#8836 = AXIS2_PLACEMENT_3D('',#8837,#8838,#8839);
#8837 = CARTESIAN_POINT('',(0.,0.,1.E-02));
#8838 = DIRECTION('',(0.,0.,1.));
#8839 = DIRECTION('',(-0.809016994375,-0.587785252292,0.));
#8840 = PCURVE('',#7339,#8841);
#8841 = DEFINITIONAL_REPRESENTATION('',(#8842),#8846);
#8842 = CIRCLE('',#8843,3.E-02);
#8843 = AXIS2_PLACEMENT_2D('',#8844,#8845);
#8844 = CARTESIAN_POINT('',(0.,0.));
#8845 = DIRECTION('',(-0.809016994375,-0.587785252292));
#8846 = ( GEOMETRIC_REPRESENTATION_CONTEXT(2) 
PARAMETRIC_REPRESENTATION_CONTEXT() REPRESENTATION_CONTEXT('2D SPACE',''
  ) );
#8847 = PCURVE('',#8848,#8853);
#8848 = CYLINDRICAL_SURFACE('',#8849,3.E-02);
#8849 = AXIS2_PLACEMENT_3D('',#8850,#8851,#8852);
#8850 = CARTESIAN_POINT('',(0.,0.,1.E-02));
#8851 = DIRECTION('',(0.,0.,1.));
#8852 = DIRECTION('',(-0.809016994375,-0.587785252292,0.));
#8853 = DEFINITIONAL_REPRESENTATION('',(#8854),#8858);
#8854 = LINE('',#8855,#8856);
#8855 = CARTESIAN_POINT('',(0.,0.));
#8856 = VECTOR('',#8857,1.);
#8857 = DIRECTION('',(1.,0.));
#8858 = ( GEOMETRIC_REPRESENTATION_CONTEXT(2) 
PARAMETRIC_REPRESENTATION_CONTEXT() REPRESENTATION_CONTEXT('2D SPACE',''
  ) );
#8859 = ORIENTED_EDGE('',*,*,#8860,.T.);
#8860 = EDGE_CURVE('',#8832,#8861,#8863,.T.);
#8861 = VERTEX_POINT('',#8862);
#8862 = CARTESIAN_POINT('',(-1.838721160959E-02,-2.370465037127E-02,
    1.E-02));
#8863 = SURFACE_CURVE('',#8864,(#8869,#8876),.PCURVE_S1.);
#8864 = CIRCLE('',#8865,3.E-02);
#8865 = AXIS2_PLACEMENT_3D('',#8866,#8867,#8868);
#8866 = CARTESIAN_POINT('',(0.,0.,1.E-02));
#8867 = DIRECTION('',(0.,0.,1.));
#8868 = DIRECTION('',(-0.809016994375,-0.587785252292,0.));
#8869 = PCURVE('',#7339,#8870);
#8870 = DEFINITIONAL_REPRESENTATION('',(#8871),#8875);
#8871 = CIRCLE('',#8872,3.E-02);
#8872 = AXIS2_PLACEMENT_2D('',#8873,#8874);
#8873 = CARTESIAN_POINT('',(0.,0.));
#8874 = DIRECTION('',(-0.809016994375,-0.587785252292));
#8875 = ( GEOMETRIC_REPRESENTATION_CONTEXT(2) 
PARAMETRIC_REPRESENTATION_CONTEXT() REPRESENTATION_CONTEXT('2D SPACE',''
  ) );
#8876 = PCURVE('',#8877,#8882);
#8877 = CYLINDRICAL_SURFACE('',#8878,3.E-02);
#8878 = AXIS2_PLACEMENT_3D('',#8879,#8880,#8881);
#8879 = CARTESIAN_POINT('',(0.,0.,1.E-02));
#8880 = DIRECTION('',(0.,0.,1.));
#8881 = DIRECTION('',(-0.809016994375,-0.587785252292,0.));
#8882 = DEFINITIONAL_REPRESENTATION('',(#8883),#8887);
#8883 = LINE('',#8884,#8885);
#8884 = CARTESIAN_POINT('',(0.,0.));
#8885 = VECTOR('',#8886,1.);
#8886 = DIRECTION('',(1.,0.));
#8887 = ( GEOMETRIC_REPRESENTATION_CONTEXT(2) 
PARAMETRIC_REPRESENTATION_CONTEXT() REPRESENTATION_CONTEXT('2D SPACE',''
  ) );
#8888 = ORIENTED_EDGE('',*,*,#8889,.F.);
#8889 = EDGE_CURVE('',#7568,#8861,#8890,.T.);
#8890 = SURFACE_CURVE('',#8891,(#8895,#8902),.PCURVE_S1.);
#8891 = LINE('',#8892,#8893);
#8892 = CARTESIAN_POINT('',(5.516163482877E-02,7.111395111381E-02,1.E-02
    ));
#8893 = VECTOR('',#8894,1.);
#8894 = DIRECTION('',(0.612907053653,0.790155012376,0.));
#8895 = PCURVE('',#7339,#8896);
#8896 = DEFINITIONAL_REPRESENTATION('',(#8897),#8901);
#8897 = LINE('',#8898,#8899);
#8898 = CARTESIAN_POINT('',(5.516163482877E-02,7.111395111381E-02));
#8899 = VECTOR('',#8900,1.);
#8900 = DIRECTION('',(0.612907053653,0.790155012376));
#8901 = ( GEOMETRIC_REPRESENTATION_CONTEXT(2) 
PARAMETRIC_REPRESENTATION_CONTEXT() REPRESENTATION_CONTEXT('2D SPACE',''
  ) );
#8902 = PCURVE('',#8903,#8908);
#8903 = PLANE('',#8904);
#8904 = AXIS2_PLACEMENT_3D('',#8905,#8906,#8907);
#8905 = CARTESIAN_POINT('',(0.110323269658,0.142227902228,-0.17));
#8906 = DIRECTION('',(0.790155012376,-0.612907053653,0.));
#8907 = DIRECTION('',(0.,0.,1.));
#8908 = DEFINITIONAL_REPRESENTATION('',(#8909),#8913);
#8909 = LINE('',#8910,#8911);
#8910 = CARTESIAN_POINT('',(0.18,9.E-02));
#8911 = VECTOR('',#8912,1.);
#8912 = DIRECTION('',(0.,-1.));
#8913 = ( GEOMETRIC_REPRESENTATION_CONTEXT(2) 
PARAMETRIC_REPRESENTATION_CONTEXT() REPRESENTATION_CONTEXT('2D SPACE',''
  ) );
#8914 = ORIENTED_EDGE('',*,*,#7567,.T.);
#8915 = ORIENTED_EDGE('',*,*,#8916,.T.);
#8916 = EDGE_CURVE('',#7540,#8917,#8919,.T.);
#8917 = VERTEX_POINT('',#8918);
#8918 = CARTESIAN_POINT('',(-1.686250133556E-02,-2.481241722824E-02,
    1.E-02));
#8919 = SURFACE_CURVE('',#8920,(#8924,#8931),.PCURVE_S1.);
#8920 = LINE('',#8921,#8922);
#8921 = CARTESIAN_POINT('',(5.058750400669E-02,7.443725168471E-02,1.E-02
    ));
#8922 = VECTOR('',#8923,1.);
#8923 = DIRECTION('',(0.562083377852,0.827080574275,0.));
#8924 = PCURVE('',#7339,#8925);
#8925 = DEFINITIONAL_REPRESENTATION('',(#8926),#8930);
#8926 = LINE('',#8927,#8928);
#8927 = CARTESIAN_POINT('',(5.058750400669E-02,7.443725168471E-02));
#8928 = VECTOR('',#8929,1.);
#8929 = DIRECTION('',(0.562083377852,0.827080574275));
#8930 = ( GEOMETRIC_REPRESENTATION_CONTEXT(2) 
PARAMETRIC_REPRESENTATION_CONTEXT() REPRESENTATION_CONTEXT('2D SPACE',''
  ) );
#8931 = PCURVE('',#8932,#8937);
#8932 = PLANE('',#8933);
#8933 = AXIS2_PLACEMENT_3D('',#8934,#8935,#8936);
#8934 = CARTESIAN_POINT('',(0.101175008013,0.148874503369,-0.17));
#8935 = DIRECTION('',(0.827080574275,-0.562083377852,0.));
#8936 = DIRECTION('',(0.,0.,1.));
#8937 = DEFINITIONAL_REPRESENTATION('',(#8938),#8942);
#8938 = LINE('',#8939,#8940);
#8939 = CARTESIAN_POINT('',(0.18,9.E-02));
#8940 = VECTOR('',#8941,1.);
#8941 = DIRECTION('',(0.,-1.));
#8942 = ( GEOMETRIC_REPRESENTATION_CONTEXT(2) 
PARAMETRIC_REPRESENTATION_CONTEXT() REPRESENTATION_CONTEXT('2D SPACE',''
  ) );
#8943 = ORIENTED_EDGE('',*,*,#8944,.T.);
#8944 = EDGE_CURVE('',#8917,#8945,#8947,.T.);
#8945 = VERTEX_POINT('',#8946);
#8946 = CARTESIAN_POINT('',(-9.270509831248E-03,-2.853169548885E-02,
    1.E-02));
#8947 = SURFACE_CURVE('',#8948,(#8953,#8960),.PCURVE_S1.);
#8948 = CIRCLE('',#8949,3.E-02);
#8949 = AXIS2_PLACEMENT_3D('',#8950,#8951,#8952);
#8950 = CARTESIAN_POINT('',(0.,0.,1.E-02));
#8951 = DIRECTION('',(0.,0.,1.));
#8952 = DIRECTION('',(-0.309016994375,-0.951056516295,0.));
#8953 = PCURVE('',#7339,#8954);
#8954 = DEFINITIONAL_REPRESENTATION('',(#8955),#8959);
#8955 = CIRCLE('',#8956,3.E-02);
#8956 = AXIS2_PLACEMENT_2D('',#8957,#8958);
#8957 = CARTESIAN_POINT('',(0.,0.));
#8958 = DIRECTION('',(-0.309016994375,-0.951056516295));
#8959 = ( GEOMETRIC_REPRESENTATION_CONTEXT(2) 
PARAMETRIC_REPRESENTATION_CONTEXT() REPRESENTATION_CONTEXT('2D SPACE',''
  ) );
#8960 = PCURVE('',#8961,#8966);
#8961 = CYLINDRICAL_SURFACE('',#8962,3.E-02);
#8962 = AXIS2_PLACEMENT_3D('',#8963,#8964,#8965);
#8963 = CARTESIAN_POINT('',(0.,0.,1.E-02));
#8964 = DIRECTION('',(0.,0.,1.));
#8965 = DIRECTION('',(-0.309016994375,-0.951056516295,0.));
#8966 = DEFINITIONAL_REPRESENTATION('',(#8967),#8971);
#8967 = LINE('',#8968,#8969);
#8968 = CARTESIAN_POINT('',(0.,0.));
#8969 = VECTOR('',#8970,1.);
#8970 = DIRECTION('',(1.,0.));
#8971 = ( GEOMETRIC_REPRESENTATION_CONTEXT(2) 
PARAMETRIC_REPRESENTATION_CONTEXT() REPRESENTATION_CONTEXT('2D SPACE',''
  ) );
#8972 = ORIENTED_EDGE('',*,*,#8973,.T.);
#8973 = EDGE_CURVE('',#8945,#8974,#8976,.T.);
#8974 = VERTEX_POINT('',#8975);
#8975 = CARTESIAN_POINT('',(-9.423227723439E-04,-2.998519681097E-02,
    1.E-02));
#8976 = SURFACE_CURVE('',#8977,(#8982,#8989),.PCURVE_S1.);
#8977 = CIRCLE('',#8978,3.E-02);
#8978 = AXIS2_PLACEMENT_3D('',#8979,#8980,#8981);
#8979 = CARTESIAN_POINT('',(0.,0.,1.E-02));
#8980 = DIRECTION('',(0.,0.,1.));
#8981 = DIRECTION('',(-0.309016994375,-0.951056516295,0.));
#8982 = PCURVE('',#7339,#8983);
#8983 = DEFINITIONAL_REPRESENTATION('',(#8984),#8988);
#8984 = CIRCLE('',#8985,3.E-02);
#8985 = AXIS2_PLACEMENT_2D('',#8986,#8987);
#8986 = CARTESIAN_POINT('',(0.,0.));
#8987 = DIRECTION('',(-0.309016994375,-0.951056516295));
#8988 = ( GEOMETRIC_REPRESENTATION_CONTEXT(2) 
PARAMETRIC_REPRESENTATION_CONTEXT() REPRESENTATION_CONTEXT('2D SPACE',''
  ) );
#8989 = PCURVE('',#8990,#8995);
#8990 = CYLINDRICAL_SURFACE('',#8991,3.E-02);
#8991 = AXIS2_PLACEMENT_3D('',#8992,#8993,#8994);
#8992 = CARTESIAN_POINT('',(0.,0.,1.E-02));
#8993 = DIRECTION('',(0.,0.,1.));
#8994 = DIRECTION('',(-0.309016994375,-0.951056516295,0.));
#8995 = DEFINITIONAL_REPRESENTATION('',(#8996),#9000);
#8996 = LINE('',#8997,#8998);
#8997 = CARTESIAN_POINT('',(0.,0.));
#8998 = VECTOR('',#8999,1.);
#8999 = DIRECTION('',(1.,0.));
#9000 = ( GEOMETRIC_REPRESENTATION_CONTEXT(2) 
PARAMETRIC_REPRESENTATION_CONTEXT() REPRESENTATION_CONTEXT('2D SPACE',''
  ) );
#9001 = ORIENTED_EDGE('',*,*,#9002,.F.);
#9002 = EDGE_CURVE('',#7488,#8974,#9003,.T.);
#9003 = SURFACE_CURVE('',#9004,(#9008,#9015),.PCURVE_S1.);
#9004 = LINE('',#9005,#9006);
#9005 = CARTESIAN_POINT('',(2.826968317032E-03,8.995559043292E-02,1.E-02
    ));
#9006 = VECTOR('',#9007,1.);
#9007 = DIRECTION('',(3.141075907813E-02,0.999506560366,0.));
#9008 = PCURVE('',#7339,#9009);
#9009 = DEFINITIONAL_REPRESENTATION('',(#9010),#9014);
#9010 = LINE('',#9011,#9012);
#9011 = CARTESIAN_POINT('',(2.826968317032E-03,8.995559043292E-02));
#9012 = VECTOR('',#9013,1.);
#9013 = DIRECTION('',(3.141075907813E-02,0.999506560366));
#9014 = ( GEOMETRIC_REPRESENTATION_CONTEXT(2) 
PARAMETRIC_REPRESENTATION_CONTEXT() REPRESENTATION_CONTEXT('2D SPACE',''
  ) );
#9015 = PCURVE('',#9016,#9021);
#9016 = PLANE('',#9017);
#9017 = AXIS2_PLACEMENT_3D('',#9018,#9019,#9020);
#9018 = CARTESIAN_POINT('',(5.653936634063E-03,0.179911180866,-0.17));
#9019 = DIRECTION('',(0.999506560366,-3.141075907813E-02,0.));
#9020 = DIRECTION('',(0.,0.,1.));
#9021 = DEFINITIONAL_REPRESENTATION('',(#9022),#9026);
#9022 = LINE('',#9023,#9024);
#9023 = CARTESIAN_POINT('',(0.18,9.E-02));
#9024 = VECTOR('',#9025,1.);
#9025 = DIRECTION('',(0.,-1.));
#9026 = ( GEOMETRIC_REPRESENTATION_CONTEXT(2) 
PARAMETRIC_REPRESENTATION_CONTEXT() REPRESENTATION_CONTEXT('2D SPACE',''
  ) );
#9027 = ORIENTED_EDGE('',*,*,#7487,.T.);
#9028 = ORIENTED_EDGE('',*,*,#9029,.T.);
#9029 = EDGE_CURVE('',#7460,#9030,#9032,.T.);
#9030 = VERTEX_POINT('',#9031);
#9031 = CARTESIAN_POINT('',(9.423227723438E-04,-2.998519681097E-02,
    1.E-02));
#9032 = SURFACE_CURVE('',#9033,(#9037,#9044),.PCURVE_S1.);
#9033 = LINE('',#9034,#9035);
#9034 = CARTESIAN_POINT('',(-2.826968317032E-03,8.995559043292E-02,
    1.E-02));
#9035 = VECTOR('',#9036,1.);
#9036 = DIRECTION('',(-3.141075907813E-02,0.999506560366,0.));
#9037 = PCURVE('',#7339,#9038);
#9038 = DEFINITIONAL_REPRESENTATION('',(#9039),#9043);
#9039 = LINE('',#9040,#9041);
#9040 = CARTESIAN_POINT('',(-2.826968317032E-03,8.995559043292E-02));
#9041 = VECTOR('',#9042,1.);
#9042 = DIRECTION('',(-3.141075907813E-02,0.999506560366));
#9043 = ( GEOMETRIC_REPRESENTATION_CONTEXT(2) 
PARAMETRIC_REPRESENTATION_CONTEXT() REPRESENTATION_CONTEXT('2D SPACE',''
  ) );
#9044 = PCURVE('',#9045,#9050);
#9045 = PLANE('',#9046);
#9046 = AXIS2_PLACEMENT_3D('',#9047,#9048,#9049);
#9047 = CARTESIAN_POINT('',(-5.653936634063E-03,0.179911180866,-0.17));
#9048 = DIRECTION('',(0.999506560366,3.141075907813E-02,0.));
#9049 = DIRECTION('',(0.,0.,1.));
#9050 = DEFINITIONAL_REPRESENTATION('',(#9051),#9055);
#9051 = LINE('',#9052,#9053);
#9052 = CARTESIAN_POINT('',(0.18,9.E-02));
#9053 = VECTOR('',#9054,1.);
#9054 = DIRECTION('',(0.,-1.));
#9055 = ( GEOMETRIC_REPRESENTATION_CONTEXT(2) 
PARAMETRIC_REPRESENTATION_CONTEXT() REPRESENTATION_CONTEXT('2D SPACE',''
  ) );
#9056 = ORIENTED_EDGE('',*,*,#9057,.T.);
#9057 = EDGE_CURVE('',#9030,#9058,#9060,.T.);
#9058 = VERTEX_POINT('',#9059);
#9059 = CARTESIAN_POINT('',(9.270509831248E-03,-2.853169548885E-02,
    1.E-02));
#9060 = SURFACE_CURVE('',#9061,(#9066,#9073),.PCURVE_S1.);
#9061 = CIRCLE('',#9062,3.E-02);
#9062 = AXIS2_PLACEMENT_3D('',#9063,#9064,#9065);
#9063 = CARTESIAN_POINT('',(0.,0.,1.E-02));
#9064 = DIRECTION('',(-0.,0.,1.));
#9065 = DIRECTION('',(0.309016994375,-0.951056516295,0.));
#9066 = PCURVE('',#7339,#9067);
#9067 = DEFINITIONAL_REPRESENTATION('',(#9068),#9072);
#9068 = CIRCLE('',#9069,3.E-02);
#9069 = AXIS2_PLACEMENT_2D('',#9070,#9071);
#9070 = CARTESIAN_POINT('',(0.,0.));
#9071 = DIRECTION('',(0.309016994375,-0.951056516295));
#9072 = ( GEOMETRIC_REPRESENTATION_CONTEXT(2) 
PARAMETRIC_REPRESENTATION_CONTEXT() REPRESENTATION_CONTEXT('2D SPACE',''
  ) );
#9073 = PCURVE('',#9074,#9079);
#9074 = CYLINDRICAL_SURFACE('',#9075,3.E-02);
#9075 = AXIS2_PLACEMENT_3D('',#9076,#9077,#9078);
#9076 = CARTESIAN_POINT('',(0.,0.,1.E-02));
#9077 = DIRECTION('',(0.,0.,1.));
#9078 = DIRECTION('',(0.309016994375,-0.951056516295,0.));
#9079 = DEFINITIONAL_REPRESENTATION('',(#9080),#9084);
#9080 = LINE('',#9081,#9082);
#9081 = CARTESIAN_POINT('',(0.,0.));
#9082 = VECTOR('',#9083,1.);
#9083 = DIRECTION('',(1.,0.));
#9084 = ( GEOMETRIC_REPRESENTATION_CONTEXT(2) 
PARAMETRIC_REPRESENTATION_CONTEXT() REPRESENTATION_CONTEXT('2D SPACE',''
  ) );
#9085 = ORIENTED_EDGE('',*,*,#9086,.T.);
#9086 = EDGE_CURVE('',#9058,#9087,#9089,.T.);
#9087 = VERTEX_POINT('',#9088);
#9088 = CARTESIAN_POINT('',(1.686250133556E-02,-2.481241722824E-02,
    1.E-02));
#9089 = SURFACE_CURVE('',#9090,(#9095,#9102),.PCURVE_S1.);
#9090 = CIRCLE('',#9091,3.E-02);
#9091 = AXIS2_PLACEMENT_3D('',#9092,#9093,#9094);
#9092 = CARTESIAN_POINT('',(0.,0.,1.E-02));
#9093 = DIRECTION('',(-0.,0.,1.));
#9094 = DIRECTION('',(0.309016994375,-0.951056516295,0.));
#9095 = PCURVE('',#7339,#9096);
#9096 = DEFINITIONAL_REPRESENTATION('',(#9097),#9101);
#9097 = CIRCLE('',#9098,3.E-02);
#9098 = AXIS2_PLACEMENT_2D('',#9099,#9100);
#9099 = CARTESIAN_POINT('',(0.,0.));
#9100 = DIRECTION('',(0.309016994375,-0.951056516295));
#9101 = ( GEOMETRIC_REPRESENTATION_CONTEXT(2) 
PARAMETRIC_REPRESENTATION_CONTEXT() REPRESENTATION_CONTEXT('2D SPACE',''
  ) );
#9102 = PCURVE('',#9103,#9108);
#9103 = CYLINDRICAL_SURFACE('',#9104,3.E-02);
#9104 = AXIS2_PLACEMENT_3D('',#9105,#9106,#9107);
#9105 = CARTESIAN_POINT('',(0.,0.,1.E-02));
#9106 = DIRECTION('',(0.,0.,1.));
#9107 = DIRECTION('',(0.309016994375,-0.951056516295,0.));
#9108 = DEFINITIONAL_REPRESENTATION('',(#9109),#9113);
#9109 = LINE('',#9110,#9111);
#9110 = CARTESIAN_POINT('',(0.,0.));
#9111 = VECTOR('',#9112,1.);
#9112 = DIRECTION('',(1.,0.));
#9113 = ( GEOMETRIC_REPRESENTATION_CONTEXT(2) 
PARAMETRIC_REPRESENTATION_CONTEXT() REPRESENTATION_CONTEXT('2D SPACE',''
  ) );
#9114 = ORIENTED_EDGE('',*,*,#9115,.F.);
#9115 = EDGE_CURVE('',#7408,#9087,#9116,.T.);
#9116 = SURFACE_CURVE('',#9117,(#9121,#9128),.PCURVE_S1.);
#9117 = LINE('',#9118,#9119);
#9118 = CARTESIAN_POINT('',(-5.058750400669E-02,7.443725168471E-02,
    1.E-02));
#9119 = VECTOR('',#9120,1.);
#9120 = DIRECTION('',(-0.562083377852,0.827080574275,0.));
#9121 = PCURVE('',#7339,#9122);
#9122 = DEFINITIONAL_REPRESENTATION('',(#9123),#9127);
#9123 = LINE('',#9124,#9125);
#9124 = CARTESIAN_POINT('',(-5.058750400669E-02,7.443725168471E-02));
#9125 = VECTOR('',#9126,1.);
#9126 = DIRECTION('',(-0.562083377852,0.827080574275));
#9127 = ( GEOMETRIC_REPRESENTATION_CONTEXT(2) 
PARAMETRIC_REPRESENTATION_CONTEXT() REPRESENTATION_CONTEXT('2D SPACE',''
  ) );
#9128 = PCURVE('',#9129,#9134);
#9129 = PLANE('',#9130);
#9130 = AXIS2_PLACEMENT_3D('',#9131,#9132,#9133);
#9131 = CARTESIAN_POINT('',(-0.101175008013,0.148874503369,-0.17));
#9132 = DIRECTION('',(0.827080574275,0.562083377852,0.));
#9133 = DIRECTION('',(0.,0.,1.));
#9134 = DEFINITIONAL_REPRESENTATION('',(#9135),#9139);
#9135 = LINE('',#9136,#9137);
#9136 = CARTESIAN_POINT('',(0.18,9.E-02));
#9137 = VECTOR('',#9138,1.);
#9138 = DIRECTION('',(0.,-1.));
#9139 = ( GEOMETRIC_REPRESENTATION_CONTEXT(2) 
PARAMETRIC_REPRESENTATION_CONTEXT() REPRESENTATION_CONTEXT('2D SPACE',''
  ) );
#9140 = ORIENTED_EDGE('',*,*,#7407,.T.);
#9141 = ORIENTED_EDGE('',*,*,#9142,.T.);
#9142 = EDGE_CURVE('',#7380,#9143,#9145,.T.);
#9143 = VERTEX_POINT('',#9144);
#9144 = CARTESIAN_POINT('',(1.838721160959E-02,-2.370465037127E-02,
    1.E-02));
#9145 = SURFACE_CURVE('',#9146,(#9150,#9157),.PCURVE_S1.);
#9146 = LINE('',#9147,#9148);
#9147 = CARTESIAN_POINT('',(-5.516163482877E-02,7.111395111381E-02,
    1.E-02));
#9148 = VECTOR('',#9149,1.);
#9149 = DIRECTION('',(-0.612907053653,0.790155012376,0.));
#9150 = PCURVE('',#7339,#9151);
#9151 = DEFINITIONAL_REPRESENTATION('',(#9152),#9156);
#9152 = LINE('',#9153,#9154);
#9153 = CARTESIAN_POINT('',(-5.516163482877E-02,7.111395111381E-02));
#9154 = VECTOR('',#9155,1.);
#9155 = DIRECTION('',(-0.612907053653,0.790155012376));
#9156 = ( GEOMETRIC_REPRESENTATION_CONTEXT(2) 
PARAMETRIC_REPRESENTATION_CONTEXT() REPRESENTATION_CONTEXT('2D SPACE',''
  ) );
#9157 = PCURVE('',#9158,#9163);
#9158 = PLANE('',#9159);
#9159 = AXIS2_PLACEMENT_3D('',#9160,#9161,#9162);
#9160 = CARTESIAN_POINT('',(-0.110323269658,0.142227902228,-0.17));
#9161 = DIRECTION('',(0.790155012376,0.612907053653,0.));
#9162 = DIRECTION('',(0.,0.,1.));
#9163 = DEFINITIONAL_REPRESENTATION('',(#9164),#9168);
#9164 = LINE('',#9165,#9166);
#9165 = CARTESIAN_POINT('',(0.18,9.E-02));
#9166 = VECTOR('',#9167,1.);
#9167 = DIRECTION('',(0.,-1.));
#9168 = ( GEOMETRIC_REPRESENTATION_CONTEXT(2) 
PARAMETRIC_REPRESENTATION_CONTEXT() REPRESENTATION_CONTEXT('2D SPACE',''
  ) );
#9169 = ORIENTED_EDGE('',*,*,#9170,.T.);
#9170 = EDGE_CURVE('',#9143,#9171,#9173,.T.);
#9171 = VERTEX_POINT('',#9172);
#9172 = CARTESIAN_POINT('',(2.427050983125E-02,-1.763355756877E-02,
    1.E-02));
#9173 = SURFACE_CURVE('',#9174,(#9179,#9186),.PCURVE_S1.);
#9174 = CIRCLE('',#9175,3.E-02);
#9175 = AXIS2_PLACEMENT_3D('',#9176,#9177,#9178);
#9176 = CARTESIAN_POINT('',(0.,0.,1.E-02));
#9177 = DIRECTION('',(-0.,0.,1.));
#9178 = DIRECTION('',(0.809016994375,-0.587785252292,0.));
#9179 = PCURVE('',#7339,#9180);
#9180 = DEFINITIONAL_REPRESENTATION('',(#9181),#9185);
#9181 = CIRCLE('',#9182,3.E-02);
#9182 = AXIS2_PLACEMENT_2D('',#9183,#9184);
#9183 = CARTESIAN_POINT('',(0.,0.));
#9184 = DIRECTION('',(0.809016994375,-0.587785252292));
#9185 = ( GEOMETRIC_REPRESENTATION_CONTEXT(2) 
PARAMETRIC_REPRESENTATION_CONTEXT() REPRESENTATION_CONTEXT('2D SPACE',''
  ) );
#9186 = PCURVE('',#9187,#9192);
#9187 = CYLINDRICAL_SURFACE('',#9188,3.E-02);
#9188 = AXIS2_PLACEMENT_3D('',#9189,#9190,#9191);
#9189 = CARTESIAN_POINT('',(0.,0.,1.E-02));
#9190 = DIRECTION('',(0.,0.,1.));
#9191 = DIRECTION('',(0.809016994375,-0.587785252292,0.));
#9192 = DEFINITIONAL_REPRESENTATION('',(#9193),#9197);
#9193 = LINE('',#9194,#9195);
#9194 = CARTESIAN_POINT('',(0.,0.));
#9195 = VECTOR('',#9196,1.);
#9196 = DIRECTION('',(1.,0.));
#9197 = ( GEOMETRIC_REPRESENTATION_CONTEXT(2) 
PARAMETRIC_REPRESENTATION_CONTEXT() REPRESENTATION_CONTEXT('2D SPACE',''
  ) );
#9198 = ORIENTED_EDGE('',*,*,#9199,.T.);
#9199 = EDGE_CURVE('',#9171,#9200,#9202,.T.);
#9200 = VERTEX_POINT('',#9201);
#9201 = CARTESIAN_POINT('',(2.822642306863E-02,-1.016213760736E-02,
    1.E-02));
#9202 = SURFACE_CURVE('',#9203,(#9208,#9215),.PCURVE_S1.);
#9203 = CIRCLE('',#9204,3.E-02);
#9204 = AXIS2_PLACEMENT_3D('',#9205,#9206,#9207);
#9205 = CARTESIAN_POINT('',(0.,0.,1.E-02));
#9206 = DIRECTION('',(-0.,0.,1.));
#9207 = DIRECTION('',(0.809016994375,-0.587785252292,0.));
#9208 = PCURVE('',#7339,#9209);
#9209 = DEFINITIONAL_REPRESENTATION('',(#9210),#9214);
#9210 = CIRCLE('',#9211,3.E-02);
#9211 = AXIS2_PLACEMENT_2D('',#9212,#9213);
#9212 = CARTESIAN_POINT('',(0.,0.));
#9213 = DIRECTION('',(0.809016994375,-0.587785252292));
#9214 = ( GEOMETRIC_REPRESENTATION_CONTEXT(2) 
PARAMETRIC_REPRESENTATION_CONTEXT() REPRESENTATION_CONTEXT('2D SPACE',''
  ) );
#9215 = PCURVE('',#9216,#9221);
#9216 = CYLINDRICAL_SURFACE('',#9217,3.E-02);
#9217 = AXIS2_PLACEMENT_3D('',#9218,#9219,#9220);
#9218 = CARTESIAN_POINT('',(0.,0.,1.E-02));
#9219 = DIRECTION('',(0.,0.,1.));
#9220 = DIRECTION('',(0.809016994375,-0.587785252292,0.));
#9221 = DEFINITIONAL_REPRESENTATION('',(#9222),#9226);
#9222 = LINE('',#9223,#9224);
#9223 = CARTESIAN_POINT('',(0.,0.));
#9224 = VECTOR('',#9225,1.);
#9225 = DIRECTION('',(1.,0.));
#9226 = ( GEOMETRIC_REPRESENTATION_CONTEXT(2) 
PARAMETRIC_REPRESENTATION_CONTEXT() REPRESENTATION_CONTEXT('2D SPACE',''
  ) );
#9227 = ORIENTED_EDGE('',*,*,#9228,.F.);
#9228 = EDGE_CURVE('',#7323,#9200,#9229,.T.);
#9229 = SURFACE_CURVE('',#9230,(#9234,#9241),.PCURVE_S1.);
#9230 = LINE('',#9231,#9232);
#9231 = CARTESIAN_POINT('',(-8.467926920588E-02,3.048641282208E-02,
    1.E-02));
#9232 = VECTOR('',#9233,1.);
#9233 = DIRECTION('',(-0.940880768954,0.338737920245,0.));
#9234 = PCURVE('',#7339,#9235);
#9235 = DEFINITIONAL_REPRESENTATION('',(#9236),#9240);
#9236 = LINE('',#9237,#9238);
#9237 = CARTESIAN_POINT('',(-8.467926920588E-02,3.048641282208E-02));
#9238 = VECTOR('',#9239,1.);
#9239 = DIRECTION('',(-0.940880768954,0.338737920245));
#9240 = ( GEOMETRIC_REPRESENTATION_CONTEXT(2) 
PARAMETRIC_REPRESENTATION_CONTEXT() REPRESENTATION_CONTEXT('2D SPACE',''
  ) );
#9241 = PCURVE('',#9242,#9247);
#9242 = PLANE('',#9243);
#9243 = AXIS2_PLACEMENT_3D('',#9244,#9245,#9246);
#9244 = CARTESIAN_POINT('',(-0.169358538412,6.097282564415E-02,-0.17));
#9245 = DIRECTION('',(0.338737920245,0.940880768954,0.));
#9246 = DIRECTION('',(0.,0.,1.));
#9247 = DEFINITIONAL_REPRESENTATION('',(#9248),#9252);
#9248 = LINE('',#9249,#9250);
#9249 = CARTESIAN_POINT('',(0.18,9.E-02));
#9250 = VECTOR('',#9251,1.);
#9251 = DIRECTION('',(0.,-1.));
#9252 = ( GEOMETRIC_REPRESENTATION_CONTEXT(2) 
PARAMETRIC_REPRESENTATION_CONTEXT() REPRESENTATION_CONTEXT('2D SPACE',''
  ) );
#9253 = ORIENTED_EDGE('',*,*,#7322,.T.);
#9254 = ORIENTED_EDGE('',*,*,#9255,.T.);
#9255 = EDGE_CURVE('',#7295,#9256,#9258,.T.);
#9256 = VERTEX_POINT('',#9257);
#9257 = CARTESIAN_POINT('',(2.880881057031E-02,-8.369733181177E-03,
    1.E-02));
#9258 = SURFACE_CURVE('',#9259,(#9263,#9270),.PCURVE_S1.);
#9259 = LINE('',#9260,#9261);
#9260 = CARTESIAN_POINT('',(-8.642643171092E-02,2.510919954353E-02,
    1.E-02));
#9261 = VECTOR('',#9262,1.);
#9262 = DIRECTION('',(-0.960293685677,0.278991106039,0.));
#9263 = PCURVE('',#7339,#9264);
#9264 = DEFINITIONAL_REPRESENTATION('',(#9265),#9269);
#9265 = LINE('',#9266,#9267);
#9266 = CARTESIAN_POINT('',(-8.642643171092E-02,2.510919954353E-02));
#9267 = VECTOR('',#9268,1.);
#9268 = DIRECTION('',(-0.960293685677,0.278991106039));
#9269 = ( GEOMETRIC_REPRESENTATION_CONTEXT(2) 
PARAMETRIC_REPRESENTATION_CONTEXT() REPRESENTATION_CONTEXT('2D SPACE',''
  ) );
#9270 = PCURVE('',#9271,#9276);
#9271 = PLANE('',#9272);
#9272 = AXIS2_PLACEMENT_3D('',#9273,#9274,#9275);
#9273 = CARTESIAN_POINT('',(-0.172852863422,5.021839908706E-02,-0.17));
#9274 = DIRECTION('',(0.278991106039,0.960293685677,0.));
#9275 = DIRECTION('',(0.,0.,1.));
#9276 = DEFINITIONAL_REPRESENTATION('',(#9277),#9281);
#9277 = LINE('',#9278,#9279);
#9278 = CARTESIAN_POINT('',(0.18,9.E-02));
#9279 = VECTOR('',#9280,1.);
#9280 = DIRECTION('',(0.,-1.));
#9281 = ( GEOMETRIC_REPRESENTATION_CONTEXT(2) 
PARAMETRIC_REPRESENTATION_CONTEXT() REPRESENTATION_CONTEXT('2D SPACE',''
  ) );
#9282 = ORIENTED_EDGE('',*,*,#9283,.T.);
#9283 = EDGE_CURVE('',#9256,#9284,#9286,.T.);
#9284 = VERTEX_POINT('',#9285);
#9285 = CARTESIAN_POINT('',(3.E-02,-7.347880794884E-18,1.E-02));
#9286 = SURFACE_CURVE('',#9287,(#9292,#9299),.PCURVE_S1.);
#9287 = CIRCLE('',#9288,3.E-02);
#9288 = AXIS2_PLACEMENT_3D('',#9289,#9290,#9291);
#9289 = CARTESIAN_POINT('',(0.,0.,1.E-02));
#9290 = DIRECTION('',(0.,0.,1.));
#9291 = DIRECTION('',(1.,0.,0.));
#9292 = PCURVE('',#7339,#9293);
#9293 = DEFINITIONAL_REPRESENTATION('',(#9294),#9298);
#9294 = CIRCLE('',#9295,3.E-02);
#9295 = AXIS2_PLACEMENT_2D('',#9296,#9297);
#9296 = CARTESIAN_POINT('',(0.,0.));
#9297 = DIRECTION('',(1.,0.));
#9298 = ( GEOMETRIC_REPRESENTATION_CONTEXT(2) 
PARAMETRIC_REPRESENTATION_CONTEXT() REPRESENTATION_CONTEXT('2D SPACE',''
  ) );
#9299 = PCURVE('',#9300,#9305);
#9300 = CYLINDRICAL_SURFACE('',#9301,3.E-02);
#9301 = AXIS2_PLACEMENT_3D('',#9302,#9303,#9304);
#9302 = CARTESIAN_POINT('',(0.,0.,1.E-02));
#9303 = DIRECTION('',(0.,0.,1.));
#9304 = DIRECTION('',(1.,0.,0.));
#9305 = DEFINITIONAL_REPRESENTATION('',(#9306),#9310);
#9306 = LINE('',#9307,#9308);
#9307 = CARTESIAN_POINT('',(0.,0.));
#9308 = VECTOR('',#9309,1.);
#9309 = DIRECTION('',(1.,0.));
#9310 = ( GEOMETRIC_REPRESENTATION_CONTEXT(2) 
PARAMETRIC_REPRESENTATION_CONTEXT() REPRESENTATION_CONTEXT('2D SPACE',''
  ) );
#9311 = ORIENTED_EDGE('',*,*,#9312,.T.);
#9312 = EDGE_CURVE('',#9284,#8215,#9313,.T.);
#9313 = SURFACE_CURVE('',#9314,(#9319,#9326),.PCURVE_S1.);
#9314 = CIRCLE('',#9315,3.E-02);
#9315 = AXIS2_PLACEMENT_3D('',#9316,#9317,#9318);
#9316 = CARTESIAN_POINT('',(0.,0.,1.E-02));
#9317 = DIRECTION('',(0.,0.,1.));
#9318 = DIRECTION('',(1.,0.,0.));
#9319 = PCURVE('',#7339,#9320);
#9320 = DEFINITIONAL_REPRESENTATION('',(#9321),#9325);
#9321 = CIRCLE('',#9322,3.E-02);
#9322 = AXIS2_PLACEMENT_2D('',#9323,#9324);
#9323 = CARTESIAN_POINT('',(0.,0.));
#9324 = DIRECTION('',(1.,0.));
#9325 = ( GEOMETRIC_REPRESENTATION_CONTEXT(2) 
PARAMETRIC_REPRESENTATION_CONTEXT() REPRESENTATION_CONTEXT('2D SPACE',''
  ) );
#9326 = PCURVE('',#9327,#9332);
#9327 = CYLINDRICAL_SURFACE('',#9328,3.E-02);
#9328 = AXIS2_PLACEMENT_3D('',#9329,#9330,#9331);
#9329 = CARTESIAN_POINT('',(0.,0.,1.E-02));
#9330 = DIRECTION('',(0.,0.,1.));
#9331 = DIRECTION('',(1.,0.,0.));
#9332 = DEFINITIONAL_REPRESENTATION('',(#9333),#9337);
#9333 = LINE('',#9334,#9335);
#9334 = CARTESIAN_POINT('',(0.,0.));
#9335 = VECTOR('',#9336,1.);
#9336 = DIRECTION('',(1.,0.));
#9337 = ( GEOMETRIC_REPRESENTATION_CONTEXT(2) 
PARAMETRIC_REPRESENTATION_CONTEXT() REPRESENTATION_CONTEXT('2D SPACE',''
  ) );
#9338 = ADVANCED_FACE('',(#9339),#8035,.T.);
#9339 = FACE_BOUND('',#9340,.T.);
#9340 = EDGE_LOOP('',(#9341,#9364,#9393,#9414));
#9341 = ORIENTED_EDGE('',*,*,#9342,.T.);
#9342 = EDGE_CURVE('',#7992,#9343,#9345,.T.);
#9343 = VERTEX_POINT('',#9344);
#9344 = CARTESIAN_POINT('',(4.85410196625E-02,3.526711513755E-02,2.E-02)
  );
#9345 = SURFACE_CURVE('',#9346,(#9350,#9357),.PCURVE_S1.);
#9346 = LINE('',#9347,#9348);
#9347 = CARTESIAN_POINT('',(4.85410196625E-02,3.526711513755E-02,1.E-02)
  );
#9348 = VECTOR('',#9349,1.);
#9349 = DIRECTION('',(0.,0.,1.));
#9350 = PCURVE('',#8035,#9351);
#9351 = DEFINITIONAL_REPRESENTATION('',(#9352),#9356);
#9352 = LINE('',#9353,#9354);
#9353 = CARTESIAN_POINT('',(6.28318530718,-0.));
#9354 = VECTOR('',#9355,1.);
#9355 = DIRECTION('',(0.,1.));
#9356 = ( GEOMETRIC_REPRESENTATION_CONTEXT(2) 
PARAMETRIC_REPRESENTATION_CONTEXT() REPRESENTATION_CONTEXT('2D SPACE',''
  ) );
#9357 = PCURVE('',#8007,#9358);
#9358 = DEFINITIONAL_REPRESENTATION('',(#9359),#9363);
#9359 = LINE('',#9360,#9361);
#9360 = CARTESIAN_POINT('',(0.,-0.));
#9361 = VECTOR('',#9362,1.);
#9362 = DIRECTION('',(0.,1.));
#9363 = ( GEOMETRIC_REPRESENTATION_CONTEXT(2) 
PARAMETRIC_REPRESENTATION_CONTEXT() REPRESENTATION_CONTEXT('2D SPACE',''
  ) );
#9364 = ORIENTED_EDGE('',*,*,#9365,.F.);
#9365 = EDGE_CURVE('',#9366,#9343,#9368,.T.);
#9366 = VERTEX_POINT('',#9367);
#9367 = CARTESIAN_POINT('',(5.645284613725E-02,2.032427521472E-02,2.E-02
    ));
#9368 = SURFACE_CURVE('',#9369,(#9374,#9381),.PCURVE_S1.);
#9369 = CIRCLE('',#9370,6.E-02);
#9370 = AXIS2_PLACEMENT_3D('',#9371,#9372,#9373);
#9371 = CARTESIAN_POINT('',(0.,0.,2.E-02));
#9372 = DIRECTION('',(0.,-0.,1.));
#9373 = DIRECTION('',(0.809016994375,0.587785252292,0.));
#9374 = PCURVE('',#8035,#9375);
#9375 = DEFINITIONAL_REPRESENTATION('',(#9376),#9380);
#9376 = LINE('',#9377,#9378);
#9377 = CARTESIAN_POINT('',(0.,1.E-02));
#9378 = VECTOR('',#9379,1.);
#9379 = DIRECTION('',(1.,0.));
#9380 = ( GEOMETRIC_REPRESENTATION_CONTEXT(2) 
PARAMETRIC_REPRESENTATION_CONTEXT() REPRESENTATION_CONTEXT('2D SPACE',''
  ) );
#9381 = PCURVE('',#9382,#9387);
#9382 = PLANE('',#9383);
#9383 = AXIS2_PLACEMENT_3D('',#9384,#9385,#9386);
#9384 = CARTESIAN_POINT('',(0.,0.,2.E-02));
#9385 = DIRECTION('',(0.,0.,1.));
#9386 = DIRECTION('',(0.809016994375,0.587785252292,0.));
#9387 = DEFINITIONAL_REPRESENTATION('',(#9388),#9392);
#9388 = CIRCLE('',#9389,6.E-02);
#9389 = AXIS2_PLACEMENT_2D('',#9390,#9391);
#9390 = CARTESIAN_POINT('',(0.,0.));
#9391 = DIRECTION('',(1.,0.));
#9392 = ( GEOMETRIC_REPRESENTATION_CONTEXT(2) 
PARAMETRIC_REPRESENTATION_CONTEXT() REPRESENTATION_CONTEXT('2D SPACE',''
  ) );
#9393 = ORIENTED_EDGE('',*,*,#9394,.F.);
#9394 = EDGE_CURVE('',#8020,#9366,#9395,.T.);
#9395 = SURFACE_CURVE('',#9396,(#9400,#9407),.PCURVE_S1.);
#9396 = LINE('',#9397,#9398);
#9397 = CARTESIAN_POINT('',(5.645284613725E-02,2.032427521472E-02,1.E-02
    ));
#9398 = VECTOR('',#9399,1.);
#9399 = DIRECTION('',(0.,0.,1.));
#9400 = PCURVE('',#8035,#9401);
#9401 = DEFINITIONAL_REPRESENTATION('',(#9402),#9406);
#9402 = LINE('',#9403,#9404);
#9403 = CARTESIAN_POINT('',(6.000441968357,0.));
#9404 = VECTOR('',#9405,1.);
#9405 = DIRECTION('',(0.,1.));
#9406 = ( GEOMETRIC_REPRESENTATION_CONTEXT(2) 
PARAMETRIC_REPRESENTATION_CONTEXT() REPRESENTATION_CONTEXT('2D SPACE',''
  ) );
#9407 = PCURVE('',#8254,#9408);
#9408 = DEFINITIONAL_REPRESENTATION('',(#9409),#9413);
#9409 = LINE('',#9410,#9411);
#9410 = CARTESIAN_POINT('',(0.18,0.24));
#9411 = VECTOR('',#9412,1.);
#9412 = DIRECTION('',(1.,0.));
#9413 = ( GEOMETRIC_REPRESENTATION_CONTEXT(2) 
PARAMETRIC_REPRESENTATION_CONTEXT() REPRESENTATION_CONTEXT('2D SPACE',''
  ) );
#9414 = ORIENTED_EDGE('',*,*,#8019,.T.);
#9415 = ADVANCED_FACE('',(#9416),#8007,.T.);
#9416 = FACE_BOUND('',#9417,.T.);
#9417 = EDGE_LOOP('',(#9418,#9442,#9443,#9444));
#9418 = ORIENTED_EDGE('',*,*,#9419,.F.);
#9419 = EDGE_CURVE('',#9343,#9420,#9422,.T.);
#9420 = VERTEX_POINT('',#9421);
#9421 = CARTESIAN_POINT('',(3.677442321918E-02,4.740930074254E-02,2.E-02
    ));
#9422 = SURFACE_CURVE('',#9423,(#9428,#9435),.PCURVE_S1.);
#9423 = CIRCLE('',#9424,6.E-02);
#9424 = AXIS2_PLACEMENT_3D('',#9425,#9426,#9427);
#9425 = CARTESIAN_POINT('',(0.,0.,2.E-02));
#9426 = DIRECTION('',(0.,-0.,1.));
#9427 = DIRECTION('',(0.809016994375,0.587785252292,0.));
#9428 = PCURVE('',#8007,#9429);
#9429 = DEFINITIONAL_REPRESENTATION('',(#9430),#9434);
#9430 = LINE('',#9431,#9432);
#9431 = CARTESIAN_POINT('',(0.,1.E-02));
#9432 = VECTOR('',#9433,1.);
#9433 = DIRECTION('',(1.,0.));
#9434 = ( GEOMETRIC_REPRESENTATION_CONTEXT(2) 
PARAMETRIC_REPRESENTATION_CONTEXT() REPRESENTATION_CONTEXT('2D SPACE',''
  ) );
#9435 = PCURVE('',#9382,#9436);
#9436 = DEFINITIONAL_REPRESENTATION('',(#9437),#9441);
#9437 = CIRCLE('',#9438,6.E-02);
#9438 = AXIS2_PLACEMENT_2D('',#9439,#9440);
#9439 = CARTESIAN_POINT('',(0.,0.));
#9440 = DIRECTION('',(1.,0.));
#9441 = ( GEOMETRIC_REPRESENTATION_CONTEXT(2) 
PARAMETRIC_REPRESENTATION_CONTEXT() REPRESENTATION_CONTEXT('2D SPACE',''
  ) );
#9442 = ORIENTED_EDGE('',*,*,#9342,.F.);
#9443 = ORIENTED_EDGE('',*,*,#7991,.T.);
#9444 = ORIENTED_EDGE('',*,*,#9445,.T.);
#9445 = EDGE_CURVE('',#7968,#9420,#9446,.T.);
#9446 = SURFACE_CURVE('',#9447,(#9451,#9458),.PCURVE_S1.);
#9447 = LINE('',#9448,#9449);
#9448 = CARTESIAN_POINT('',(3.677442321918E-02,4.740930074254E-02,1.E-02
    ));
#9449 = VECTOR('',#9450,1.);
#9450 = DIRECTION('',(0.,0.,1.));
#9451 = PCURVE('',#8007,#9452);
#9452 = DEFINITIONAL_REPRESENTATION('',(#9453),#9457);
#9453 = LINE('',#9454,#9455);
#9454 = CARTESIAN_POINT('',(0.282743338823,0.));
#9455 = VECTOR('',#9456,1.);
#9456 = DIRECTION('',(0.,1.));
#9457 = ( GEOMETRIC_REPRESENTATION_CONTEXT(2) 
PARAMETRIC_REPRESENTATION_CONTEXT() REPRESENTATION_CONTEXT('2D SPACE',''
  ) );
#9458 = PCURVE('',#8338,#9459);
#9459 = DEFINITIONAL_REPRESENTATION('',(#9460),#9464);
#9460 = LINE('',#9461,#9462);
#9461 = CARTESIAN_POINT('',(0.18,0.24));
#9462 = VECTOR('',#9463,1.);
#9463 = DIRECTION('',(1.,0.));
#9464 = ( GEOMETRIC_REPRESENTATION_CONTEXT(2) 
PARAMETRIC_REPRESENTATION_CONTEXT() REPRESENTATION_CONTEXT('2D SPACE',''
  ) );
#9465 = ADVANCED_FACE('',(#9466),#7955,.T.);
#9466 = FACE_BOUND('',#9467,.T.);
#9467 = EDGE_LOOP('',(#9468,#9491,#9520,#9541));
#9468 = ORIENTED_EDGE('',*,*,#9469,.T.);
#9469 = EDGE_CURVE('',#7912,#9470,#9472,.T.);
#9470 = VERTEX_POINT('',#9471);
#9471 = CARTESIAN_POINT('',(1.85410196625E-02,5.706339097771E-02,2.E-02)
  );
#9472 = SURFACE_CURVE('',#9473,(#9477,#9484),.PCURVE_S1.);
#9473 = LINE('',#9474,#9475);
#9474 = CARTESIAN_POINT('',(1.85410196625E-02,5.706339097771E-02,1.E-02)
  );
#9475 = VECTOR('',#9476,1.);
#9476 = DIRECTION('',(0.,0.,1.));
#9477 = PCURVE('',#7955,#9478);
#9478 = DEFINITIONAL_REPRESENTATION('',(#9479),#9483);
#9479 = LINE('',#9480,#9481);
#9480 = CARTESIAN_POINT('',(6.28318530718,-0.));
#9481 = VECTOR('',#9482,1.);
#9482 = DIRECTION('',(0.,1.));
#9483 = ( GEOMETRIC_REPRESENTATION_CONTEXT(2) 
PARAMETRIC_REPRESENTATION_CONTEXT() REPRESENTATION_CONTEXT('2D SPACE',''
  ) );
#9484 = PCURVE('',#7927,#9485);
#9485 = DEFINITIONAL_REPRESENTATION('',(#9486),#9490);
#9486 = LINE('',#9487,#9488);
#9487 = CARTESIAN_POINT('',(0.,-0.));
#9488 = VECTOR('',#9489,1.);
#9489 = DIRECTION('',(0.,1.));
#9490 = ( GEOMETRIC_REPRESENTATION_CONTEXT(2) 
PARAMETRIC_REPRESENTATION_CONTEXT() REPRESENTATION_CONTEXT('2D SPACE',''
  ) );
#9491 = ORIENTED_EDGE('',*,*,#9492,.F.);
#9492 = EDGE_CURVE('',#9493,#9470,#9495,.T.);
#9493 = VERTEX_POINT('',#9494);
#9494 = CARTESIAN_POINT('',(3.372500267113E-02,4.962483445647E-02,2.E-02
    ));
#9495 = SURFACE_CURVE('',#9496,(#9501,#9508),.PCURVE_S1.);
#9496 = CIRCLE('',#9497,6.E-02);
#9497 = AXIS2_PLACEMENT_3D('',#9498,#9499,#9500);
#9498 = CARTESIAN_POINT('',(0.,0.,2.E-02));
#9499 = DIRECTION('',(0.,-0.,1.));
#9500 = DIRECTION('',(0.309016994375,0.951056516295,0.));
#9501 = PCURVE('',#7955,#9502);
#9502 = DEFINITIONAL_REPRESENTATION('',(#9503),#9507);
#9503 = LINE('',#9504,#9505);
#9504 = CARTESIAN_POINT('',(0.,1.E-02));
#9505 = VECTOR('',#9506,1.);
#9506 = DIRECTION('',(1.,0.));
#9507 = ( GEOMETRIC_REPRESENTATION_CONTEXT(2) 
PARAMETRIC_REPRESENTATION_CONTEXT() REPRESENTATION_CONTEXT('2D SPACE',''
  ) );
#9508 = PCURVE('',#9509,#9514);
#9509 = PLANE('',#9510);
#9510 = AXIS2_PLACEMENT_3D('',#9511,#9512,#9513);
#9511 = CARTESIAN_POINT('',(0.,0.,2.E-02));
#9512 = DIRECTION('',(0.,0.,1.));
#9513 = DIRECTION('',(0.309016994375,0.951056516295,0.));
#9514 = DEFINITIONAL_REPRESENTATION('',(#9515),#9519);
#9515 = CIRCLE('',#9516,6.E-02);
#9516 = AXIS2_PLACEMENT_2D('',#9517,#9518);
#9517 = CARTESIAN_POINT('',(0.,0.));
#9518 = DIRECTION('',(1.,0.));
#9519 = ( GEOMETRIC_REPRESENTATION_CONTEXT(2) 
PARAMETRIC_REPRESENTATION_CONTEXT() REPRESENTATION_CONTEXT('2D SPACE',''
  ) );
#9520 = ORIENTED_EDGE('',*,*,#9521,.F.);
#9521 = EDGE_CURVE('',#7940,#9493,#9522,.T.);
#9522 = SURFACE_CURVE('',#9523,(#9527,#9534),.PCURVE_S1.);
#9523 = LINE('',#9524,#9525);
#9524 = CARTESIAN_POINT('',(3.372500267113E-02,4.962483445647E-02,1.E-02
    ));
#9525 = VECTOR('',#9526,1.);
#9526 = DIRECTION('',(0.,0.,1.));
#9527 = PCURVE('',#7955,#9528);
#9528 = DEFINITIONAL_REPRESENTATION('',(#9529),#9533);
#9529 = LINE('',#9530,#9531);
#9530 = CARTESIAN_POINT('',(6.000441968357,0.));
#9531 = VECTOR('',#9532,1.);
#9532 = DIRECTION('',(0.,1.));
#9533 = ( GEOMETRIC_REPRESENTATION_CONTEXT(2) 
PARAMETRIC_REPRESENTATION_CONTEXT() REPRESENTATION_CONTEXT('2D SPACE',''
  ) );
#9534 = PCURVE('',#8367,#9535);
#9535 = DEFINITIONAL_REPRESENTATION('',(#9536),#9540);
#9536 = LINE('',#9537,#9538);
#9537 = CARTESIAN_POINT('',(0.18,0.24));
#9538 = VECTOR('',#9539,1.);
#9539 = DIRECTION('',(1.,0.));
#9540 = ( GEOMETRIC_REPRESENTATION_CONTEXT(2) 
PARAMETRIC_REPRESENTATION_CONTEXT() REPRESENTATION_CONTEXT('2D SPACE',''
  ) );
#9541 = ORIENTED_EDGE('',*,*,#7939,.T.);
#9542 = ADVANCED_FACE('',(#9543),#7927,.T.);
#9543 = FACE_BOUND('',#9544,.T.);
#9544 = EDGE_LOOP('',(#9545,#9569,#9570,#9571));
#9545 = ORIENTED_EDGE('',*,*,#9546,.F.);
#9546 = EDGE_CURVE('',#9470,#9547,#9549,.T.);
#9547 = VERTEX_POINT('',#9548);
#9548 = CARTESIAN_POINT('',(1.884645544688E-03,5.997039362194E-02,2.E-02
    ));
#9549 = SURFACE_CURVE('',#9550,(#9555,#9562),.PCURVE_S1.);
#9550 = CIRCLE('',#9551,6.E-02);
#9551 = AXIS2_PLACEMENT_3D('',#9552,#9553,#9554);
#9552 = CARTESIAN_POINT('',(0.,0.,2.E-02));
#9553 = DIRECTION('',(0.,-0.,1.));
#9554 = DIRECTION('',(0.309016994375,0.951056516295,0.));
#9555 = PCURVE('',#7927,#9556);
#9556 = DEFINITIONAL_REPRESENTATION('',(#9557),#9561);
#9557 = LINE('',#9558,#9559);
#9558 = CARTESIAN_POINT('',(0.,1.E-02));
#9559 = VECTOR('',#9560,1.);
#9560 = DIRECTION('',(1.,0.));
#9561 = ( GEOMETRIC_REPRESENTATION_CONTEXT(2) 
PARAMETRIC_REPRESENTATION_CONTEXT() REPRESENTATION_CONTEXT('2D SPACE',''
  ) );
#9562 = PCURVE('',#9509,#9563);
#9563 = DEFINITIONAL_REPRESENTATION('',(#9564),#9568);
#9564 = CIRCLE('',#9565,6.E-02);
#9565 = AXIS2_PLACEMENT_2D('',#9566,#9567);
#9566 = CARTESIAN_POINT('',(0.,0.));
#9567 = DIRECTION('',(1.,0.));
#9568 = ( GEOMETRIC_REPRESENTATION_CONTEXT(2) 
PARAMETRIC_REPRESENTATION_CONTEXT() REPRESENTATION_CONTEXT('2D SPACE',''
  ) );
#9569 = ORIENTED_EDGE('',*,*,#9469,.F.);
#9570 = ORIENTED_EDGE('',*,*,#7911,.T.);
#9571 = ORIENTED_EDGE('',*,*,#9572,.T.);
#9572 = EDGE_CURVE('',#7888,#9547,#9573,.T.);
#9573 = SURFACE_CURVE('',#9574,(#9578,#9585),.PCURVE_S1.);
#9574 = LINE('',#9575,#9576);
#9575 = CARTESIAN_POINT('',(1.884645544688E-03,5.997039362194E-02,1.E-02
    ));
#9576 = VECTOR('',#9577,1.);
#9577 = DIRECTION('',(0.,0.,1.));
#9578 = PCURVE('',#7927,#9579);
#9579 = DEFINITIONAL_REPRESENTATION('',(#9580),#9584);
#9580 = LINE('',#9581,#9582);
#9581 = CARTESIAN_POINT('',(0.282743338823,0.));
#9582 = VECTOR('',#9583,1.);
#9583 = DIRECTION('',(0.,1.));
#9584 = ( GEOMETRIC_REPRESENTATION_CONTEXT(2) 
PARAMETRIC_REPRESENTATION_CONTEXT() REPRESENTATION_CONTEXT('2D SPACE',''
  ) );
#9585 = PCURVE('',#8451,#9586);
#9586 = DEFINITIONAL_REPRESENTATION('',(#9587),#9591);
#9587 = LINE('',#9588,#9589);
#9588 = CARTESIAN_POINT('',(0.18,0.24));
#9589 = VECTOR('',#9590,1.);
#9590 = DIRECTION('',(1.,0.));
#9591 = ( GEOMETRIC_REPRESENTATION_CONTEXT(2) 
PARAMETRIC_REPRESENTATION_CONTEXT() REPRESENTATION_CONTEXT('2D SPACE',''
  ) );
#9592 = ADVANCED_FACE('',(#9593),#7875,.T.);
#9593 = FACE_BOUND('',#9594,.T.);
#9594 = EDGE_LOOP('',(#9595,#9618,#9647,#9668));
#9595 = ORIENTED_EDGE('',*,*,#9596,.T.);
#9596 = EDGE_CURVE('',#7832,#9597,#9599,.T.);
#9597 = VERTEX_POINT('',#9598);
#9598 = CARTESIAN_POINT('',(-1.85410196625E-02,5.706339097771E-02,2.E-02
    ));
#9599 = SURFACE_CURVE('',#9600,(#9604,#9611),.PCURVE_S1.);
#9600 = LINE('',#9601,#9602);
#9601 = CARTESIAN_POINT('',(-1.85410196625E-02,5.706339097771E-02,1.E-02
    ));
#9602 = VECTOR('',#9603,1.);
#9603 = DIRECTION('',(0.,0.,1.));
#9604 = PCURVE('',#7875,#9605);
#9605 = DEFINITIONAL_REPRESENTATION('',(#9606),#9610);
#9606 = LINE('',#9607,#9608);
#9607 = CARTESIAN_POINT('',(6.28318530718,-0.));
#9608 = VECTOR('',#9609,1.);
#9609 = DIRECTION('',(0.,1.));
#9610 = ( GEOMETRIC_REPRESENTATION_CONTEXT(2) 
PARAMETRIC_REPRESENTATION_CONTEXT() REPRESENTATION_CONTEXT('2D SPACE',''
  ) );
#9611 = PCURVE('',#7847,#9612);
#9612 = DEFINITIONAL_REPRESENTATION('',(#9613),#9617);
#9613 = LINE('',#9614,#9615);
#9614 = CARTESIAN_POINT('',(0.,-0.));
#9615 = VECTOR('',#9616,1.);
#9616 = DIRECTION('',(0.,1.));
#9617 = ( GEOMETRIC_REPRESENTATION_CONTEXT(2) 
PARAMETRIC_REPRESENTATION_CONTEXT() REPRESENTATION_CONTEXT('2D SPACE',''
  ) );
#9618 = ORIENTED_EDGE('',*,*,#9619,.F.);
#9619 = EDGE_CURVE('',#9620,#9597,#9622,.T.);
#9620 = VERTEX_POINT('',#9621);
#9621 = CARTESIAN_POINT('',(-1.884645544688E-03,5.997039362194E-02,
    2.E-02));
#9622 = SURFACE_CURVE('',#9623,(#9628,#9635),.PCURVE_S1.);
#9623 = CIRCLE('',#9624,6.E-02);
#9624 = AXIS2_PLACEMENT_3D('',#9625,#9626,#9627);
#9625 = CARTESIAN_POINT('',(0.,0.,2.E-02));
#9626 = DIRECTION('',(0.,0.,1.));
#9627 = DIRECTION('',(-0.309016994375,0.951056516295,0.));
#9628 = PCURVE('',#7875,#9629);
#9629 = DEFINITIONAL_REPRESENTATION('',(#9630),#9634);
#9630 = LINE('',#9631,#9632);
#9631 = CARTESIAN_POINT('',(0.,1.E-02));
#9632 = VECTOR('',#9633,1.);
#9633 = DIRECTION('',(1.,0.));
#9634 = ( GEOMETRIC_REPRESENTATION_CONTEXT(2) 
PARAMETRIC_REPRESENTATION_CONTEXT() REPRESENTATION_CONTEXT('2D SPACE',''
  ) );
#9635 = PCURVE('',#9636,#9641);
#9636 = PLANE('',#9637);
#9637 = AXIS2_PLACEMENT_3D('',#9638,#9639,#9640);
#9638 = CARTESIAN_POINT('',(0.,0.,2.E-02));
#9639 = DIRECTION('',(0.,0.,1.));
#9640 = DIRECTION('',(-0.309016994375,0.951056516295,0.));
#9641 = DEFINITIONAL_REPRESENTATION('',(#9642),#9646);
#9642 = CIRCLE('',#9643,6.E-02);
#9643 = AXIS2_PLACEMENT_2D('',#9644,#9645);
#9644 = CARTESIAN_POINT('',(0.,0.));
#9645 = DIRECTION('',(1.,0.));
#9646 = ( GEOMETRIC_REPRESENTATION_CONTEXT(2) 
PARAMETRIC_REPRESENTATION_CONTEXT() REPRESENTATION_CONTEXT('2D SPACE',''
  ) );
#9647 = ORIENTED_EDGE('',*,*,#9648,.F.);
#9648 = EDGE_CURVE('',#7860,#9620,#9649,.T.);
#9649 = SURFACE_CURVE('',#9650,(#9654,#9661),.PCURVE_S1.);
#9650 = LINE('',#9651,#9652);
#9651 = CARTESIAN_POINT('',(-1.884645544688E-03,5.997039362194E-02,
    1.E-02));
#9652 = VECTOR('',#9653,1.);
#9653 = DIRECTION('',(0.,0.,1.));
#9654 = PCURVE('',#7875,#9655);
#9655 = DEFINITIONAL_REPRESENTATION('',(#9656),#9660);
#9656 = LINE('',#9657,#9658);
#9657 = CARTESIAN_POINT('',(6.000441968357,0.));
#9658 = VECTOR('',#9659,1.);
#9659 = DIRECTION('',(0.,1.));
#9660 = ( GEOMETRIC_REPRESENTATION_CONTEXT(2) 
PARAMETRIC_REPRESENTATION_CONTEXT() REPRESENTATION_CONTEXT('2D SPACE',''
  ) );
#9661 = PCURVE('',#8480,#9662);
#9662 = DEFINITIONAL_REPRESENTATION('',(#9663),#9667);
#9663 = LINE('',#9664,#9665);
#9664 = CARTESIAN_POINT('',(0.18,0.24));
#9665 = VECTOR('',#9666,1.);
#9666 = DIRECTION('',(1.,0.));
#9667 = ( GEOMETRIC_REPRESENTATION_CONTEXT(2) 
PARAMETRIC_REPRESENTATION_CONTEXT() REPRESENTATION_CONTEXT('2D SPACE',''
  ) );
#9668 = ORIENTED_EDGE('',*,*,#7859,.T.);
#9669 = ADVANCED_FACE('',(#9670),#7847,.T.);
#9670 = FACE_BOUND('',#9671,.T.);
#9671 = EDGE_LOOP('',(#9672,#9696,#9697,#9698));
#9672 = ORIENTED_EDGE('',*,*,#9673,.F.);
#9673 = EDGE_CURVE('',#9597,#9674,#9676,.T.);
#9674 = VERTEX_POINT('',#9675);
#9675 = CARTESIAN_POINT('',(-3.372500267113E-02,4.962483445647E-02,
    2.E-02));
#9676 = SURFACE_CURVE('',#9677,(#9682,#9689),.PCURVE_S1.);
#9677 = CIRCLE('',#9678,6.E-02);
#9678 = AXIS2_PLACEMENT_3D('',#9679,#9680,#9681);
#9679 = CARTESIAN_POINT('',(0.,0.,2.E-02));
#9680 = DIRECTION('',(0.,0.,1.));
#9681 = DIRECTION('',(-0.309016994375,0.951056516295,0.));
#9682 = PCURVE('',#7847,#9683);
#9683 = DEFINITIONAL_REPRESENTATION('',(#9684),#9688);
#9684 = LINE('',#9685,#9686);
#9685 = CARTESIAN_POINT('',(0.,1.E-02));
#9686 = VECTOR('',#9687,1.);
#9687 = DIRECTION('',(1.,0.));
#9688 = ( GEOMETRIC_REPRESENTATION_CONTEXT(2) 
PARAMETRIC_REPRESENTATION_CONTEXT() REPRESENTATION_CONTEXT('2D SPACE',''
  ) );
#9689 = PCURVE('',#9636,#9690);
#9690 = DEFINITIONAL_REPRESENTATION('',(#9691),#9695);
#9691 = CIRCLE('',#9692,6.E-02);
#9692 = AXIS2_PLACEMENT_2D('',#9693,#9694);
#9693 = CARTESIAN_POINT('',(0.,0.));
#9694 = DIRECTION('',(1.,0.));
#9695 = ( GEOMETRIC_REPRESENTATION_CONTEXT(2) 
PARAMETRIC_REPRESENTATION_CONTEXT() REPRESENTATION_CONTEXT('2D SPACE',''
  ) );
#9696 = ORIENTED_EDGE('',*,*,#9596,.F.);
#9697 = ORIENTED_EDGE('',*,*,#7831,.T.);
#9698 = ORIENTED_EDGE('',*,*,#9699,.T.);
#9699 = EDGE_CURVE('',#7808,#9674,#9700,.T.);
#9700 = SURFACE_CURVE('',#9701,(#9705,#9712),.PCURVE_S1.);
#9701 = LINE('',#9702,#9703);
#9702 = CARTESIAN_POINT('',(-3.372500267113E-02,4.962483445647E-02,
    1.E-02));
#9703 = VECTOR('',#9704,1.);
#9704 = DIRECTION('',(0.,0.,1.));
#9705 = PCURVE('',#7847,#9706);
#9706 = DEFINITIONAL_REPRESENTATION('',(#9707),#9711);
#9707 = LINE('',#9708,#9709);
#9708 = CARTESIAN_POINT('',(0.282743338823,0.));
#9709 = VECTOR('',#9710,1.);
#9710 = DIRECTION('',(0.,1.));
#9711 = ( GEOMETRIC_REPRESENTATION_CONTEXT(2) 
PARAMETRIC_REPRESENTATION_CONTEXT() REPRESENTATION_CONTEXT('2D SPACE',''
  ) );
#9712 = PCURVE('',#8564,#9713);
#9713 = DEFINITIONAL_REPRESENTATION('',(#9714),#9718);
#9714 = LINE('',#9715,#9716);
#9715 = CARTESIAN_POINT('',(0.18,0.24));
#9716 = VECTOR('',#9717,1.);
#9717 = DIRECTION('',(1.,0.));
#9718 = ( GEOMETRIC_REPRESENTATION_CONTEXT(2) 
PARAMETRIC_REPRESENTATION_CONTEXT() REPRESENTATION_CONTEXT('2D SPACE',''
  ) );
#9719 = ADVANCED_FACE('',(#9720),#7795,.T.);
#9720 = FACE_BOUND('',#9721,.T.);
#9721 = EDGE_LOOP('',(#9722,#9745,#9774,#9795));
#9722 = ORIENTED_EDGE('',*,*,#9723,.T.);
#9723 = EDGE_CURVE('',#7752,#9724,#9726,.T.);
#9724 = VERTEX_POINT('',#9725);
#9725 = CARTESIAN_POINT('',(-4.85410196625E-02,3.526711513755E-02,2.E-02
    ));
#9726 = SURFACE_CURVE('',#9727,(#9731,#9738),.PCURVE_S1.);
#9727 = LINE('',#9728,#9729);
#9728 = CARTESIAN_POINT('',(-4.85410196625E-02,3.526711513755E-02,1.E-02
    ));
#9729 = VECTOR('',#9730,1.);
#9730 = DIRECTION('',(0.,0.,1.));
#9731 = PCURVE('',#7795,#9732);
#9732 = DEFINITIONAL_REPRESENTATION('',(#9733),#9737);
#9733 = LINE('',#9734,#9735);
#9734 = CARTESIAN_POINT('',(6.28318530718,-0.));
#9735 = VECTOR('',#9736,1.);
#9736 = DIRECTION('',(0.,1.));
#9737 = ( GEOMETRIC_REPRESENTATION_CONTEXT(2) 
PARAMETRIC_REPRESENTATION_CONTEXT() REPRESENTATION_CONTEXT('2D SPACE',''
  ) );
#9738 = PCURVE('',#7767,#9739);
#9739 = DEFINITIONAL_REPRESENTATION('',(#9740),#9744);
#9740 = LINE('',#9741,#9742);
#9741 = CARTESIAN_POINT('',(0.,-0.));
#9742 = VECTOR('',#9743,1.);
#9743 = DIRECTION('',(0.,1.));
#9744 = ( GEOMETRIC_REPRESENTATION_CONTEXT(2) 
PARAMETRIC_REPRESENTATION_CONTEXT() REPRESENTATION_CONTEXT('2D SPACE',''
  ) );
#9745 = ORIENTED_EDGE('',*,*,#9746,.F.);
#9746 = EDGE_CURVE('',#9747,#9724,#9749,.T.);
#9747 = VERTEX_POINT('',#9748);
#9748 = CARTESIAN_POINT('',(-3.677442321918E-02,4.740930074254E-02,
    2.E-02));
#9749 = SURFACE_CURVE('',#9750,(#9755,#9762),.PCURVE_S1.);
#9750 = CIRCLE('',#9751,6.E-02);
#9751 = AXIS2_PLACEMENT_3D('',#9752,#9753,#9754);
#9752 = CARTESIAN_POINT('',(0.,0.,2.E-02));
#9753 = DIRECTION('',(0.,0.,1.));
#9754 = DIRECTION('',(-0.809016994375,0.587785252292,0.));
#9755 = PCURVE('',#7795,#9756);
#9756 = DEFINITIONAL_REPRESENTATION('',(#9757),#9761);
#9757 = LINE('',#9758,#9759);
#9758 = CARTESIAN_POINT('',(0.,1.E-02));
#9759 = VECTOR('',#9760,1.);
#9760 = DIRECTION('',(1.,0.));
#9761 = ( GEOMETRIC_REPRESENTATION_CONTEXT(2) 
PARAMETRIC_REPRESENTATION_CONTEXT() REPRESENTATION_CONTEXT('2D SPACE',''
  ) );
#9762 = PCURVE('',#9763,#9768);
#9763 = PLANE('',#9764);
#9764 = AXIS2_PLACEMENT_3D('',#9765,#9766,#9767);
#9765 = CARTESIAN_POINT('',(0.,0.,2.E-02));
#9766 = DIRECTION('',(0.,0.,1.));
#9767 = DIRECTION('',(-0.809016994375,0.587785252292,0.));
#9768 = DEFINITIONAL_REPRESENTATION('',(#9769),#9773);
#9769 = CIRCLE('',#9770,6.E-02);
#9770 = AXIS2_PLACEMENT_2D('',#9771,#9772);
#9771 = CARTESIAN_POINT('',(0.,0.));
#9772 = DIRECTION('',(1.,0.));
#9773 = ( GEOMETRIC_REPRESENTATION_CONTEXT(2) 
PARAMETRIC_REPRESENTATION_CONTEXT() REPRESENTATION_CONTEXT('2D SPACE',''
  ) );
#9774 = ORIENTED_EDGE('',*,*,#9775,.F.);
#9775 = EDGE_CURVE('',#7780,#9747,#9776,.T.);
#9776 = SURFACE_CURVE('',#9777,(#9781,#9788),.PCURVE_S1.);
#9777 = LINE('',#9778,#9779);
#9778 = CARTESIAN_POINT('',(-3.677442321918E-02,4.740930074254E-02,
    1.E-02));
#9779 = VECTOR('',#9780,1.);
#9780 = DIRECTION('',(0.,0.,1.));
#9781 = PCURVE('',#7795,#9782);
#9782 = DEFINITIONAL_REPRESENTATION('',(#9783),#9787);
#9783 = LINE('',#9784,#9785);
#9784 = CARTESIAN_POINT('',(6.000441968357,0.));
#9785 = VECTOR('',#9786,1.);
#9786 = DIRECTION('',(0.,1.));
#9787 = ( GEOMETRIC_REPRESENTATION_CONTEXT(2) 
PARAMETRIC_REPRESENTATION_CONTEXT() REPRESENTATION_CONTEXT('2D SPACE',''
  ) );
#9788 = PCURVE('',#8593,#9789);
#9789 = DEFINITIONAL_REPRESENTATION('',(#9790),#9794);
#9790 = LINE('',#9791,#9792);
#9791 = CARTESIAN_POINT('',(0.18,0.24));
#9792 = VECTOR('',#9793,1.);
#9793 = DIRECTION('',(1.,0.));
#9794 = ( GEOMETRIC_REPRESENTATION_CONTEXT(2) 
PARAMETRIC_REPRESENTATION_CONTEXT() REPRESENTATION_CONTEXT('2D SPACE',''
  ) );
#9795 = ORIENTED_EDGE('',*,*,#7779,.T.);
#9796 = ADVANCED_FACE('',(#9797),#7767,.T.);
#9797 = FACE_BOUND('',#9798,.T.);
#9798 = EDGE_LOOP('',(#9799,#9823,#9824,#9825));
#9799 = ORIENTED_EDGE('',*,*,#9800,.F.);
#9800 = EDGE_CURVE('',#9724,#9801,#9803,.T.);
#9801 = VERTEX_POINT('',#9802);
#9802 = CARTESIAN_POINT('',(-5.645284613725E-02,2.032427521472E-02,
    2.E-02));
#9803 = SURFACE_CURVE('',#9804,(#9809,#9816),.PCURVE_S1.);
#9804 = CIRCLE('',#9805,6.E-02);
#9805 = AXIS2_PLACEMENT_3D('',#9806,#9807,#9808);
#9806 = CARTESIAN_POINT('',(0.,0.,2.E-02));
#9807 = DIRECTION('',(0.,0.,1.));
#9808 = DIRECTION('',(-0.809016994375,0.587785252292,0.));
#9809 = PCURVE('',#7767,#9810);
#9810 = DEFINITIONAL_REPRESENTATION('',(#9811),#9815);
#9811 = LINE('',#9812,#9813);
#9812 = CARTESIAN_POINT('',(0.,1.E-02));
#9813 = VECTOR('',#9814,1.);
#9814 = DIRECTION('',(1.,0.));
#9815 = ( GEOMETRIC_REPRESENTATION_CONTEXT(2) 
PARAMETRIC_REPRESENTATION_CONTEXT() REPRESENTATION_CONTEXT('2D SPACE',''
  ) );
#9816 = PCURVE('',#9763,#9817);
#9817 = DEFINITIONAL_REPRESENTATION('',(#9818),#9822);
#9818 = CIRCLE('',#9819,6.E-02);
#9819 = AXIS2_PLACEMENT_2D('',#9820,#9821);
#9820 = CARTESIAN_POINT('',(0.,0.));
#9821 = DIRECTION('',(1.,0.));
#9822 = ( GEOMETRIC_REPRESENTATION_CONTEXT(2) 
PARAMETRIC_REPRESENTATION_CONTEXT() REPRESENTATION_CONTEXT('2D SPACE',''
  ) );
#9823 = ORIENTED_EDGE('',*,*,#9723,.F.);
#9824 = ORIENTED_EDGE('',*,*,#7751,.T.);
#9825 = ORIENTED_EDGE('',*,*,#9826,.T.);
#9826 = EDGE_CURVE('',#7728,#9801,#9827,.T.);
#9827 = SURFACE_CURVE('',#9828,(#9832,#9839),.PCURVE_S1.);
#9828 = LINE('',#9829,#9830);
#9829 = CARTESIAN_POINT('',(-5.645284613725E-02,2.032427521472E-02,
    1.E-02));
#9830 = VECTOR('',#9831,1.);
#9831 = DIRECTION('',(0.,0.,1.));
#9832 = PCURVE('',#7767,#9833);
#9833 = DEFINITIONAL_REPRESENTATION('',(#9834),#9838);
#9834 = LINE('',#9835,#9836);
#9835 = CARTESIAN_POINT('',(0.282743338823,0.));
#9836 = VECTOR('',#9837,1.);
#9837 = DIRECTION('',(0.,1.));
#9838 = ( GEOMETRIC_REPRESENTATION_CONTEXT(2) 
PARAMETRIC_REPRESENTATION_CONTEXT() REPRESENTATION_CONTEXT('2D SPACE',''
  ) );
#9839 = PCURVE('',#8677,#9840);
#9840 = DEFINITIONAL_REPRESENTATION('',(#9841),#9845);
#9841 = LINE('',#9842,#9843);
#9842 = CARTESIAN_POINT('',(0.18,0.24));
#9843 = VECTOR('',#9844,1.);
#9844 = DIRECTION('',(1.,0.));
#9845 = ( GEOMETRIC_REPRESENTATION_CONTEXT(2) 
PARAMETRIC_REPRESENTATION_CONTEXT() REPRESENTATION_CONTEXT('2D SPACE',''
  ) );
#9846 = ADVANCED_FACE('',(#9847),#7715,.T.);
#9847 = FACE_BOUND('',#9848,.T.);
#9848 = EDGE_LOOP('',(#9849,#9872,#9901,#9922));
#9849 = ORIENTED_EDGE('',*,*,#9850,.T.);
#9850 = EDGE_CURVE('',#7672,#9851,#9853,.T.);
#9851 = VERTEX_POINT('',#9852);
#9852 = CARTESIAN_POINT('',(-6.E-02,2.204364238465E-17,2.E-02));
#9853 = SURFACE_CURVE('',#9854,(#9858,#9865),.PCURVE_S1.);
#9854 = LINE('',#9855,#9856);
#9855 = CARTESIAN_POINT('',(-6.E-02,2.204364238465E-17,1.E-02));
#9856 = VECTOR('',#9857,1.);
#9857 = DIRECTION('',(0.,0.,1.));
#9858 = PCURVE('',#7715,#9859);
#9859 = DEFINITIONAL_REPRESENTATION('',(#9860),#9864);
#9860 = LINE('',#9861,#9862);
#9861 = CARTESIAN_POINT('',(6.28318530718,-0.));
#9862 = VECTOR('',#9863,1.);
#9863 = DIRECTION('',(0.,1.));
#9864 = ( GEOMETRIC_REPRESENTATION_CONTEXT(2) 
PARAMETRIC_REPRESENTATION_CONTEXT() REPRESENTATION_CONTEXT('2D SPACE',''
  ) );
#9865 = PCURVE('',#7687,#9866);
#9866 = DEFINITIONAL_REPRESENTATION('',(#9867),#9871);
#9867 = LINE('',#9868,#9869);
#9868 = CARTESIAN_POINT('',(0.,-0.));
#9869 = VECTOR('',#9870,1.);
#9870 = DIRECTION('',(0.,1.));
#9871 = ( GEOMETRIC_REPRESENTATION_CONTEXT(2) 
PARAMETRIC_REPRESENTATION_CONTEXT() REPRESENTATION_CONTEXT('2D SPACE',''
  ) );
#9872 = ORIENTED_EDGE('',*,*,#9873,.F.);
#9873 = EDGE_CURVE('',#9874,#9851,#9876,.T.);
#9874 = VERTEX_POINT('',#9875);
#9875 = CARTESIAN_POINT('',(-5.761762114062E-02,1.673946636235E-02,
    2.E-02));
#9876 = SURFACE_CURVE('',#9877,(#9882,#9889),.PCURVE_S1.);
#9877 = CIRCLE('',#9878,6.E-02);
#9878 = AXIS2_PLACEMENT_3D('',#9879,#9880,#9881);
#9879 = CARTESIAN_POINT('',(0.,0.,2.E-02));
#9880 = DIRECTION('',(0.,0.,1.));
#9881 = DIRECTION('',(-1.,1.224646799147E-16,0.));
#9882 = PCURVE('',#7715,#9883);
#9883 = DEFINITIONAL_REPRESENTATION('',(#9884),#9888);
#9884 = LINE('',#9885,#9886);
#9885 = CARTESIAN_POINT('',(0.,1.E-02));
#9886 = VECTOR('',#9887,1.);
#9887 = DIRECTION('',(1.,0.));
#9888 = ( GEOMETRIC_REPRESENTATION_CONTEXT(2) 
PARAMETRIC_REPRESENTATION_CONTEXT() REPRESENTATION_CONTEXT('2D SPACE',''
  ) );
#9889 = PCURVE('',#9890,#9895);
#9890 = PLANE('',#9891);
#9891 = AXIS2_PLACEMENT_3D('',#9892,#9893,#9894);
#9892 = CARTESIAN_POINT('',(0.,0.,2.E-02));
#9893 = DIRECTION('',(0.,0.,1.));
#9894 = DIRECTION('',(-1.,1.224646799147E-16,0.));
#9895 = DEFINITIONAL_REPRESENTATION('',(#9896),#9900);
#9896 = CIRCLE('',#9897,6.E-02);
#9897 = AXIS2_PLACEMENT_2D('',#9898,#9899);
#9898 = CARTESIAN_POINT('',(0.,0.));
#9899 = DIRECTION('',(1.,0.));
#9900 = ( GEOMETRIC_REPRESENTATION_CONTEXT(2) 
PARAMETRIC_REPRESENTATION_CONTEXT() REPRESENTATION_CONTEXT('2D SPACE',''
  ) );
#9901 = ORIENTED_EDGE('',*,*,#9902,.F.);
#9902 = EDGE_CURVE('',#7700,#9874,#9903,.T.);
#9903 = SURFACE_CURVE('',#9904,(#9908,#9915),.PCURVE_S1.);
#9904 = LINE('',#9905,#9906);
#9905 = CARTESIAN_POINT('',(-5.761762114062E-02,1.673946636235E-02,
    1.E-02));
#9906 = VECTOR('',#9907,1.);
#9907 = DIRECTION('',(0.,0.,1.));
#9908 = PCURVE('',#7715,#9909);
#9909 = DEFINITIONAL_REPRESENTATION('',(#9910),#9914);
#9910 = LINE('',#9911,#9912);
#9911 = CARTESIAN_POINT('',(6.000441968357,0.));
#9912 = VECTOR('',#9913,1.);
#9913 = DIRECTION('',(0.,1.));
#9914 = ( GEOMETRIC_REPRESENTATION_CONTEXT(2) 
PARAMETRIC_REPRESENTATION_CONTEXT() REPRESENTATION_CONTEXT('2D SPACE',''
  ) );
#9915 = PCURVE('',#8706,#9916);
#9916 = DEFINITIONAL_REPRESENTATION('',(#9917),#9921);
#9917 = LINE('',#9918,#9919);
#9918 = CARTESIAN_POINT('',(0.18,0.24));
#9919 = VECTOR('',#9920,1.);
#9920 = DIRECTION('',(1.,0.));
#9921 = ( GEOMETRIC_REPRESENTATION_CONTEXT(2) 
PARAMETRIC_REPRESENTATION_CONTEXT() REPRESENTATION_CONTEXT('2D SPACE',''
  ) );
#9922 = ORIENTED_EDGE('',*,*,#7699,.T.);
#9923 = ADVANCED_FACE('',(#9924),#7687,.T.);
#9924 = FACE_BOUND('',#9925,.T.);
#9925 = EDGE_LOOP('',(#9926,#9950,#9951,#9952));
#9926 = ORIENTED_EDGE('',*,*,#9927,.F.);
#9927 = EDGE_CURVE('',#9851,#9928,#9930,.T.);
#9928 = VERTEX_POINT('',#9929);
#9929 = CARTESIAN_POINT('',(-5.761762114062E-02,-1.673946636235E-02,
    2.E-02));
#9930 = SURFACE_CURVE('',#9931,(#9936,#9943),.PCURVE_S1.);
#9931 = CIRCLE('',#9932,6.E-02);
#9932 = AXIS2_PLACEMENT_3D('',#9933,#9934,#9935);
#9933 = CARTESIAN_POINT('',(0.,0.,2.E-02));
#9934 = DIRECTION('',(0.,0.,1.));
#9935 = DIRECTION('',(-1.,1.224646799147E-16,0.));
#9936 = PCURVE('',#7687,#9937);
#9937 = DEFINITIONAL_REPRESENTATION('',(#9938),#9942);
#9938 = LINE('',#9939,#9940);
#9939 = CARTESIAN_POINT('',(0.,1.E-02));
#9940 = VECTOR('',#9941,1.);
#9941 = DIRECTION('',(1.,0.));
#9942 = ( GEOMETRIC_REPRESENTATION_CONTEXT(2) 
PARAMETRIC_REPRESENTATION_CONTEXT() REPRESENTATION_CONTEXT('2D SPACE',''
  ) );
#9943 = PCURVE('',#9890,#9944);
#9944 = DEFINITIONAL_REPRESENTATION('',(#9945),#9949);
#9945 = CIRCLE('',#9946,6.E-02);
#9946 = AXIS2_PLACEMENT_2D('',#9947,#9948);
#9947 = CARTESIAN_POINT('',(0.,0.));
#9948 = DIRECTION('',(1.,0.));
#9949 = ( GEOMETRIC_REPRESENTATION_CONTEXT(2) 
PARAMETRIC_REPRESENTATION_CONTEXT() REPRESENTATION_CONTEXT('2D SPACE',''
  ) );
#9950 = ORIENTED_EDGE('',*,*,#9850,.F.);
#9951 = ORIENTED_EDGE('',*,*,#7671,.T.);
#9952 = ORIENTED_EDGE('',*,*,#9953,.T.);
#9953 = EDGE_CURVE('',#7648,#9928,#9954,.T.);
#9954 = SURFACE_CURVE('',#9955,(#9959,#9966),.PCURVE_S1.);
#9955 = LINE('',#9956,#9957);
#9956 = CARTESIAN_POINT('',(-5.761762114062E-02,-1.673946636235E-02,
    1.E-02));
#9957 = VECTOR('',#9958,1.);
#9958 = DIRECTION('',(0.,0.,1.));
#9959 = PCURVE('',#7687,#9960);
#9960 = DEFINITIONAL_REPRESENTATION('',(#9961),#9965);
#9961 = LINE('',#9962,#9963);
#9962 = CARTESIAN_POINT('',(0.282743338823,0.));
#9963 = VECTOR('',#9964,1.);
#9964 = DIRECTION('',(0.,1.));
#9965 = ( GEOMETRIC_REPRESENTATION_CONTEXT(2) 
PARAMETRIC_REPRESENTATION_CONTEXT() REPRESENTATION_CONTEXT('2D SPACE',''
  ) );
#9966 = PCURVE('',#8790,#9967);
#9967 = DEFINITIONAL_REPRESENTATION('',(#9968),#9972);
#9968 = LINE('',#9969,#9970);
#9969 = CARTESIAN_POINT('',(0.18,0.24));
#9970 = VECTOR('',#9971,1.);
#9971 = DIRECTION('',(1.,0.));
#9972 = ( GEOMETRIC_REPRESENTATION_CONTEXT(2) 
PARAMETRIC_REPRESENTATION_CONTEXT() REPRESENTATION_CONTEXT('2D SPACE',''
  ) );
#9973 = ADVANCED_FACE('',(#9974),#7635,.T.);
#9974 = FACE_BOUND('',#9975,.T.);
#9975 = EDGE_LOOP('',(#9976,#9999,#10028,#10049));
#9976 = ORIENTED_EDGE('',*,*,#9977,.T.);
#9977 = EDGE_CURVE('',#7592,#9978,#9980,.T.);
#9978 = VERTEX_POINT('',#9979);
#9979 = CARTESIAN_POINT('',(-4.85410196625E-02,-3.526711513755E-02,
    2.E-02));
#9980 = SURFACE_CURVE('',#9981,(#9985,#9992),.PCURVE_S1.);
#9981 = LINE('',#9982,#9983);
#9982 = CARTESIAN_POINT('',(-4.85410196625E-02,-3.526711513755E-02,
    1.E-02));
#9983 = VECTOR('',#9984,1.);
#9984 = DIRECTION('',(0.,0.,1.));
#9985 = PCURVE('',#7635,#9986);
#9986 = DEFINITIONAL_REPRESENTATION('',(#9987),#9991);
#9987 = LINE('',#9988,#9989);
#9988 = CARTESIAN_POINT('',(6.28318530718,-0.));
#9989 = VECTOR('',#9990,1.);
#9990 = DIRECTION('',(0.,1.));
#9991 = ( GEOMETRIC_REPRESENTATION_CONTEXT(2) 
PARAMETRIC_REPRESENTATION_CONTEXT() REPRESENTATION_CONTEXT('2D SPACE',''
  ) );
#9992 = PCURVE('',#7607,#9993);
#9993 = DEFINITIONAL_REPRESENTATION('',(#9994),#9998);
#9994 = LINE('',#9995,#9996);
#9995 = CARTESIAN_POINT('',(0.,-0.));
#9996 = VECTOR('',#9997,1.);
#9997 = DIRECTION('',(0.,1.));
#9998 = ( GEOMETRIC_REPRESENTATION_CONTEXT(2) 
PARAMETRIC_REPRESENTATION_CONTEXT() REPRESENTATION_CONTEXT('2D SPACE',''
  ) );
#9999 = ORIENTED_EDGE('',*,*,#10000,.F.);
#10000 = EDGE_CURVE('',#10001,#9978,#10003,.T.);
#10001 = VERTEX_POINT('',#10002);
#10002 = CARTESIAN_POINT('',(-5.645284613725E-02,-2.032427521472E-02,
    2.E-02));
#10003 = SURFACE_CURVE('',#10004,(#10009,#10016),.PCURVE_S1.);
#10004 = CIRCLE('',#10005,6.E-02);
#10005 = AXIS2_PLACEMENT_3D('',#10006,#10007,#10008);
#10006 = CARTESIAN_POINT('',(0.,0.,2.E-02));
#10007 = DIRECTION('',(0.,0.,1.));
#10008 = DIRECTION('',(-0.809016994375,-0.587785252292,0.));
#10009 = PCURVE('',#7635,#10010);
#10010 = DEFINITIONAL_REPRESENTATION('',(#10011),#10015);
#10011 = LINE('',#10012,#10013);
#10012 = CARTESIAN_POINT('',(0.,1.E-02));
#10013 = VECTOR('',#10014,1.);
#10014 = DIRECTION('',(1.,0.));
#10015 = ( GEOMETRIC_REPRESENTATION_CONTEXT(2) 
PARAMETRIC_REPRESENTATION_CONTEXT() REPRESENTATION_CONTEXT('2D SPACE',''
  ) );
#10016 = PCURVE('',#10017,#10022);
#10017 = PLANE('',#10018);
#10018 = AXIS2_PLACEMENT_3D('',#10019,#10020,#10021);
#10019 = CARTESIAN_POINT('',(0.,0.,2.E-02));
#10020 = DIRECTION('',(0.,0.,1.));
#10021 = DIRECTION('',(-0.809016994375,-0.587785252292,0.));
#10022 = DEFINITIONAL_REPRESENTATION('',(#10023),#10027);
#10023 = CIRCLE('',#10024,6.E-02);
#10024 = AXIS2_PLACEMENT_2D('',#10025,#10026);
#10025 = CARTESIAN_POINT('',(0.,0.));
#10026 = DIRECTION('',(1.,0.));
#10027 = ( GEOMETRIC_REPRESENTATION_CONTEXT(2) 
PARAMETRIC_REPRESENTATION_CONTEXT() REPRESENTATION_CONTEXT('2D SPACE',''
  ) );
#10028 = ORIENTED_EDGE('',*,*,#10029,.F.);
#10029 = EDGE_CURVE('',#7620,#10001,#10030,.T.);
#10030 = SURFACE_CURVE('',#10031,(#10035,#10042),.PCURVE_S1.);
#10031 = LINE('',#10032,#10033);
#10032 = CARTESIAN_POINT('',(-5.645284613725E-02,-2.032427521472E-02,
    1.E-02));
#10033 = VECTOR('',#10034,1.);
#10034 = DIRECTION('',(0.,0.,1.));
#10035 = PCURVE('',#7635,#10036);
#10036 = DEFINITIONAL_REPRESENTATION('',(#10037),#10041);
#10037 = LINE('',#10038,#10039);
#10038 = CARTESIAN_POINT('',(6.000441968357,0.));
#10039 = VECTOR('',#10040,1.);
#10040 = DIRECTION('',(0.,1.));
#10041 = ( GEOMETRIC_REPRESENTATION_CONTEXT(2) 
PARAMETRIC_REPRESENTATION_CONTEXT() REPRESENTATION_CONTEXT('2D SPACE',''
  ) );
#10042 = PCURVE('',#8819,#10043);
#10043 = DEFINITIONAL_REPRESENTATION('',(#10044),#10048);
#10044 = LINE('',#10045,#10046);
#10045 = CARTESIAN_POINT('',(0.18,0.24));
#10046 = VECTOR('',#10047,1.);
#10047 = DIRECTION('',(1.,0.));
#10048 = ( GEOMETRIC_REPRESENTATION_CONTEXT(2) 
PARAMETRIC_REPRESENTATION_CONTEXT() REPRESENTATION_CONTEXT('2D SPACE',''
  ) );
#10049 = ORIENTED_EDGE('',*,*,#7619,.T.);
#10050 = ADVANCED_FACE('',(#10051),#7607,.T.);
#10051 = FACE_BOUND('',#10052,.T.);
#10052 = EDGE_LOOP('',(#10053,#10077,#10078,#10079));
#10053 = ORIENTED_EDGE('',*,*,#10054,.F.);
#10054 = EDGE_CURVE('',#9978,#10055,#10057,.T.);
#10055 = VERTEX_POINT('',#10056);
#10056 = CARTESIAN_POINT('',(-3.677442321918E-02,-4.740930074254E-02,
    2.E-02));
#10057 = SURFACE_CURVE('',#10058,(#10063,#10070),.PCURVE_S1.);
#10058 = CIRCLE('',#10059,6.E-02);
#10059 = AXIS2_PLACEMENT_3D('',#10060,#10061,#10062);
#10060 = CARTESIAN_POINT('',(0.,0.,2.E-02));
#10061 = DIRECTION('',(0.,0.,1.));
#10062 = DIRECTION('',(-0.809016994375,-0.587785252292,0.));
#10063 = PCURVE('',#7607,#10064);
#10064 = DEFINITIONAL_REPRESENTATION('',(#10065),#10069);
#10065 = LINE('',#10066,#10067);
#10066 = CARTESIAN_POINT('',(0.,1.E-02));
#10067 = VECTOR('',#10068,1.);
#10068 = DIRECTION('',(1.,0.));
#10069 = ( GEOMETRIC_REPRESENTATION_CONTEXT(2) 
PARAMETRIC_REPRESENTATION_CONTEXT() REPRESENTATION_CONTEXT('2D SPACE',''
  ) );
#10070 = PCURVE('',#10017,#10071);
#10071 = DEFINITIONAL_REPRESENTATION('',(#10072),#10076);
#10072 = CIRCLE('',#10073,6.E-02);
#10073 = AXIS2_PLACEMENT_2D('',#10074,#10075);
#10074 = CARTESIAN_POINT('',(0.,0.));
#10075 = DIRECTION('',(1.,0.));
#10076 = ( GEOMETRIC_REPRESENTATION_CONTEXT(2) 
PARAMETRIC_REPRESENTATION_CONTEXT() REPRESENTATION_CONTEXT('2D SPACE',''
  ) );
#10077 = ORIENTED_EDGE('',*,*,#9977,.F.);
#10078 = ORIENTED_EDGE('',*,*,#7591,.T.);
#10079 = ORIENTED_EDGE('',*,*,#10080,.T.);
#10080 = EDGE_CURVE('',#7568,#10055,#10081,.T.);
#10081 = SURFACE_CURVE('',#10082,(#10086,#10093),.PCURVE_S1.);
#10082 = LINE('',#10083,#10084);
#10083 = CARTESIAN_POINT('',(-3.677442321918E-02,-4.740930074254E-02,
    1.E-02));
#10084 = VECTOR('',#10085,1.);
#10085 = DIRECTION('',(0.,0.,1.));
#10086 = PCURVE('',#7607,#10087);
#10087 = DEFINITIONAL_REPRESENTATION('',(#10088),#10092);
#10088 = LINE('',#10089,#10090);
#10089 = CARTESIAN_POINT('',(0.282743338823,0.));
#10090 = VECTOR('',#10091,1.);
#10091 = DIRECTION('',(0.,1.));
#10092 = ( GEOMETRIC_REPRESENTATION_CONTEXT(2) 
PARAMETRIC_REPRESENTATION_CONTEXT() REPRESENTATION_CONTEXT('2D SPACE',''
  ) );
#10093 = PCURVE('',#8903,#10094);
#10094 = DEFINITIONAL_REPRESENTATION('',(#10095),#10099);
#10095 = LINE('',#10096,#10097);
#10096 = CARTESIAN_POINT('',(0.18,0.24));
#10097 = VECTOR('',#10098,1.);
#10098 = DIRECTION('',(1.,0.));
#10099 = ( GEOMETRIC_REPRESENTATION_CONTEXT(2) 
PARAMETRIC_REPRESENTATION_CONTEXT() REPRESENTATION_CONTEXT('2D SPACE',''
  ) );
#10100 = ADVANCED_FACE('',(#10101),#7555,.T.);
#10101 = FACE_BOUND('',#10102,.T.);
#10102 = EDGE_LOOP('',(#10103,#10126,#10155,#10176));
#10103 = ORIENTED_EDGE('',*,*,#10104,.T.);
#10104 = EDGE_CURVE('',#7512,#10105,#10107,.T.);
#10105 = VERTEX_POINT('',#10106);
#10106 = CARTESIAN_POINT('',(-1.85410196625E-02,-5.706339097771E-02,
    2.E-02));
#10107 = SURFACE_CURVE('',#10108,(#10112,#10119),.PCURVE_S1.);
#10108 = LINE('',#10109,#10110);
#10109 = CARTESIAN_POINT('',(-1.85410196625E-02,-5.706339097771E-02,
    1.E-02));
#10110 = VECTOR('',#10111,1.);
#10111 = DIRECTION('',(0.,0.,1.));
#10112 = PCURVE('',#7555,#10113);
#10113 = DEFINITIONAL_REPRESENTATION('',(#10114),#10118);
#10114 = LINE('',#10115,#10116);
#10115 = CARTESIAN_POINT('',(6.28318530718,-0.));
#10116 = VECTOR('',#10117,1.);
#10117 = DIRECTION('',(0.,1.));
#10118 = ( GEOMETRIC_REPRESENTATION_CONTEXT(2) 
PARAMETRIC_REPRESENTATION_CONTEXT() REPRESENTATION_CONTEXT('2D SPACE',''
  ) );
#10119 = PCURVE('',#7527,#10120);
#10120 = DEFINITIONAL_REPRESENTATION('',(#10121),#10125);
#10121 = LINE('',#10122,#10123);
#10122 = CARTESIAN_POINT('',(0.,-0.));
#10123 = VECTOR('',#10124,1.);
#10124 = DIRECTION('',(0.,1.));
#10125 = ( GEOMETRIC_REPRESENTATION_CONTEXT(2) 
PARAMETRIC_REPRESENTATION_CONTEXT() REPRESENTATION_CONTEXT('2D SPACE',''
  ) );
#10126 = ORIENTED_EDGE('',*,*,#10127,.F.);
#10127 = EDGE_CURVE('',#10128,#10105,#10130,.T.);
#10128 = VERTEX_POINT('',#10129);
#10129 = CARTESIAN_POINT('',(-3.372500267113E-02,-4.962483445647E-02,
    2.E-02));
#10130 = SURFACE_CURVE('',#10131,(#10136,#10143),.PCURVE_S1.);
#10131 = CIRCLE('',#10132,6.E-02);
#10132 = AXIS2_PLACEMENT_3D('',#10133,#10134,#10135);
#10133 = CARTESIAN_POINT('',(0.,0.,2.E-02));
#10134 = DIRECTION('',(0.,0.,1.));
#10135 = DIRECTION('',(-0.309016994375,-0.951056516295,0.));
#10136 = PCURVE('',#7555,#10137);
#10137 = DEFINITIONAL_REPRESENTATION('',(#10138),#10142);
#10138 = LINE('',#10139,#10140);
#10139 = CARTESIAN_POINT('',(0.,1.E-02));
#10140 = VECTOR('',#10141,1.);
#10141 = DIRECTION('',(1.,0.));
#10142 = ( GEOMETRIC_REPRESENTATION_CONTEXT(2) 
PARAMETRIC_REPRESENTATION_CONTEXT() REPRESENTATION_CONTEXT('2D SPACE',''
  ) );
#10143 = PCURVE('',#10144,#10149);
#10144 = PLANE('',#10145);
#10145 = AXIS2_PLACEMENT_3D('',#10146,#10147,#10148);
#10146 = CARTESIAN_POINT('',(0.,0.,2.E-02));
#10147 = DIRECTION('',(0.,0.,1.));
#10148 = DIRECTION('',(-0.309016994375,-0.951056516295,0.));
#10149 = DEFINITIONAL_REPRESENTATION('',(#10150),#10154);
#10150 = CIRCLE('',#10151,6.E-02);
#10151 = AXIS2_PLACEMENT_2D('',#10152,#10153);
#10152 = CARTESIAN_POINT('',(0.,0.));
#10153 = DIRECTION('',(1.,0.));
#10154 = ( GEOMETRIC_REPRESENTATION_CONTEXT(2) 
PARAMETRIC_REPRESENTATION_CONTEXT() REPRESENTATION_CONTEXT('2D SPACE',''
  ) );
#10155 = ORIENTED_EDGE('',*,*,#10156,.F.);
#10156 = EDGE_CURVE('',#7540,#10128,#10157,.T.);
#10157 = SURFACE_CURVE('',#10158,(#10162,#10169),.PCURVE_S1.);
#10158 = LINE('',#10159,#10160);
#10159 = CARTESIAN_POINT('',(-3.372500267113E-02,-4.962483445647E-02,
    1.E-02));
#10160 = VECTOR('',#10161,1.);
#10161 = DIRECTION('',(0.,0.,1.));
#10162 = PCURVE('',#7555,#10163);
#10163 = DEFINITIONAL_REPRESENTATION('',(#10164),#10168);
#10164 = LINE('',#10165,#10166);
#10165 = CARTESIAN_POINT('',(6.000441968357,0.));
#10166 = VECTOR('',#10167,1.);
#10167 = DIRECTION('',(0.,1.));
#10168 = ( GEOMETRIC_REPRESENTATION_CONTEXT(2) 
PARAMETRIC_REPRESENTATION_CONTEXT() REPRESENTATION_CONTEXT('2D SPACE',''
  ) );
#10169 = PCURVE('',#8932,#10170);
#10170 = DEFINITIONAL_REPRESENTATION('',(#10171),#10175);
#10171 = LINE('',#10172,#10173);
#10172 = CARTESIAN_POINT('',(0.18,0.24));
#10173 = VECTOR('',#10174,1.);
#10174 = DIRECTION('',(1.,0.));
#10175 = ( GEOMETRIC_REPRESENTATION_CONTEXT(2) 
PARAMETRIC_REPRESENTATION_CONTEXT() REPRESENTATION_CONTEXT('2D SPACE',''
  ) );
#10176 = ORIENTED_EDGE('',*,*,#7539,.T.);
#10177 = ADVANCED_FACE('',(#10178),#7527,.T.);
#10178 = FACE_BOUND('',#10179,.T.);
#10179 = EDGE_LOOP('',(#10180,#10204,#10205,#10206));
#10180 = ORIENTED_EDGE('',*,*,#10181,.F.);
#10181 = EDGE_CURVE('',#10105,#10182,#10184,.T.);
#10182 = VERTEX_POINT('',#10183);
#10183 = CARTESIAN_POINT('',(-1.884645544688E-03,-5.997039362194E-02,
    2.E-02));
#10184 = SURFACE_CURVE('',#10185,(#10190,#10197),.PCURVE_S1.);
#10185 = CIRCLE('',#10186,6.E-02);
#10186 = AXIS2_PLACEMENT_3D('',#10187,#10188,#10189);
#10187 = CARTESIAN_POINT('',(0.,0.,2.E-02));
#10188 = DIRECTION('',(0.,0.,1.));
#10189 = DIRECTION('',(-0.309016994375,-0.951056516295,0.));
#10190 = PCURVE('',#7527,#10191);
#10191 = DEFINITIONAL_REPRESENTATION('',(#10192),#10196);
#10192 = LINE('',#10193,#10194);
#10193 = CARTESIAN_POINT('',(0.,1.E-02));
#10194 = VECTOR('',#10195,1.);
#10195 = DIRECTION('',(1.,0.));
#10196 = ( GEOMETRIC_REPRESENTATION_CONTEXT(2) 
PARAMETRIC_REPRESENTATION_CONTEXT() REPRESENTATION_CONTEXT('2D SPACE',''
  ) );
#10197 = PCURVE('',#10144,#10198);
#10198 = DEFINITIONAL_REPRESENTATION('',(#10199),#10203);
#10199 = CIRCLE('',#10200,6.E-02);
#10200 = AXIS2_PLACEMENT_2D('',#10201,#10202);
#10201 = CARTESIAN_POINT('',(0.,0.));
#10202 = DIRECTION('',(1.,0.));
#10203 = ( GEOMETRIC_REPRESENTATION_CONTEXT(2) 
PARAMETRIC_REPRESENTATION_CONTEXT() REPRESENTATION_CONTEXT('2D SPACE',''
  ) );
#10204 = ORIENTED_EDGE('',*,*,#10104,.F.);
#10205 = ORIENTED_EDGE('',*,*,#7511,.T.);
#10206 = ORIENTED_EDGE('',*,*,#10207,.T.);
#10207 = EDGE_CURVE('',#7488,#10182,#10208,.T.);
#10208 = SURFACE_CURVE('',#10209,(#10213,#10220),.PCURVE_S1.);
#10209 = LINE('',#10210,#10211);
#10210 = CARTESIAN_POINT('',(-1.884645544688E-03,-5.997039362194E-02,
    1.E-02));
#10211 = VECTOR('',#10212,1.);
#10212 = DIRECTION('',(0.,0.,1.));
#10213 = PCURVE('',#7527,#10214);
#10214 = DEFINITIONAL_REPRESENTATION('',(#10215),#10219);
#10215 = LINE('',#10216,#10217);
#10216 = CARTESIAN_POINT('',(0.282743338823,0.));
#10217 = VECTOR('',#10218,1.);
#10218 = DIRECTION('',(0.,1.));
#10219 = ( GEOMETRIC_REPRESENTATION_CONTEXT(2) 
PARAMETRIC_REPRESENTATION_CONTEXT() REPRESENTATION_CONTEXT('2D SPACE',''
  ) );
#10220 = PCURVE('',#9016,#10221);
#10221 = DEFINITIONAL_REPRESENTATION('',(#10222),#10226);
#10222 = LINE('',#10223,#10224);
#10223 = CARTESIAN_POINT('',(0.18,0.24));
#10224 = VECTOR('',#10225,1.);
#10225 = DIRECTION('',(1.,0.));
#10226 = ( GEOMETRIC_REPRESENTATION_CONTEXT(2) 
PARAMETRIC_REPRESENTATION_CONTEXT() REPRESENTATION_CONTEXT('2D SPACE',''
  ) );
#10227 = ADVANCED_FACE('',(#10228),#7475,.T.);
#10228 = FACE_BOUND('',#10229,.T.);
#10229 = EDGE_LOOP('',(#10230,#10253,#10282,#10303));
#10230 = ORIENTED_EDGE('',*,*,#10231,.T.);
#10231 = EDGE_CURVE('',#7432,#10232,#10234,.T.);
#10232 = VERTEX_POINT('',#10233);
#10233 = CARTESIAN_POINT('',(1.85410196625E-02,-5.706339097771E-02,
    2.E-02));
#10234 = SURFACE_CURVE('',#10235,(#10239,#10246),.PCURVE_S1.);
#10235 = LINE('',#10236,#10237);
#10236 = CARTESIAN_POINT('',(1.85410196625E-02,-5.706339097771E-02,
    1.E-02));
#10237 = VECTOR('',#10238,1.);
#10238 = DIRECTION('',(0.,0.,1.));
#10239 = PCURVE('',#7475,#10240);
#10240 = DEFINITIONAL_REPRESENTATION('',(#10241),#10245);
#10241 = LINE('',#10242,#10243);
#10242 = CARTESIAN_POINT('',(6.28318530718,-0.));
#10243 = VECTOR('',#10244,1.);
#10244 = DIRECTION('',(0.,1.));
#10245 = ( GEOMETRIC_REPRESENTATION_CONTEXT(2) 
PARAMETRIC_REPRESENTATION_CONTEXT() REPRESENTATION_CONTEXT('2D SPACE',''
  ) );
#10246 = PCURVE('',#7447,#10247);
#10247 = DEFINITIONAL_REPRESENTATION('',(#10248),#10252);
#10248 = LINE('',#10249,#10250);
#10249 = CARTESIAN_POINT('',(0.,-0.));
#10250 = VECTOR('',#10251,1.);
#10251 = DIRECTION('',(0.,1.));
#10252 = ( GEOMETRIC_REPRESENTATION_CONTEXT(2) 
PARAMETRIC_REPRESENTATION_CONTEXT() REPRESENTATION_CONTEXT('2D SPACE',''
  ) );
#10253 = ORIENTED_EDGE('',*,*,#10254,.F.);
#10254 = EDGE_CURVE('',#10255,#10232,#10257,.T.);
#10255 = VERTEX_POINT('',#10256);
#10256 = CARTESIAN_POINT('',(1.884645544688E-03,-5.997039362194E-02,
    2.E-02));
#10257 = SURFACE_CURVE('',#10258,(#10263,#10270),.PCURVE_S1.);
#10258 = CIRCLE('',#10259,6.E-02);
#10259 = AXIS2_PLACEMENT_3D('',#10260,#10261,#10262);
#10260 = CARTESIAN_POINT('',(0.,0.,2.E-02));
#10261 = DIRECTION('',(-0.,0.,1.));
#10262 = DIRECTION('',(0.309016994375,-0.951056516295,0.));
#10263 = PCURVE('',#7475,#10264);
#10264 = DEFINITIONAL_REPRESENTATION('',(#10265),#10269);
#10265 = LINE('',#10266,#10267);
#10266 = CARTESIAN_POINT('',(0.,1.E-02));
#10267 = VECTOR('',#10268,1.);
#10268 = DIRECTION('',(1.,0.));
#10269 = ( GEOMETRIC_REPRESENTATION_CONTEXT(2) 
PARAMETRIC_REPRESENTATION_CONTEXT() REPRESENTATION_CONTEXT('2D SPACE',''
  ) );
#10270 = PCURVE('',#10271,#10276);
#10271 = PLANE('',#10272);
#10272 = AXIS2_PLACEMENT_3D('',#10273,#10274,#10275);
#10273 = CARTESIAN_POINT('',(0.,0.,2.E-02));
#10274 = DIRECTION('',(0.,0.,1.));
#10275 = DIRECTION('',(0.309016994375,-0.951056516295,0.));
#10276 = DEFINITIONAL_REPRESENTATION('',(#10277),#10281);
#10277 = CIRCLE('',#10278,6.E-02);
#10278 = AXIS2_PLACEMENT_2D('',#10279,#10280);
#10279 = CARTESIAN_POINT('',(0.,0.));
#10280 = DIRECTION('',(1.,0.));
#10281 = ( GEOMETRIC_REPRESENTATION_CONTEXT(2) 
PARAMETRIC_REPRESENTATION_CONTEXT() REPRESENTATION_CONTEXT('2D SPACE',''
  ) );
#10282 = ORIENTED_EDGE('',*,*,#10283,.F.);
#10283 = EDGE_CURVE('',#7460,#10255,#10284,.T.);
#10284 = SURFACE_CURVE('',#10285,(#10289,#10296),.PCURVE_S1.);
#10285 = LINE('',#10286,#10287);
#10286 = CARTESIAN_POINT('',(1.884645544688E-03,-5.997039362194E-02,
    1.E-02));
#10287 = VECTOR('',#10288,1.);
#10288 = DIRECTION('',(0.,0.,1.));
#10289 = PCURVE('',#7475,#10290);
#10290 = DEFINITIONAL_REPRESENTATION('',(#10291),#10295);
#10291 = LINE('',#10292,#10293);
#10292 = CARTESIAN_POINT('',(6.000441968357,0.));
#10293 = VECTOR('',#10294,1.);
#10294 = DIRECTION('',(0.,1.));
#10295 = ( GEOMETRIC_REPRESENTATION_CONTEXT(2) 
PARAMETRIC_REPRESENTATION_CONTEXT() REPRESENTATION_CONTEXT('2D SPACE',''
  ) );
#10296 = PCURVE('',#9045,#10297);
#10297 = DEFINITIONAL_REPRESENTATION('',(#10298),#10302);
#10298 = LINE('',#10299,#10300);
#10299 = CARTESIAN_POINT('',(0.18,0.24));
#10300 = VECTOR('',#10301,1.);
#10301 = DIRECTION('',(1.,0.));
#10302 = ( GEOMETRIC_REPRESENTATION_CONTEXT(2) 
PARAMETRIC_REPRESENTATION_CONTEXT() REPRESENTATION_CONTEXT('2D SPACE',''
  ) );
#10303 = ORIENTED_EDGE('',*,*,#7459,.T.);
#10304 = ADVANCED_FACE('',(#10305),#7447,.T.);
#10305 = FACE_BOUND('',#10306,.T.);
#10306 = EDGE_LOOP('',(#10307,#10331,#10332,#10333));
#10307 = ORIENTED_EDGE('',*,*,#10308,.F.);
#10308 = EDGE_CURVE('',#10232,#10309,#10311,.T.);
#10309 = VERTEX_POINT('',#10310);
#10310 = CARTESIAN_POINT('',(3.372500267113E-02,-4.962483445647E-02,
    2.E-02));
#10311 = SURFACE_CURVE('',#10312,(#10317,#10324),.PCURVE_S1.);
#10312 = CIRCLE('',#10313,6.E-02);
#10313 = AXIS2_PLACEMENT_3D('',#10314,#10315,#10316);
#10314 = CARTESIAN_POINT('',(0.,0.,2.E-02));
#10315 = DIRECTION('',(-0.,0.,1.));
#10316 = DIRECTION('',(0.309016994375,-0.951056516295,0.));
#10317 = PCURVE('',#7447,#10318);
#10318 = DEFINITIONAL_REPRESENTATION('',(#10319),#10323);
#10319 = LINE('',#10320,#10321);
#10320 = CARTESIAN_POINT('',(0.,1.E-02));
#10321 = VECTOR('',#10322,1.);
#10322 = DIRECTION('',(1.,0.));
#10323 = ( GEOMETRIC_REPRESENTATION_CONTEXT(2) 
PARAMETRIC_REPRESENTATION_CONTEXT() REPRESENTATION_CONTEXT('2D SPACE',''
  ) );
#10324 = PCURVE('',#10271,#10325);
#10325 = DEFINITIONAL_REPRESENTATION('',(#10326),#10330);
#10326 = CIRCLE('',#10327,6.E-02);
#10327 = AXIS2_PLACEMENT_2D('',#10328,#10329);
#10328 = CARTESIAN_POINT('',(0.,0.));
#10329 = DIRECTION('',(1.,0.));
#10330 = ( GEOMETRIC_REPRESENTATION_CONTEXT(2) 
PARAMETRIC_REPRESENTATION_CONTEXT() REPRESENTATION_CONTEXT('2D SPACE',''
  ) );
#10331 = ORIENTED_EDGE('',*,*,#10231,.F.);
#10332 = ORIENTED_EDGE('',*,*,#7431,.T.);
#10333 = ORIENTED_EDGE('',*,*,#10334,.T.);
#10334 = EDGE_CURVE('',#7408,#10309,#10335,.T.);
#10335 = SURFACE_CURVE('',#10336,(#10340,#10347),.PCURVE_S1.);
#10336 = LINE('',#10337,#10338);
#10337 = CARTESIAN_POINT('',(3.372500267113E-02,-4.962483445647E-02,
    1.E-02));
#10338 = VECTOR('',#10339,1.);
#10339 = DIRECTION('',(0.,0.,1.));
#10340 = PCURVE('',#7447,#10341);
#10341 = DEFINITIONAL_REPRESENTATION('',(#10342),#10346);
#10342 = LINE('',#10343,#10344);
#10343 = CARTESIAN_POINT('',(0.282743338823,0.));
#10344 = VECTOR('',#10345,1.);
#10345 = DIRECTION('',(0.,1.));
#10346 = ( GEOMETRIC_REPRESENTATION_CONTEXT(2) 
PARAMETRIC_REPRESENTATION_CONTEXT() REPRESENTATION_CONTEXT('2D SPACE',''
  ) );
#10347 = PCURVE('',#9129,#10348);
#10348 = DEFINITIONAL_REPRESENTATION('',(#10349),#10353);
#10349 = LINE('',#10350,#10351);
#10350 = CARTESIAN_POINT('',(0.18,0.24));
#10351 = VECTOR('',#10352,1.);
#10352 = DIRECTION('',(1.,0.));
#10353 = ( GEOMETRIC_REPRESENTATION_CONTEXT(2) 
PARAMETRIC_REPRESENTATION_CONTEXT() REPRESENTATION_CONTEXT('2D SPACE',''
  ) );
#10354 = ADVANCED_FACE('',(#10355),#7395,.T.);
#10355 = FACE_BOUND('',#10356,.T.);
#10356 = EDGE_LOOP('',(#10357,#10380,#10409,#10430));
#10357 = ORIENTED_EDGE('',*,*,#10358,.T.);
#10358 = EDGE_CURVE('',#7352,#10359,#10361,.T.);
#10359 = VERTEX_POINT('',#10360);
#10360 = CARTESIAN_POINT('',(4.85410196625E-02,-3.526711513755E-02,
    2.E-02));
#10361 = SURFACE_CURVE('',#10362,(#10366,#10373),.PCURVE_S1.);
#10362 = LINE('',#10363,#10364);
#10363 = CARTESIAN_POINT('',(4.85410196625E-02,-3.526711513755E-02,
    1.E-02));
#10364 = VECTOR('',#10365,1.);
#10365 = DIRECTION('',(0.,0.,1.));
#10366 = PCURVE('',#7395,#10367);
#10367 = DEFINITIONAL_REPRESENTATION('',(#10368),#10372);
#10368 = LINE('',#10369,#10370);
#10369 = CARTESIAN_POINT('',(6.28318530718,-0.));
#10370 = VECTOR('',#10371,1.);
#10371 = DIRECTION('',(0.,1.));
#10372 = ( GEOMETRIC_REPRESENTATION_CONTEXT(2) 
PARAMETRIC_REPRESENTATION_CONTEXT() REPRESENTATION_CONTEXT('2D SPACE',''
  ) );
#10373 = PCURVE('',#7367,#10374);
#10374 = DEFINITIONAL_REPRESENTATION('',(#10375),#10379);
#10375 = LINE('',#10376,#10377);
#10376 = CARTESIAN_POINT('',(0.,-0.));
#10377 = VECTOR('',#10378,1.);
#10378 = DIRECTION('',(0.,1.));
#10379 = ( GEOMETRIC_REPRESENTATION_CONTEXT(2) 
PARAMETRIC_REPRESENTATION_CONTEXT() REPRESENTATION_CONTEXT('2D SPACE',''
  ) );
#10380 = ORIENTED_EDGE('',*,*,#10381,.F.);
#10381 = EDGE_CURVE('',#10382,#10359,#10384,.T.);
#10382 = VERTEX_POINT('',#10383);
#10383 = CARTESIAN_POINT('',(3.677442321918E-02,-4.740930074254E-02,
    2.E-02));
#10384 = SURFACE_CURVE('',#10385,(#10390,#10397),.PCURVE_S1.);
#10385 = CIRCLE('',#10386,6.E-02);
#10386 = AXIS2_PLACEMENT_3D('',#10387,#10388,#10389);
#10387 = CARTESIAN_POINT('',(0.,0.,2.E-02));
#10388 = DIRECTION('',(-0.,0.,1.));
#10389 = DIRECTION('',(0.809016994375,-0.587785252292,0.));
#10390 = PCURVE('',#7395,#10391);
#10391 = DEFINITIONAL_REPRESENTATION('',(#10392),#10396);
#10392 = LINE('',#10393,#10394);
#10393 = CARTESIAN_POINT('',(0.,1.E-02));
#10394 = VECTOR('',#10395,1.);
#10395 = DIRECTION('',(1.,0.));
#10396 = ( GEOMETRIC_REPRESENTATION_CONTEXT(2) 
PARAMETRIC_REPRESENTATION_CONTEXT() REPRESENTATION_CONTEXT('2D SPACE',''
  ) );
#10397 = PCURVE('',#10398,#10403);
#10398 = PLANE('',#10399);
#10399 = AXIS2_PLACEMENT_3D('',#10400,#10401,#10402);
#10400 = CARTESIAN_POINT('',(0.,0.,2.E-02));
#10401 = DIRECTION('',(0.,0.,1.));
#10402 = DIRECTION('',(0.809016994375,-0.587785252292,0.));
#10403 = DEFINITIONAL_REPRESENTATION('',(#10404),#10408);
#10404 = CIRCLE('',#10405,6.E-02);
#10405 = AXIS2_PLACEMENT_2D('',#10406,#10407);
#10406 = CARTESIAN_POINT('',(0.,0.));
#10407 = DIRECTION('',(1.,0.));
#10408 = ( GEOMETRIC_REPRESENTATION_CONTEXT(2) 
PARAMETRIC_REPRESENTATION_CONTEXT() REPRESENTATION_CONTEXT('2D SPACE',''
  ) );
#10409 = ORIENTED_EDGE('',*,*,#10410,.F.);
#10410 = EDGE_CURVE('',#7380,#10382,#10411,.T.);
#10411 = SURFACE_CURVE('',#10412,(#10416,#10423),.PCURVE_S1.);
#10412 = LINE('',#10413,#10414);
#10413 = CARTESIAN_POINT('',(3.677442321918E-02,-4.740930074254E-02,
    1.E-02));
#10414 = VECTOR('',#10415,1.);
#10415 = DIRECTION('',(0.,0.,1.));
#10416 = PCURVE('',#7395,#10417);
#10417 = DEFINITIONAL_REPRESENTATION('',(#10418),#10422);
#10418 = LINE('',#10419,#10420);
#10419 = CARTESIAN_POINT('',(6.000441968357,0.));
#10420 = VECTOR('',#10421,1.);
#10421 = DIRECTION('',(0.,1.));
#10422 = ( GEOMETRIC_REPRESENTATION_CONTEXT(2) 
PARAMETRIC_REPRESENTATION_CONTEXT() REPRESENTATION_CONTEXT('2D SPACE',''
  ) );
#10423 = PCURVE('',#9158,#10424);
#10424 = DEFINITIONAL_REPRESENTATION('',(#10425),#10429);
#10425 = LINE('',#10426,#10427);
#10426 = CARTESIAN_POINT('',(0.18,0.24));
#10427 = VECTOR('',#10428,1.);
#10428 = DIRECTION('',(1.,0.));
#10429 = ( GEOMETRIC_REPRESENTATION_CONTEXT(2) 
PARAMETRIC_REPRESENTATION_CONTEXT() REPRESENTATION_CONTEXT('2D SPACE',''
  ) );
#10430 = ORIENTED_EDGE('',*,*,#7379,.T.);
#10431 = ADVANCED_FACE('',(#10432),#7367,.T.);
#10432 = FACE_BOUND('',#10433,.T.);
#10433 = EDGE_LOOP('',(#10434,#10458,#10459,#10460));
#10434 = ORIENTED_EDGE('',*,*,#10435,.F.);
#10435 = EDGE_CURVE('',#10359,#10436,#10438,.T.);
#10436 = VERTEX_POINT('',#10437);
#10437 = CARTESIAN_POINT('',(5.645284613725E-02,-2.032427521472E-02,
    2.E-02));
#10438 = SURFACE_CURVE('',#10439,(#10444,#10451),.PCURVE_S1.);
#10439 = CIRCLE('',#10440,6.E-02);
#10440 = AXIS2_PLACEMENT_3D('',#10441,#10442,#10443);
#10441 = CARTESIAN_POINT('',(0.,0.,2.E-02));
#10442 = DIRECTION('',(-0.,0.,1.));
#10443 = DIRECTION('',(0.809016994375,-0.587785252292,0.));
#10444 = PCURVE('',#7367,#10445);
#10445 = DEFINITIONAL_REPRESENTATION('',(#10446),#10450);
#10446 = LINE('',#10447,#10448);
#10447 = CARTESIAN_POINT('',(0.,1.E-02));
#10448 = VECTOR('',#10449,1.);
#10449 = DIRECTION('',(1.,0.));
#10450 = ( GEOMETRIC_REPRESENTATION_CONTEXT(2) 
PARAMETRIC_REPRESENTATION_CONTEXT() REPRESENTATION_CONTEXT('2D SPACE',''
  ) );
#10451 = PCURVE('',#10398,#10452);
#10452 = DEFINITIONAL_REPRESENTATION('',(#10453),#10457);
#10453 = CIRCLE('',#10454,6.E-02);
#10454 = AXIS2_PLACEMENT_2D('',#10455,#10456);
#10455 = CARTESIAN_POINT('',(0.,0.));
#10456 = DIRECTION('',(1.,0.));
#10457 = ( GEOMETRIC_REPRESENTATION_CONTEXT(2) 
PARAMETRIC_REPRESENTATION_CONTEXT() REPRESENTATION_CONTEXT('2D SPACE',''
  ) );
#10458 = ORIENTED_EDGE('',*,*,#10358,.F.);
#10459 = ORIENTED_EDGE('',*,*,#7351,.T.);
#10460 = ORIENTED_EDGE('',*,*,#10461,.T.);
#10461 = EDGE_CURVE('',#7323,#10436,#10462,.T.);
#10462 = SURFACE_CURVE('',#10463,(#10467,#10474),.PCURVE_S1.);
#10463 = LINE('',#10464,#10465);
#10464 = CARTESIAN_POINT('',(5.645284613725E-02,-2.032427521472E-02,
    1.E-02));
#10465 = VECTOR('',#10466,1.);
#10466 = DIRECTION('',(0.,0.,1.));
#10467 = PCURVE('',#7367,#10468);
#10468 = DEFINITIONAL_REPRESENTATION('',(#10469),#10473);
#10469 = LINE('',#10470,#10471);
#10470 = CARTESIAN_POINT('',(0.282743338823,0.));
#10471 = VECTOR('',#10472,1.);
#10472 = DIRECTION('',(0.,1.));
#10473 = ( GEOMETRIC_REPRESENTATION_CONTEXT(2) 
PARAMETRIC_REPRESENTATION_CONTEXT() REPRESENTATION_CONTEXT('2D SPACE',''
  ) );
#10474 = PCURVE('',#9242,#10475);
#10475 = DEFINITIONAL_REPRESENTATION('',(#10476),#10480);
#10476 = LINE('',#10477,#10478);
#10477 = CARTESIAN_POINT('',(0.18,0.24));
#10478 = VECTOR('',#10479,1.);
#10479 = DIRECTION('',(1.,0.));
#10480 = ( GEOMETRIC_REPRESENTATION_CONTEXT(2) 
PARAMETRIC_REPRESENTATION_CONTEXT() REPRESENTATION_CONTEXT('2D SPACE',''
  ) );
#10481 = ADVANCED_FACE('',(#10482),#7311,.T.);
#10482 = FACE_BOUND('',#10483,.T.);
#10483 = EDGE_LOOP('',(#10484,#10485,#10509,#10530));
#10484 = ORIENTED_EDGE('',*,*,#8163,.T.);
#10485 = ORIENTED_EDGE('',*,*,#10486,.F.);
#10486 = EDGE_CURVE('',#10487,#8133,#10489,.T.);
#10487 = VERTEX_POINT('',#10488);
#10488 = CARTESIAN_POINT('',(5.761762114062E-02,-1.673946636235E-02,
    2.E-02));
#10489 = SURFACE_CURVE('',#10490,(#10495,#10502),.PCURVE_S1.);
#10490 = CIRCLE('',#10491,6.E-02);
#10491 = AXIS2_PLACEMENT_3D('',#10492,#10493,#10494);
#10492 = CARTESIAN_POINT('',(0.,0.,2.E-02));
#10493 = DIRECTION('',(0.,0.,1.));
#10494 = DIRECTION('',(1.,0.,0.));
#10495 = PCURVE('',#7311,#10496);
#10496 = DEFINITIONAL_REPRESENTATION('',(#10497),#10501);
#10497 = LINE('',#10498,#10499);
#10498 = CARTESIAN_POINT('',(0.,1.E-02));
#10499 = VECTOR('',#10500,1.);
#10500 = DIRECTION('',(1.,0.));
#10501 = ( GEOMETRIC_REPRESENTATION_CONTEXT(2) 
PARAMETRIC_REPRESENTATION_CONTEXT() REPRESENTATION_CONTEXT('2D SPACE',''
  ) );
#10502 = PCURVE('',#8151,#10503);
#10503 = DEFINITIONAL_REPRESENTATION('',(#10504),#10508);
#10504 = CIRCLE('',#10505,6.E-02);
#10505 = AXIS2_PLACEMENT_2D('',#10506,#10507);
#10506 = CARTESIAN_POINT('',(0.,0.));
#10507 = DIRECTION('',(1.,0.));
#10508 = ( GEOMETRIC_REPRESENTATION_CONTEXT(2) 
PARAMETRIC_REPRESENTATION_CONTEXT() REPRESENTATION_CONTEXT('2D SPACE',''
  ) );
#10509 = ORIENTED_EDGE('',*,*,#10510,.F.);
#10510 = EDGE_CURVE('',#7295,#10487,#10511,.T.);
#10511 = SURFACE_CURVE('',#10512,(#10516,#10523),.PCURVE_S1.);
#10512 = LINE('',#10513,#10514);
#10513 = CARTESIAN_POINT('',(5.761762114062E-02,-1.673946636235E-02,
    1.E-02));
#10514 = VECTOR('',#10515,1.);
#10515 = DIRECTION('',(0.,0.,1.));
#10516 = PCURVE('',#7311,#10517);
#10517 = DEFINITIONAL_REPRESENTATION('',(#10518),#10522);
#10518 = LINE('',#10519,#10520);
#10519 = CARTESIAN_POINT('',(6.000441968357,0.));
#10520 = VECTOR('',#10521,1.);
#10521 = DIRECTION('',(0.,1.));
#10522 = ( GEOMETRIC_REPRESENTATION_CONTEXT(2) 
PARAMETRIC_REPRESENTATION_CONTEXT() REPRESENTATION_CONTEXT('2D SPACE',''
  ) );
#10523 = PCURVE('',#9271,#10524);
#10524 = DEFINITIONAL_REPRESENTATION('',(#10525),#10529);
#10525 = LINE('',#10526,#10527);
#10526 = CARTESIAN_POINT('',(0.18,0.24));
#10527 = VECTOR('',#10528,1.);
#10528 = DIRECTION('',(1.,0.));
#10529 = ( GEOMETRIC_REPRESENTATION_CONTEXT(2) 
PARAMETRIC_REPRESENTATION_CONTEXT() REPRESENTATION_CONTEXT('2D SPACE',''
  ) );
#10530 = ORIENTED_EDGE('',*,*,#7294,.T.);
#10531 = ADVANCED_FACE('',(#10532),#8151,.T.);
#10532 = FACE_BOUND('',#10533,.T.);
#10533 = EDGE_LOOP('',(#10534,#10557,#10558,#10559,#10582,#10606));
#10534 = ORIENTED_EDGE('',*,*,#10535,.F.);
#10535 = EDGE_CURVE('',#10487,#10536,#10538,.T.);
#10536 = VERTEX_POINT('',#10537);
#10537 = CARTESIAN_POINT('',(2.880881057031E-02,-8.369733181177E-03,
    2.E-02));
#10538 = SURFACE_CURVE('',#10539,(#10543,#10550),.PCURVE_S1.);
#10539 = LINE('',#10540,#10541);
#10540 = CARTESIAN_POINT('',(-8.642643171092E-02,2.510919954353E-02,
    2.E-02));
#10541 = VECTOR('',#10542,1.);
#10542 = DIRECTION('',(-0.960293685677,0.278991106039,0.));
#10543 = PCURVE('',#8151,#10544);
#10544 = DEFINITIONAL_REPRESENTATION('',(#10545),#10549);
#10545 = LINE('',#10546,#10547);
#10546 = CARTESIAN_POINT('',(-8.642643171092E-02,2.510919954353E-02));
#10547 = VECTOR('',#10548,1.);
#10548 = DIRECTION('',(-0.960293685677,0.278991106039));
#10549 = ( GEOMETRIC_REPRESENTATION_CONTEXT(2) 
PARAMETRIC_REPRESENTATION_CONTEXT() REPRESENTATION_CONTEXT('2D SPACE',''
  ) );
#10550 = PCURVE('',#9271,#10551);
#10551 = DEFINITIONAL_REPRESENTATION('',(#10552),#10556);
#10552 = LINE('',#10553,#10554);
#10553 = CARTESIAN_POINT('',(0.19,9.E-02));
#10554 = VECTOR('',#10555,1.);
#10555 = DIRECTION('',(0.,-1.));
#10556 = ( GEOMETRIC_REPRESENTATION_CONTEXT(2) 
PARAMETRIC_REPRESENTATION_CONTEXT() REPRESENTATION_CONTEXT('2D SPACE',''
  ) );
#10557 = ORIENTED_EDGE('',*,*,#10486,.T.);
#10558 = ORIENTED_EDGE('',*,*,#8132,.T.);
#10559 = ORIENTED_EDGE('',*,*,#10560,.T.);
#10560 = EDGE_CURVE('',#8135,#10561,#10563,.T.);
#10561 = VERTEX_POINT('',#10562);
#10562 = CARTESIAN_POINT('',(2.880881057031E-02,8.369733181177E-03,
    2.E-02));
#10563 = SURFACE_CURVE('',#10564,(#10568,#10575),.PCURVE_S1.);
#10564 = LINE('',#10565,#10566);
#10565 = CARTESIAN_POINT('',(-8.642643171092E-02,-2.510919954353E-02,
    2.E-02));
#10566 = VECTOR('',#10567,1.);
#10567 = DIRECTION('',(-0.960293685677,-0.278991106039,0.));
#10568 = PCURVE('',#8151,#10569);
#10569 = DEFINITIONAL_REPRESENTATION('',(#10570),#10574);
#10570 = LINE('',#10571,#10572);
#10571 = CARTESIAN_POINT('',(-8.642643171092E-02,-2.510919954353E-02));
#10572 = VECTOR('',#10573,1.);
#10573 = DIRECTION('',(-0.960293685677,-0.278991106039));
#10574 = ( GEOMETRIC_REPRESENTATION_CONTEXT(2) 
PARAMETRIC_REPRESENTATION_CONTEXT() REPRESENTATION_CONTEXT('2D SPACE',''
  ) );
#10575 = PCURVE('',#8199,#10576);
#10576 = DEFINITIONAL_REPRESENTATION('',(#10577),#10581);
#10577 = LINE('',#10578,#10579);
#10578 = CARTESIAN_POINT('',(0.19,9.E-02));
#10579 = VECTOR('',#10580,1.);
#10580 = DIRECTION('',(0.,-1.));
#10581 = ( GEOMETRIC_REPRESENTATION_CONTEXT(2) 
PARAMETRIC_REPRESENTATION_CONTEXT() REPRESENTATION_CONTEXT('2D SPACE',''
  ) );
#10582 = ORIENTED_EDGE('',*,*,#10583,.F.);
#10583 = EDGE_CURVE('',#10584,#10561,#10586,.T.);
#10584 = VERTEX_POINT('',#10585);
#10585 = CARTESIAN_POINT('',(3.E-02,-7.347880794884E-18,2.E-02));
#10586 = SURFACE_CURVE('',#10587,(#10592,#10599),.PCURVE_S1.);
#10587 = CIRCLE('',#10588,3.E-02);
#10588 = AXIS2_PLACEMENT_3D('',#10589,#10590,#10591);
#10589 = CARTESIAN_POINT('',(0.,0.,2.E-02));
#10590 = DIRECTION('',(0.,0.,1.));
#10591 = DIRECTION('',(1.,0.,0.));
#10592 = PCURVE('',#8151,#10593);
#10593 = DEFINITIONAL_REPRESENTATION('',(#10594),#10598);
#10594 = CIRCLE('',#10595,3.E-02);
#10595 = AXIS2_PLACEMENT_2D('',#10596,#10597);
#10596 = CARTESIAN_POINT('',(0.,0.));
#10597 = DIRECTION('',(1.,0.));
#10598 = ( GEOMETRIC_REPRESENTATION_CONTEXT(2) 
PARAMETRIC_REPRESENTATION_CONTEXT() REPRESENTATION_CONTEXT('2D SPACE',''
  ) );
#10599 = PCURVE('',#9327,#10600);
#10600 = DEFINITIONAL_REPRESENTATION('',(#10601),#10605);
#10601 = LINE('',#10602,#10603);
#10602 = CARTESIAN_POINT('',(0.,1.E-02));
#10603 = VECTOR('',#10604,1.);
#10604 = DIRECTION('',(1.,0.));
#10605 = ( GEOMETRIC_REPRESENTATION_CONTEXT(2) 
PARAMETRIC_REPRESENTATION_CONTEXT() REPRESENTATION_CONTEXT('2D SPACE',''
  ) );
#10606 = ORIENTED_EDGE('',*,*,#10607,.F.);
#10607 = EDGE_CURVE('',#10536,#10584,#10608,.T.);
#10608 = SURFACE_CURVE('',#10609,(#10614,#10621),.PCURVE_S1.);
#10609 = CIRCLE('',#10610,3.E-02);
#10610 = AXIS2_PLACEMENT_3D('',#10611,#10612,#10613);
#10611 = CARTESIAN_POINT('',(0.,0.,2.E-02));
#10612 = DIRECTION('',(0.,0.,1.));
#10613 = DIRECTION('',(1.,0.,0.));
#10614 = PCURVE('',#8151,#10615);
#10615 = DEFINITIONAL_REPRESENTATION('',(#10616),#10620);
#10616 = CIRCLE('',#10617,3.E-02);
#10617 = AXIS2_PLACEMENT_2D('',#10618,#10619);
#10618 = CARTESIAN_POINT('',(0.,0.));
#10619 = DIRECTION('',(1.,0.));
#10620 = ( GEOMETRIC_REPRESENTATION_CONTEXT(2) 
PARAMETRIC_REPRESENTATION_CONTEXT() REPRESENTATION_CONTEXT('2D SPACE',''
  ) );
#10621 = PCURVE('',#9300,#10622);
#10622 = DEFINITIONAL_REPRESENTATION('',(#10623),#10627);
#10623 = LINE('',#10624,#10625);
#10624 = CARTESIAN_POINT('',(0.,1.E-02));
#10625 = VECTOR('',#10626,1.);
#10626 = DIRECTION('',(1.,0.));
#10627 = ( GEOMETRIC_REPRESENTATION_CONTEXT(2) 
PARAMETRIC_REPRESENTATION_CONTEXT() REPRESENTATION_CONTEXT('2D SPACE',''
  ) );
#10628 = ADVANCED_FACE('',(#10629),#8199,.T.);
#10629 = FACE_BOUND('',#10630,.T.);
#10630 = EDGE_LOOP('',(#10631,#10632,#10633,#10654));
#10631 = ORIENTED_EDGE('',*,*,#8185,.F.);
#10632 = ORIENTED_EDGE('',*,*,#8214,.T.);
#10633 = ORIENTED_EDGE('',*,*,#10634,.T.);
#10634 = EDGE_CURVE('',#8215,#10561,#10635,.T.);
#10635 = SURFACE_CURVE('',#10636,(#10640,#10647),.PCURVE_S1.);
#10636 = LINE('',#10637,#10638);
#10637 = CARTESIAN_POINT('',(2.880881057031E-02,8.369733181177E-03,
    1.E-02));
#10638 = VECTOR('',#10639,1.);
#10639 = DIRECTION('',(0.,0.,1.));
#10640 = PCURVE('',#8199,#10641);
#10641 = DEFINITIONAL_REPRESENTATION('',(#10642),#10646);
#10642 = LINE('',#10643,#10644);
#10643 = CARTESIAN_POINT('',(0.18,0.21));
#10644 = VECTOR('',#10645,1.);
#10645 = DIRECTION('',(1.,0.));
#10646 = ( GEOMETRIC_REPRESENTATION_CONTEXT(2) 
PARAMETRIC_REPRESENTATION_CONTEXT() REPRESENTATION_CONTEXT('2D SPACE',''
  ) );
#10647 = PCURVE('',#9327,#10648);
#10648 = DEFINITIONAL_REPRESENTATION('',(#10649),#10653);
#10649 = LINE('',#10650,#10651);
#10650 = CARTESIAN_POINT('',(0.282743338823,0.));
#10651 = VECTOR('',#10652,1.);
#10652 = DIRECTION('',(0.,1.));
#10653 = ( GEOMETRIC_REPRESENTATION_CONTEXT(2) 
PARAMETRIC_REPRESENTATION_CONTEXT() REPRESENTATION_CONTEXT('2D SPACE',''
  ) );
#10654 = ORIENTED_EDGE('',*,*,#10560,.F.);
#10655 = ADVANCED_FACE('',(#10656),#9327,.F.);
#10656 = FACE_BOUND('',#10657,.F.);
#10657 = EDGE_LOOP('',(#10658,#10659,#10680,#10681));
#10658 = ORIENTED_EDGE('',*,*,#10583,.F.);
#10659 = ORIENTED_EDGE('',*,*,#10660,.F.);
#10660 = EDGE_CURVE('',#9284,#10584,#10661,.T.);
#10661 = SURFACE_CURVE('',#10662,(#10666,#10673),.PCURVE_S1.);
#10662 = LINE('',#10663,#10664);
#10663 = CARTESIAN_POINT('',(3.E-02,-7.347880794884E-18,1.E-02));
#10664 = VECTOR('',#10665,1.);
#10665 = DIRECTION('',(0.,0.,1.));
#10666 = PCURVE('',#9327,#10667);
#10667 = DEFINITIONAL_REPRESENTATION('',(#10668),#10672);
#10668 = LINE('',#10669,#10670);
#10669 = CARTESIAN_POINT('',(0.,-0.));
#10670 = VECTOR('',#10671,1.);
#10671 = DIRECTION('',(0.,1.));
#10672 = ( GEOMETRIC_REPRESENTATION_CONTEXT(2) 
PARAMETRIC_REPRESENTATION_CONTEXT() REPRESENTATION_CONTEXT('2D SPACE',''
  ) );
#10673 = PCURVE('',#9300,#10674);
#10674 = DEFINITIONAL_REPRESENTATION('',(#10675),#10679);
#10675 = LINE('',#10676,#10677);
#10676 = CARTESIAN_POINT('',(6.28318530718,-0.));
#10677 = VECTOR('',#10678,1.);
#10678 = DIRECTION('',(0.,1.));
#10679 = ( GEOMETRIC_REPRESENTATION_CONTEXT(2) 
PARAMETRIC_REPRESENTATION_CONTEXT() REPRESENTATION_CONTEXT('2D SPACE',''
  ) );
#10680 = ORIENTED_EDGE('',*,*,#9312,.T.);
#10681 = ORIENTED_EDGE('',*,*,#10634,.T.);
#10682 = ADVANCED_FACE('',(#10683),#9300,.F.);
#10683 = FACE_BOUND('',#10684,.F.);
#10684 = EDGE_LOOP('',(#10685,#10686,#10687,#10708));
#10685 = ORIENTED_EDGE('',*,*,#10660,.T.);
#10686 = ORIENTED_EDGE('',*,*,#10607,.F.);
#10687 = ORIENTED_EDGE('',*,*,#10688,.F.);
#10688 = EDGE_CURVE('',#9256,#10536,#10689,.T.);
#10689 = SURFACE_CURVE('',#10690,(#10694,#10701),.PCURVE_S1.);
#10690 = LINE('',#10691,#10692);
#10691 = CARTESIAN_POINT('',(2.880881057031E-02,-8.369733181177E-03,
    1.E-02));
#10692 = VECTOR('',#10693,1.);
#10693 = DIRECTION('',(0.,0.,1.));
#10694 = PCURVE('',#9300,#10695);
#10695 = DEFINITIONAL_REPRESENTATION('',(#10696),#10700);
#10696 = LINE('',#10697,#10698);
#10697 = CARTESIAN_POINT('',(6.000441968357,0.));
#10698 = VECTOR('',#10699,1.);
#10699 = DIRECTION('',(0.,1.));
#10700 = ( GEOMETRIC_REPRESENTATION_CONTEXT(2) 
PARAMETRIC_REPRESENTATION_CONTEXT() REPRESENTATION_CONTEXT('2D SPACE',''
  ) );
#10701 = PCURVE('',#9271,#10702);
#10702 = DEFINITIONAL_REPRESENTATION('',(#10703),#10707);
#10703 = LINE('',#10704,#10705);
#10704 = CARTESIAN_POINT('',(0.18,0.21));
#10705 = VECTOR('',#10706,1.);
#10706 = DIRECTION('',(1.,0.));
#10707 = ( GEOMETRIC_REPRESENTATION_CONTEXT(2) 
PARAMETRIC_REPRESENTATION_CONTEXT() REPRESENTATION_CONTEXT('2D SPACE',''
  ) );
#10708 = ORIENTED_EDGE('',*,*,#9283,.T.);
#10709 = ADVANCED_FACE('',(#10710),#9271,.F.);
#10710 = FACE_BOUND('',#10711,.F.);
#10711 = EDGE_LOOP('',(#10712,#10713,#10714,#10715));
#10712 = ORIENTED_EDGE('',*,*,#10510,.F.);
#10713 = ORIENTED_EDGE('',*,*,#9255,.T.);
#10714 = ORIENTED_EDGE('',*,*,#10688,.T.);
#10715 = ORIENTED_EDGE('',*,*,#10535,.F.);
#10716 = ADVANCED_FACE('',(#10717),#9242,.T.);
#10717 = FACE_BOUND('',#10718,.T.);
#10718 = EDGE_LOOP('',(#10719,#10720,#10721,#10744));
#10719 = ORIENTED_EDGE('',*,*,#10461,.F.);
#10720 = ORIENTED_EDGE('',*,*,#9228,.T.);
#10721 = ORIENTED_EDGE('',*,*,#10722,.T.);
#10722 = EDGE_CURVE('',#9200,#10723,#10725,.T.);
#10723 = VERTEX_POINT('',#10724);
#10724 = CARTESIAN_POINT('',(2.822642306863E-02,-1.016213760736E-02,
    2.E-02));
#10725 = SURFACE_CURVE('',#10726,(#10730,#10737),.PCURVE_S1.);
#10726 = LINE('',#10727,#10728);
#10727 = CARTESIAN_POINT('',(2.822642306863E-02,-1.016213760736E-02,
    1.E-02));
#10728 = VECTOR('',#10729,1.);
#10729 = DIRECTION('',(0.,0.,1.));
#10730 = PCURVE('',#9242,#10731);
#10731 = DEFINITIONAL_REPRESENTATION('',(#10732),#10736);
#10732 = LINE('',#10733,#10734);
#10733 = CARTESIAN_POINT('',(0.18,0.21));
#10734 = VECTOR('',#10735,1.);
#10735 = DIRECTION('',(1.,0.));
#10736 = ( GEOMETRIC_REPRESENTATION_CONTEXT(2) 
PARAMETRIC_REPRESENTATION_CONTEXT() REPRESENTATION_CONTEXT('2D SPACE',''
  ) );
#10737 = PCURVE('',#9216,#10738);
#10738 = DEFINITIONAL_REPRESENTATION('',(#10739),#10743);
#10739 = LINE('',#10740,#10741);
#10740 = CARTESIAN_POINT('',(0.282743338823,0.));
#10741 = VECTOR('',#10742,1.);
#10742 = DIRECTION('',(0.,1.));
#10743 = ( GEOMETRIC_REPRESENTATION_CONTEXT(2) 
PARAMETRIC_REPRESENTATION_CONTEXT() REPRESENTATION_CONTEXT('2D SPACE',''
  ) );
#10744 = ORIENTED_EDGE('',*,*,#10745,.F.);
#10745 = EDGE_CURVE('',#10436,#10723,#10746,.T.);
#10746 = SURFACE_CURVE('',#10747,(#10751,#10758),.PCURVE_S1.);
#10747 = LINE('',#10748,#10749);
#10748 = CARTESIAN_POINT('',(-8.467926920588E-02,3.048641282208E-02,
    2.E-02));
#10749 = VECTOR('',#10750,1.);
#10750 = DIRECTION('',(-0.940880768954,0.338737920245,0.));
#10751 = PCURVE('',#9242,#10752);
#10752 = DEFINITIONAL_REPRESENTATION('',(#10753),#10757);
#10753 = LINE('',#10754,#10755);
#10754 = CARTESIAN_POINT('',(0.19,9.E-02));
#10755 = VECTOR('',#10756,1.);
#10756 = DIRECTION('',(0.,-1.));
#10757 = ( GEOMETRIC_REPRESENTATION_CONTEXT(2) 
PARAMETRIC_REPRESENTATION_CONTEXT() REPRESENTATION_CONTEXT('2D SPACE',''
  ) );
#10758 = PCURVE('',#10398,#10759);
#10759 = DEFINITIONAL_REPRESENTATION('',(#10760),#10764);
#10760 = LINE('',#10761,#10762);
#10761 = CARTESIAN_POINT('',(-8.642643171092E-02,-2.510919954353E-02));
#10762 = VECTOR('',#10763,1.);
#10763 = DIRECTION('',(-0.960293685677,-0.278991106039));
#10764 = ( GEOMETRIC_REPRESENTATION_CONTEXT(2) 
PARAMETRIC_REPRESENTATION_CONTEXT() REPRESENTATION_CONTEXT('2D SPACE',''
  ) );
#10765 = ADVANCED_FACE('',(#10766),#9216,.F.);
#10766 = FACE_BOUND('',#10767,.F.);
#10767 = EDGE_LOOP('',(#10768,#10792,#10813,#10814));
#10768 = ORIENTED_EDGE('',*,*,#10769,.F.);
#10769 = EDGE_CURVE('',#10770,#10723,#10772,.T.);
#10770 = VERTEX_POINT('',#10771);
#10771 = CARTESIAN_POINT('',(2.427050983125E-02,-1.763355756877E-02,
    2.E-02));
#10772 = SURFACE_CURVE('',#10773,(#10778,#10785),.PCURVE_S1.);
#10773 = CIRCLE('',#10774,3.E-02);
#10774 = AXIS2_PLACEMENT_3D('',#10775,#10776,#10777);
#10775 = CARTESIAN_POINT('',(0.,0.,2.E-02));
#10776 = DIRECTION('',(-0.,0.,1.));
#10777 = DIRECTION('',(0.809016994375,-0.587785252292,0.));
#10778 = PCURVE('',#9216,#10779);
#10779 = DEFINITIONAL_REPRESENTATION('',(#10780),#10784);
#10780 = LINE('',#10781,#10782);
#10781 = CARTESIAN_POINT('',(0.,1.E-02));
#10782 = VECTOR('',#10783,1.);
#10783 = DIRECTION('',(1.,0.));
#10784 = ( GEOMETRIC_REPRESENTATION_CONTEXT(2) 
PARAMETRIC_REPRESENTATION_CONTEXT() REPRESENTATION_CONTEXT('2D SPACE',''
  ) );
#10785 = PCURVE('',#10398,#10786);
#10786 = DEFINITIONAL_REPRESENTATION('',(#10787),#10791);
#10787 = CIRCLE('',#10788,3.E-02);
#10788 = AXIS2_PLACEMENT_2D('',#10789,#10790);
#10789 = CARTESIAN_POINT('',(0.,0.));
#10790 = DIRECTION('',(1.,0.));
#10791 = ( GEOMETRIC_REPRESENTATION_CONTEXT(2) 
PARAMETRIC_REPRESENTATION_CONTEXT() REPRESENTATION_CONTEXT('2D SPACE',''
  ) );
#10792 = ORIENTED_EDGE('',*,*,#10793,.F.);
#10793 = EDGE_CURVE('',#9171,#10770,#10794,.T.);
#10794 = SURFACE_CURVE('',#10795,(#10799,#10806),.PCURVE_S1.);
#10795 = LINE('',#10796,#10797);
#10796 = CARTESIAN_POINT('',(2.427050983125E-02,-1.763355756877E-02,
    1.E-02));
#10797 = VECTOR('',#10798,1.);
#10798 = DIRECTION('',(0.,0.,1.));
#10799 = PCURVE('',#9216,#10800);
#10800 = DEFINITIONAL_REPRESENTATION('',(#10801),#10805);
#10801 = LINE('',#10802,#10803);
#10802 = CARTESIAN_POINT('',(0.,-0.));
#10803 = VECTOR('',#10804,1.);
#10804 = DIRECTION('',(0.,1.));
#10805 = ( GEOMETRIC_REPRESENTATION_CONTEXT(2) 
PARAMETRIC_REPRESENTATION_CONTEXT() REPRESENTATION_CONTEXT('2D SPACE',''
  ) );
#10806 = PCURVE('',#9187,#10807);
#10807 = DEFINITIONAL_REPRESENTATION('',(#10808),#10812);
#10808 = LINE('',#10809,#10810);
#10809 = CARTESIAN_POINT('',(6.28318530718,-0.));
#10810 = VECTOR('',#10811,1.);
#10811 = DIRECTION('',(0.,1.));
#10812 = ( GEOMETRIC_REPRESENTATION_CONTEXT(2) 
PARAMETRIC_REPRESENTATION_CONTEXT() REPRESENTATION_CONTEXT('2D SPACE',''
  ) );
#10813 = ORIENTED_EDGE('',*,*,#9199,.T.);
#10814 = ORIENTED_EDGE('',*,*,#10722,.T.);
#10815 = ADVANCED_FACE('',(#10816),#9187,.F.);
#10816 = FACE_BOUND('',#10817,.F.);
#10817 = EDGE_LOOP('',(#10818,#10819,#10843,#10864));
#10818 = ORIENTED_EDGE('',*,*,#10793,.T.);
#10819 = ORIENTED_EDGE('',*,*,#10820,.F.);
#10820 = EDGE_CURVE('',#10821,#10770,#10823,.T.);
#10821 = VERTEX_POINT('',#10822);
#10822 = CARTESIAN_POINT('',(1.838721160959E-02,-2.370465037127E-02,
    2.E-02));
#10823 = SURFACE_CURVE('',#10824,(#10829,#10836),.PCURVE_S1.);
#10824 = CIRCLE('',#10825,3.E-02);
#10825 = AXIS2_PLACEMENT_3D('',#10826,#10827,#10828);
#10826 = CARTESIAN_POINT('',(0.,0.,2.E-02));
#10827 = DIRECTION('',(-0.,0.,1.));
#10828 = DIRECTION('',(0.809016994375,-0.587785252292,0.));
#10829 = PCURVE('',#9187,#10830);
#10830 = DEFINITIONAL_REPRESENTATION('',(#10831),#10835);
#10831 = LINE('',#10832,#10833);
#10832 = CARTESIAN_POINT('',(0.,1.E-02));
#10833 = VECTOR('',#10834,1.);
#10834 = DIRECTION('',(1.,0.));
#10835 = ( GEOMETRIC_REPRESENTATION_CONTEXT(2) 
PARAMETRIC_REPRESENTATION_CONTEXT() REPRESENTATION_CONTEXT('2D SPACE',''
  ) );
#10836 = PCURVE('',#10398,#10837);
#10837 = DEFINITIONAL_REPRESENTATION('',(#10838),#10842);
#10838 = CIRCLE('',#10839,3.E-02);
#10839 = AXIS2_PLACEMENT_2D('',#10840,#10841);
#10840 = CARTESIAN_POINT('',(0.,0.));
#10841 = DIRECTION('',(1.,0.));
#10842 = ( GEOMETRIC_REPRESENTATION_CONTEXT(2) 
PARAMETRIC_REPRESENTATION_CONTEXT() REPRESENTATION_CONTEXT('2D SPACE',''
  ) );
#10843 = ORIENTED_EDGE('',*,*,#10844,.F.);
#10844 = EDGE_CURVE('',#9143,#10821,#10845,.T.);
#10845 = SURFACE_CURVE('',#10846,(#10850,#10857),.PCURVE_S1.);
#10846 = LINE('',#10847,#10848);
#10847 = CARTESIAN_POINT('',(1.838721160959E-02,-2.370465037127E-02,
    1.E-02));
#10848 = VECTOR('',#10849,1.);
#10849 = DIRECTION('',(0.,0.,1.));
#10850 = PCURVE('',#9187,#10851);
#10851 = DEFINITIONAL_REPRESENTATION('',(#10852),#10856);
#10852 = LINE('',#10853,#10854);
#10853 = CARTESIAN_POINT('',(6.000441968357,0.));
#10854 = VECTOR('',#10855,1.);
#10855 = DIRECTION('',(0.,1.));
#10856 = ( GEOMETRIC_REPRESENTATION_CONTEXT(2) 
PARAMETRIC_REPRESENTATION_CONTEXT() REPRESENTATION_CONTEXT('2D SPACE',''
  ) );
#10857 = PCURVE('',#9158,#10858);
#10858 = DEFINITIONAL_REPRESENTATION('',(#10859),#10863);
#10859 = LINE('',#10860,#10861);
#10860 = CARTESIAN_POINT('',(0.18,0.21));
#10861 = VECTOR('',#10862,1.);
#10862 = DIRECTION('',(1.,0.));
#10863 = ( GEOMETRIC_REPRESENTATION_CONTEXT(2) 
PARAMETRIC_REPRESENTATION_CONTEXT() REPRESENTATION_CONTEXT('2D SPACE',''
  ) );
#10864 = ORIENTED_EDGE('',*,*,#9170,.T.);
#10865 = ADVANCED_FACE('',(#10866),#9158,.F.);
#10866 = FACE_BOUND('',#10867,.F.);
#10867 = EDGE_LOOP('',(#10868,#10869,#10870,#10871));
#10868 = ORIENTED_EDGE('',*,*,#10410,.F.);
#10869 = ORIENTED_EDGE('',*,*,#9142,.T.);
#10870 = ORIENTED_EDGE('',*,*,#10844,.T.);
#10871 = ORIENTED_EDGE('',*,*,#10872,.F.);
#10872 = EDGE_CURVE('',#10382,#10821,#10873,.T.);
#10873 = SURFACE_CURVE('',#10874,(#10878,#10885),.PCURVE_S1.);
#10874 = LINE('',#10875,#10876);
#10875 = CARTESIAN_POINT('',(-5.516163482877E-02,7.111395111381E-02,
    2.E-02));
#10876 = VECTOR('',#10877,1.);
#10877 = DIRECTION('',(-0.612907053653,0.790155012376,0.));
#10878 = PCURVE('',#9158,#10879);
#10879 = DEFINITIONAL_REPRESENTATION('',(#10880),#10884);
#10880 = LINE('',#10881,#10882);
#10881 = CARTESIAN_POINT('',(0.19,9.E-02));
#10882 = VECTOR('',#10883,1.);
#10883 = DIRECTION('',(0.,-1.));
#10884 = ( GEOMETRIC_REPRESENTATION_CONTEXT(2) 
PARAMETRIC_REPRESENTATION_CONTEXT() REPRESENTATION_CONTEXT('2D SPACE',''
  ) );
#10885 = PCURVE('',#10398,#10886);
#10886 = DEFINITIONAL_REPRESENTATION('',(#10887),#10891);
#10887 = LINE('',#10888,#10889);
#10888 = CARTESIAN_POINT('',(-8.642643171092E-02,2.510919954353E-02));
#10889 = VECTOR('',#10890,1.);
#10890 = DIRECTION('',(-0.960293685677,0.278991106039));
#10891 = ( GEOMETRIC_REPRESENTATION_CONTEXT(2) 
PARAMETRIC_REPRESENTATION_CONTEXT() REPRESENTATION_CONTEXT('2D SPACE',''
  ) );
#10892 = ADVANCED_FACE('',(#10893),#9129,.T.);
#10893 = FACE_BOUND('',#10894,.T.);
#10894 = EDGE_LOOP('',(#10895,#10896,#10897,#10920));
#10895 = ORIENTED_EDGE('',*,*,#10334,.F.);
#10896 = ORIENTED_EDGE('',*,*,#9115,.T.);
#10897 = ORIENTED_EDGE('',*,*,#10898,.T.);
#10898 = EDGE_CURVE('',#9087,#10899,#10901,.T.);
#10899 = VERTEX_POINT('',#10900);
#10900 = CARTESIAN_POINT('',(1.686250133556E-02,-2.481241722824E-02,
    2.E-02));
#10901 = SURFACE_CURVE('',#10902,(#10906,#10913),.PCURVE_S1.);
#10902 = LINE('',#10903,#10904);
#10903 = CARTESIAN_POINT('',(1.686250133556E-02,-2.481241722824E-02,
    1.E-02));
#10904 = VECTOR('',#10905,1.);
#10905 = DIRECTION('',(0.,0.,1.));
#10906 = PCURVE('',#9129,#10907);
#10907 = DEFINITIONAL_REPRESENTATION('',(#10908),#10912);
#10908 = LINE('',#10909,#10910);
#10909 = CARTESIAN_POINT('',(0.18,0.21));
#10910 = VECTOR('',#10911,1.);
#10911 = DIRECTION('',(1.,0.));
#10912 = ( GEOMETRIC_REPRESENTATION_CONTEXT(2) 
PARAMETRIC_REPRESENTATION_CONTEXT() REPRESENTATION_CONTEXT('2D SPACE',''
  ) );
#10913 = PCURVE('',#9103,#10914);
#10914 = DEFINITIONAL_REPRESENTATION('',(#10915),#10919);
#10915 = LINE('',#10916,#10917);
#10916 = CARTESIAN_POINT('',(0.282743338823,0.));
#10917 = VECTOR('',#10918,1.);
#10918 = DIRECTION('',(0.,1.));
#10919 = ( GEOMETRIC_REPRESENTATION_CONTEXT(2) 
PARAMETRIC_REPRESENTATION_CONTEXT() REPRESENTATION_CONTEXT('2D SPACE',''
  ) );
#10920 = ORIENTED_EDGE('',*,*,#10921,.F.);
#10921 = EDGE_CURVE('',#10309,#10899,#10922,.T.);
#10922 = SURFACE_CURVE('',#10923,(#10927,#10934),.PCURVE_S1.);
#10923 = LINE('',#10924,#10925);
#10924 = CARTESIAN_POINT('',(-5.058750400669E-02,7.443725168471E-02,
    2.E-02));
#10925 = VECTOR('',#10926,1.);
#10926 = DIRECTION('',(-0.562083377852,0.827080574275,0.));
#10927 = PCURVE('',#9129,#10928);
#10928 = DEFINITIONAL_REPRESENTATION('',(#10929),#10933);
#10929 = LINE('',#10930,#10931);
#10930 = CARTESIAN_POINT('',(0.19,9.E-02));
#10931 = VECTOR('',#10932,1.);
#10932 = DIRECTION('',(0.,-1.));
#10933 = ( GEOMETRIC_REPRESENTATION_CONTEXT(2) 
PARAMETRIC_REPRESENTATION_CONTEXT() REPRESENTATION_CONTEXT('2D SPACE',''
  ) );
#10934 = PCURVE('',#10271,#10935);
#10935 = DEFINITIONAL_REPRESENTATION('',(#10936),#10940);
#10936 = LINE('',#10937,#10938);
#10937 = CARTESIAN_POINT('',(-8.642643171092E-02,-2.510919954353E-02));
#10938 = VECTOR('',#10939,1.);
#10939 = DIRECTION('',(-0.960293685677,-0.278991106039));
#10940 = ( GEOMETRIC_REPRESENTATION_CONTEXT(2) 
PARAMETRIC_REPRESENTATION_CONTEXT() REPRESENTATION_CONTEXT('2D SPACE',''
  ) );
#10941 = ADVANCED_FACE('',(#10942),#9103,.F.);
#10942 = FACE_BOUND('',#10943,.F.);
#10943 = EDGE_LOOP('',(#10944,#10968,#10989,#10990));
#10944 = ORIENTED_EDGE('',*,*,#10945,.F.);
#10945 = EDGE_CURVE('',#10946,#10899,#10948,.T.);
#10946 = VERTEX_POINT('',#10947);
#10947 = CARTESIAN_POINT('',(9.270509831248E-03,-2.853169548885E-02,
    2.E-02));
#10948 = SURFACE_CURVE('',#10949,(#10954,#10961),.PCURVE_S1.);
#10949 = CIRCLE('',#10950,3.E-02);
#10950 = AXIS2_PLACEMENT_3D('',#10951,#10952,#10953);
#10951 = CARTESIAN_POINT('',(0.,0.,2.E-02));
#10952 = DIRECTION('',(-0.,0.,1.));
#10953 = DIRECTION('',(0.309016994375,-0.951056516295,0.));
#10954 = PCURVE('',#9103,#10955);
#10955 = DEFINITIONAL_REPRESENTATION('',(#10956),#10960);
#10956 = LINE('',#10957,#10958);
#10957 = CARTESIAN_POINT('',(0.,1.E-02));
#10958 = VECTOR('',#10959,1.);
#10959 = DIRECTION('',(1.,0.));
#10960 = ( GEOMETRIC_REPRESENTATION_CONTEXT(2) 
PARAMETRIC_REPRESENTATION_CONTEXT() REPRESENTATION_CONTEXT('2D SPACE',''
  ) );
#10961 = PCURVE('',#10271,#10962);
#10962 = DEFINITIONAL_REPRESENTATION('',(#10963),#10967);
#10963 = CIRCLE('',#10964,3.E-02);
#10964 = AXIS2_PLACEMENT_2D('',#10965,#10966);
#10965 = CARTESIAN_POINT('',(0.,0.));
#10966 = DIRECTION('',(1.,0.));
#10967 = ( GEOMETRIC_REPRESENTATION_CONTEXT(2) 
PARAMETRIC_REPRESENTATION_CONTEXT() REPRESENTATION_CONTEXT('2D SPACE',''
  ) );
#10968 = ORIENTED_EDGE('',*,*,#10969,.F.);
#10969 = EDGE_CURVE('',#9058,#10946,#10970,.T.);
#10970 = SURFACE_CURVE('',#10971,(#10975,#10982),.PCURVE_S1.);
#10971 = LINE('',#10972,#10973);
#10972 = CARTESIAN_POINT('',(9.270509831248E-03,-2.853169548885E-02,
    1.E-02));
#10973 = VECTOR('',#10974,1.);
#10974 = DIRECTION('',(0.,0.,1.));
#10975 = PCURVE('',#9103,#10976);
#10976 = DEFINITIONAL_REPRESENTATION('',(#10977),#10981);
#10977 = LINE('',#10978,#10979);
#10978 = CARTESIAN_POINT('',(0.,-0.));
#10979 = VECTOR('',#10980,1.);
#10980 = DIRECTION('',(0.,1.));
#10981 = ( GEOMETRIC_REPRESENTATION_CONTEXT(2) 
PARAMETRIC_REPRESENTATION_CONTEXT() REPRESENTATION_CONTEXT('2D SPACE',''
  ) );
#10982 = PCURVE('',#9074,#10983);
#10983 = DEFINITIONAL_REPRESENTATION('',(#10984),#10988);
#10984 = LINE('',#10985,#10986);
#10985 = CARTESIAN_POINT('',(6.28318530718,-0.));
#10986 = VECTOR('',#10987,1.);
#10987 = DIRECTION('',(0.,1.));
#10988 = ( GEOMETRIC_REPRESENTATION_CONTEXT(2) 
PARAMETRIC_REPRESENTATION_CONTEXT() REPRESENTATION_CONTEXT('2D SPACE',''
  ) );
#10989 = ORIENTED_EDGE('',*,*,#9086,.T.);
#10990 = ORIENTED_EDGE('',*,*,#10898,.T.);
#10991 = ADVANCED_FACE('',(#10992),#9074,.F.);
#10992 = FACE_BOUND('',#10993,.F.);
#10993 = EDGE_LOOP('',(#10994,#10995,#11019,#11040));
#10994 = ORIENTED_EDGE('',*,*,#10969,.T.);
#10995 = ORIENTED_EDGE('',*,*,#10996,.F.);
#10996 = EDGE_CURVE('',#10997,#10946,#10999,.T.);
#10997 = VERTEX_POINT('',#10998);
#10998 = CARTESIAN_POINT('',(9.423227723438E-04,-2.998519681097E-02,
    2.E-02));
#10999 = SURFACE_CURVE('',#11000,(#11005,#11012),.PCURVE_S1.);
#11000 = CIRCLE('',#11001,3.E-02);
#11001 = AXIS2_PLACEMENT_3D('',#11002,#11003,#11004);
#11002 = CARTESIAN_POINT('',(0.,0.,2.E-02));
#11003 = DIRECTION('',(-0.,0.,1.));
#11004 = DIRECTION('',(0.309016994375,-0.951056516295,0.));
#11005 = PCURVE('',#9074,#11006);
#11006 = DEFINITIONAL_REPRESENTATION('',(#11007),#11011);
#11007 = LINE('',#11008,#11009);
#11008 = CARTESIAN_POINT('',(0.,1.E-02));
#11009 = VECTOR('',#11010,1.);
#11010 = DIRECTION('',(1.,0.));
#11011 = ( GEOMETRIC_REPRESENTATION_CONTEXT(2) 
PARAMETRIC_REPRESENTATION_CONTEXT() REPRESENTATION_CONTEXT('2D SPACE',''
  ) );
#11012 = PCURVE('',#10271,#11013);
#11013 = DEFINITIONAL_REPRESENTATION('',(#11014),#11018);
#11014 = CIRCLE('',#11015,3.E-02);
#11015 = AXIS2_PLACEMENT_2D('',#11016,#11017);
#11016 = CARTESIAN_POINT('',(0.,0.));
#11017 = DIRECTION('',(1.,0.));
#11018 = ( GEOMETRIC_REPRESENTATION_CONTEXT(2) 
PARAMETRIC_REPRESENTATION_CONTEXT() REPRESENTATION_CONTEXT('2D SPACE',''
  ) );
#11019 = ORIENTED_EDGE('',*,*,#11020,.F.);
#11020 = EDGE_CURVE('',#9030,#10997,#11021,.T.);
#11021 = SURFACE_CURVE('',#11022,(#11026,#11033),.PCURVE_S1.);
#11022 = LINE('',#11023,#11024);
#11023 = CARTESIAN_POINT('',(9.423227723438E-04,-2.998519681097E-02,
    1.E-02));
#11024 = VECTOR('',#11025,1.);
#11025 = DIRECTION('',(0.,0.,1.));
#11026 = PCURVE('',#9074,#11027);
#11027 = DEFINITIONAL_REPRESENTATION('',(#11028),#11032);
#11028 = LINE('',#11029,#11030);
#11029 = CARTESIAN_POINT('',(6.000441968357,0.));
#11030 = VECTOR('',#11031,1.);
#11031 = DIRECTION('',(0.,1.));
#11032 = ( GEOMETRIC_REPRESENTATION_CONTEXT(2) 
PARAMETRIC_REPRESENTATION_CONTEXT() REPRESENTATION_CONTEXT('2D SPACE',''
  ) );
#11033 = PCURVE('',#9045,#11034);
#11034 = DEFINITIONAL_REPRESENTATION('',(#11035),#11039);
#11035 = LINE('',#11036,#11037);
#11036 = CARTESIAN_POINT('',(0.18,0.21));
#11037 = VECTOR('',#11038,1.);
#11038 = DIRECTION('',(1.,0.));
#11039 = ( GEOMETRIC_REPRESENTATION_CONTEXT(2) 
PARAMETRIC_REPRESENTATION_CONTEXT() REPRESENTATION_CONTEXT('2D SPACE',''
  ) );
#11040 = ORIENTED_EDGE('',*,*,#9057,.T.);
#11041 = ADVANCED_FACE('',(#11042),#9045,.F.);
#11042 = FACE_BOUND('',#11043,.F.);
#11043 = EDGE_LOOP('',(#11044,#11045,#11046,#11047));
#11044 = ORIENTED_EDGE('',*,*,#10283,.F.);
#11045 = ORIENTED_EDGE('',*,*,#9029,.T.);
#11046 = ORIENTED_EDGE('',*,*,#11020,.T.);
#11047 = ORIENTED_EDGE('',*,*,#11048,.F.);
#11048 = EDGE_CURVE('',#10255,#10997,#11049,.T.);
#11049 = SURFACE_CURVE('',#11050,(#11054,#11061),.PCURVE_S1.);
#11050 = LINE('',#11051,#11052);
#11051 = CARTESIAN_POINT('',(-2.826968317032E-03,8.995559043292E-02,
    2.E-02));
#11052 = VECTOR('',#11053,1.);
#11053 = DIRECTION('',(-3.141075907813E-02,0.999506560366,0.));
#11054 = PCURVE('',#9045,#11055);
#11055 = DEFINITIONAL_REPRESENTATION('',(#11056),#11060);
#11056 = LINE('',#11057,#11058);
#11057 = CARTESIAN_POINT('',(0.19,9.E-02));
#11058 = VECTOR('',#11059,1.);
#11059 = DIRECTION('',(0.,-1.));
#11060 = ( GEOMETRIC_REPRESENTATION_CONTEXT(2) 
PARAMETRIC_REPRESENTATION_CONTEXT() REPRESENTATION_CONTEXT('2D SPACE',''
  ) );
#11061 = PCURVE('',#10271,#11062);
#11062 = DEFINITIONAL_REPRESENTATION('',(#11063),#11067);
#11063 = LINE('',#11064,#11065);
#11064 = CARTESIAN_POINT('',(-8.642643171092E-02,2.510919954353E-02));
#11065 = VECTOR('',#11066,1.);
#11066 = DIRECTION('',(-0.960293685677,0.278991106039));
#11067 = ( GEOMETRIC_REPRESENTATION_CONTEXT(2) 
PARAMETRIC_REPRESENTATION_CONTEXT() REPRESENTATION_CONTEXT('2D SPACE',''
  ) );
#11068 = ADVANCED_FACE('',(#11069),#9016,.T.);
#11069 = FACE_BOUND('',#11070,.T.);
#11070 = EDGE_LOOP('',(#11071,#11072,#11073,#11096));
#11071 = ORIENTED_EDGE('',*,*,#10207,.F.);
#11072 = ORIENTED_EDGE('',*,*,#9002,.T.);
#11073 = ORIENTED_EDGE('',*,*,#11074,.T.);
#11074 = EDGE_CURVE('',#8974,#11075,#11077,.T.);
#11075 = VERTEX_POINT('',#11076);
#11076 = CARTESIAN_POINT('',(-9.423227723439E-04,-2.998519681097E-02,
    2.E-02));
#11077 = SURFACE_CURVE('',#11078,(#11082,#11089),.PCURVE_S1.);
#11078 = LINE('',#11079,#11080);
#11079 = CARTESIAN_POINT('',(-9.423227723439E-04,-2.998519681097E-02,
    1.E-02));
#11080 = VECTOR('',#11081,1.);
#11081 = DIRECTION('',(0.,0.,1.));
#11082 = PCURVE('',#9016,#11083);
#11083 = DEFINITIONAL_REPRESENTATION('',(#11084),#11088);
#11084 = LINE('',#11085,#11086);
#11085 = CARTESIAN_POINT('',(0.18,0.21));
#11086 = VECTOR('',#11087,1.);
#11087 = DIRECTION('',(1.,0.));
#11088 = ( GEOMETRIC_REPRESENTATION_CONTEXT(2) 
PARAMETRIC_REPRESENTATION_CONTEXT() REPRESENTATION_CONTEXT('2D SPACE',''
  ) );
#11089 = PCURVE('',#8990,#11090);
#11090 = DEFINITIONAL_REPRESENTATION('',(#11091),#11095);
#11091 = LINE('',#11092,#11093);
#11092 = CARTESIAN_POINT('',(0.282743338823,0.));
#11093 = VECTOR('',#11094,1.);
#11094 = DIRECTION('',(0.,1.));
#11095 = ( GEOMETRIC_REPRESENTATION_CONTEXT(2) 
PARAMETRIC_REPRESENTATION_CONTEXT() REPRESENTATION_CONTEXT('2D SPACE',''
  ) );
#11096 = ORIENTED_EDGE('',*,*,#11097,.F.);
#11097 = EDGE_CURVE('',#10182,#11075,#11098,.T.);
#11098 = SURFACE_CURVE('',#11099,(#11103,#11110),.PCURVE_S1.);
#11099 = LINE('',#11100,#11101);
#11100 = CARTESIAN_POINT('',(2.826968317032E-03,8.995559043292E-02,
    2.E-02));
#11101 = VECTOR('',#11102,1.);
#11102 = DIRECTION('',(3.141075907813E-02,0.999506560366,0.));
#11103 = PCURVE('',#9016,#11104);
#11104 = DEFINITIONAL_REPRESENTATION('',(#11105),#11109);
#11105 = LINE('',#11106,#11107);
#11106 = CARTESIAN_POINT('',(0.19,9.E-02));
#11107 = VECTOR('',#11108,1.);
#11108 = DIRECTION('',(0.,-1.));
#11109 = ( GEOMETRIC_REPRESENTATION_CONTEXT(2) 
PARAMETRIC_REPRESENTATION_CONTEXT() REPRESENTATION_CONTEXT('2D SPACE',''
  ) );
#11110 = PCURVE('',#10144,#11111);
#11111 = DEFINITIONAL_REPRESENTATION('',(#11112),#11116);
#11112 = LINE('',#11113,#11114);
#11113 = CARTESIAN_POINT('',(-8.642643171092E-02,-2.510919954353E-02));
#11114 = VECTOR('',#11115,1.);
#11115 = DIRECTION('',(-0.960293685677,-0.278991106039));
#11116 = ( GEOMETRIC_REPRESENTATION_CONTEXT(2) 
PARAMETRIC_REPRESENTATION_CONTEXT() REPRESENTATION_CONTEXT('2D SPACE',''
  ) );
#11117 = ADVANCED_FACE('',(#11118),#8990,.F.);
#11118 = FACE_BOUND('',#11119,.F.);
#11119 = EDGE_LOOP('',(#11120,#11144,#11165,#11166));
#11120 = ORIENTED_EDGE('',*,*,#11121,.F.);
#11121 = EDGE_CURVE('',#11122,#11075,#11124,.T.);
#11122 = VERTEX_POINT('',#11123);
#11123 = CARTESIAN_POINT('',(-9.270509831248E-03,-2.853169548885E-02,
    2.E-02));
#11124 = SURFACE_CURVE('',#11125,(#11130,#11137),.PCURVE_S1.);
#11125 = CIRCLE('',#11126,3.E-02);
#11126 = AXIS2_PLACEMENT_3D('',#11127,#11128,#11129);
#11127 = CARTESIAN_POINT('',(0.,0.,2.E-02));
#11128 = DIRECTION('',(0.,0.,1.));
#11129 = DIRECTION('',(-0.309016994375,-0.951056516295,0.));
#11130 = PCURVE('',#8990,#11131);
#11131 = DEFINITIONAL_REPRESENTATION('',(#11132),#11136);
#11132 = LINE('',#11133,#11134);
#11133 = CARTESIAN_POINT('',(0.,1.E-02));
#11134 = VECTOR('',#11135,1.);
#11135 = DIRECTION('',(1.,0.));
#11136 = ( GEOMETRIC_REPRESENTATION_CONTEXT(2) 
PARAMETRIC_REPRESENTATION_CONTEXT() REPRESENTATION_CONTEXT('2D SPACE',''
  ) );
#11137 = PCURVE('',#10144,#11138);
#11138 = DEFINITIONAL_REPRESENTATION('',(#11139),#11143);
#11139 = CIRCLE('',#11140,3.E-02);
#11140 = AXIS2_PLACEMENT_2D('',#11141,#11142);
#11141 = CARTESIAN_POINT('',(0.,0.));
#11142 = DIRECTION('',(1.,0.));
#11143 = ( GEOMETRIC_REPRESENTATION_CONTEXT(2) 
PARAMETRIC_REPRESENTATION_CONTEXT() REPRESENTATION_CONTEXT('2D SPACE',''
  ) );
#11144 = ORIENTED_EDGE('',*,*,#11145,.F.);
#11145 = EDGE_CURVE('',#8945,#11122,#11146,.T.);
#11146 = SURFACE_CURVE('',#11147,(#11151,#11158),.PCURVE_S1.);
#11147 = LINE('',#11148,#11149);
#11148 = CARTESIAN_POINT('',(-9.270509831248E-03,-2.853169548885E-02,
    1.E-02));
#11149 = VECTOR('',#11150,1.);
#11150 = DIRECTION('',(0.,0.,1.));
#11151 = PCURVE('',#8990,#11152);
#11152 = DEFINITIONAL_REPRESENTATION('',(#11153),#11157);
#11153 = LINE('',#11154,#11155);
#11154 = CARTESIAN_POINT('',(0.,-0.));
#11155 = VECTOR('',#11156,1.);
#11156 = DIRECTION('',(0.,1.));
#11157 = ( GEOMETRIC_REPRESENTATION_CONTEXT(2) 
PARAMETRIC_REPRESENTATION_CONTEXT() REPRESENTATION_CONTEXT('2D SPACE',''
  ) );
#11158 = PCURVE('',#8961,#11159);
#11159 = DEFINITIONAL_REPRESENTATION('',(#11160),#11164);
#11160 = LINE('',#11161,#11162);
#11161 = CARTESIAN_POINT('',(6.28318530718,-0.));
#11162 = VECTOR('',#11163,1.);
#11163 = DIRECTION('',(0.,1.));
#11164 = ( GEOMETRIC_REPRESENTATION_CONTEXT(2) 
PARAMETRIC_REPRESENTATION_CONTEXT() REPRESENTATION_CONTEXT('2D SPACE',''
  ) );
#11165 = ORIENTED_EDGE('',*,*,#8973,.T.);
#11166 = ORIENTED_EDGE('',*,*,#11074,.T.);
#11167 = ADVANCED_FACE('',(#11168),#8961,.F.);
#11168 = FACE_BOUND('',#11169,.F.);
#11169 = EDGE_LOOP('',(#11170,#11171,#11195,#11216));
#11170 = ORIENTED_EDGE('',*,*,#11145,.T.);
#11171 = ORIENTED_EDGE('',*,*,#11172,.F.);
#11172 = EDGE_CURVE('',#11173,#11122,#11175,.T.);
#11173 = VERTEX_POINT('',#11174);
#11174 = CARTESIAN_POINT('',(-1.686250133556E-02,-2.481241722824E-02,
    2.E-02));
#11175 = SURFACE_CURVE('',#11176,(#11181,#11188),.PCURVE_S1.);
#11176 = CIRCLE('',#11177,3.E-02);
#11177 = AXIS2_PLACEMENT_3D('',#11178,#11179,#11180);
#11178 = CARTESIAN_POINT('',(0.,0.,2.E-02));
#11179 = DIRECTION('',(0.,0.,1.));
#11180 = DIRECTION('',(-0.309016994375,-0.951056516295,0.));
#11181 = PCURVE('',#8961,#11182);
#11182 = DEFINITIONAL_REPRESENTATION('',(#11183),#11187);
#11183 = LINE('',#11184,#11185);
#11184 = CARTESIAN_POINT('',(0.,1.E-02));
#11185 = VECTOR('',#11186,1.);
#11186 = DIRECTION('',(1.,0.));
#11187 = ( GEOMETRIC_REPRESENTATION_CONTEXT(2) 
PARAMETRIC_REPRESENTATION_CONTEXT() REPRESENTATION_CONTEXT('2D SPACE',''
  ) );
#11188 = PCURVE('',#10144,#11189);
#11189 = DEFINITIONAL_REPRESENTATION('',(#11190),#11194);
#11190 = CIRCLE('',#11191,3.E-02);
#11191 = AXIS2_PLACEMENT_2D('',#11192,#11193);
#11192 = CARTESIAN_POINT('',(0.,0.));
#11193 = DIRECTION('',(1.,0.));
#11194 = ( GEOMETRIC_REPRESENTATION_CONTEXT(2) 
PARAMETRIC_REPRESENTATION_CONTEXT() REPRESENTATION_CONTEXT('2D SPACE',''
  ) );
#11195 = ORIENTED_EDGE('',*,*,#11196,.F.);
#11196 = EDGE_CURVE('',#8917,#11173,#11197,.T.);
#11197 = SURFACE_CURVE('',#11198,(#11202,#11209),.PCURVE_S1.);
#11198 = LINE('',#11199,#11200);
#11199 = CARTESIAN_POINT('',(-1.686250133556E-02,-2.481241722824E-02,
    1.E-02));
#11200 = VECTOR('',#11201,1.);
#11201 = DIRECTION('',(0.,0.,1.));
#11202 = PCURVE('',#8961,#11203);
#11203 = DEFINITIONAL_REPRESENTATION('',(#11204),#11208);
#11204 = LINE('',#11205,#11206);
#11205 = CARTESIAN_POINT('',(6.000441968357,0.));
#11206 = VECTOR('',#11207,1.);
#11207 = DIRECTION('',(0.,1.));
#11208 = ( GEOMETRIC_REPRESENTATION_CONTEXT(2) 
PARAMETRIC_REPRESENTATION_CONTEXT() REPRESENTATION_CONTEXT('2D SPACE',''
  ) );
#11209 = PCURVE('',#8932,#11210);
#11210 = DEFINITIONAL_REPRESENTATION('',(#11211),#11215);
#11211 = LINE('',#11212,#11213);
#11212 = CARTESIAN_POINT('',(0.18,0.21));
#11213 = VECTOR('',#11214,1.);
#11214 = DIRECTION('',(1.,0.));
#11215 = ( GEOMETRIC_REPRESENTATION_CONTEXT(2) 
PARAMETRIC_REPRESENTATION_CONTEXT() REPRESENTATION_CONTEXT('2D SPACE',''
  ) );
#11216 = ORIENTED_EDGE('',*,*,#8944,.T.);
#11217 = ADVANCED_FACE('',(#11218),#8932,.F.);
#11218 = FACE_BOUND('',#11219,.F.);
#11219 = EDGE_LOOP('',(#11220,#11221,#11222,#11223));
#11220 = ORIENTED_EDGE('',*,*,#10156,.F.);
#11221 = ORIENTED_EDGE('',*,*,#8916,.T.);
#11222 = ORIENTED_EDGE('',*,*,#11196,.T.);
#11223 = ORIENTED_EDGE('',*,*,#11224,.F.);
#11224 = EDGE_CURVE('',#10128,#11173,#11225,.T.);
#11225 = SURFACE_CURVE('',#11226,(#11230,#11237),.PCURVE_S1.);
#11226 = LINE('',#11227,#11228);
#11227 = CARTESIAN_POINT('',(5.058750400669E-02,7.443725168471E-02,
    2.E-02));
#11228 = VECTOR('',#11229,1.);
#11229 = DIRECTION('',(0.562083377852,0.827080574275,0.));
#11230 = PCURVE('',#8932,#11231);
#11231 = DEFINITIONAL_REPRESENTATION('',(#11232),#11236);
#11232 = LINE('',#11233,#11234);
#11233 = CARTESIAN_POINT('',(0.19,9.E-02));
#11234 = VECTOR('',#11235,1.);
#11235 = DIRECTION('',(0.,-1.));
#11236 = ( GEOMETRIC_REPRESENTATION_CONTEXT(2) 
PARAMETRIC_REPRESENTATION_CONTEXT() REPRESENTATION_CONTEXT('2D SPACE',''
  ) );
#11237 = PCURVE('',#10144,#11238);
#11238 = DEFINITIONAL_REPRESENTATION('',(#11239),#11243);
#11239 = LINE('',#11240,#11241);
#11240 = CARTESIAN_POINT('',(-8.642643171092E-02,2.510919954353E-02));
#11241 = VECTOR('',#11242,1.);
#11242 = DIRECTION('',(-0.960293685677,0.278991106039));
#11243 = ( GEOMETRIC_REPRESENTATION_CONTEXT(2) 
PARAMETRIC_REPRESENTATION_CONTEXT() REPRESENTATION_CONTEXT('2D SPACE',''
  ) );
#11244 = ADVANCED_FACE('',(#11245),#8903,.T.);
#11245 = FACE_BOUND('',#11246,.T.);
#11246 = EDGE_LOOP('',(#11247,#11248,#11249,#11272));
#11247 = ORIENTED_EDGE('',*,*,#10080,.F.);
#11248 = ORIENTED_EDGE('',*,*,#8889,.T.);
#11249 = ORIENTED_EDGE('',*,*,#11250,.T.);
#11250 = EDGE_CURVE('',#8861,#11251,#11253,.T.);
#11251 = VERTEX_POINT('',#11252);
#11252 = CARTESIAN_POINT('',(-1.838721160959E-02,-2.370465037127E-02,
    2.E-02));
#11253 = SURFACE_CURVE('',#11254,(#11258,#11265),.PCURVE_S1.);
#11254 = LINE('',#11255,#11256);
#11255 = CARTESIAN_POINT('',(-1.838721160959E-02,-2.370465037127E-02,
    1.E-02));
#11256 = VECTOR('',#11257,1.);
#11257 = DIRECTION('',(0.,0.,1.));
#11258 = PCURVE('',#8903,#11259);
#11259 = DEFINITIONAL_REPRESENTATION('',(#11260),#11264);
#11260 = LINE('',#11261,#11262);
#11261 = CARTESIAN_POINT('',(0.18,0.21));
#11262 = VECTOR('',#11263,1.);
#11263 = DIRECTION('',(1.,0.));
#11264 = ( GEOMETRIC_REPRESENTATION_CONTEXT(2) 
PARAMETRIC_REPRESENTATION_CONTEXT() REPRESENTATION_CONTEXT('2D SPACE',''
  ) );
#11265 = PCURVE('',#8877,#11266);
#11266 = DEFINITIONAL_REPRESENTATION('',(#11267),#11271);
#11267 = LINE('',#11268,#11269);
#11268 = CARTESIAN_POINT('',(0.282743338823,0.));
#11269 = VECTOR('',#11270,1.);
#11270 = DIRECTION('',(0.,1.));
#11271 = ( GEOMETRIC_REPRESENTATION_CONTEXT(2) 
PARAMETRIC_REPRESENTATION_CONTEXT() REPRESENTATION_CONTEXT('2D SPACE',''
  ) );
#11272 = ORIENTED_EDGE('',*,*,#11273,.F.);
#11273 = EDGE_CURVE('',#10055,#11251,#11274,.T.);
#11274 = SURFACE_CURVE('',#11275,(#11279,#11286),.PCURVE_S1.);
#11275 = LINE('',#11276,#11277);
#11276 = CARTESIAN_POINT('',(5.516163482877E-02,7.111395111381E-02,
    2.E-02));
#11277 = VECTOR('',#11278,1.);
#11278 = DIRECTION('',(0.612907053653,0.790155012376,0.));
#11279 = PCURVE('',#8903,#11280);
#11280 = DEFINITIONAL_REPRESENTATION('',(#11281),#11285);
#11281 = LINE('',#11282,#11283);
#11282 = CARTESIAN_POINT('',(0.19,9.E-02));
#11283 = VECTOR('',#11284,1.);
#11284 = DIRECTION('',(0.,-1.));
#11285 = ( GEOMETRIC_REPRESENTATION_CONTEXT(2) 
PARAMETRIC_REPRESENTATION_CONTEXT() REPRESENTATION_CONTEXT('2D SPACE',''
  ) );
#11286 = PCURVE('',#10017,#11287);
#11287 = DEFINITIONAL_REPRESENTATION('',(#11288),#11292);
#11288 = LINE('',#11289,#11290);
#11289 = CARTESIAN_POINT('',(-8.642643171092E-02,-2.510919954353E-02));
#11290 = VECTOR('',#11291,1.);
#11291 = DIRECTION('',(-0.960293685677,-0.278991106039));
#11292 = ( GEOMETRIC_REPRESENTATION_CONTEXT(2) 
PARAMETRIC_REPRESENTATION_CONTEXT() REPRESENTATION_CONTEXT('2D SPACE',''
  ) );
#11293 = ADVANCED_FACE('',(#11294),#8877,.F.);
#11294 = FACE_BOUND('',#11295,.F.);
#11295 = EDGE_LOOP('',(#11296,#11320,#11341,#11342));
#11296 = ORIENTED_EDGE('',*,*,#11297,.F.);
#11297 = EDGE_CURVE('',#11298,#11251,#11300,.T.);
#11298 = VERTEX_POINT('',#11299);
#11299 = CARTESIAN_POINT('',(-2.427050983125E-02,-1.763355756877E-02,
    2.E-02));
#11300 = SURFACE_CURVE('',#11301,(#11306,#11313),.PCURVE_S1.);
#11301 = CIRCLE('',#11302,3.E-02);
#11302 = AXIS2_PLACEMENT_3D('',#11303,#11304,#11305);
#11303 = CARTESIAN_POINT('',(0.,0.,2.E-02));
#11304 = DIRECTION('',(0.,0.,1.));
#11305 = DIRECTION('',(-0.809016994375,-0.587785252292,0.));
#11306 = PCURVE('',#8877,#11307);
#11307 = DEFINITIONAL_REPRESENTATION('',(#11308),#11312);
#11308 = LINE('',#11309,#11310);
#11309 = CARTESIAN_POINT('',(0.,1.E-02));
#11310 = VECTOR('',#11311,1.);
#11311 = DIRECTION('',(1.,0.));
#11312 = ( GEOMETRIC_REPRESENTATION_CONTEXT(2) 
PARAMETRIC_REPRESENTATION_CONTEXT() REPRESENTATION_CONTEXT('2D SPACE',''
  ) );
#11313 = PCURVE('',#10017,#11314);
#11314 = DEFINITIONAL_REPRESENTATION('',(#11315),#11319);
#11315 = CIRCLE('',#11316,3.E-02);
#11316 = AXIS2_PLACEMENT_2D('',#11317,#11318);
#11317 = CARTESIAN_POINT('',(0.,0.));
#11318 = DIRECTION('',(1.,0.));
#11319 = ( GEOMETRIC_REPRESENTATION_CONTEXT(2) 
PARAMETRIC_REPRESENTATION_CONTEXT() REPRESENTATION_CONTEXT('2D SPACE',''
  ) );
#11320 = ORIENTED_EDGE('',*,*,#11321,.F.);
#11321 = EDGE_CURVE('',#8832,#11298,#11322,.T.);
#11322 = SURFACE_CURVE('',#11323,(#11327,#11334),.PCURVE_S1.);
#11323 = LINE('',#11324,#11325);
#11324 = CARTESIAN_POINT('',(-2.427050983125E-02,-1.763355756877E-02,
    1.E-02));
#11325 = VECTOR('',#11326,1.);
#11326 = DIRECTION('',(0.,0.,1.));
#11327 = PCURVE('',#8877,#11328);
#11328 = DEFINITIONAL_REPRESENTATION('',(#11329),#11333);
#11329 = LINE('',#11330,#11331);
#11330 = CARTESIAN_POINT('',(0.,-0.));
#11331 = VECTOR('',#11332,1.);
#11332 = DIRECTION('',(0.,1.));
#11333 = ( GEOMETRIC_REPRESENTATION_CONTEXT(2) 
PARAMETRIC_REPRESENTATION_CONTEXT() REPRESENTATION_CONTEXT('2D SPACE',''
  ) );
#11334 = PCURVE('',#8848,#11335);
#11335 = DEFINITIONAL_REPRESENTATION('',(#11336),#11340);
#11336 = LINE('',#11337,#11338);
#11337 = CARTESIAN_POINT('',(6.28318530718,-0.));
#11338 = VECTOR('',#11339,1.);
#11339 = DIRECTION('',(0.,1.));
#11340 = ( GEOMETRIC_REPRESENTATION_CONTEXT(2) 
PARAMETRIC_REPRESENTATION_CONTEXT() REPRESENTATION_CONTEXT('2D SPACE',''
  ) );
#11341 = ORIENTED_EDGE('',*,*,#8860,.T.);
#11342 = ORIENTED_EDGE('',*,*,#11250,.T.);
#11343 = ADVANCED_FACE('',(#11344),#8848,.F.);
#11344 = FACE_BOUND('',#11345,.F.);
#11345 = EDGE_LOOP('',(#11346,#11347,#11371,#11392));
#11346 = ORIENTED_EDGE('',*,*,#11321,.T.);
#11347 = ORIENTED_EDGE('',*,*,#11348,.F.);
#11348 = EDGE_CURVE('',#11349,#11298,#11351,.T.);
#11349 = VERTEX_POINT('',#11350);
#11350 = CARTESIAN_POINT('',(-2.822642306863E-02,-1.016213760736E-02,
    2.E-02));
#11351 = SURFACE_CURVE('',#11352,(#11357,#11364),.PCURVE_S1.);
#11352 = CIRCLE('',#11353,3.E-02);
#11353 = AXIS2_PLACEMENT_3D('',#11354,#11355,#11356);
#11354 = CARTESIAN_POINT('',(0.,0.,2.E-02));
#11355 = DIRECTION('',(0.,0.,1.));
#11356 = DIRECTION('',(-0.809016994375,-0.587785252292,0.));
#11357 = PCURVE('',#8848,#11358);
#11358 = DEFINITIONAL_REPRESENTATION('',(#11359),#11363);
#11359 = LINE('',#11360,#11361);
#11360 = CARTESIAN_POINT('',(0.,1.E-02));
#11361 = VECTOR('',#11362,1.);
#11362 = DIRECTION('',(1.,0.));
#11363 = ( GEOMETRIC_REPRESENTATION_CONTEXT(2) 
PARAMETRIC_REPRESENTATION_CONTEXT() REPRESENTATION_CONTEXT('2D SPACE',''
  ) );
#11364 = PCURVE('',#10017,#11365);
#11365 = DEFINITIONAL_REPRESENTATION('',(#11366),#11370);
#11366 = CIRCLE('',#11367,3.E-02);
#11367 = AXIS2_PLACEMENT_2D('',#11368,#11369);
#11368 = CARTESIAN_POINT('',(0.,0.));
#11369 = DIRECTION('',(1.,0.));
#11370 = ( GEOMETRIC_REPRESENTATION_CONTEXT(2) 
PARAMETRIC_REPRESENTATION_CONTEXT() REPRESENTATION_CONTEXT('2D SPACE',''
  ) );
#11371 = ORIENTED_EDGE('',*,*,#11372,.F.);
#11372 = EDGE_CURVE('',#8804,#11349,#11373,.T.);
#11373 = SURFACE_CURVE('',#11374,(#11378,#11385),.PCURVE_S1.);
#11374 = LINE('',#11375,#11376);
#11375 = CARTESIAN_POINT('',(-2.822642306863E-02,-1.016213760736E-02,
    1.E-02));
#11376 = VECTOR('',#11377,1.);
#11377 = DIRECTION('',(0.,0.,1.));
#11378 = PCURVE('',#8848,#11379);
#11379 = DEFINITIONAL_REPRESENTATION('',(#11380),#11384);
#11380 = LINE('',#11381,#11382);
#11381 = CARTESIAN_POINT('',(6.000441968357,0.));
#11382 = VECTOR('',#11383,1.);
#11383 = DIRECTION('',(0.,1.));
#11384 = ( GEOMETRIC_REPRESENTATION_CONTEXT(2) 
PARAMETRIC_REPRESENTATION_CONTEXT() REPRESENTATION_CONTEXT('2D SPACE',''
  ) );
#11385 = PCURVE('',#8819,#11386);
#11386 = DEFINITIONAL_REPRESENTATION('',(#11387),#11391);
#11387 = LINE('',#11388,#11389);
#11388 = CARTESIAN_POINT('',(0.18,0.21));
#11389 = VECTOR('',#11390,1.);
#11390 = DIRECTION('',(1.,0.));
#11391 = ( GEOMETRIC_REPRESENTATION_CONTEXT(2) 
PARAMETRIC_REPRESENTATION_CONTEXT() REPRESENTATION_CONTEXT('2D SPACE',''
  ) );
#11392 = ORIENTED_EDGE('',*,*,#8831,.T.);
#11393 = ADVANCED_FACE('',(#11394),#8819,.F.);
#11394 = FACE_BOUND('',#11395,.F.);
#11395 = EDGE_LOOP('',(#11396,#11397,#11398,#11399));
#11396 = ORIENTED_EDGE('',*,*,#10029,.F.);
#11397 = ORIENTED_EDGE('',*,*,#8803,.T.);
#11398 = ORIENTED_EDGE('',*,*,#11372,.T.);
#11399 = ORIENTED_EDGE('',*,*,#11400,.F.);
#11400 = EDGE_CURVE('',#10001,#11349,#11401,.T.);
#11401 = SURFACE_CURVE('',#11402,(#11406,#11413),.PCURVE_S1.);
#11402 = LINE('',#11403,#11404);
#11403 = CARTESIAN_POINT('',(8.467926920588E-02,3.048641282208E-02,
    2.E-02));
#11404 = VECTOR('',#11405,1.);
#11405 = DIRECTION('',(0.940880768954,0.338737920245,0.));
#11406 = PCURVE('',#8819,#11407);
#11407 = DEFINITIONAL_REPRESENTATION('',(#11408),#11412);
#11408 = LINE('',#11409,#11410);
#11409 = CARTESIAN_POINT('',(0.19,9.E-02));
#11410 = VECTOR('',#11411,1.);
#11411 = DIRECTION('',(0.,-1.));
#11412 = ( GEOMETRIC_REPRESENTATION_CONTEXT(2) 
PARAMETRIC_REPRESENTATION_CONTEXT() REPRESENTATION_CONTEXT('2D SPACE',''
  ) );
#11413 = PCURVE('',#10017,#11414);
#11414 = DEFINITIONAL_REPRESENTATION('',(#11415),#11419);
#11415 = LINE('',#11416,#11417);
#11416 = CARTESIAN_POINT('',(-8.642643171092E-02,2.510919954353E-02));
#11417 = VECTOR('',#11418,1.);
#11418 = DIRECTION('',(-0.960293685677,0.278991106039));
#11419 = ( GEOMETRIC_REPRESENTATION_CONTEXT(2) 
PARAMETRIC_REPRESENTATION_CONTEXT() REPRESENTATION_CONTEXT('2D SPACE',''
  ) );
#11420 = ADVANCED_FACE('',(#11421),#8790,.T.);
#11421 = FACE_BOUND('',#11422,.T.);
#11422 = EDGE_LOOP('',(#11423,#11424,#11425,#11448));
#11423 = ORIENTED_EDGE('',*,*,#9953,.F.);
#11424 = ORIENTED_EDGE('',*,*,#8776,.T.);
#11425 = ORIENTED_EDGE('',*,*,#11426,.T.);
#11426 = EDGE_CURVE('',#8748,#11427,#11429,.T.);
#11427 = VERTEX_POINT('',#11428);
#11428 = CARTESIAN_POINT('',(-2.880881057031E-02,-8.369733181177E-03,
    2.E-02));
#11429 = SURFACE_CURVE('',#11430,(#11434,#11441),.PCURVE_S1.);
#11430 = LINE('',#11431,#11432);
#11431 = CARTESIAN_POINT('',(-2.880881057031E-02,-8.369733181177E-03,
    1.E-02));
#11432 = VECTOR('',#11433,1.);
#11433 = DIRECTION('',(0.,0.,1.));
#11434 = PCURVE('',#8790,#11435);
#11435 = DEFINITIONAL_REPRESENTATION('',(#11436),#11440);
#11436 = LINE('',#11437,#11438);
#11437 = CARTESIAN_POINT('',(0.18,0.21));
#11438 = VECTOR('',#11439,1.);
#11439 = DIRECTION('',(1.,0.));
#11440 = ( GEOMETRIC_REPRESENTATION_CONTEXT(2) 
PARAMETRIC_REPRESENTATION_CONTEXT() REPRESENTATION_CONTEXT('2D SPACE',''
  ) );
#11441 = PCURVE('',#8764,#11442);
#11442 = DEFINITIONAL_REPRESENTATION('',(#11443),#11447);
#11443 = LINE('',#11444,#11445);
#11444 = CARTESIAN_POINT('',(0.282743338823,0.));
#11445 = VECTOR('',#11446,1.);
#11446 = DIRECTION('',(0.,1.));
#11447 = ( GEOMETRIC_REPRESENTATION_CONTEXT(2) 
PARAMETRIC_REPRESENTATION_CONTEXT() REPRESENTATION_CONTEXT('2D SPACE',''
  ) );
#11448 = ORIENTED_EDGE('',*,*,#11449,.F.);
#11449 = EDGE_CURVE('',#9928,#11427,#11450,.T.);
#11450 = SURFACE_CURVE('',#11451,(#11455,#11462),.PCURVE_S1.);
#11451 = LINE('',#11452,#11453);
#11452 = CARTESIAN_POINT('',(8.642643171092E-02,2.510919954353E-02,
    2.E-02));
#11453 = VECTOR('',#11454,1.);
#11454 = DIRECTION('',(0.960293685677,0.278991106039,0.));
#11455 = PCURVE('',#8790,#11456);
#11456 = DEFINITIONAL_REPRESENTATION('',(#11457),#11461);
#11457 = LINE('',#11458,#11459);
#11458 = CARTESIAN_POINT('',(0.19,9.E-02));
#11459 = VECTOR('',#11460,1.);
#11460 = DIRECTION('',(0.,-1.));
#11461 = ( GEOMETRIC_REPRESENTATION_CONTEXT(2) 
PARAMETRIC_REPRESENTATION_CONTEXT() REPRESENTATION_CONTEXT('2D SPACE',''
  ) );
#11462 = PCURVE('',#9890,#11463);
#11463 = DEFINITIONAL_REPRESENTATION('',(#11464),#11468);
#11464 = LINE('',#11465,#11466);
#11465 = CARTESIAN_POINT('',(-8.642643171092E-02,-2.510919954353E-02));
#11466 = VECTOR('',#11467,1.);
#11467 = DIRECTION('',(-0.960293685677,-0.278991106039));
#11468 = ( GEOMETRIC_REPRESENTATION_CONTEXT(2) 
PARAMETRIC_REPRESENTATION_CONTEXT() REPRESENTATION_CONTEXT('2D SPACE',''
  ) );
#11469 = ADVANCED_FACE('',(#11470),#8764,.F.);
#11470 = FACE_BOUND('',#11471,.F.);
#11471 = EDGE_LOOP('',(#11472,#11496,#11517,#11518));
#11472 = ORIENTED_EDGE('',*,*,#11473,.F.);
#11473 = EDGE_CURVE('',#11474,#11427,#11476,.T.);
#11474 = VERTEX_POINT('',#11475);
#11475 = CARTESIAN_POINT('',(-3.E-02,1.102182119233E-17,2.E-02));
#11476 = SURFACE_CURVE('',#11477,(#11482,#11489),.PCURVE_S1.);
#11477 = CIRCLE('',#11478,3.E-02);
#11478 = AXIS2_PLACEMENT_3D('',#11479,#11480,#11481);
#11479 = CARTESIAN_POINT('',(0.,0.,2.E-02));
#11480 = DIRECTION('',(0.,0.,1.));
#11481 = DIRECTION('',(-1.,1.224646799147E-16,0.));
#11482 = PCURVE('',#8764,#11483);
#11483 = DEFINITIONAL_REPRESENTATION('',(#11484),#11488);
#11484 = LINE('',#11485,#11486);
#11485 = CARTESIAN_POINT('',(0.,1.E-02));
#11486 = VECTOR('',#11487,1.);
#11487 = DIRECTION('',(1.,0.));
#11488 = ( GEOMETRIC_REPRESENTATION_CONTEXT(2) 
PARAMETRIC_REPRESENTATION_CONTEXT() REPRESENTATION_CONTEXT('2D SPACE',''
  ) );
#11489 = PCURVE('',#9890,#11490);
#11490 = DEFINITIONAL_REPRESENTATION('',(#11491),#11495);
#11491 = CIRCLE('',#11492,3.E-02);
#11492 = AXIS2_PLACEMENT_2D('',#11493,#11494);
#11493 = CARTESIAN_POINT('',(0.,0.));
#11494 = DIRECTION('',(1.,0.));
#11495 = ( GEOMETRIC_REPRESENTATION_CONTEXT(2) 
PARAMETRIC_REPRESENTATION_CONTEXT() REPRESENTATION_CONTEXT('2D SPACE',''
  ) );
#11496 = ORIENTED_EDGE('',*,*,#11497,.F.);
#11497 = EDGE_CURVE('',#8719,#11474,#11498,.T.);
#11498 = SURFACE_CURVE('',#11499,(#11503,#11510),.PCURVE_S1.);
#11499 = LINE('',#11500,#11501);
#11500 = CARTESIAN_POINT('',(-3.E-02,1.102182119233E-17,1.E-02));
#11501 = VECTOR('',#11502,1.);
#11502 = DIRECTION('',(0.,0.,1.));
#11503 = PCURVE('',#8764,#11504);
#11504 = DEFINITIONAL_REPRESENTATION('',(#11505),#11509);
#11505 = LINE('',#11506,#11507);
#11506 = CARTESIAN_POINT('',(0.,-0.));
#11507 = VECTOR('',#11508,1.);
#11508 = DIRECTION('',(0.,1.));
#11509 = ( GEOMETRIC_REPRESENTATION_CONTEXT(2) 
PARAMETRIC_REPRESENTATION_CONTEXT() REPRESENTATION_CONTEXT('2D SPACE',''
  ) );
#11510 = PCURVE('',#8735,#11511);
#11511 = DEFINITIONAL_REPRESENTATION('',(#11512),#11516);
#11512 = LINE('',#11513,#11514);
#11513 = CARTESIAN_POINT('',(6.28318530718,-0.));
#11514 = VECTOR('',#11515,1.);
#11515 = DIRECTION('',(0.,1.));
#11516 = ( GEOMETRIC_REPRESENTATION_CONTEXT(2) 
PARAMETRIC_REPRESENTATION_CONTEXT() REPRESENTATION_CONTEXT('2D SPACE',''
  ) );
#11517 = ORIENTED_EDGE('',*,*,#8747,.T.);
#11518 = ORIENTED_EDGE('',*,*,#11426,.T.);
#11519 = ADVANCED_FACE('',(#11520),#8735,.F.);
#11520 = FACE_BOUND('',#11521,.F.);
#11521 = EDGE_LOOP('',(#11522,#11523,#11547,#11568));
#11522 = ORIENTED_EDGE('',*,*,#11497,.T.);
#11523 = ORIENTED_EDGE('',*,*,#11524,.F.);
#11524 = EDGE_CURVE('',#11525,#11474,#11527,.T.);
#11525 = VERTEX_POINT('',#11526);
#11526 = CARTESIAN_POINT('',(-2.880881057031E-02,8.369733181177E-03,
    2.E-02));
#11527 = SURFACE_CURVE('',#11528,(#11533,#11540),.PCURVE_S1.);
#11528 = CIRCLE('',#11529,3.E-02);
#11529 = AXIS2_PLACEMENT_3D('',#11530,#11531,#11532);
#11530 = CARTESIAN_POINT('',(0.,0.,2.E-02));
#11531 = DIRECTION('',(0.,0.,1.));
#11532 = DIRECTION('',(-1.,1.224646799147E-16,0.));
#11533 = PCURVE('',#8735,#11534);
#11534 = DEFINITIONAL_REPRESENTATION('',(#11535),#11539);
#11535 = LINE('',#11536,#11537);
#11536 = CARTESIAN_POINT('',(0.,1.E-02));
#11537 = VECTOR('',#11538,1.);
#11538 = DIRECTION('',(1.,0.));
#11539 = ( GEOMETRIC_REPRESENTATION_CONTEXT(2) 
PARAMETRIC_REPRESENTATION_CONTEXT() REPRESENTATION_CONTEXT('2D SPACE',''
  ) );
#11540 = PCURVE('',#9890,#11541);
#11541 = DEFINITIONAL_REPRESENTATION('',(#11542),#11546);
#11542 = CIRCLE('',#11543,3.E-02);
#11543 = AXIS2_PLACEMENT_2D('',#11544,#11545);
#11544 = CARTESIAN_POINT('',(0.,0.));
#11545 = DIRECTION('',(1.,0.));
#11546 = ( GEOMETRIC_REPRESENTATION_CONTEXT(2) 
PARAMETRIC_REPRESENTATION_CONTEXT() REPRESENTATION_CONTEXT('2D SPACE',''
  ) );
#11547 = ORIENTED_EDGE('',*,*,#11548,.F.);
#11548 = EDGE_CURVE('',#8691,#11525,#11549,.T.);
#11549 = SURFACE_CURVE('',#11550,(#11554,#11561),.PCURVE_S1.);
#11550 = LINE('',#11551,#11552);
#11551 = CARTESIAN_POINT('',(-2.880881057031E-02,8.369733181177E-03,
    1.E-02));
#11552 = VECTOR('',#11553,1.);
#11553 = DIRECTION('',(0.,0.,1.));
#11554 = PCURVE('',#8735,#11555);
#11555 = DEFINITIONAL_REPRESENTATION('',(#11556),#11560);
#11556 = LINE('',#11557,#11558);
#11557 = CARTESIAN_POINT('',(6.000441968357,0.));
#11558 = VECTOR('',#11559,1.);
#11559 = DIRECTION('',(0.,1.));
#11560 = ( GEOMETRIC_REPRESENTATION_CONTEXT(2) 
PARAMETRIC_REPRESENTATION_CONTEXT() REPRESENTATION_CONTEXT('2D SPACE',''
  ) );
#11561 = PCURVE('',#8706,#11562);
#11562 = DEFINITIONAL_REPRESENTATION('',(#11563),#11567);
#11563 = LINE('',#11564,#11565);
#11564 = CARTESIAN_POINT('',(0.18,0.21));
#11565 = VECTOR('',#11566,1.);
#11566 = DIRECTION('',(1.,0.));
#11567 = ( GEOMETRIC_REPRESENTATION_CONTEXT(2) 
PARAMETRIC_REPRESENTATION_CONTEXT() REPRESENTATION_CONTEXT('2D SPACE',''
  ) );
#11568 = ORIENTED_EDGE('',*,*,#8718,.T.);
#11569 = ADVANCED_FACE('',(#11570),#8706,.F.);
#11570 = FACE_BOUND('',#11571,.F.);
#11571 = EDGE_LOOP('',(#11572,#11573,#11574,#11575));
#11572 = ORIENTED_EDGE('',*,*,#9902,.F.);
#11573 = ORIENTED_EDGE('',*,*,#8690,.T.);
#11574 = ORIENTED_EDGE('',*,*,#11548,.T.);
#11575 = ORIENTED_EDGE('',*,*,#11576,.F.);
#11576 = EDGE_CURVE('',#9874,#11525,#11577,.T.);
#11577 = SURFACE_CURVE('',#11578,(#11582,#11589),.PCURVE_S1.);
#11578 = LINE('',#11579,#11580);
#11579 = CARTESIAN_POINT('',(8.642643171092E-02,-2.510919954353E-02,
    2.E-02));
#11580 = VECTOR('',#11581,1.);
#11581 = DIRECTION('',(0.960293685677,-0.278991106039,0.));
#11582 = PCURVE('',#8706,#11583);
#11583 = DEFINITIONAL_REPRESENTATION('',(#11584),#11588);
#11584 = LINE('',#11585,#11586);
#11585 = CARTESIAN_POINT('',(0.19,9.E-02));
#11586 = VECTOR('',#11587,1.);
#11587 = DIRECTION('',(0.,-1.));
#11588 = ( GEOMETRIC_REPRESENTATION_CONTEXT(2) 
PARAMETRIC_REPRESENTATION_CONTEXT() REPRESENTATION_CONTEXT('2D SPACE',''
  ) );
#11589 = PCURVE('',#9890,#11590);
#11590 = DEFINITIONAL_REPRESENTATION('',(#11591),#11595);
#11591 = LINE('',#11592,#11593);
#11592 = CARTESIAN_POINT('',(-8.642643171092E-02,2.510919954353E-02));
#11593 = VECTOR('',#11594,1.);
#11594 = DIRECTION('',(-0.960293685677,0.278991106039));
#11595 = ( GEOMETRIC_REPRESENTATION_CONTEXT(2) 
PARAMETRIC_REPRESENTATION_CONTEXT() REPRESENTATION_CONTEXT('2D SPACE',''
  ) );
#11596 = ADVANCED_FACE('',(#11597),#8677,.T.);
#11597 = FACE_BOUND('',#11598,.T.);
#11598 = EDGE_LOOP('',(#11599,#11600,#11601,#11624));
#11599 = ORIENTED_EDGE('',*,*,#9826,.F.);
#11600 = ORIENTED_EDGE('',*,*,#8663,.T.);
#11601 = ORIENTED_EDGE('',*,*,#11602,.T.);
#11602 = EDGE_CURVE('',#8635,#11603,#11605,.T.);
#11603 = VERTEX_POINT('',#11604);
#11604 = CARTESIAN_POINT('',(-2.822642306863E-02,1.016213760736E-02,
    2.E-02));
#11605 = SURFACE_CURVE('',#11606,(#11610,#11617),.PCURVE_S1.);
#11606 = LINE('',#11607,#11608);
#11607 = CARTESIAN_POINT('',(-2.822642306863E-02,1.016213760736E-02,
    1.E-02));
#11608 = VECTOR('',#11609,1.);
#11609 = DIRECTION('',(0.,0.,1.));
#11610 = PCURVE('',#8677,#11611);
#11611 = DEFINITIONAL_REPRESENTATION('',(#11612),#11616);
#11612 = LINE('',#11613,#11614);
#11613 = CARTESIAN_POINT('',(0.18,0.21));
#11614 = VECTOR('',#11615,1.);
#11615 = DIRECTION('',(1.,0.));
#11616 = ( GEOMETRIC_REPRESENTATION_CONTEXT(2) 
PARAMETRIC_REPRESENTATION_CONTEXT() REPRESENTATION_CONTEXT('2D SPACE',''
  ) );
#11617 = PCURVE('',#8651,#11618);
#11618 = DEFINITIONAL_REPRESENTATION('',(#11619),#11623);
#11619 = LINE('',#11620,#11621);
#11620 = CARTESIAN_POINT('',(0.282743338823,0.));
#11621 = VECTOR('',#11622,1.);
#11622 = DIRECTION('',(0.,1.));
#11623 = ( GEOMETRIC_REPRESENTATION_CONTEXT(2) 
PARAMETRIC_REPRESENTATION_CONTEXT() REPRESENTATION_CONTEXT('2D SPACE',''
  ) );
#11624 = ORIENTED_EDGE('',*,*,#11625,.F.);
#11625 = EDGE_CURVE('',#9801,#11603,#11626,.T.);
#11626 = SURFACE_CURVE('',#11627,(#11631,#11638),.PCURVE_S1.);
#11627 = LINE('',#11628,#11629);
#11628 = CARTESIAN_POINT('',(8.467926920588E-02,-3.048641282208E-02,
    2.E-02));
#11629 = VECTOR('',#11630,1.);
#11630 = DIRECTION('',(0.940880768954,-0.338737920245,0.));
#11631 = PCURVE('',#8677,#11632);
#11632 = DEFINITIONAL_REPRESENTATION('',(#11633),#11637);
#11633 = LINE('',#11634,#11635);
#11634 = CARTESIAN_POINT('',(0.19,9.E-02));
#11635 = VECTOR('',#11636,1.);
#11636 = DIRECTION('',(0.,-1.));
#11637 = ( GEOMETRIC_REPRESENTATION_CONTEXT(2) 
PARAMETRIC_REPRESENTATION_CONTEXT() REPRESENTATION_CONTEXT('2D SPACE',''
  ) );
#11638 = PCURVE('',#9763,#11639);
#11639 = DEFINITIONAL_REPRESENTATION('',(#11640),#11644);
#11640 = LINE('',#11641,#11642);
#11641 = CARTESIAN_POINT('',(-8.642643171092E-02,-2.510919954353E-02));
#11642 = VECTOR('',#11643,1.);
#11643 = DIRECTION('',(-0.960293685677,-0.278991106039));
#11644 = ( GEOMETRIC_REPRESENTATION_CONTEXT(2) 
PARAMETRIC_REPRESENTATION_CONTEXT() REPRESENTATION_CONTEXT('2D SPACE',''
  ) );
#11645 = ADVANCED_FACE('',(#11646),#8651,.F.);
#11646 = FACE_BOUND('',#11647,.F.);
#11647 = EDGE_LOOP('',(#11648,#11672,#11693,#11694));
#11648 = ORIENTED_EDGE('',*,*,#11649,.F.);
#11649 = EDGE_CURVE('',#11650,#11603,#11652,.T.);
#11650 = VERTEX_POINT('',#11651);
#11651 = CARTESIAN_POINT('',(-2.427050983125E-02,1.763355756877E-02,
    2.E-02));
#11652 = SURFACE_CURVE('',#11653,(#11658,#11665),.PCURVE_S1.);
#11653 = CIRCLE('',#11654,3.E-02);
#11654 = AXIS2_PLACEMENT_3D('',#11655,#11656,#11657);
#11655 = CARTESIAN_POINT('',(0.,0.,2.E-02));
#11656 = DIRECTION('',(0.,0.,1.));
#11657 = DIRECTION('',(-0.809016994375,0.587785252292,0.));
#11658 = PCURVE('',#8651,#11659);
#11659 = DEFINITIONAL_REPRESENTATION('',(#11660),#11664);
#11660 = LINE('',#11661,#11662);
#11661 = CARTESIAN_POINT('',(0.,1.E-02));
#11662 = VECTOR('',#11663,1.);
#11663 = DIRECTION('',(1.,0.));
#11664 = ( GEOMETRIC_REPRESENTATION_CONTEXT(2) 
PARAMETRIC_REPRESENTATION_CONTEXT() REPRESENTATION_CONTEXT('2D SPACE',''
  ) );
#11665 = PCURVE('',#9763,#11666);
#11666 = DEFINITIONAL_REPRESENTATION('',(#11667),#11671);
#11667 = CIRCLE('',#11668,3.E-02);
#11668 = AXIS2_PLACEMENT_2D('',#11669,#11670);
#11669 = CARTESIAN_POINT('',(0.,0.));
#11670 = DIRECTION('',(1.,0.));
#11671 = ( GEOMETRIC_REPRESENTATION_CONTEXT(2) 
PARAMETRIC_REPRESENTATION_CONTEXT() REPRESENTATION_CONTEXT('2D SPACE',''
  ) );
#11672 = ORIENTED_EDGE('',*,*,#11673,.F.);
#11673 = EDGE_CURVE('',#8606,#11650,#11674,.T.);
#11674 = SURFACE_CURVE('',#11675,(#11679,#11686),.PCURVE_S1.);
#11675 = LINE('',#11676,#11677);
#11676 = CARTESIAN_POINT('',(-2.427050983125E-02,1.763355756877E-02,
    1.E-02));
#11677 = VECTOR('',#11678,1.);
#11678 = DIRECTION('',(0.,0.,1.));
#11679 = PCURVE('',#8651,#11680);
#11680 = DEFINITIONAL_REPRESENTATION('',(#11681),#11685);
#11681 = LINE('',#11682,#11683);
#11682 = CARTESIAN_POINT('',(0.,-0.));
#11683 = VECTOR('',#11684,1.);
#11684 = DIRECTION('',(0.,1.));
#11685 = ( GEOMETRIC_REPRESENTATION_CONTEXT(2) 
PARAMETRIC_REPRESENTATION_CONTEXT() REPRESENTATION_CONTEXT('2D SPACE',''
  ) );
#11686 = PCURVE('',#8622,#11687);
#11687 = DEFINITIONAL_REPRESENTATION('',(#11688),#11692);
#11688 = LINE('',#11689,#11690);
#11689 = CARTESIAN_POINT('',(6.28318530718,-0.));
#11690 = VECTOR('',#11691,1.);
#11691 = DIRECTION('',(0.,1.));
#11692 = ( GEOMETRIC_REPRESENTATION_CONTEXT(2) 
PARAMETRIC_REPRESENTATION_CONTEXT() REPRESENTATION_CONTEXT('2D SPACE',''
  ) );
#11693 = ORIENTED_EDGE('',*,*,#8634,.T.);
#11694 = ORIENTED_EDGE('',*,*,#11602,.T.);
#11695 = ADVANCED_FACE('',(#11696),#8622,.F.);
#11696 = FACE_BOUND('',#11697,.F.);
#11697 = EDGE_LOOP('',(#11698,#11699,#11723,#11744));
#11698 = ORIENTED_EDGE('',*,*,#11673,.T.);
#11699 = ORIENTED_EDGE('',*,*,#11700,.F.);
#11700 = EDGE_CURVE('',#11701,#11650,#11703,.T.);
#11701 = VERTEX_POINT('',#11702);
#11702 = CARTESIAN_POINT('',(-1.838721160959E-02,2.370465037127E-02,
    2.E-02));
#11703 = SURFACE_CURVE('',#11704,(#11709,#11716),.PCURVE_S1.);
#11704 = CIRCLE('',#11705,3.E-02);
#11705 = AXIS2_PLACEMENT_3D('',#11706,#11707,#11708);
#11706 = CARTESIAN_POINT('',(0.,0.,2.E-02));
#11707 = DIRECTION('',(0.,0.,1.));
#11708 = DIRECTION('',(-0.809016994375,0.587785252292,0.));
#11709 = PCURVE('',#8622,#11710);
#11710 = DEFINITIONAL_REPRESENTATION('',(#11711),#11715);
#11711 = LINE('',#11712,#11713);
#11712 = CARTESIAN_POINT('',(0.,1.E-02));
#11713 = VECTOR('',#11714,1.);
#11714 = DIRECTION('',(1.,0.));
#11715 = ( GEOMETRIC_REPRESENTATION_CONTEXT(2) 
PARAMETRIC_REPRESENTATION_CONTEXT() REPRESENTATION_CONTEXT('2D SPACE',''
  ) );
#11716 = PCURVE('',#9763,#11717);
#11717 = DEFINITIONAL_REPRESENTATION('',(#11718),#11722);
#11718 = CIRCLE('',#11719,3.E-02);
#11719 = AXIS2_PLACEMENT_2D('',#11720,#11721);
#11720 = CARTESIAN_POINT('',(0.,0.));
#11721 = DIRECTION('',(1.,0.));
#11722 = ( GEOMETRIC_REPRESENTATION_CONTEXT(2) 
PARAMETRIC_REPRESENTATION_CONTEXT() REPRESENTATION_CONTEXT('2D SPACE',''
  ) );
#11723 = ORIENTED_EDGE('',*,*,#11724,.F.);
#11724 = EDGE_CURVE('',#8578,#11701,#11725,.T.);
#11725 = SURFACE_CURVE('',#11726,(#11730,#11737),.PCURVE_S1.);
#11726 = LINE('',#11727,#11728);
#11727 = CARTESIAN_POINT('',(-1.838721160959E-02,2.370465037127E-02,
    1.E-02));
#11728 = VECTOR('',#11729,1.);
#11729 = DIRECTION('',(0.,0.,1.));
#11730 = PCURVE('',#8622,#11731);
#11731 = DEFINITIONAL_REPRESENTATION('',(#11732),#11736);
#11732 = LINE('',#11733,#11734);
#11733 = CARTESIAN_POINT('',(6.000441968357,0.));
#11734 = VECTOR('',#11735,1.);
#11735 = DIRECTION('',(0.,1.));
#11736 = ( GEOMETRIC_REPRESENTATION_CONTEXT(2) 
PARAMETRIC_REPRESENTATION_CONTEXT() REPRESENTATION_CONTEXT('2D SPACE',''
  ) );
#11737 = PCURVE('',#8593,#11738);
#11738 = DEFINITIONAL_REPRESENTATION('',(#11739),#11743);
#11739 = LINE('',#11740,#11741);
#11740 = CARTESIAN_POINT('',(0.18,0.21));
#11741 = VECTOR('',#11742,1.);
#11742 = DIRECTION('',(1.,0.));
#11743 = ( GEOMETRIC_REPRESENTATION_CONTEXT(2) 
PARAMETRIC_REPRESENTATION_CONTEXT() REPRESENTATION_CONTEXT('2D SPACE',''
  ) );
#11744 = ORIENTED_EDGE('',*,*,#8605,.T.);
#11745 = ADVANCED_FACE('',(#11746),#8593,.F.);
#11746 = FACE_BOUND('',#11747,.F.);
#11747 = EDGE_LOOP('',(#11748,#11749,#11750,#11751));
#11748 = ORIENTED_EDGE('',*,*,#9775,.F.);
#11749 = ORIENTED_EDGE('',*,*,#8577,.T.);
#11750 = ORIENTED_EDGE('',*,*,#11724,.T.);
#11751 = ORIENTED_EDGE('',*,*,#11752,.F.);
#11752 = EDGE_CURVE('',#9747,#11701,#11753,.T.);
#11753 = SURFACE_CURVE('',#11754,(#11758,#11765),.PCURVE_S1.);
#11754 = LINE('',#11755,#11756);
#11755 = CARTESIAN_POINT('',(5.516163482877E-02,-7.111395111381E-02,
    2.E-02));
#11756 = VECTOR('',#11757,1.);
#11757 = DIRECTION('',(0.612907053653,-0.790155012376,0.));
#11758 = PCURVE('',#8593,#11759);
#11759 = DEFINITIONAL_REPRESENTATION('',(#11760),#11764);
#11760 = LINE('',#11761,#11762);
#11761 = CARTESIAN_POINT('',(0.19,9.E-02));
#11762 = VECTOR('',#11763,1.);
#11763 = DIRECTION('',(0.,-1.));
#11764 = ( GEOMETRIC_REPRESENTATION_CONTEXT(2) 
PARAMETRIC_REPRESENTATION_CONTEXT() REPRESENTATION_CONTEXT('2D SPACE',''
  ) );
#11765 = PCURVE('',#9763,#11766);
#11766 = DEFINITIONAL_REPRESENTATION('',(#11767),#11771);
#11767 = LINE('',#11768,#11769);
#11768 = CARTESIAN_POINT('',(-8.642643171092E-02,2.510919954353E-02));
#11769 = VECTOR('',#11770,1.);
#11770 = DIRECTION('',(-0.960293685677,0.278991106039));
#11771 = ( GEOMETRIC_REPRESENTATION_CONTEXT(2) 
PARAMETRIC_REPRESENTATION_CONTEXT() REPRESENTATION_CONTEXT('2D SPACE',''
  ) );
#11772 = ADVANCED_FACE('',(#11773),#8564,.T.);
#11773 = FACE_BOUND('',#11774,.T.);
#11774 = EDGE_LOOP('',(#11775,#11776,#11777,#11800));
#11775 = ORIENTED_EDGE('',*,*,#9699,.F.);
#11776 = ORIENTED_EDGE('',*,*,#8550,.T.);
#11777 = ORIENTED_EDGE('',*,*,#11778,.T.);
#11778 = EDGE_CURVE('',#8522,#11779,#11781,.T.);
#11779 = VERTEX_POINT('',#11780);
#11780 = CARTESIAN_POINT('',(-1.686250133556E-02,2.481241722824E-02,
    2.E-02));
#11781 = SURFACE_CURVE('',#11782,(#11786,#11793),.PCURVE_S1.);
#11782 = LINE('',#11783,#11784);
#11783 = CARTESIAN_POINT('',(-1.686250133556E-02,2.481241722824E-02,
    1.E-02));
#11784 = VECTOR('',#11785,1.);
#11785 = DIRECTION('',(0.,0.,1.));
#11786 = PCURVE('',#8564,#11787);
#11787 = DEFINITIONAL_REPRESENTATION('',(#11788),#11792);
#11788 = LINE('',#11789,#11790);
#11789 = CARTESIAN_POINT('',(0.18,0.21));
#11790 = VECTOR('',#11791,1.);
#11791 = DIRECTION('',(1.,0.));
#11792 = ( GEOMETRIC_REPRESENTATION_CONTEXT(2) 
PARAMETRIC_REPRESENTATION_CONTEXT() REPRESENTATION_CONTEXT('2D SPACE',''
  ) );
#11793 = PCURVE('',#8538,#11794);
#11794 = DEFINITIONAL_REPRESENTATION('',(#11795),#11799);
#11795 = LINE('',#11796,#11797);
#11796 = CARTESIAN_POINT('',(0.282743338823,0.));
#11797 = VECTOR('',#11798,1.);
#11798 = DIRECTION('',(0.,1.));
#11799 = ( GEOMETRIC_REPRESENTATION_CONTEXT(2) 
PARAMETRIC_REPRESENTATION_CONTEXT() REPRESENTATION_CONTEXT('2D SPACE',''
  ) );
#11800 = ORIENTED_EDGE('',*,*,#11801,.F.);
#11801 = EDGE_CURVE('',#9674,#11779,#11802,.T.);
#11802 = SURFACE_CURVE('',#11803,(#11807,#11814),.PCURVE_S1.);
#11803 = LINE('',#11804,#11805);
#11804 = CARTESIAN_POINT('',(5.058750400669E-02,-7.443725168471E-02,
    2.E-02));
#11805 = VECTOR('',#11806,1.);
#11806 = DIRECTION('',(0.562083377852,-0.827080574275,0.));
#11807 = PCURVE('',#8564,#11808);
#11808 = DEFINITIONAL_REPRESENTATION('',(#11809),#11813);
#11809 = LINE('',#11810,#11811);
#11810 = CARTESIAN_POINT('',(0.19,9.E-02));
#11811 = VECTOR('',#11812,1.);
#11812 = DIRECTION('',(0.,-1.));
#11813 = ( GEOMETRIC_REPRESENTATION_CONTEXT(2) 
PARAMETRIC_REPRESENTATION_CONTEXT() REPRESENTATION_CONTEXT('2D SPACE',''
  ) );
#11814 = PCURVE('',#9636,#11815);
#11815 = DEFINITIONAL_REPRESENTATION('',(#11816),#11820);
#11816 = LINE('',#11817,#11818);
#11817 = CARTESIAN_POINT('',(-8.642643171092E-02,-2.510919954353E-02));
#11818 = VECTOR('',#11819,1.);
#11819 = DIRECTION('',(-0.960293685677,-0.278991106039));
#11820 = ( GEOMETRIC_REPRESENTATION_CONTEXT(2) 
PARAMETRIC_REPRESENTATION_CONTEXT() REPRESENTATION_CONTEXT('2D SPACE',''
  ) );
#11821 = ADVANCED_FACE('',(#11822),#8538,.F.);
#11822 = FACE_BOUND('',#11823,.F.);
#11823 = EDGE_LOOP('',(#11824,#11848,#11869,#11870));
#11824 = ORIENTED_EDGE('',*,*,#11825,.F.);
#11825 = EDGE_CURVE('',#11826,#11779,#11828,.T.);
#11826 = VERTEX_POINT('',#11827);
#11827 = CARTESIAN_POINT('',(-9.270509831248E-03,2.853169548885E-02,
    2.E-02));
#11828 = SURFACE_CURVE('',#11829,(#11834,#11841),.PCURVE_S1.);
#11829 = CIRCLE('',#11830,3.E-02);
#11830 = AXIS2_PLACEMENT_3D('',#11831,#11832,#11833);
#11831 = CARTESIAN_POINT('',(0.,0.,2.E-02));
#11832 = DIRECTION('',(0.,0.,1.));
#11833 = DIRECTION('',(-0.309016994375,0.951056516295,0.));
#11834 = PCURVE('',#8538,#11835);
#11835 = DEFINITIONAL_REPRESENTATION('',(#11836),#11840);
#11836 = LINE('',#11837,#11838);
#11837 = CARTESIAN_POINT('',(0.,1.E-02));
#11838 = VECTOR('',#11839,1.);
#11839 = DIRECTION('',(1.,0.));
#11840 = ( GEOMETRIC_REPRESENTATION_CONTEXT(2) 
PARAMETRIC_REPRESENTATION_CONTEXT() REPRESENTATION_CONTEXT('2D SPACE',''
  ) );
#11841 = PCURVE('',#9636,#11842);
#11842 = DEFINITIONAL_REPRESENTATION('',(#11843),#11847);
#11843 = CIRCLE('',#11844,3.E-02);
#11844 = AXIS2_PLACEMENT_2D('',#11845,#11846);
#11845 = CARTESIAN_POINT('',(0.,0.));
#11846 = DIRECTION('',(1.,0.));
#11847 = ( GEOMETRIC_REPRESENTATION_CONTEXT(2) 
PARAMETRIC_REPRESENTATION_CONTEXT() REPRESENTATION_CONTEXT('2D SPACE',''
  ) );
#11848 = ORIENTED_EDGE('',*,*,#11849,.F.);
#11849 = EDGE_CURVE('',#8493,#11826,#11850,.T.);
#11850 = SURFACE_CURVE('',#11851,(#11855,#11862),.PCURVE_S1.);
#11851 = LINE('',#11852,#11853);
#11852 = CARTESIAN_POINT('',(-9.270509831248E-03,2.853169548885E-02,
    1.E-02));
#11853 = VECTOR('',#11854,1.);
#11854 = DIRECTION('',(0.,0.,1.));
#11855 = PCURVE('',#8538,#11856);
#11856 = DEFINITIONAL_REPRESENTATION('',(#11857),#11861);
#11857 = LINE('',#11858,#11859);
#11858 = CARTESIAN_POINT('',(0.,-0.));
#11859 = VECTOR('',#11860,1.);
#11860 = DIRECTION('',(0.,1.));
#11861 = ( GEOMETRIC_REPRESENTATION_CONTEXT(2) 
PARAMETRIC_REPRESENTATION_CONTEXT() REPRESENTATION_CONTEXT('2D SPACE',''
  ) );
#11862 = PCURVE('',#8509,#11863);
#11863 = DEFINITIONAL_REPRESENTATION('',(#11864),#11868);
#11864 = LINE('',#11865,#11866);
#11865 = CARTESIAN_POINT('',(6.28318530718,-0.));
#11866 = VECTOR('',#11867,1.);
#11867 = DIRECTION('',(0.,1.));
#11868 = ( GEOMETRIC_REPRESENTATION_CONTEXT(2) 
PARAMETRIC_REPRESENTATION_CONTEXT() REPRESENTATION_CONTEXT('2D SPACE',''
  ) );
#11869 = ORIENTED_EDGE('',*,*,#8521,.T.);
#11870 = ORIENTED_EDGE('',*,*,#11778,.T.);
#11871 = ADVANCED_FACE('',(#11872),#8509,.F.);
#11872 = FACE_BOUND('',#11873,.F.);
#11873 = EDGE_LOOP('',(#11874,#11875,#11899,#11920));
#11874 = ORIENTED_EDGE('',*,*,#11849,.T.);
#11875 = ORIENTED_EDGE('',*,*,#11876,.F.);
#11876 = EDGE_CURVE('',#11877,#11826,#11879,.T.);
#11877 = VERTEX_POINT('',#11878);
#11878 = CARTESIAN_POINT('',(-9.423227723438E-04,2.998519681097E-02,
    2.E-02));
#11879 = SURFACE_CURVE('',#11880,(#11885,#11892),.PCURVE_S1.);
#11880 = CIRCLE('',#11881,3.E-02);
#11881 = AXIS2_PLACEMENT_3D('',#11882,#11883,#11884);
#11882 = CARTESIAN_POINT('',(0.,0.,2.E-02));
#11883 = DIRECTION('',(0.,0.,1.));
#11884 = DIRECTION('',(-0.309016994375,0.951056516295,0.));
#11885 = PCURVE('',#8509,#11886);
#11886 = DEFINITIONAL_REPRESENTATION('',(#11887),#11891);
#11887 = LINE('',#11888,#11889);
#11888 = CARTESIAN_POINT('',(0.,1.E-02));
#11889 = VECTOR('',#11890,1.);
#11890 = DIRECTION('',(1.,0.));
#11891 = ( GEOMETRIC_REPRESENTATION_CONTEXT(2) 
PARAMETRIC_REPRESENTATION_CONTEXT() REPRESENTATION_CONTEXT('2D SPACE',''
  ) );
#11892 = PCURVE('',#9636,#11893);
#11893 = DEFINITIONAL_REPRESENTATION('',(#11894),#11898);
#11894 = CIRCLE('',#11895,3.E-02);
#11895 = AXIS2_PLACEMENT_2D('',#11896,#11897);
#11896 = CARTESIAN_POINT('',(0.,0.));
#11897 = DIRECTION('',(1.,0.));
#11898 = ( GEOMETRIC_REPRESENTATION_CONTEXT(2) 
PARAMETRIC_REPRESENTATION_CONTEXT() REPRESENTATION_CONTEXT('2D SPACE',''
  ) );
#11899 = ORIENTED_EDGE('',*,*,#11900,.F.);
#11900 = EDGE_CURVE('',#8465,#11877,#11901,.T.);
#11901 = SURFACE_CURVE('',#11902,(#11906,#11913),.PCURVE_S1.);
#11902 = LINE('',#11903,#11904);
#11903 = CARTESIAN_POINT('',(-9.423227723438E-04,2.998519681097E-02,
    1.E-02));
#11904 = VECTOR('',#11905,1.);
#11905 = DIRECTION('',(0.,0.,1.));
#11906 = PCURVE('',#8509,#11907);
#11907 = DEFINITIONAL_REPRESENTATION('',(#11908),#11912);
#11908 = LINE('',#11909,#11910);
#11909 = CARTESIAN_POINT('',(6.000441968357,0.));
#11910 = VECTOR('',#11911,1.);
#11911 = DIRECTION('',(0.,1.));
#11912 = ( GEOMETRIC_REPRESENTATION_CONTEXT(2) 
PARAMETRIC_REPRESENTATION_CONTEXT() REPRESENTATION_CONTEXT('2D SPACE',''
  ) );
#11913 = PCURVE('',#8480,#11914);
#11914 = DEFINITIONAL_REPRESENTATION('',(#11915),#11919);
#11915 = LINE('',#11916,#11917);
#11916 = CARTESIAN_POINT('',(0.18,0.21));
#11917 = VECTOR('',#11918,1.);
#11918 = DIRECTION('',(1.,0.));
#11919 = ( GEOMETRIC_REPRESENTATION_CONTEXT(2) 
PARAMETRIC_REPRESENTATION_CONTEXT() REPRESENTATION_CONTEXT('2D SPACE',''
  ) );
#11920 = ORIENTED_EDGE('',*,*,#8492,.T.);
#11921 = ADVANCED_FACE('',(#11922),#8480,.F.);
#11922 = FACE_BOUND('',#11923,.F.);
#11923 = EDGE_LOOP('',(#11924,#11925,#11926,#11927));
#11924 = ORIENTED_EDGE('',*,*,#9648,.F.);
#11925 = ORIENTED_EDGE('',*,*,#8464,.T.);
#11926 = ORIENTED_EDGE('',*,*,#11900,.T.);
#11927 = ORIENTED_EDGE('',*,*,#11928,.F.);
#11928 = EDGE_CURVE('',#9620,#11877,#11929,.T.);
#11929 = SURFACE_CURVE('',#11930,(#11934,#11941),.PCURVE_S1.);
#11930 = LINE('',#11931,#11932);
#11931 = CARTESIAN_POINT('',(2.826968317032E-03,-8.995559043292E-02,
    2.E-02));
#11932 = VECTOR('',#11933,1.);
#11933 = DIRECTION('',(3.141075907813E-02,-0.999506560366,0.));
#11934 = PCURVE('',#8480,#11935);
#11935 = DEFINITIONAL_REPRESENTATION('',(#11936),#11940);
#11936 = LINE('',#11937,#11938);
#11937 = CARTESIAN_POINT('',(0.19,9.E-02));
#11938 = VECTOR('',#11939,1.);
#11939 = DIRECTION('',(0.,-1.));
#11940 = ( GEOMETRIC_REPRESENTATION_CONTEXT(2) 
PARAMETRIC_REPRESENTATION_CONTEXT() REPRESENTATION_CONTEXT('2D SPACE',''
  ) );
#11941 = PCURVE('',#9636,#11942);
#11942 = DEFINITIONAL_REPRESENTATION('',(#11943),#11947);
#11943 = LINE('',#11944,#11945);
#11944 = CARTESIAN_POINT('',(-8.642643171092E-02,2.510919954353E-02));
#11945 = VECTOR('',#11946,1.);
#11946 = DIRECTION('',(-0.960293685677,0.278991106039));
#11947 = ( GEOMETRIC_REPRESENTATION_CONTEXT(2) 
PARAMETRIC_REPRESENTATION_CONTEXT() REPRESENTATION_CONTEXT('2D SPACE',''
  ) );
#11948 = ADVANCED_FACE('',(#11949),#8451,.T.);
#11949 = FACE_BOUND('',#11950,.T.);
#11950 = EDGE_LOOP('',(#11951,#11952,#11953,#11976));
#11951 = ORIENTED_EDGE('',*,*,#9572,.F.);
#11952 = ORIENTED_EDGE('',*,*,#8437,.T.);
#11953 = ORIENTED_EDGE('',*,*,#11954,.T.);
#11954 = EDGE_CURVE('',#8409,#11955,#11957,.T.);
#11955 = VERTEX_POINT('',#11956);
#11956 = CARTESIAN_POINT('',(9.423227723439E-04,2.998519681097E-02,
    2.E-02));
#11957 = SURFACE_CURVE('',#11958,(#11962,#11969),.PCURVE_S1.);
#11958 = LINE('',#11959,#11960);
#11959 = CARTESIAN_POINT('',(9.423227723439E-04,2.998519681097E-02,
    1.E-02));
#11960 = VECTOR('',#11961,1.);
#11961 = DIRECTION('',(0.,0.,1.));
#11962 = PCURVE('',#8451,#11963);
#11963 = DEFINITIONAL_REPRESENTATION('',(#11964),#11968);
#11964 = LINE('',#11965,#11966);
#11965 = CARTESIAN_POINT('',(0.18,0.21));
#11966 = VECTOR('',#11967,1.);
#11967 = DIRECTION('',(1.,0.));
#11968 = ( GEOMETRIC_REPRESENTATION_CONTEXT(2) 
PARAMETRIC_REPRESENTATION_CONTEXT() REPRESENTATION_CONTEXT('2D SPACE',''
  ) );
#11969 = PCURVE('',#8425,#11970);
#11970 = DEFINITIONAL_REPRESENTATION('',(#11971),#11975);
#11971 = LINE('',#11972,#11973);
#11972 = CARTESIAN_POINT('',(0.282743338823,0.));
#11973 = VECTOR('',#11974,1.);
#11974 = DIRECTION('',(0.,1.));
#11975 = ( GEOMETRIC_REPRESENTATION_CONTEXT(2) 
PARAMETRIC_REPRESENTATION_CONTEXT() REPRESENTATION_CONTEXT('2D SPACE',''
  ) );
#11976 = ORIENTED_EDGE('',*,*,#11977,.F.);
#11977 = EDGE_CURVE('',#9547,#11955,#11978,.T.);
#11978 = SURFACE_CURVE('',#11979,(#11983,#11990),.PCURVE_S1.);
#11979 = LINE('',#11980,#11981);
#11980 = CARTESIAN_POINT('',(-2.826968317032E-03,-8.995559043292E-02,
    2.E-02));
#11981 = VECTOR('',#11982,1.);
#11982 = DIRECTION('',(-3.141075907813E-02,-0.999506560366,0.));
#11983 = PCURVE('',#8451,#11984);
#11984 = DEFINITIONAL_REPRESENTATION('',(#11985),#11989);
#11985 = LINE('',#11986,#11987);
#11986 = CARTESIAN_POINT('',(0.19,9.E-02));
#11987 = VECTOR('',#11988,1.);
#11988 = DIRECTION('',(0.,-1.));
#11989 = ( GEOMETRIC_REPRESENTATION_CONTEXT(2) 
PARAMETRIC_REPRESENTATION_CONTEXT() REPRESENTATION_CONTEXT('2D SPACE',''
  ) );
#11990 = PCURVE('',#9509,#11991);
#11991 = DEFINITIONAL_REPRESENTATION('',(#11992),#11996);
#11992 = LINE('',#11993,#11994);
#11993 = CARTESIAN_POINT('',(-8.642643171092E-02,-2.510919954353E-02));
#11994 = VECTOR('',#11995,1.);
#11995 = DIRECTION('',(-0.960293685677,-0.278991106039));
#11996 = ( GEOMETRIC_REPRESENTATION_CONTEXT(2) 
PARAMETRIC_REPRESENTATION_CONTEXT() REPRESENTATION_CONTEXT('2D SPACE',''
  ) );
#11997 = ADVANCED_FACE('',(#11998),#8425,.F.);
#11998 = FACE_BOUND('',#11999,.F.);
#11999 = EDGE_LOOP('',(#12000,#12024,#12045,#12046));
#12000 = ORIENTED_EDGE('',*,*,#12001,.F.);
#12001 = EDGE_CURVE('',#12002,#11955,#12004,.T.);
#12002 = VERTEX_POINT('',#12003);
#12003 = CARTESIAN_POINT('',(9.270509831248E-03,2.853169548885E-02,
    2.E-02));
#12004 = SURFACE_CURVE('',#12005,(#12010,#12017),.PCURVE_S1.);
#12005 = CIRCLE('',#12006,3.E-02);
#12006 = AXIS2_PLACEMENT_3D('',#12007,#12008,#12009);
#12007 = CARTESIAN_POINT('',(0.,0.,2.E-02));
#12008 = DIRECTION('',(0.,-0.,1.));
#12009 = DIRECTION('',(0.309016994375,0.951056516295,0.));
#12010 = PCURVE('',#8425,#12011);
#12011 = DEFINITIONAL_REPRESENTATION('',(#12012),#12016);
#12012 = LINE('',#12013,#12014);
#12013 = CARTESIAN_POINT('',(0.,1.E-02));
#12014 = VECTOR('',#12015,1.);
#12015 = DIRECTION('',(1.,0.));
#12016 = ( GEOMETRIC_REPRESENTATION_CONTEXT(2) 
PARAMETRIC_REPRESENTATION_CONTEXT() REPRESENTATION_CONTEXT('2D SPACE',''
  ) );
#12017 = PCURVE('',#9509,#12018);
#12018 = DEFINITIONAL_REPRESENTATION('',(#12019),#12023);
#12019 = CIRCLE('',#12020,3.E-02);
#12020 = AXIS2_PLACEMENT_2D('',#12021,#12022);
#12021 = CARTESIAN_POINT('',(0.,0.));
#12022 = DIRECTION('',(1.,0.));
#12023 = ( GEOMETRIC_REPRESENTATION_CONTEXT(2) 
PARAMETRIC_REPRESENTATION_CONTEXT() REPRESENTATION_CONTEXT('2D SPACE',''
  ) );
#12024 = ORIENTED_EDGE('',*,*,#12025,.F.);
#12025 = EDGE_CURVE('',#8380,#12002,#12026,.T.);
#12026 = SURFACE_CURVE('',#12027,(#12031,#12038),.PCURVE_S1.);
#12027 = LINE('',#12028,#12029);
#12028 = CARTESIAN_POINT('',(9.270509831248E-03,2.853169548885E-02,
    1.E-02));
#12029 = VECTOR('',#12030,1.);
#12030 = DIRECTION('',(0.,0.,1.));
#12031 = PCURVE('',#8425,#12032);
#12032 = DEFINITIONAL_REPRESENTATION('',(#12033),#12037);
#12033 = LINE('',#12034,#12035);
#12034 = CARTESIAN_POINT('',(0.,-0.));
#12035 = VECTOR('',#12036,1.);
#12036 = DIRECTION('',(0.,1.));
#12037 = ( GEOMETRIC_REPRESENTATION_CONTEXT(2) 
PARAMETRIC_REPRESENTATION_CONTEXT() REPRESENTATION_CONTEXT('2D SPACE',''
  ) );
#12038 = PCURVE('',#8396,#12039);
#12039 = DEFINITIONAL_REPRESENTATION('',(#12040),#12044);
#12040 = LINE('',#12041,#12042);
#12041 = CARTESIAN_POINT('',(6.28318530718,-0.));
#12042 = VECTOR('',#12043,1.);
#12043 = DIRECTION('',(0.,1.));
#12044 = ( GEOMETRIC_REPRESENTATION_CONTEXT(2) 
PARAMETRIC_REPRESENTATION_CONTEXT() REPRESENTATION_CONTEXT('2D SPACE',''
  ) );
#12045 = ORIENTED_EDGE('',*,*,#8408,.T.);
#12046 = ORIENTED_EDGE('',*,*,#11954,.T.);
#12047 = ADVANCED_FACE('',(#12048),#8396,.F.);
#12048 = FACE_BOUND('',#12049,.F.);
#12049 = EDGE_LOOP('',(#12050,#12051,#12075,#12096));
#12050 = ORIENTED_EDGE('',*,*,#12025,.T.);
#12051 = ORIENTED_EDGE('',*,*,#12052,.F.);
#12052 = EDGE_CURVE('',#12053,#12002,#12055,.T.);
#12053 = VERTEX_POINT('',#12054);
#12054 = CARTESIAN_POINT('',(1.686250133556E-02,2.481241722824E-02,
    2.E-02));
#12055 = SURFACE_CURVE('',#12056,(#12061,#12068),.PCURVE_S1.);
#12056 = CIRCLE('',#12057,3.E-02);
#12057 = AXIS2_PLACEMENT_3D('',#12058,#12059,#12060);
#12058 = CARTESIAN_POINT('',(0.,0.,2.E-02));
#12059 = DIRECTION('',(0.,-0.,1.));
#12060 = DIRECTION('',(0.309016994375,0.951056516295,0.));
#12061 = PCURVE('',#8396,#12062);
#12062 = DEFINITIONAL_REPRESENTATION('',(#12063),#12067);
#12063 = LINE('',#12064,#12065);
#12064 = CARTESIAN_POINT('',(0.,1.E-02));
#12065 = VECTOR('',#12066,1.);
#12066 = DIRECTION('',(1.,0.));
#12067 = ( GEOMETRIC_REPRESENTATION_CONTEXT(2) 
PARAMETRIC_REPRESENTATION_CONTEXT() REPRESENTATION_CONTEXT('2D SPACE',''
  ) );
#12068 = PCURVE('',#9509,#12069);
#12069 = DEFINITIONAL_REPRESENTATION('',(#12070),#12074);
#12070 = CIRCLE('',#12071,3.E-02);
#12071 = AXIS2_PLACEMENT_2D('',#12072,#12073);
#12072 = CARTESIAN_POINT('',(0.,0.));
#12073 = DIRECTION('',(1.,0.));
#12074 = ( GEOMETRIC_REPRESENTATION_CONTEXT(2) 
PARAMETRIC_REPRESENTATION_CONTEXT() REPRESENTATION_CONTEXT('2D SPACE',''
  ) );
#12075 = ORIENTED_EDGE('',*,*,#12076,.F.);
#12076 = EDGE_CURVE('',#8352,#12053,#12077,.T.);
#12077 = SURFACE_CURVE('',#12078,(#12082,#12089),.PCURVE_S1.);
#12078 = LINE('',#12079,#12080);
#12079 = CARTESIAN_POINT('',(1.686250133556E-02,2.481241722824E-02,
    1.E-02));
#12080 = VECTOR('',#12081,1.);
#12081 = DIRECTION('',(0.,0.,1.));
#12082 = PCURVE('',#8396,#12083);
#12083 = DEFINITIONAL_REPRESENTATION('',(#12084),#12088);
#12084 = LINE('',#12085,#12086);
#12085 = CARTESIAN_POINT('',(6.000441968357,0.));
#12086 = VECTOR('',#12087,1.);
#12087 = DIRECTION('',(0.,1.));
#12088 = ( GEOMETRIC_REPRESENTATION_CONTEXT(2) 
PARAMETRIC_REPRESENTATION_CONTEXT() REPRESENTATION_CONTEXT('2D SPACE',''
  ) );
#12089 = PCURVE('',#8367,#12090);
#12090 = DEFINITIONAL_REPRESENTATION('',(#12091),#12095);
#12091 = LINE('',#12092,#12093);
#12092 = CARTESIAN_POINT('',(0.18,0.21));
#12093 = VECTOR('',#12094,1.);
#12094 = DIRECTION('',(1.,0.));
#12095 = ( GEOMETRIC_REPRESENTATION_CONTEXT(2) 
PARAMETRIC_REPRESENTATION_CONTEXT() REPRESENTATION_CONTEXT('2D SPACE',''
  ) );
#12096 = ORIENTED_EDGE('',*,*,#8379,.T.);
#12097 = ADVANCED_FACE('',(#12098),#8367,.F.);
#12098 = FACE_BOUND('',#12099,.F.);
#12099 = EDGE_LOOP('',(#12100,#12101,#12102,#12103));
#12100 = ORIENTED_EDGE('',*,*,#9521,.F.);
#12101 = ORIENTED_EDGE('',*,*,#8351,.T.);
#12102 = ORIENTED_EDGE('',*,*,#12076,.T.);
#12103 = ORIENTED_EDGE('',*,*,#12104,.F.);
#12104 = EDGE_CURVE('',#9493,#12053,#12105,.T.);
#12105 = SURFACE_CURVE('',#12106,(#12110,#12117),.PCURVE_S1.);
#12106 = LINE('',#12107,#12108);
#12107 = CARTESIAN_POINT('',(-5.058750400669E-02,-7.443725168471E-02,
    2.E-02));
#12108 = VECTOR('',#12109,1.);
#12109 = DIRECTION('',(-0.562083377852,-0.827080574275,0.));
#12110 = PCURVE('',#8367,#12111);
#12111 = DEFINITIONAL_REPRESENTATION('',(#12112),#12116);
#12112 = LINE('',#12113,#12114);
#12113 = CARTESIAN_POINT('',(0.19,9.E-02));
#12114 = VECTOR('',#12115,1.);
#12115 = DIRECTION('',(0.,-1.));
#12116 = ( GEOMETRIC_REPRESENTATION_CONTEXT(2) 
PARAMETRIC_REPRESENTATION_CONTEXT() REPRESENTATION_CONTEXT('2D SPACE',''
  ) );
#12117 = PCURVE('',#9509,#12118);
#12118 = DEFINITIONAL_REPRESENTATION('',(#12119),#12123);
#12119 = LINE('',#12120,#12121);
#12120 = CARTESIAN_POINT('',(-8.642643171092E-02,2.510919954353E-02));
#12121 = VECTOR('',#12122,1.);
#12122 = DIRECTION('',(-0.960293685677,0.278991106039));
#12123 = ( GEOMETRIC_REPRESENTATION_CONTEXT(2) 
PARAMETRIC_REPRESENTATION_CONTEXT() REPRESENTATION_CONTEXT('2D SPACE',''
  ) );
#12124 = ADVANCED_FACE('',(#12125),#8338,.T.);
#12125 = FACE_BOUND('',#12126,.T.);
#12126 = EDGE_LOOP('',(#12127,#12128,#12129,#12152));
#12127 = ORIENTED_EDGE('',*,*,#9445,.F.);
#12128 = ORIENTED_EDGE('',*,*,#8324,.T.);
#12129 = ORIENTED_EDGE('',*,*,#12130,.T.);
#12130 = EDGE_CURVE('',#8296,#12131,#12133,.T.);
#12131 = VERTEX_POINT('',#12132);
#12132 = CARTESIAN_POINT('',(1.838721160959E-02,2.370465037127E-02,
    2.E-02));
#12133 = SURFACE_CURVE('',#12134,(#12138,#12145),.PCURVE_S1.);
#12134 = LINE('',#12135,#12136);
#12135 = CARTESIAN_POINT('',(1.838721160959E-02,2.370465037127E-02,
    1.E-02));
#12136 = VECTOR('',#12137,1.);
#12137 = DIRECTION('',(0.,0.,1.));
#12138 = PCURVE('',#8338,#12139);
#12139 = DEFINITIONAL_REPRESENTATION('',(#12140),#12144);
#12140 = LINE('',#12141,#12142);
#12141 = CARTESIAN_POINT('',(0.18,0.21));
#12142 = VECTOR('',#12143,1.);
#12143 = DIRECTION('',(1.,0.));
#12144 = ( GEOMETRIC_REPRESENTATION_CONTEXT(2) 
PARAMETRIC_REPRESENTATION_CONTEXT() REPRESENTATION_CONTEXT('2D SPACE',''
  ) );
#12145 = PCURVE('',#8312,#12146);
#12146 = DEFINITIONAL_REPRESENTATION('',(#12147),#12151);
#12147 = LINE('',#12148,#12149);
#12148 = CARTESIAN_POINT('',(0.282743338823,0.));
#12149 = VECTOR('',#12150,1.);
#12150 = DIRECTION('',(0.,1.));
#12151 = ( GEOMETRIC_REPRESENTATION_CONTEXT(2) 
PARAMETRIC_REPRESENTATION_CONTEXT() REPRESENTATION_CONTEXT('2D SPACE',''
  ) );
#12152 = ORIENTED_EDGE('',*,*,#12153,.F.);
#12153 = EDGE_CURVE('',#9420,#12131,#12154,.T.);
#12154 = SURFACE_CURVE('',#12155,(#12159,#12166),.PCURVE_S1.);
#12155 = LINE('',#12156,#12157);
#12156 = CARTESIAN_POINT('',(-5.516163482877E-02,-7.111395111381E-02,
    2.E-02));
#12157 = VECTOR('',#12158,1.);
#12158 = DIRECTION('',(-0.612907053653,-0.790155012376,0.));
#12159 = PCURVE('',#8338,#12160);
#12160 = DEFINITIONAL_REPRESENTATION('',(#12161),#12165);
#12161 = LINE('',#12162,#12163);
#12162 = CARTESIAN_POINT('',(0.19,9.E-02));
#12163 = VECTOR('',#12164,1.);
#12164 = DIRECTION('',(0.,-1.));
#12165 = ( GEOMETRIC_REPRESENTATION_CONTEXT(2) 
PARAMETRIC_REPRESENTATION_CONTEXT() REPRESENTATION_CONTEXT('2D SPACE',''
  ) );
#12166 = PCURVE('',#9382,#12167);
#12167 = DEFINITIONAL_REPRESENTATION('',(#12168),#12172);
#12168 = LINE('',#12169,#12170);
#12169 = CARTESIAN_POINT('',(-8.642643171092E-02,-2.510919954353E-02));
#12170 = VECTOR('',#12171,1.);
#12171 = DIRECTION('',(-0.960293685677,-0.278991106039));
#12172 = ( GEOMETRIC_REPRESENTATION_CONTEXT(2) 
PARAMETRIC_REPRESENTATION_CONTEXT() REPRESENTATION_CONTEXT('2D SPACE',''
  ) );
#12173 = ADVANCED_FACE('',(#12174),#8312,.F.);
#12174 = FACE_BOUND('',#12175,.F.);
#12175 = EDGE_LOOP('',(#12176,#12200,#12221,#12222));
#12176 = ORIENTED_EDGE('',*,*,#12177,.F.);
#12177 = EDGE_CURVE('',#12178,#12131,#12180,.T.);
#12178 = VERTEX_POINT('',#12179);
#12179 = CARTESIAN_POINT('',(2.427050983125E-02,1.763355756877E-02,
    2.E-02));
#12180 = SURFACE_CURVE('',#12181,(#12186,#12193),.PCURVE_S1.);
#12181 = CIRCLE('',#12182,3.E-02);
#12182 = AXIS2_PLACEMENT_3D('',#12183,#12184,#12185);
#12183 = CARTESIAN_POINT('',(0.,0.,2.E-02));
#12184 = DIRECTION('',(0.,-0.,1.));
#12185 = DIRECTION('',(0.809016994375,0.587785252292,0.));
#12186 = PCURVE('',#8312,#12187);
#12187 = DEFINITIONAL_REPRESENTATION('',(#12188),#12192);
#12188 = LINE('',#12189,#12190);
#12189 = CARTESIAN_POINT('',(0.,1.E-02));
#12190 = VECTOR('',#12191,1.);
#12191 = DIRECTION('',(1.,0.));
#12192 = ( GEOMETRIC_REPRESENTATION_CONTEXT(2) 
PARAMETRIC_REPRESENTATION_CONTEXT() REPRESENTATION_CONTEXT('2D SPACE',''
  ) );
#12193 = PCURVE('',#9382,#12194);
#12194 = DEFINITIONAL_REPRESENTATION('',(#12195),#12199);
#12195 = CIRCLE('',#12196,3.E-02);
#12196 = AXIS2_PLACEMENT_2D('',#12197,#12198);
#12197 = CARTESIAN_POINT('',(0.,0.));
#12198 = DIRECTION('',(1.,0.));
#12199 = ( GEOMETRIC_REPRESENTATION_CONTEXT(2) 
PARAMETRIC_REPRESENTATION_CONTEXT() REPRESENTATION_CONTEXT('2D SPACE',''
  ) );
#12200 = ORIENTED_EDGE('',*,*,#12201,.F.);
#12201 = EDGE_CURVE('',#8267,#12178,#12202,.T.);
#12202 = SURFACE_CURVE('',#12203,(#12207,#12214),.PCURVE_S1.);
#12203 = LINE('',#12204,#12205);
#12204 = CARTESIAN_POINT('',(2.427050983125E-02,1.763355756877E-02,
    1.E-02));
#12205 = VECTOR('',#12206,1.);
#12206 = DIRECTION('',(0.,0.,1.));
#12207 = PCURVE('',#8312,#12208);
#12208 = DEFINITIONAL_REPRESENTATION('',(#12209),#12213);
#12209 = LINE('',#12210,#12211);
#12210 = CARTESIAN_POINT('',(0.,-0.));
#12211 = VECTOR('',#12212,1.);
#12212 = DIRECTION('',(0.,1.));
#12213 = ( GEOMETRIC_REPRESENTATION_CONTEXT(2) 
PARAMETRIC_REPRESENTATION_CONTEXT() REPRESENTATION_CONTEXT('2D SPACE',''
  ) );
#12214 = PCURVE('',#8283,#12215);
#12215 = DEFINITIONAL_REPRESENTATION('',(#12216),#12220);
#12216 = LINE('',#12217,#12218);
#12217 = CARTESIAN_POINT('',(6.28318530718,-0.));
#12218 = VECTOR('',#12219,1.);
#12219 = DIRECTION('',(0.,1.));
#12220 = ( GEOMETRIC_REPRESENTATION_CONTEXT(2) 
PARAMETRIC_REPRESENTATION_CONTEXT() REPRESENTATION_CONTEXT('2D SPACE',''
  ) );
#12221 = ORIENTED_EDGE('',*,*,#8295,.T.);
#12222 = ORIENTED_EDGE('',*,*,#12130,.T.);
#12223 = ADVANCED_FACE('',(#12224),#8283,.F.);
#12224 = FACE_BOUND('',#12225,.F.);
#12225 = EDGE_LOOP('',(#12226,#12227,#12251,#12272));
#12226 = ORIENTED_EDGE('',*,*,#12201,.T.);
#12227 = ORIENTED_EDGE('',*,*,#12228,.F.);
#12228 = EDGE_CURVE('',#12229,#12178,#12231,.T.);
#12229 = VERTEX_POINT('',#12230);
#12230 = CARTESIAN_POINT('',(2.822642306863E-02,1.016213760736E-02,
    2.E-02));
#12231 = SURFACE_CURVE('',#12232,(#12237,#12244),.PCURVE_S1.);
#12232 = CIRCLE('',#12233,3.E-02);
#12233 = AXIS2_PLACEMENT_3D('',#12234,#12235,#12236);
#12234 = CARTESIAN_POINT('',(0.,0.,2.E-02));
#12235 = DIRECTION('',(0.,-0.,1.));
#12236 = DIRECTION('',(0.809016994375,0.587785252292,0.));
#12237 = PCURVE('',#8283,#12238);
#12238 = DEFINITIONAL_REPRESENTATION('',(#12239),#12243);
#12239 = LINE('',#12240,#12241);
#12240 = CARTESIAN_POINT('',(0.,1.E-02));
#12241 = VECTOR('',#12242,1.);
#12242 = DIRECTION('',(1.,0.));
#12243 = ( GEOMETRIC_REPRESENTATION_CONTEXT(2) 
PARAMETRIC_REPRESENTATION_CONTEXT() REPRESENTATION_CONTEXT('2D SPACE',''
  ) );
#12244 = PCURVE('',#9382,#12245);
#12245 = DEFINITIONAL_REPRESENTATION('',(#12246),#12250);
#12246 = CIRCLE('',#12247,3.E-02);
#12247 = AXIS2_PLACEMENT_2D('',#12248,#12249);
#12248 = CARTESIAN_POINT('',(0.,0.));
#12249 = DIRECTION('',(1.,0.));
#12250 = ( GEOMETRIC_REPRESENTATION_CONTEXT(2) 
PARAMETRIC_REPRESENTATION_CONTEXT() REPRESENTATION_CONTEXT('2D SPACE',''
  ) );
#12251 = ORIENTED_EDGE('',*,*,#12252,.F.);
#12252 = EDGE_CURVE('',#8239,#12229,#12253,.T.);
#12253 = SURFACE_CURVE('',#12254,(#12258,#12265),.PCURVE_S1.);
#12254 = LINE('',#12255,#12256);
#12255 = CARTESIAN_POINT('',(2.822642306863E-02,1.016213760736E-02,
    1.E-02));
#12256 = VECTOR('',#12257,1.);
#12257 = DIRECTION('',(0.,0.,1.));
#12258 = PCURVE('',#8283,#12259);
#12259 = DEFINITIONAL_REPRESENTATION('',(#12260),#12264);
#12260 = LINE('',#12261,#12262);
#12261 = CARTESIAN_POINT('',(6.000441968357,0.));
#12262 = VECTOR('',#12263,1.);
#12263 = DIRECTION('',(0.,1.));
#12264 = ( GEOMETRIC_REPRESENTATION_CONTEXT(2) 
PARAMETRIC_REPRESENTATION_CONTEXT() REPRESENTATION_CONTEXT('2D SPACE',''
  ) );
#12265 = PCURVE('',#8254,#12266);
#12266 = DEFINITIONAL_REPRESENTATION('',(#12267),#12271);
#12267 = LINE('',#12268,#12269);
#12268 = CARTESIAN_POINT('',(0.18,0.21));
#12269 = VECTOR('',#12270,1.);
#12270 = DIRECTION('',(1.,0.));
#12271 = ( GEOMETRIC_REPRESENTATION_CONTEXT(2) 
PARAMETRIC_REPRESENTATION_CONTEXT() REPRESENTATION_CONTEXT('2D SPACE',''
  ) );
#12272 = ORIENTED_EDGE('',*,*,#8266,.T.);
#12273 = ADVANCED_FACE('',(#12274),#8254,.F.);
#12274 = FACE_BOUND('',#12275,.F.);
#12275 = EDGE_LOOP('',(#12276,#12277,#12278,#12279));
#12276 = ORIENTED_EDGE('',*,*,#9394,.F.);
#12277 = ORIENTED_EDGE('',*,*,#8238,.T.);
#12278 = ORIENTED_EDGE('',*,*,#12252,.T.);
#12279 = ORIENTED_EDGE('',*,*,#12280,.F.);
#12280 = EDGE_CURVE('',#9366,#12229,#12281,.T.);
#12281 = SURFACE_CURVE('',#12282,(#12286,#12293),.PCURVE_S1.);
#12282 = LINE('',#12283,#12284);
#12283 = CARTESIAN_POINT('',(-8.467926920588E-02,-3.048641282208E-02,
    2.E-02));
#12284 = VECTOR('',#12285,1.);
#12285 = DIRECTION('',(-0.940880768954,-0.338737920245,0.));
#12286 = PCURVE('',#8254,#12287);
#12287 = DEFINITIONAL_REPRESENTATION('',(#12288),#12292);
#12288 = LINE('',#12289,#12290);
#12289 = CARTESIAN_POINT('',(0.19,9.E-02));
#12290 = VECTOR('',#12291,1.);
#12291 = DIRECTION('',(0.,-1.));
#12292 = ( GEOMETRIC_REPRESENTATION_CONTEXT(2) 
PARAMETRIC_REPRESENTATION_CONTEXT() REPRESENTATION_CONTEXT('2D SPACE',''
  ) );
#12293 = PCURVE('',#9382,#12294);
#12294 = DEFINITIONAL_REPRESENTATION('',(#12295),#12299);
#12295 = LINE('',#12296,#12297);
#12296 = CARTESIAN_POINT('',(-8.642643171092E-02,2.510919954353E-02));
#12297 = VECTOR('',#12298,1.);
#12298 = DIRECTION('',(-0.960293685677,0.278991106039));
#12299 = ( GEOMETRIC_REPRESENTATION_CONTEXT(2) 
PARAMETRIC_REPRESENTATION_CONTEXT() REPRESENTATION_CONTEXT('2D SPACE',''
  ) );
#12300 = ADVANCED_FACE('',(#12301),#9382,.T.);
#12301 = FACE_BOUND('',#12302,.T.);
#12302 = EDGE_LOOP('',(#12303,#12304,#12305,#12306,#12307,#12308));
#12303 = ORIENTED_EDGE('',*,*,#12280,.F.);
#12304 = ORIENTED_EDGE('',*,*,#9365,.T.);
#12305 = ORIENTED_EDGE('',*,*,#9419,.T.);
#12306 = ORIENTED_EDGE('',*,*,#12153,.T.);
#12307 = ORIENTED_EDGE('',*,*,#12177,.F.);
#12308 = ORIENTED_EDGE('',*,*,#12228,.F.);
#12309 = ADVANCED_FACE('',(#12310),#9509,.T.);
#12310 = FACE_BOUND('',#12311,.T.);
#12311 = EDGE_LOOP('',(#12312,#12313,#12314,#12315,#12316,#12317));
#12312 = ORIENTED_EDGE('',*,*,#12104,.F.);
#12313 = ORIENTED_EDGE('',*,*,#9492,.T.);
#12314 = ORIENTED_EDGE('',*,*,#9546,.T.);
#12315 = ORIENTED_EDGE('',*,*,#11977,.T.);
#12316 = ORIENTED_EDGE('',*,*,#12001,.F.);
#12317 = ORIENTED_EDGE('',*,*,#12052,.F.);
#12318 = ADVANCED_FACE('',(#12319),#9636,.T.);
#12319 = FACE_BOUND('',#12320,.T.);
#12320 = EDGE_LOOP('',(#12321,#12322,#12323,#12324,#12325,#12326));
#12321 = ORIENTED_EDGE('',*,*,#11928,.F.);
#12322 = ORIENTED_EDGE('',*,*,#9619,.T.);
#12323 = ORIENTED_EDGE('',*,*,#9673,.T.);
#12324 = ORIENTED_EDGE('',*,*,#11801,.T.);
#12325 = ORIENTED_EDGE('',*,*,#11825,.F.);
#12326 = ORIENTED_EDGE('',*,*,#11876,.F.);
#12327 = ADVANCED_FACE('',(#12328),#9763,.T.);
#12328 = FACE_BOUND('',#12329,.T.);
#12329 = EDGE_LOOP('',(#12330,#12331,#12332,#12333,#12334,#12335));
#12330 = ORIENTED_EDGE('',*,*,#11752,.F.);
#12331 = ORIENTED_EDGE('',*,*,#9746,.T.);
#12332 = ORIENTED_EDGE('',*,*,#9800,.T.);
#12333 = ORIENTED_EDGE('',*,*,#11625,.T.);
#12334 = ORIENTED_EDGE('',*,*,#11649,.F.);
#12335 = ORIENTED_EDGE('',*,*,#11700,.F.);
#12336 = ADVANCED_FACE('',(#12337),#9890,.T.);
#12337 = FACE_BOUND('',#12338,.T.);
#12338 = EDGE_LOOP('',(#12339,#12340,#12341,#12342,#12343,#12344));
#12339 = ORIENTED_EDGE('',*,*,#11576,.F.);
#12340 = ORIENTED_EDGE('',*,*,#9873,.T.);
#12341 = ORIENTED_EDGE('',*,*,#9927,.T.);
#12342 = ORIENTED_EDGE('',*,*,#11449,.T.);
#12343 = ORIENTED_EDGE('',*,*,#11473,.F.);
#12344 = ORIENTED_EDGE('',*,*,#11524,.F.);
#12345 = ADVANCED_FACE('',(#12346),#10017,.T.);
#12346 = FACE_BOUND('',#12347,.T.);
#12347 = EDGE_LOOP('',(#12348,#12349,#12350,#12351,#12352,#12353));
#12348 = ORIENTED_EDGE('',*,*,#11400,.F.);
#12349 = ORIENTED_EDGE('',*,*,#10000,.T.);
#12350 = ORIENTED_EDGE('',*,*,#10054,.T.);
#12351 = ORIENTED_EDGE('',*,*,#11273,.T.);
#12352 = ORIENTED_EDGE('',*,*,#11297,.F.);
#12353 = ORIENTED_EDGE('',*,*,#11348,.F.);
#12354 = ADVANCED_FACE('',(#12355),#10144,.T.);
#12355 = FACE_BOUND('',#12356,.T.);
#12356 = EDGE_LOOP('',(#12357,#12358,#12359,#12360,#12361,#12362));
#12357 = ORIENTED_EDGE('',*,*,#11224,.F.);
#12358 = ORIENTED_EDGE('',*,*,#10127,.T.);
#12359 = ORIENTED_EDGE('',*,*,#10181,.T.);
#12360 = ORIENTED_EDGE('',*,*,#11097,.T.);
#12361 = ORIENTED_EDGE('',*,*,#11121,.F.);
#12362 = ORIENTED_EDGE('',*,*,#11172,.F.);
#12363 = ADVANCED_FACE('',(#12364),#10271,.T.);
#12364 = FACE_BOUND('',#12365,.T.);
#12365 = EDGE_LOOP('',(#12366,#12367,#12368,#12369,#12370,#12371));
#12366 = ORIENTED_EDGE('',*,*,#11048,.F.);
#12367 = ORIENTED_EDGE('',*,*,#10254,.T.);
#12368 = ORIENTED_EDGE('',*,*,#10308,.T.);
#12369 = ORIENTED_EDGE('',*,*,#10921,.T.);
#12370 = ORIENTED_EDGE('',*,*,#10945,.F.);
#12371 = ORIENTED_EDGE('',*,*,#10996,.F.);
#12372 = ADVANCED_FACE('',(#12373),#10398,.T.);
#12373 = FACE_BOUND('',#12374,.T.);
#12374 = EDGE_LOOP('',(#12375,#12376,#12377,#12378,#12379,#12380));
#12375 = ORIENTED_EDGE('',*,*,#10872,.F.);
#12376 = ORIENTED_EDGE('',*,*,#10381,.T.);
#12377 = ORIENTED_EDGE('',*,*,#10435,.T.);
#12378 = ORIENTED_EDGE('',*,*,#10745,.T.);
#12379 = ORIENTED_EDGE('',*,*,#10769,.F.);
#12380 = ORIENTED_EDGE('',*,*,#10820,.F.);
#12381 = ORIENTED_CLOSED_SHELL('',*,#12382,.F.);
#12382 = CLOSED_SHELL('',(#12383,#12470,#12525,#12560,#12595,#12644));
#12383 = ADVANCED_FACE('',(#12384),#12397,.T.);
#12384 = FACE_BOUND('',#12385,.T.);
#12385 = EDGE_LOOP('',(#12386,#12419,#12442,#12469));
#12386 = ORIENTED_EDGE('',*,*,#12387,.F.);
#12387 = EDGE_CURVE('',#12388,#12388,#12390,.T.);
#12388 = VERTEX_POINT('',#12389);
#12389 = CARTESIAN_POINT('',(7.5E-02,-1.836970198721E-17,2.8E-02));
#12390 = SURFACE_CURVE('',#12391,(#12396,#12408),.PCURVE_S1.);
#12391 = CIRCLE('',#12392,7.5E-02);
#12392 = AXIS2_PLACEMENT_3D('',#12393,#12394,#12395);
#12393 = CARTESIAN_POINT('',(0.,0.,2.8E-02));
#12394 = DIRECTION('',(0.,0.,1.));
#12395 = DIRECTION('',(1.,0.,-0.));
#12396 = PCURVE('',#12397,#12402);
#12397 = CYLINDRICAL_SURFACE('',#12398,7.5E-02);
#12398 = AXIS2_PLACEMENT_3D('',#12399,#12400,#12401);
#12399 = CARTESIAN_POINT('',(0.,0.,2.3E-02));
#12400 = DIRECTION('',(0.,0.,1.));
#12401 = DIRECTION('',(1.,0.,-0.));
#12402 = DEFINITIONAL_REPRESENTATION('',(#12403),#12407);
#12403 = LINE('',#12404,#12405);
#12404 = CARTESIAN_POINT('',(0.,5.E-03));
#12405 = VECTOR('',#12406,1.);
#12406 = DIRECTION('',(1.,0.));
#12407 = ( GEOMETRIC_REPRESENTATION_CONTEXT(2) 
PARAMETRIC_REPRESENTATION_CONTEXT() REPRESENTATION_CONTEXT('2D SPACE',''
  ) );
#12408 = PCURVE('',#12409,#12414);
#12409 = CYLINDRICAL_SURFACE('',#12410,7.5E-02);
#12410 = AXIS2_PLACEMENT_3D('',#12411,#12412,#12413);
#12411 = CARTESIAN_POINT('',(0.,0.,2.8E-02));
#12412 = DIRECTION('',(0.,0.,1.));
#12413 = DIRECTION('',(1.,0.,-0.));
#12414 = DEFINITIONAL_REPRESENTATION('',(#12415),#12418);
#12415 = B_SPLINE_CURVE_WITH_KNOTS('',1,(#12416,#12417),.UNSPECIFIED.,
  .F.,.F.,(2,2),(0.,6.28318530718),.PIECEWISE_BEZIER_KNOTS.);
#12416 = CARTESIAN_POINT('',(0.,0.));
#12417 = CARTESIAN_POINT('',(6.28318530718,0.));
#12418 = ( GEOMETRIC_REPRESENTATION_CONTEXT(2) 
PARAMETRIC_REPRESENTATION_CONTEXT() REPRESENTATION_CONTEXT('2D SPACE',''
  ) );
#12419 = ORIENTED_EDGE('',*,*,#12420,.F.);
#12420 = EDGE_CURVE('',#12421,#12388,#12423,.T.);
#12421 = VERTEX_POINT('',#12422);
#12422 = CARTESIAN_POINT('',(7.5E-02,-1.836970198721E-17,2.3E-02));
#12423 = SEAM_CURVE('',#12424,(#12428,#12435),.PCURVE_S1.);
#12424 = LINE('',#12425,#12426);
#12425 = CARTESIAN_POINT('',(7.5E-02,-1.836970198721E-17,2.3E-02));
#12426 = VECTOR('',#12427,1.);
#12427 = DIRECTION('',(0.,0.,1.));
#12428 = PCURVE('',#12397,#12429);
#12429 = DEFINITIONAL_REPRESENTATION('',(#12430),#12434);
#12430 = LINE('',#12431,#12432);
#12431 = CARTESIAN_POINT('',(6.28318530718,-0.));
#12432 = VECTOR('',#12433,1.);
#12433 = DIRECTION('',(0.,1.));
#12434 = ( GEOMETRIC_REPRESENTATION_CONTEXT(2) 
PARAMETRIC_REPRESENTATION_CONTEXT() REPRESENTATION_CONTEXT('2D SPACE',''
  ) );
#12435 = PCURVE('',#12397,#12436);
#12436 = DEFINITIONAL_REPRESENTATION('',(#12437),#12441);
#12437 = LINE('',#12438,#12439);
#12438 = CARTESIAN_POINT('',(0.,-0.));
#12439 = VECTOR('',#12440,1.);
#12440 = DIRECTION('',(0.,1.));
#12441 = ( GEOMETRIC_REPRESENTATION_CONTEXT(2) 
PARAMETRIC_REPRESENTATION_CONTEXT() REPRESENTATION_CONTEXT('2D SPACE',''
  ) );
#12442 = ORIENTED_EDGE('',*,*,#12443,.T.);
#12443 = EDGE_CURVE('',#12421,#12421,#12444,.T.);
#12444 = SURFACE_CURVE('',#12445,(#12450,#12457),.PCURVE_S1.);
#12445 = CIRCLE('',#12446,7.5E-02);
#12446 = AXIS2_PLACEMENT_3D('',#12447,#12448,#12449);
#12447 = CARTESIAN_POINT('',(0.,0.,2.3E-02));
#12448 = DIRECTION('',(0.,0.,1.));
#12449 = DIRECTION('',(1.,0.,-0.));
#12450 = PCURVE('',#12397,#12451);
#12451 = DEFINITIONAL_REPRESENTATION('',(#12452),#12456);
#12452 = LINE('',#12453,#12454);
#12453 = CARTESIAN_POINT('',(0.,0.));
#12454 = VECTOR('',#12455,1.);
#12455 = DIRECTION('',(1.,0.));
#12456 = ( GEOMETRIC_REPRESENTATION_CONTEXT(2) 
PARAMETRIC_REPRESENTATION_CONTEXT() REPRESENTATION_CONTEXT('2D SPACE',''
  ) );
#12457 = PCURVE('',#12458,#12463);
#12458 = PLANE('',#12459);
#12459 = AXIS2_PLACEMENT_3D('',#12460,#12461,#12462);
#12460 = CARTESIAN_POINT('',(0.,0.,2.3E-02));
#12461 = DIRECTION('',(0.,0.,1.));
#12462 = DIRECTION('',(1.,0.,-0.));
#12463 = DEFINITIONAL_REPRESENTATION('',(#12464),#12468);
#12464 = CIRCLE('',#12465,7.5E-02);
#12465 = AXIS2_PLACEMENT_2D('',#12466,#12467);
#12466 = CARTESIAN_POINT('',(0.,0.));
#12467 = DIRECTION('',(1.,0.));
#12468 = ( GEOMETRIC_REPRESENTATION_CONTEXT(2) 
PARAMETRIC_REPRESENTATION_CONTEXT() REPRESENTATION_CONTEXT('2D SPACE',''
  ) );
#12469 = ORIENTED_EDGE('',*,*,#12420,.T.);
#12470 = ADVANCED_FACE('',(#12471),#12409,.T.);
#12471 = FACE_BOUND('',#12472,.T.);
#12472 = EDGE_LOOP('',(#12473,#12502,#12523,#12524));
#12473 = ORIENTED_EDGE('',*,*,#12474,.F.);
#12474 = EDGE_CURVE('',#12475,#12475,#12477,.T.);
#12475 = VERTEX_POINT('',#12476);
#12476 = CARTESIAN_POINT('',(7.5E-02,-1.836970198721E-17,3.6E-02));
#12477 = SURFACE_CURVE('',#12478,(#12483,#12490),.PCURVE_S1.);
#12478 = CIRCLE('',#12479,7.5E-02);
#12479 = AXIS2_PLACEMENT_3D('',#12480,#12481,#12482);
#12480 = CARTESIAN_POINT('',(0.,0.,3.6E-02));
#12481 = DIRECTION('',(0.,0.,1.));
#12482 = DIRECTION('',(1.,0.,-0.));
#12483 = PCURVE('',#12409,#12484);
#12484 = DEFINITIONAL_REPRESENTATION('',(#12485),#12489);
#12485 = LINE('',#12486,#12487);
#12486 = CARTESIAN_POINT('',(0.,8.E-03));
#12487 = VECTOR('',#12488,1.);
#12488 = DIRECTION('',(1.,0.));
#12489 = ( GEOMETRIC_REPRESENTATION_CONTEXT(2) 
PARAMETRIC_REPRESENTATION_CONTEXT() REPRESENTATION_CONTEXT('2D SPACE',''
  ) );
#12490 = PCURVE('',#12491,#12496);
#12491 = PLANE('',#12492);
#12492 = AXIS2_PLACEMENT_3D('',#12493,#12494,#12495);
#12493 = CARTESIAN_POINT('',(0.,0.,3.6E-02));
#12494 = DIRECTION('',(0.,0.,1.));
#12495 = DIRECTION('',(1.,0.,-0.));
#12496 = DEFINITIONAL_REPRESENTATION('',(#12497),#12501);
#12497 = CIRCLE('',#12498,7.5E-02);
#12498 = AXIS2_PLACEMENT_2D('',#12499,#12500);
#12499 = CARTESIAN_POINT('',(0.,0.));
#12500 = DIRECTION('',(1.,0.));
#12501 = ( GEOMETRIC_REPRESENTATION_CONTEXT(2) 
PARAMETRIC_REPRESENTATION_CONTEXT() REPRESENTATION_CONTEXT('2D SPACE',''
  ) );
#12502 = ORIENTED_EDGE('',*,*,#12503,.F.);
#12503 = EDGE_CURVE('',#12388,#12475,#12504,.T.);
#12504 = SEAM_CURVE('',#12505,(#12509,#12516),.PCURVE_S1.);
#12505 = LINE('',#12506,#12507);
#12506 = CARTESIAN_POINT('',(7.5E-02,-1.836970198721E-17,2.8E-02));
#12507 = VECTOR('',#12508,1.);
#12508 = DIRECTION('',(0.,0.,1.));
#12509 = PCURVE('',#12409,#12510);
#12510 = DEFINITIONAL_REPRESENTATION('',(#12511),#12515);
#12511 = LINE('',#12512,#12513);
#12512 = CARTESIAN_POINT('',(6.28318530718,-0.));
#12513 = VECTOR('',#12514,1.);
#12514 = DIRECTION('',(0.,1.));
#12515 = ( GEOMETRIC_REPRESENTATION_CONTEXT(2) 
PARAMETRIC_REPRESENTATION_CONTEXT() REPRESENTATION_CONTEXT('2D SPACE',''
  ) );
#12516 = PCURVE('',#12409,#12517);
#12517 = DEFINITIONAL_REPRESENTATION('',(#12518),#12522);
#12518 = LINE('',#12519,#12520);
#12519 = CARTESIAN_POINT('',(0.,-0.));
#12520 = VECTOR('',#12521,1.);
#12521 = DIRECTION('',(0.,1.));
#12522 = ( GEOMETRIC_REPRESENTATION_CONTEXT(2) 
PARAMETRIC_REPRESENTATION_CONTEXT() REPRESENTATION_CONTEXT('2D SPACE',''
  ) );
#12523 = ORIENTED_EDGE('',*,*,#12387,.T.);
#12524 = ORIENTED_EDGE('',*,*,#12503,.T.);
#12525 = ADVANCED_FACE('',(#12526,#12529),#12458,.F.);
#12526 = FACE_BOUND('',#12527,.F.);
#12527 = EDGE_LOOP('',(#12528));
#12528 = ORIENTED_EDGE('',*,*,#12443,.T.);
#12529 = FACE_BOUND('',#12530,.F.);
#12530 = EDGE_LOOP('',(#12531));
#12531 = ORIENTED_EDGE('',*,*,#12532,.F.);
#12532 = EDGE_CURVE('',#12533,#12533,#12535,.T.);
#12533 = VERTEX_POINT('',#12534);
#12534 = CARTESIAN_POINT('',(1.5E-02,-3.673940397442E-18,2.3E-02));
#12535 = SURFACE_CURVE('',#12536,(#12541,#12548),.PCURVE_S1.);
#12536 = CIRCLE('',#12537,1.5E-02);
#12537 = AXIS2_PLACEMENT_3D('',#12538,#12539,#12540);
#12538 = CARTESIAN_POINT('',(0.,0.,2.3E-02));
#12539 = DIRECTION('',(0.,0.,1.));
#12540 = DIRECTION('',(1.,0.,-0.));
#12541 = PCURVE('',#12458,#12542);
#12542 = DEFINITIONAL_REPRESENTATION('',(#12543),#12547);
#12543 = CIRCLE('',#12544,1.5E-02);
#12544 = AXIS2_PLACEMENT_2D('',#12545,#12546);
#12545 = CARTESIAN_POINT('',(0.,0.));
#12546 = DIRECTION('',(1.,0.));
#12547 = ( GEOMETRIC_REPRESENTATION_CONTEXT(2) 
PARAMETRIC_REPRESENTATION_CONTEXT() REPRESENTATION_CONTEXT('2D SPACE',''
  ) );
#12548 = PCURVE('',#12549,#12554);
#12549 = CYLINDRICAL_SURFACE('',#12550,1.5E-02);
#12550 = AXIS2_PLACEMENT_3D('',#12551,#12552,#12553);
#12551 = CARTESIAN_POINT('',(0.,0.,2.3E-02));
#12552 = DIRECTION('',(0.,0.,1.));
#12553 = DIRECTION('',(1.,0.,-0.));
#12554 = DEFINITIONAL_REPRESENTATION('',(#12555),#12559);
#12555 = LINE('',#12556,#12557);
#12556 = CARTESIAN_POINT('',(0.,0.));
#12557 = VECTOR('',#12558,1.);
#12558 = DIRECTION('',(1.,0.));
#12559 = ( GEOMETRIC_REPRESENTATION_CONTEXT(2) 
PARAMETRIC_REPRESENTATION_CONTEXT() REPRESENTATION_CONTEXT('2D SPACE',''
  ) );
#12560 = ADVANCED_FACE('',(#12561,#12564),#12491,.T.);
#12561 = FACE_BOUND('',#12562,.T.);
#12562 = EDGE_LOOP('',(#12563));
#12563 = ORIENTED_EDGE('',*,*,#12474,.T.);
#12564 = FACE_BOUND('',#12565,.T.);
#12565 = EDGE_LOOP('',(#12566));
#12566 = ORIENTED_EDGE('',*,*,#12567,.F.);
#12567 = EDGE_CURVE('',#12568,#12568,#12570,.T.);
#12568 = VERTEX_POINT('',#12569);
#12569 = CARTESIAN_POINT('',(1.5E-02,-3.673940397442E-18,3.6E-02));
#12570 = SURFACE_CURVE('',#12571,(#12576,#12583),.PCURVE_S1.);
#12571 = CIRCLE('',#12572,1.5E-02);
#12572 = AXIS2_PLACEMENT_3D('',#12573,#12574,#12575);
#12573 = CARTESIAN_POINT('',(0.,0.,3.6E-02));
#12574 = DIRECTION('',(0.,0.,1.));
#12575 = DIRECTION('',(1.,0.,-0.));
#12576 = PCURVE('',#12491,#12577);
#12577 = DEFINITIONAL_REPRESENTATION('',(#12578),#12582);
#12578 = CIRCLE('',#12579,1.5E-02);
#12579 = AXIS2_PLACEMENT_2D('',#12580,#12581);
#12580 = CARTESIAN_POINT('',(0.,0.));
#12581 = DIRECTION('',(1.,0.));
#12582 = ( GEOMETRIC_REPRESENTATION_CONTEXT(2) 
PARAMETRIC_REPRESENTATION_CONTEXT() REPRESENTATION_CONTEXT('2D SPACE',''
  ) );
#12583 = PCURVE('',#12584,#12589);
#12584 = CYLINDRICAL_SURFACE('',#12585,1.5E-02);
#12585 = AXIS2_PLACEMENT_3D('',#12586,#12587,#12588);
#12586 = CARTESIAN_POINT('',(0.,0.,2.8E-02));
#12587 = DIRECTION('',(0.,0.,1.));
#12588 = DIRECTION('',(1.,0.,-0.));
#12589 = DEFINITIONAL_REPRESENTATION('',(#12590),#12594);
#12590 = LINE('',#12591,#12592);
#12591 = CARTESIAN_POINT('',(0.,8.E-03));
#12592 = VECTOR('',#12593,1.);
#12593 = DIRECTION('',(1.,0.));
#12594 = ( GEOMETRIC_REPRESENTATION_CONTEXT(2) 
PARAMETRIC_REPRESENTATION_CONTEXT() REPRESENTATION_CONTEXT('2D SPACE',''
  ) );
#12595 = ADVANCED_FACE('',(#12596),#12549,.F.);
#12596 = FACE_BOUND('',#12597,.F.);
#12597 = EDGE_LOOP('',(#12598,#12621,#12642,#12643));
#12598 = ORIENTED_EDGE('',*,*,#12599,.F.);
#12599 = EDGE_CURVE('',#12600,#12600,#12602,.T.);
#12600 = VERTEX_POINT('',#12601);
#12601 = CARTESIAN_POINT('',(1.5E-02,-3.673940397442E-18,2.8E-02));
#12602 = SURFACE_CURVE('',#12603,(#12608,#12615),.PCURVE_S1.);
#12603 = CIRCLE('',#12604,1.5E-02);
#12604 = AXIS2_PLACEMENT_3D('',#12605,#12606,#12607);
#12605 = CARTESIAN_POINT('',(0.,0.,2.8E-02));
#12606 = DIRECTION('',(0.,0.,1.));
#12607 = DIRECTION('',(1.,0.,-0.));
#12608 = PCURVE('',#12549,#12609);
#12609 = DEFINITIONAL_REPRESENTATION('',(#12610),#12614);
#12610 = LINE('',#12611,#12612);
#12611 = CARTESIAN_POINT('',(0.,5.E-03));
#12612 = VECTOR('',#12613,1.);
#12613 = DIRECTION('',(1.,0.));
#12614 = ( GEOMETRIC_REPRESENTATION_CONTEXT(2) 
PARAMETRIC_REPRESENTATION_CONTEXT() REPRESENTATION_CONTEXT('2D SPACE',''
  ) );
#12615 = PCURVE('',#12584,#12616);
#12616 = DEFINITIONAL_REPRESENTATION('',(#12617),#12620);
#12617 = B_SPLINE_CURVE_WITH_KNOTS('',1,(#12618,#12619),.UNSPECIFIED.,
  .F.,.F.,(2,2),(0.,6.28318530718),.PIECEWISE_BEZIER_KNOTS.);
#12618 = CARTESIAN_POINT('',(0.,0.));
#12619 = CARTESIAN_POINT('',(6.28318530718,0.));
#12620 = ( GEOMETRIC_REPRESENTATION_CONTEXT(2) 
PARAMETRIC_REPRESENTATION_CONTEXT() REPRESENTATION_CONTEXT('2D SPACE',''
  ) );
#12621 = ORIENTED_EDGE('',*,*,#12622,.F.);
#12622 = EDGE_CURVE('',#12533,#12600,#12623,.T.);
#12623 = SEAM_CURVE('',#12624,(#12628,#12635),.PCURVE_S1.);
#12624 = LINE('',#12625,#12626);
#12625 = CARTESIAN_POINT('',(1.5E-02,-3.673940397442E-18,2.3E-02));
#12626 = VECTOR('',#12627,1.);
#12627 = DIRECTION('',(0.,0.,1.));
#12628 = PCURVE('',#12549,#12629);
#12629 = DEFINITIONAL_REPRESENTATION('',(#12630),#12634);
#12630 = LINE('',#12631,#12632);
#12631 = CARTESIAN_POINT('',(6.28318530718,-0.));
#12632 = VECTOR('',#12633,1.);
#12633 = DIRECTION('',(0.,1.));
#12634 = ( GEOMETRIC_REPRESENTATION_CONTEXT(2) 
PARAMETRIC_REPRESENTATION_CONTEXT() REPRESENTATION_CONTEXT('2D SPACE',''
  ) );
#12635 = PCURVE('',#12549,#12636);
#12636 = DEFINITIONAL_REPRESENTATION('',(#12637),#12641);
#12637 = LINE('',#12638,#12639);
#12638 = CARTESIAN_POINT('',(0.,-0.));
#12639 = VECTOR('',#12640,1.);
#12640 = DIRECTION('',(0.,1.));
#12641 = ( GEOMETRIC_REPRESENTATION_CONTEXT(2) 
PARAMETRIC_REPRESENTATION_CONTEXT() REPRESENTATION_CONTEXT('2D SPACE',''
  ) );
#12642 = ORIENTED_EDGE('',*,*,#12532,.T.);
#12643 = ORIENTED_EDGE('',*,*,#12622,.T.);
#12644 = ADVANCED_FACE('',(#12645),#12584,.F.);
#12645 = FACE_BOUND('',#12646,.F.);
#12646 = EDGE_LOOP('',(#12647,#12648,#12669,#12670));
#12647 = ORIENTED_EDGE('',*,*,#12567,.F.);
#12648 = ORIENTED_EDGE('',*,*,#12649,.F.);
#12649 = EDGE_CURVE('',#12600,#12568,#12650,.T.);
#12650 = SEAM_CURVE('',#12651,(#12655,#12662),.PCURVE_S1.);
#12651 = LINE('',#12652,#12653);
#12652 = CARTESIAN_POINT('',(1.5E-02,-3.673940397442E-18,2.8E-02));
#12653 = VECTOR('',#12654,1.);
#12654 = DIRECTION('',(0.,0.,1.));
#12655 = PCURVE('',#12584,#12656);
#12656 = DEFINITIONAL_REPRESENTATION('',(#12657),#12661);
#12657 = LINE('',#12658,#12659);
#12658 = CARTESIAN_POINT('',(6.28318530718,-0.));
#12659 = VECTOR('',#12660,1.);
#12660 = DIRECTION('',(0.,1.));
#12661 = ( GEOMETRIC_REPRESENTATION_CONTEXT(2) 
PARAMETRIC_REPRESENTATION_CONTEXT() REPRESENTATION_CONTEXT('2D SPACE',''
  ) );
#12662 = PCURVE('',#12584,#12663);
#12663 = DEFINITIONAL_REPRESENTATION('',(#12664),#12668);
#12664 = LINE('',#12665,#12666);
#12665 = CARTESIAN_POINT('',(0.,-0.));
#12666 = VECTOR('',#12667,1.);
#12667 = DIRECTION('',(0.,1.));
#12668 = ( GEOMETRIC_REPRESENTATION_CONTEXT(2) 
PARAMETRIC_REPRESENTATION_CONTEXT() REPRESENTATION_CONTEXT('2D SPACE',''
  ) );
#12669 = ORIENTED_EDGE('',*,*,#12599,.T.);
#12670 = ORIENTED_EDGE('',*,*,#12649,.T.);
#12671 = ( GEOMETRIC_REPRESENTATION_CONTEXT(3) 
GLOBAL_UNCERTAINTY_ASSIGNED_CONTEXT((#12675)) 
GLOBAL_UNIT_ASSIGNED_CONTEXT((#12672,#12673,#12674)) 
REPRESENTATION_CONTEXT('Context #1',
  '3D Context with UNIT and UNCERTAINTY') );
#12672 = ( LENGTH_UNIT() NAMED_UNIT(*) SI_UNIT(.MILLI.,.METRE.) );
#12673 = ( NAMED_UNIT(*) PLANE_ANGLE_UNIT() SI_UNIT($,.RADIAN.) );
#12674 = ( NAMED_UNIT(*) SI_UNIT($,.STERADIAN.) SOLID_ANGLE_UNIT() );
#12675 = UNCERTAINTY_MEASURE_WITH_UNIT(LENGTH_MEASURE(1.E-07),#12672,
  'distance_accuracy_value','confusion accuracy');
#12676 = PRODUCT_RELATED_PRODUCT_CATEGORY('part',$,(#7));
#12677 = MECHANICAL_DESIGN_GEOMETRIC_PRESENTATION_REPRESENTATION('',(
    #12678,#12688,#12697,#12706,#12716,#12725,#12735,#12744,#12753,
    #12762,#12771,#12780,#12789,#12798,#12807,#12816,#12825,#12834,
    #12843,#12852,#12861,#12870,#12879,#12888,#12897,#12906,#12915,
    #12924,#12933,#12942,#12951,#12960,#12969,#12978,#12987,#12996,
    #13005,#13014,#13023,#13032,#13041,#13050,#13059,#13068,#13077,
    #13086,#13095,#13104,#13113,#13122,#13131,#13140,#13149,#13158,
    #13167,#13176,#13185,#13194,#13203,#13212,#13221,#13230,#13239,
    #13248,#13257,#13266,#13275,#13284,#13293,#13302,#13311,#13320,
    #13329,#13338,#13347,#13356,#13365,#13374,#13383,#13392,#13401,
    #13410,#13419,#13428,#13438,#13447,#13456,#13465,#13474,#13483,
    #13492,#13504,#13515),#12671);
#12678 = STYLED_ITEM('color',(#12679),#17);
#12679 = PRESENTATION_STYLE_ASSIGNMENT((#12680,#12686));
#12680 = SURFACE_STYLE_USAGE(.BOTH.,#12681);
#12681 = SURFACE_SIDE_STYLE('',(#12682));
#12682 = SURFACE_STYLE_FILL_AREA(#12683);
#12683 = FILL_AREA_STYLE('',(#12684));
#12684 = FILL_AREA_STYLE_COLOUR('',#12685);
#12685 = COLOUR_RGB('',0.816040146899,0.806956957818,0.786013770769);
#12686 = CURVE_STYLE('',#12687,POSITIVE_LENGTH_MEASURE(0.1),#12685);
#12687 = DRAUGHTING_PRE_DEFINED_CURVE_FONT('continuous');
#12688 = STYLED_ITEM('color',(#12689),#833);
#12689 = PRESENTATION_STYLE_ASSIGNMENT((#12690,#12695));
#12690 = SURFACE_STYLE_USAGE(.BOTH.,#12691);
#12691 = SURFACE_SIDE_STYLE('',(#12692));
#12692 = SURFACE_STYLE_FILL_AREA(#12693);
#12693 = FILL_AREA_STYLE('',(#12694));
#12694 = FILL_AREA_STYLE_COLOUR('',#12685);
#12695 = CURVE_STYLE('',#12696,POSITIVE_LENGTH_MEASURE(0.1),#12685);
#12696 = DRAUGHTING_PRE_DEFINED_CURVE_FONT('continuous');
#12697 = STYLED_ITEM('color',(#12698),#930);
#12698 = PRESENTATION_STYLE_ASSIGNMENT((#12699,#12704));
#12699 = SURFACE_STYLE_USAGE(.BOTH.,#12700);
#12700 = SURFACE_SIDE_STYLE('',(#12701));
#12701 = SURFACE_STYLE_FILL_AREA(#12702);
#12702 = FILL_AREA_STYLE('',(#12703));
#12703 = FILL_AREA_STYLE_COLOUR('',#12685);
#12704 = CURVE_STYLE('',#12705,POSITIVE_LENGTH_MEASURE(0.1),#12685);
#12705 = DRAUGHTING_PRE_DEFINED_CURVE_FONT('continuous');
#12706 = STYLED_ITEM('color',(#12707),#1775);
#12707 = PRESENTATION_STYLE_ASSIGNMENT((#12708,#12714));
#12708 = SURFACE_STYLE_USAGE(.BOTH.,#12709);
#12709 = SURFACE_SIDE_STYLE('',(#12710));
#12710 = SURFACE_STYLE_FILL_AREA(#12711);
#12711 = FILL_AREA_STYLE('',(#12712));
#12712 = FILL_AREA_STYLE_COLOUR('',#12713);
#12713 = COLOUR_RGB('',0.,0.818290320931,0.959255518208);
#12714 = CURVE_STYLE('',#12715,POSITIVE_LENGTH_MEASURE(0.1),#12713);
#12715 = DRAUGHTING_PRE_DEFINED_CURVE_FONT('continuous');
#12716 = STYLED_ITEM('color',(#12717),#1784);
#12717 = PRESENTATION_STYLE_ASSIGNMENT((#12718,#12723));
#12718 = SURFACE_STYLE_USAGE(.BOTH.,#12719);
#12719 = SURFACE_SIDE_STYLE('',(#12720));
#12720 = SURFACE_STYLE_FILL_AREA(#12721);
#12721 = FILL_AREA_STYLE('',(#12722));
#12722 = FILL_AREA_STYLE_COLOUR('',#12713);
#12723 = CURVE_STYLE('',#12724,POSITIVE_LENGTH_MEASURE(0.1),#12713);
#12724 = DRAUGHTING_PRE_DEFINED_CURVE_FONT('continuous');
#12725 = STYLED_ITEM('color',(#12726),#1793);
#12726 = PRESENTATION_STYLE_ASSIGNMENT((#12727,#12733));
#12727 = SURFACE_STYLE_USAGE(.BOTH.,#12728);
#12728 = SURFACE_SIDE_STYLE('',(#12729));
#12729 = SURFACE_STYLE_FILL_AREA(#12730);
#12730 = FILL_AREA_STYLE('',(#12731));
#12731 = FILL_AREA_STYLE_COLOUR('',#12732);
#12732 = COLOUR_RGB('',0.96830680636,0.365252106501,0.411645162537);
#12733 = CURVE_STYLE('',#12734,POSITIVE_LENGTH_MEASURE(0.1),#12732);
#12734 = DRAUGHTING_PRE_DEFINED_CURVE_FONT('continuous');
#12735 = STYLED_ITEM('color',(#12736),#1802);
#12736 = PRESENTATION_STYLE_ASSIGNMENT((#12737,#12742));
#12737 = SURFACE_STYLE_USAGE(.BOTH.,#12738);
#12738 = SURFACE_SIDE_STYLE('',(#12739));
#12739 = SURFACE_STYLE_FILL_AREA(#12740);
#12740 = FILL_AREA_STYLE('',(#12741));
#12741 = FILL_AREA_STYLE_COLOUR('',#12732);
#12742 = CURVE_STYLE('',#12743,POSITIVE_LENGTH_MEASURE(0.1),#12732);
#12743 = DRAUGHTING_PRE_DEFINED_CURVE_FONT('continuous');
#12744 = STYLED_ITEM('color',(#12745),#1811);
#12745 = PRESENTATION_STYLE_ASSIGNMENT((#12746,#12751));
#12746 = SURFACE_STYLE_USAGE(.BOTH.,#12747);
#12747 = SURFACE_SIDE_STYLE('',(#12748));
#12748 = SURFACE_STYLE_FILL_AREA(#12749);
#12749 = FILL_AREA_STYLE('',(#12750));
#12750 = FILL_AREA_STYLE_COLOUR('',#12713);
#12751 = CURVE_STYLE('',#12752,POSITIVE_LENGTH_MEASURE(0.1),#12713);
#12752 = DRAUGHTING_PRE_DEFINED_CURVE_FONT('continuous');
#12753 = STYLED_ITEM('color',(#12754),#1820);
#12754 = PRESENTATION_STYLE_ASSIGNMENT((#12755,#12760));
#12755 = SURFACE_STYLE_USAGE(.BOTH.,#12756);
#12756 = SURFACE_SIDE_STYLE('',(#12757));
#12757 = SURFACE_STYLE_FILL_AREA(#12758);
#12758 = FILL_AREA_STYLE('',(#12759));
#12759 = FILL_AREA_STYLE_COLOUR('',#12713);
#12760 = CURVE_STYLE('',#12761,POSITIVE_LENGTH_MEASURE(0.1),#12713);
#12761 = DRAUGHTING_PRE_DEFINED_CURVE_FONT('continuous');
#12762 = STYLED_ITEM('color',(#12763),#1829);
#12763 = PRESENTATION_STYLE_ASSIGNMENT((#12764,#12769));
#12764 = SURFACE_STYLE_USAGE(.BOTH.,#12765);
#12765 = SURFACE_SIDE_STYLE('',(#12766));
#12766 = SURFACE_STYLE_FILL_AREA(#12767);
#12767 = FILL_AREA_STYLE('',(#12768));
#12768 = FILL_AREA_STYLE_COLOUR('',#12732);
#12769 = CURVE_STYLE('',#12770,POSITIVE_LENGTH_MEASURE(0.1),#12732);
#12770 = DRAUGHTING_PRE_DEFINED_CURVE_FONT('continuous');
#12771 = STYLED_ITEM('color',(#12772),#1838);
#12772 = PRESENTATION_STYLE_ASSIGNMENT((#12773,#12778));
#12773 = SURFACE_STYLE_USAGE(.BOTH.,#12774);
#12774 = SURFACE_SIDE_STYLE('',(#12775));
#12775 = SURFACE_STYLE_FILL_AREA(#12776);
#12776 = FILL_AREA_STYLE('',(#12777));
#12777 = FILL_AREA_STYLE_COLOUR('',#12732);
#12778 = CURVE_STYLE('',#12779,POSITIVE_LENGTH_MEASURE(0.1),#12732);
#12779 = DRAUGHTING_PRE_DEFINED_CURVE_FONT('continuous');
#12780 = STYLED_ITEM('color',(#12781),#1847);
#12781 = PRESENTATION_STYLE_ASSIGNMENT((#12782,#12787));
#12782 = SURFACE_STYLE_USAGE(.BOTH.,#12783);
#12783 = SURFACE_SIDE_STYLE('',(#12784));
#12784 = SURFACE_STYLE_FILL_AREA(#12785);
#12785 = FILL_AREA_STYLE('',(#12786));
#12786 = FILL_AREA_STYLE_COLOUR('',#12713);
#12787 = CURVE_STYLE('',#12788,POSITIVE_LENGTH_MEASURE(0.1),#12713);
#12788 = DRAUGHTING_PRE_DEFINED_CURVE_FONT('continuous');
#12789 = STYLED_ITEM('color',(#12790),#1856);
#12790 = PRESENTATION_STYLE_ASSIGNMENT((#12791,#12796));
#12791 = SURFACE_STYLE_USAGE(.BOTH.,#12792);
#12792 = SURFACE_SIDE_STYLE('',(#12793));
#12793 = SURFACE_STYLE_FILL_AREA(#12794);
#12794 = FILL_AREA_STYLE('',(#12795));
#12795 = FILL_AREA_STYLE_COLOUR('',#12685);
#12796 = CURVE_STYLE('',#12797,POSITIVE_LENGTH_MEASURE(0.1),#12685);
#12797 = DRAUGHTING_PRE_DEFINED_CURVE_FONT('continuous');
#12798 = STYLED_ITEM('color',(#12799),#1862);
#12799 = PRESENTATION_STYLE_ASSIGNMENT((#12800,#12805));
#12800 = SURFACE_STYLE_USAGE(.BOTH.,#12801);
#12801 = SURFACE_SIDE_STYLE('',(#12802));
#12802 = SURFACE_STYLE_FILL_AREA(#12803);
#12803 = FILL_AREA_STYLE('',(#12804));
#12804 = FILL_AREA_STYLE_COLOUR('',#12732);
#12805 = CURVE_STYLE('',#12806,POSITIVE_LENGTH_MEASURE(0.1),#12732);
#12806 = DRAUGHTING_PRE_DEFINED_CURVE_FONT('continuous');
#12807 = STYLED_ITEM('color',(#12808),#1983);
#12808 = PRESENTATION_STYLE_ASSIGNMENT((#12809,#12814));
#12809 = SURFACE_STYLE_USAGE(.BOTH.,#12810);
#12810 = SURFACE_SIDE_STYLE('',(#12811));
#12811 = SURFACE_STYLE_FILL_AREA(#12812);
#12812 = FILL_AREA_STYLE('',(#12813));
#12813 = FILL_AREA_STYLE_COLOUR('',#12732);
#12814 = CURVE_STYLE('',#12815,POSITIVE_LENGTH_MEASURE(0.1),#12732);
#12815 = DRAUGHTING_PRE_DEFINED_CURVE_FONT('continuous');
#12816 = STYLED_ITEM('color',(#12817),#2167);
#12817 = PRESENTATION_STYLE_ASSIGNMENT((#12818,#12823));
#12818 = SURFACE_STYLE_USAGE(.BOTH.,#12819);
#12819 = SURFACE_SIDE_STYLE('',(#12820));
#12820 = SURFACE_STYLE_FILL_AREA(#12821);
#12821 = FILL_AREA_STYLE('',(#12822));
#12822 = FILL_AREA_STYLE_COLOUR('',#12732);
#12823 = CURVE_STYLE('',#12824,POSITIVE_LENGTH_MEASURE(0.1),#12732);
#12824 = DRAUGHTING_PRE_DEFINED_CURVE_FONT('continuous');
#12825 = STYLED_ITEM('color',(#12826),#2216);
#12826 = PRESENTATION_STYLE_ASSIGNMENT((#12827,#12832));
#12827 = SURFACE_STYLE_USAGE(.BOTH.,#12828);
#12828 = SURFACE_SIDE_STYLE('',(#12829));
#12829 = SURFACE_STYLE_FILL_AREA(#12830);
#12830 = FILL_AREA_STYLE('',(#12831));
#12831 = FILL_AREA_STYLE_COLOUR('',#12732);
#12832 = CURVE_STYLE('',#12833,POSITIVE_LENGTH_MEASURE(0.1),#12732);
#12833 = DRAUGHTING_PRE_DEFINED_CURVE_FONT('continuous');
#12834 = STYLED_ITEM('color',(#12835),#2291);
#12835 = PRESENTATION_STYLE_ASSIGNMENT((#12836,#12841));
#12836 = SURFACE_STYLE_USAGE(.BOTH.,#12837);
#12837 = SURFACE_SIDE_STYLE('',(#12838));
#12838 = SURFACE_STYLE_FILL_AREA(#12839);
#12839 = FILL_AREA_STYLE('',(#12840));
#12840 = FILL_AREA_STYLE_COLOUR('',#12732);
#12841 = CURVE_STYLE('',#12842,POSITIVE_LENGTH_MEASURE(0.1),#12732);
#12842 = DRAUGHTING_PRE_DEFINED_CURVE_FONT('continuous');
#12843 = STYLED_ITEM('color',(#12844),#2318);
#12844 = PRESENTATION_STYLE_ASSIGNMENT((#12845,#12850));
#12845 = SURFACE_STYLE_USAGE(.BOTH.,#12846);
#12846 = SURFACE_SIDE_STYLE('',(#12847));
#12847 = SURFACE_STYLE_FILL_AREA(#12848);
#12848 = FILL_AREA_STYLE('',(#12849));
#12849 = FILL_AREA_STYLE_COLOUR('',#12732);
#12850 = CURVE_STYLE('',#12851,POSITIVE_LENGTH_MEASURE(0.1),#12732);
#12851 = DRAUGHTING_PRE_DEFINED_CURVE_FONT('continuous');
#12852 = STYLED_ITEM('color',(#12853),#2345);
#12853 = PRESENTATION_STYLE_ASSIGNMENT((#12854,#12859));
#12854 = SURFACE_STYLE_USAGE(.BOTH.,#12855);
#12855 = SURFACE_SIDE_STYLE('',(#12856));
#12856 = SURFACE_STYLE_FILL_AREA(#12857);
#12857 = FILL_AREA_STYLE('',(#12858));
#12858 = FILL_AREA_STYLE_COLOUR('',#12732);
#12859 = CURVE_STYLE('',#12860,POSITIVE_LENGTH_MEASURE(0.1),#12732);
#12860 = DRAUGHTING_PRE_DEFINED_CURVE_FONT('continuous');
#12861 = STYLED_ITEM('color',(#12862),#2354);
#12862 = PRESENTATION_STYLE_ASSIGNMENT((#12863,#12868));
#12863 = SURFACE_STYLE_USAGE(.BOTH.,#12864);
#12864 = SURFACE_SIDE_STYLE('',(#12865));
#12865 = SURFACE_STYLE_FILL_AREA(#12866);
#12866 = FILL_AREA_STYLE('',(#12867));
#12867 = FILL_AREA_STYLE_COLOUR('',#12713);
#12868 = CURVE_STYLE('',#12869,POSITIVE_LENGTH_MEASURE(0.1),#12713);
#12869 = DRAUGHTING_PRE_DEFINED_CURVE_FONT('continuous');
#12870 = STYLED_ITEM('color',(#12871),#2476);
#12871 = PRESENTATION_STYLE_ASSIGNMENT((#12872,#12877));
#12872 = SURFACE_STYLE_USAGE(.BOTH.,#12873);
#12873 = SURFACE_SIDE_STYLE('',(#12874));
#12874 = SURFACE_STYLE_FILL_AREA(#12875);
#12875 = FILL_AREA_STYLE('',(#12876));
#12876 = FILL_AREA_STYLE_COLOUR('',#12713);
#12877 = CURVE_STYLE('',#12878,POSITIVE_LENGTH_MEASURE(0.1),#12713);
#12878 = DRAUGHTING_PRE_DEFINED_CURVE_FONT('continuous');
#12879 = STYLED_ITEM('color',(#12880),#2661);
#12880 = PRESENTATION_STYLE_ASSIGNMENT((#12881,#12886));
#12881 = SURFACE_STYLE_USAGE(.BOTH.,#12882);
#12882 = SURFACE_SIDE_STYLE('',(#12883));
#12883 = SURFACE_STYLE_FILL_AREA(#12884);
#12884 = FILL_AREA_STYLE('',(#12885));
#12885 = FILL_AREA_STYLE_COLOUR('',#12713);
#12886 = CURVE_STYLE('',#12887,POSITIVE_LENGTH_MEASURE(0.1),#12713);
#12887 = DRAUGHTING_PRE_DEFINED_CURVE_FONT('continuous');
#12888 = STYLED_ITEM('color',(#12889),#2710);
#12889 = PRESENTATION_STYLE_ASSIGNMENT((#12890,#12895));
#12890 = SURFACE_STYLE_USAGE(.BOTH.,#12891);
#12891 = SURFACE_SIDE_STYLE('',(#12892));
#12892 = SURFACE_STYLE_FILL_AREA(#12893);
#12893 = FILL_AREA_STYLE('',(#12894));
#12894 = FILL_AREA_STYLE_COLOUR('',#12713);
#12895 = CURVE_STYLE('',#12896,POSITIVE_LENGTH_MEASURE(0.1),#12713);
#12896 = DRAUGHTING_PRE_DEFINED_CURVE_FONT('continuous');
#12897 = STYLED_ITEM('color',(#12898),#2785);
#12898 = PRESENTATION_STYLE_ASSIGNMENT((#12899,#12904));
#12899 = SURFACE_STYLE_USAGE(.BOTH.,#12900);
#12900 = SURFACE_SIDE_STYLE('',(#12901));
#12901 = SURFACE_STYLE_FILL_AREA(#12902);
#12902 = FILL_AREA_STYLE('',(#12903));
#12903 = FILL_AREA_STYLE_COLOUR('',#12713);
#12904 = CURVE_STYLE('',#12905,POSITIVE_LENGTH_MEASURE(0.1),#12713);
#12905 = DRAUGHTING_PRE_DEFINED_CURVE_FONT('continuous');
#12906 = STYLED_ITEM('color',(#12907),#2812);
#12907 = PRESENTATION_STYLE_ASSIGNMENT((#12908,#12913));
#12908 = SURFACE_STYLE_USAGE(.BOTH.,#12909);
#12909 = SURFACE_SIDE_STYLE('',(#12910));
#12910 = SURFACE_STYLE_FILL_AREA(#12911);
#12911 = FILL_AREA_STYLE('',(#12912));
#12912 = FILL_AREA_STYLE_COLOUR('',#12713);
#12913 = CURVE_STYLE('',#12914,POSITIVE_LENGTH_MEASURE(0.1),#12713);
#12914 = DRAUGHTING_PRE_DEFINED_CURVE_FONT('continuous');
#12915 = STYLED_ITEM('color',(#12916),#2839);
#12916 = PRESENTATION_STYLE_ASSIGNMENT((#12917,#12922));
#12917 = SURFACE_STYLE_USAGE(.BOTH.,#12918);
#12918 = SURFACE_SIDE_STYLE('',(#12919));
#12919 = SURFACE_STYLE_FILL_AREA(#12920);
#12920 = FILL_AREA_STYLE('',(#12921));
#12921 = FILL_AREA_STYLE_COLOUR('',#12713);
#12922 = CURVE_STYLE('',#12923,POSITIVE_LENGTH_MEASURE(0.1),#12713);
#12923 = DRAUGHTING_PRE_DEFINED_CURVE_FONT('continuous');
#12924 = STYLED_ITEM('color',(#12925),#2848);
#12925 = PRESENTATION_STYLE_ASSIGNMENT((#12926,#12931));
#12926 = SURFACE_STYLE_USAGE(.BOTH.,#12927);
#12927 = SURFACE_SIDE_STYLE('',(#12928));
#12928 = SURFACE_STYLE_FILL_AREA(#12929);
#12929 = FILL_AREA_STYLE('',(#12930));
#12930 = FILL_AREA_STYLE_COLOUR('',#12732);
#12931 = CURVE_STYLE('',#12932,POSITIVE_LENGTH_MEASURE(0.1),#12732);
#12932 = DRAUGHTING_PRE_DEFINED_CURVE_FONT('continuous');
#12933 = STYLED_ITEM('color',(#12934),#2970);
#12934 = PRESENTATION_STYLE_ASSIGNMENT((#12935,#12940));
#12935 = SURFACE_STYLE_USAGE(.BOTH.,#12936);
#12936 = SURFACE_SIDE_STYLE('',(#12937));
#12937 = SURFACE_STYLE_FILL_AREA(#12938);
#12938 = FILL_AREA_STYLE('',(#12939));
#12939 = FILL_AREA_STYLE_COLOUR('',#12732);
#12940 = CURVE_STYLE('',#12941,POSITIVE_LENGTH_MEASURE(0.1),#12732);
#12941 = DRAUGHTING_PRE_DEFINED_CURVE_FONT('continuous');
#12942 = STYLED_ITEM('color',(#12943),#3155);
#12943 = PRESENTATION_STYLE_ASSIGNMENT((#12944,#12949));
#12944 = SURFACE_STYLE_USAGE(.BOTH.,#12945);
#12945 = SURFACE_SIDE_STYLE('',(#12946));
#12946 = SURFACE_STYLE_FILL_AREA(#12947);
#12947 = FILL_AREA_STYLE('',(#12948));
#12948 = FILL_AREA_STYLE_COLOUR('',#12732);
#12949 = CURVE_STYLE('',#12950,POSITIVE_LENGTH_MEASURE(0.1),#12732);
#12950 = DRAUGHTING_PRE_DEFINED_CURVE_FONT('continuous');
#12951 = STYLED_ITEM('color',(#12952),#3204);
#12952 = PRESENTATION_STYLE_ASSIGNMENT((#12953,#12958));
#12953 = SURFACE_STYLE_USAGE(.BOTH.,#12954);
#12954 = SURFACE_SIDE_STYLE('',(#12955));
#12955 = SURFACE_STYLE_FILL_AREA(#12956);
#12956 = FILL_AREA_STYLE('',(#12957));
#12957 = FILL_AREA_STYLE_COLOUR('',#12732);
#12958 = CURVE_STYLE('',#12959,POSITIVE_LENGTH_MEASURE(0.1),#12732);
#12959 = DRAUGHTING_PRE_DEFINED_CURVE_FONT('continuous');
#12960 = STYLED_ITEM('color',(#12961),#3279);
#12961 = PRESENTATION_STYLE_ASSIGNMENT((#12962,#12967));
#12962 = SURFACE_STYLE_USAGE(.BOTH.,#12963);
#12963 = SURFACE_SIDE_STYLE('',(#12964));
#12964 = SURFACE_STYLE_FILL_AREA(#12965);
#12965 = FILL_AREA_STYLE('',(#12966));
#12966 = FILL_AREA_STYLE_COLOUR('',#12732);
#12967 = CURVE_STYLE('',#12968,POSITIVE_LENGTH_MEASURE(0.1),#12732);
#12968 = DRAUGHTING_PRE_DEFINED_CURVE_FONT('continuous');
#12969 = STYLED_ITEM('color',(#12970),#3306);
#12970 = PRESENTATION_STYLE_ASSIGNMENT((#12971,#12976));
#12971 = SURFACE_STYLE_USAGE(.BOTH.,#12972);
#12972 = SURFACE_SIDE_STYLE('',(#12973));
#12973 = SURFACE_STYLE_FILL_AREA(#12974);
#12974 = FILL_AREA_STYLE('',(#12975));
#12975 = FILL_AREA_STYLE_COLOUR('',#12732);
#12976 = CURVE_STYLE('',#12977,POSITIVE_LENGTH_MEASURE(0.1),#12732);
#12977 = DRAUGHTING_PRE_DEFINED_CURVE_FONT('continuous');
#12978 = STYLED_ITEM('color',(#12979),#3333);
#12979 = PRESENTATION_STYLE_ASSIGNMENT((#12980,#12985));
#12980 = SURFACE_STYLE_USAGE(.BOTH.,#12981);
#12981 = SURFACE_SIDE_STYLE('',(#12982));
#12982 = SURFACE_STYLE_FILL_AREA(#12983);
#12983 = FILL_AREA_STYLE('',(#12984));
#12984 = FILL_AREA_STYLE_COLOUR('',#12732);
#12985 = CURVE_STYLE('',#12986,POSITIVE_LENGTH_MEASURE(0.1),#12732);
#12986 = DRAUGHTING_PRE_DEFINED_CURVE_FONT('continuous');
#12987 = STYLED_ITEM('color',(#12988),#3342);
#12988 = PRESENTATION_STYLE_ASSIGNMENT((#12989,#12994));
#12989 = SURFACE_STYLE_USAGE(.BOTH.,#12990);
#12990 = SURFACE_SIDE_STYLE('',(#12991));
#12991 = SURFACE_STYLE_FILL_AREA(#12992);
#12992 = FILL_AREA_STYLE('',(#12993));
#12993 = FILL_AREA_STYLE_COLOUR('',#12713);
#12994 = CURVE_STYLE('',#12995,POSITIVE_LENGTH_MEASURE(0.1),#12713);
#12995 = DRAUGHTING_PRE_DEFINED_CURVE_FONT('continuous');
#12996 = STYLED_ITEM('color',(#12997),#3464);
#12997 = PRESENTATION_STYLE_ASSIGNMENT((#12998,#13003));
#12998 = SURFACE_STYLE_USAGE(.BOTH.,#12999);
#12999 = SURFACE_SIDE_STYLE('',(#13000));
#13000 = SURFACE_STYLE_FILL_AREA(#13001);
#13001 = FILL_AREA_STYLE('',(#13002));
#13002 = FILL_AREA_STYLE_COLOUR('',#12713);
#13003 = CURVE_STYLE('',#13004,POSITIVE_LENGTH_MEASURE(0.1),#12713);
#13004 = DRAUGHTING_PRE_DEFINED_CURVE_FONT('continuous');
#13005 = STYLED_ITEM('color',(#13006),#3649);
#13006 = PRESENTATION_STYLE_ASSIGNMENT((#13007,#13012));
#13007 = SURFACE_STYLE_USAGE(.BOTH.,#13008);
#13008 = SURFACE_SIDE_STYLE('',(#13009));
#13009 = SURFACE_STYLE_FILL_AREA(#13010);
#13010 = FILL_AREA_STYLE('',(#13011));
#13011 = FILL_AREA_STYLE_COLOUR('',#12713);
#13012 = CURVE_STYLE('',#13013,POSITIVE_LENGTH_MEASURE(0.1),#12713);
#13013 = DRAUGHTING_PRE_DEFINED_CURVE_FONT('continuous');
#13014 = STYLED_ITEM('color',(#13015),#3698);
#13015 = PRESENTATION_STYLE_ASSIGNMENT((#13016,#13021));
#13016 = SURFACE_STYLE_USAGE(.BOTH.,#13017);
#13017 = SURFACE_SIDE_STYLE('',(#13018));
#13018 = SURFACE_STYLE_FILL_AREA(#13019);
#13019 = FILL_AREA_STYLE('',(#13020));
#13020 = FILL_AREA_STYLE_COLOUR('',#12713);
#13021 = CURVE_STYLE('',#13022,POSITIVE_LENGTH_MEASURE(0.1),#12713);
#13022 = DRAUGHTING_PRE_DEFINED_CURVE_FONT('continuous');
#13023 = STYLED_ITEM('color',(#13024),#3773);
#13024 = PRESENTATION_STYLE_ASSIGNMENT((#13025,#13030));
#13025 = SURFACE_STYLE_USAGE(.BOTH.,#13026);
#13026 = SURFACE_SIDE_STYLE('',(#13027));
#13027 = SURFACE_STYLE_FILL_AREA(#13028);
#13028 = FILL_AREA_STYLE('',(#13029));
#13029 = FILL_AREA_STYLE_COLOUR('',#12713);
#13030 = CURVE_STYLE('',#13031,POSITIVE_LENGTH_MEASURE(0.1),#12713);
#13031 = DRAUGHTING_PRE_DEFINED_CURVE_FONT('continuous');
#13032 = STYLED_ITEM('color',(#13033),#3800);
#13033 = PRESENTATION_STYLE_ASSIGNMENT((#13034,#13039));
#13034 = SURFACE_STYLE_USAGE(.BOTH.,#13035);
#13035 = SURFACE_SIDE_STYLE('',(#13036));
#13036 = SURFACE_STYLE_FILL_AREA(#13037);
#13037 = FILL_AREA_STYLE('',(#13038));
#13038 = FILL_AREA_STYLE_COLOUR('',#12713);
#13039 = CURVE_STYLE('',#13040,POSITIVE_LENGTH_MEASURE(0.1),#12713);
#13040 = DRAUGHTING_PRE_DEFINED_CURVE_FONT('continuous');
#13041 = STYLED_ITEM('color',(#13042),#3827);
#13042 = PRESENTATION_STYLE_ASSIGNMENT((#13043,#13048));
#13043 = SURFACE_STYLE_USAGE(.BOTH.,#13044);
#13044 = SURFACE_SIDE_STYLE('',(#13045));
#13045 = SURFACE_STYLE_FILL_AREA(#13046);
#13046 = FILL_AREA_STYLE('',(#13047));
#13047 = FILL_AREA_STYLE_COLOUR('',#12713);
#13048 = CURVE_STYLE('',#13049,POSITIVE_LENGTH_MEASURE(0.1),#12713);
#13049 = DRAUGHTING_PRE_DEFINED_CURVE_FONT('continuous');
#13050 = STYLED_ITEM('color',(#13051),#3836);
#13051 = PRESENTATION_STYLE_ASSIGNMENT((#13052,#13057));
#13052 = SURFACE_STYLE_USAGE(.BOTH.,#13053);
#13053 = SURFACE_SIDE_STYLE('',(#13054));
#13054 = SURFACE_STYLE_FILL_AREA(#13055);
#13055 = FILL_AREA_STYLE('',(#13056));
#13056 = FILL_AREA_STYLE_COLOUR('',#12732);
#13057 = CURVE_STYLE('',#13058,POSITIVE_LENGTH_MEASURE(0.1),#12732);
#13058 = DRAUGHTING_PRE_DEFINED_CURVE_FONT('continuous');
#13059 = STYLED_ITEM('color',(#13060),#3958);
#13060 = PRESENTATION_STYLE_ASSIGNMENT((#13061,#13066));
#13061 = SURFACE_STYLE_USAGE(.BOTH.,#13062);
#13062 = SURFACE_SIDE_STYLE('',(#13063));
#13063 = SURFACE_STYLE_FILL_AREA(#13064);
#13064 = FILL_AREA_STYLE('',(#13065));
#13065 = FILL_AREA_STYLE_COLOUR('',#12732);
#13066 = CURVE_STYLE('',#13067,POSITIVE_LENGTH_MEASURE(0.1),#12732);
#13067 = DRAUGHTING_PRE_DEFINED_CURVE_FONT('continuous');
#13068 = STYLED_ITEM('color',(#13069),#4143);
#13069 = PRESENTATION_STYLE_ASSIGNMENT((#13070,#13075));
#13070 = SURFACE_STYLE_USAGE(.BOTH.,#13071);
#13071 = SURFACE_SIDE_STYLE('',(#13072));
#13072 = SURFACE_STYLE_FILL_AREA(#13073);
#13073 = FILL_AREA_STYLE('',(#13074));
#13074 = FILL_AREA_STYLE_COLOUR('',#12732);
#13075 = CURVE_STYLE('',#13076,POSITIVE_LENGTH_MEASURE(0.1),#12732);
#13076 = DRAUGHTING_PRE_DEFINED_CURVE_FONT('continuous');
#13077 = STYLED_ITEM('color',(#13078),#4192);
#13078 = PRESENTATION_STYLE_ASSIGNMENT((#13079,#13084));
#13079 = SURFACE_STYLE_USAGE(.BOTH.,#13080);
#13080 = SURFACE_SIDE_STYLE('',(#13081));
#13081 = SURFACE_STYLE_FILL_AREA(#13082);
#13082 = FILL_AREA_STYLE('',(#13083));
#13083 = FILL_AREA_STYLE_COLOUR('',#12732);
#13084 = CURVE_STYLE('',#13085,POSITIVE_LENGTH_MEASURE(0.1),#12732);
#13085 = DRAUGHTING_PRE_DEFINED_CURVE_FONT('continuous');
#13086 = STYLED_ITEM('color',(#13087),#4267);
#13087 = PRESENTATION_STYLE_ASSIGNMENT((#13088,#13093));
#13088 = SURFACE_STYLE_USAGE(.BOTH.,#13089);
#13089 = SURFACE_SIDE_STYLE('',(#13090));
#13090 = SURFACE_STYLE_FILL_AREA(#13091);
#13091 = FILL_AREA_STYLE('',(#13092));
#13092 = FILL_AREA_STYLE_COLOUR('',#12732);
#13093 = CURVE_STYLE('',#13094,POSITIVE_LENGTH_MEASURE(0.1),#12732);
#13094 = DRAUGHTING_PRE_DEFINED_CURVE_FONT('continuous');
#13095 = STYLED_ITEM('color',(#13096),#4294);
#13096 = PRESENTATION_STYLE_ASSIGNMENT((#13097,#13102));
#13097 = SURFACE_STYLE_USAGE(.BOTH.,#13098);
#13098 = SURFACE_SIDE_STYLE('',(#13099));
#13099 = SURFACE_STYLE_FILL_AREA(#13100);
#13100 = FILL_AREA_STYLE('',(#13101));
#13101 = FILL_AREA_STYLE_COLOUR('',#12732);
#13102 = CURVE_STYLE('',#13103,POSITIVE_LENGTH_MEASURE(0.1),#12732);
#13103 = DRAUGHTING_PRE_DEFINED_CURVE_FONT('continuous');
#13104 = STYLED_ITEM('color',(#13105),#4321);
#13105 = PRESENTATION_STYLE_ASSIGNMENT((#13106,#13111));
#13106 = SURFACE_STYLE_USAGE(.BOTH.,#13107);
#13107 = SURFACE_SIDE_STYLE('',(#13108));
#13108 = SURFACE_STYLE_FILL_AREA(#13109);
#13109 = FILL_AREA_STYLE('',(#13110));
#13110 = FILL_AREA_STYLE_COLOUR('',#12732);
#13111 = CURVE_STYLE('',#13112,POSITIVE_LENGTH_MEASURE(0.1),#12732);
#13112 = DRAUGHTING_PRE_DEFINED_CURVE_FONT('continuous');
#13113 = STYLED_ITEM('color',(#13114),#4330);
#13114 = PRESENTATION_STYLE_ASSIGNMENT((#13115,#13120));
#13115 = SURFACE_STYLE_USAGE(.BOTH.,#13116);
#13116 = SURFACE_SIDE_STYLE('',(#13117));
#13117 = SURFACE_STYLE_FILL_AREA(#13118);
#13118 = FILL_AREA_STYLE('',(#13119));
#13119 = FILL_AREA_STYLE_COLOUR('',#12713);
#13120 = CURVE_STYLE('',#13121,POSITIVE_LENGTH_MEASURE(0.1),#12713);
#13121 = DRAUGHTING_PRE_DEFINED_CURVE_FONT('continuous');
#13122 = STYLED_ITEM('color',(#13123),#4452);
#13123 = PRESENTATION_STYLE_ASSIGNMENT((#13124,#13129));
#13124 = SURFACE_STYLE_USAGE(.BOTH.,#13125);
#13125 = SURFACE_SIDE_STYLE('',(#13126));
#13126 = SURFACE_STYLE_FILL_AREA(#13127);
#13127 = FILL_AREA_STYLE('',(#13128));
#13128 = FILL_AREA_STYLE_COLOUR('',#12713);
#13129 = CURVE_STYLE('',#13130,POSITIVE_LENGTH_MEASURE(0.1),#12713);
#13130 = DRAUGHTING_PRE_DEFINED_CURVE_FONT('continuous');
#13131 = STYLED_ITEM('color',(#13132),#4637);
#13132 = PRESENTATION_STYLE_ASSIGNMENT((#13133,#13138));
#13133 = SURFACE_STYLE_USAGE(.BOTH.,#13134);
#13134 = SURFACE_SIDE_STYLE('',(#13135));
#13135 = SURFACE_STYLE_FILL_AREA(#13136);
#13136 = FILL_AREA_STYLE('',(#13137));
#13137 = FILL_AREA_STYLE_COLOUR('',#12713);
#13138 = CURVE_STYLE('',#13139,POSITIVE_LENGTH_MEASURE(0.1),#12713);
#13139 = DRAUGHTING_PRE_DEFINED_CURVE_FONT('continuous');
#13140 = STYLED_ITEM('color',(#13141),#4686);
#13141 = PRESENTATION_STYLE_ASSIGNMENT((#13142,#13147));
#13142 = SURFACE_STYLE_USAGE(.BOTH.,#13143);
#13143 = SURFACE_SIDE_STYLE('',(#13144));
#13144 = SURFACE_STYLE_FILL_AREA(#13145);
#13145 = FILL_AREA_STYLE('',(#13146));
#13146 = FILL_AREA_STYLE_COLOUR('',#12713);
#13147 = CURVE_STYLE('',#13148,POSITIVE_LENGTH_MEASURE(0.1),#12713);
#13148 = DRAUGHTING_PRE_DEFINED_CURVE_FONT('continuous');
#13149 = STYLED_ITEM('color',(#13150),#4761);
#13150 = PRESENTATION_STYLE_ASSIGNMENT((#13151,#13156));
#13151 = SURFACE_STYLE_USAGE(.BOTH.,#13152);
#13152 = SURFACE_SIDE_STYLE('',(#13153));
#13153 = SURFACE_STYLE_FILL_AREA(#13154);
#13154 = FILL_AREA_STYLE('',(#13155));
#13155 = FILL_AREA_STYLE_COLOUR('',#12713);
#13156 = CURVE_STYLE('',#13157,POSITIVE_LENGTH_MEASURE(0.1),#12713);
#13157 = DRAUGHTING_PRE_DEFINED_CURVE_FONT('continuous');
#13158 = STYLED_ITEM('color',(#13159),#4788);
#13159 = PRESENTATION_STYLE_ASSIGNMENT((#13160,#13165));
#13160 = SURFACE_STYLE_USAGE(.BOTH.,#13161);
#13161 = SURFACE_SIDE_STYLE('',(#13162));
#13162 = SURFACE_STYLE_FILL_AREA(#13163);
#13163 = FILL_AREA_STYLE('',(#13164));
#13164 = FILL_AREA_STYLE_COLOUR('',#12713);
#13165 = CURVE_STYLE('',#13166,POSITIVE_LENGTH_MEASURE(0.1),#12713);
#13166 = DRAUGHTING_PRE_DEFINED_CURVE_FONT('continuous');
#13167 = STYLED_ITEM('color',(#13168),#4815);
#13168 = PRESENTATION_STYLE_ASSIGNMENT((#13169,#13174));
#13169 = SURFACE_STYLE_USAGE(.BOTH.,#13170);
#13170 = SURFACE_SIDE_STYLE('',(#13171));
#13171 = SURFACE_STYLE_FILL_AREA(#13172);
#13172 = FILL_AREA_STYLE('',(#13173));
#13173 = FILL_AREA_STYLE_COLOUR('',#12713);
#13174 = CURVE_STYLE('',#13175,POSITIVE_LENGTH_MEASURE(0.1),#12713);
#13175 = DRAUGHTING_PRE_DEFINED_CURVE_FONT('continuous');
#13176 = STYLED_ITEM('color',(#13177),#4824);
#13177 = PRESENTATION_STYLE_ASSIGNMENT((#13178,#13183));
#13178 = SURFACE_STYLE_USAGE(.BOTH.,#13179);
#13179 = SURFACE_SIDE_STYLE('',(#13180));
#13180 = SURFACE_STYLE_FILL_AREA(#13181);
#13181 = FILL_AREA_STYLE('',(#13182));
#13182 = FILL_AREA_STYLE_COLOUR('',#12732);
#13183 = CURVE_STYLE('',#13184,POSITIVE_LENGTH_MEASURE(0.1),#12732);
#13184 = DRAUGHTING_PRE_DEFINED_CURVE_FONT('continuous');
#13185 = STYLED_ITEM('color',(#13186),#4946);
#13186 = PRESENTATION_STYLE_ASSIGNMENT((#13187,#13192));
#13187 = SURFACE_STYLE_USAGE(.BOTH.,#13188);
#13188 = SURFACE_SIDE_STYLE('',(#13189));
#13189 = SURFACE_STYLE_FILL_AREA(#13190);
#13190 = FILL_AREA_STYLE('',(#13191));
#13191 = FILL_AREA_STYLE_COLOUR('',#12732);
#13192 = CURVE_STYLE('',#13193,POSITIVE_LENGTH_MEASURE(0.1),#12732);
#13193 = DRAUGHTING_PRE_DEFINED_CURVE_FONT('continuous');
#13194 = STYLED_ITEM('color',(#13195),#5131);
#13195 = PRESENTATION_STYLE_ASSIGNMENT((#13196,#13201));
#13196 = SURFACE_STYLE_USAGE(.BOTH.,#13197);
#13197 = SURFACE_SIDE_STYLE('',(#13198));
#13198 = SURFACE_STYLE_FILL_AREA(#13199);
#13199 = FILL_AREA_STYLE('',(#13200));
#13200 = FILL_AREA_STYLE_COLOUR('',#12732);
#13201 = CURVE_STYLE('',#13202,POSITIVE_LENGTH_MEASURE(0.1),#12732);
#13202 = DRAUGHTING_PRE_DEFINED_CURVE_FONT('continuous');
#13203 = STYLED_ITEM('color',(#13204),#5180);
#13204 = PRESENTATION_STYLE_ASSIGNMENT((#13205,#13210));
#13205 = SURFACE_STYLE_USAGE(.BOTH.,#13206);
#13206 = SURFACE_SIDE_STYLE('',(#13207));
#13207 = SURFACE_STYLE_FILL_AREA(#13208);
#13208 = FILL_AREA_STYLE('',(#13209));
#13209 = FILL_AREA_STYLE_COLOUR('',#12732);
#13210 = CURVE_STYLE('',#13211,POSITIVE_LENGTH_MEASURE(0.1),#12732);
#13211 = DRAUGHTING_PRE_DEFINED_CURVE_FONT('continuous');
#13212 = STYLED_ITEM('color',(#13213),#5255);
#13213 = PRESENTATION_STYLE_ASSIGNMENT((#13214,#13219));
#13214 = SURFACE_STYLE_USAGE(.BOTH.,#13215);
#13215 = SURFACE_SIDE_STYLE('',(#13216));
#13216 = SURFACE_STYLE_FILL_AREA(#13217);
#13217 = FILL_AREA_STYLE('',(#13218));
#13218 = FILL_AREA_STYLE_COLOUR('',#12732);
#13219 = CURVE_STYLE('',#13220,POSITIVE_LENGTH_MEASURE(0.1),#12732);
#13220 = DRAUGHTING_PRE_DEFINED_CURVE_FONT('continuous');
#13221 = STYLED_ITEM('color',(#13222),#5282);
#13222 = PRESENTATION_STYLE_ASSIGNMENT((#13223,#13228));
#13223 = SURFACE_STYLE_USAGE(.BOTH.,#13224);
#13224 = SURFACE_SIDE_STYLE('',(#13225));
#13225 = SURFACE_STYLE_FILL_AREA(#13226);
#13226 = FILL_AREA_STYLE('',(#13227));
#13227 = FILL_AREA_STYLE_COLOUR('',#12732);
#13228 = CURVE_STYLE('',#13229,POSITIVE_LENGTH_MEASURE(0.1),#12732);
#13229 = DRAUGHTING_PRE_DEFINED_CURVE_FONT('continuous');
#13230 = STYLED_ITEM('color',(#13231),#5309);
#13231 = PRESENTATION_STYLE_ASSIGNMENT((#13232,#13237));
#13232 = SURFACE_STYLE_USAGE(.BOTH.,#13233);
#13233 = SURFACE_SIDE_STYLE('',(#13234));
#13234 = SURFACE_STYLE_FILL_AREA(#13235);
#13235 = FILL_AREA_STYLE('',(#13236));
#13236 = FILL_AREA_STYLE_COLOUR('',#12732);
#13237 = CURVE_STYLE('',#13238,POSITIVE_LENGTH_MEASURE(0.1),#12732);
#13238 = DRAUGHTING_PRE_DEFINED_CURVE_FONT('continuous');
#13239 = STYLED_ITEM('color',(#13240),#5318);
#13240 = PRESENTATION_STYLE_ASSIGNMENT((#13241,#13246));
#13241 = SURFACE_STYLE_USAGE(.BOTH.,#13242);
#13242 = SURFACE_SIDE_STYLE('',(#13243));
#13243 = SURFACE_STYLE_FILL_AREA(#13244);
#13244 = FILL_AREA_STYLE('',(#13245));
#13245 = FILL_AREA_STYLE_COLOUR('',#12713);
#13246 = CURVE_STYLE('',#13247,POSITIVE_LENGTH_MEASURE(0.1),#12713);
#13247 = DRAUGHTING_PRE_DEFINED_CURVE_FONT('continuous');
#13248 = STYLED_ITEM('color',(#13249),#5440);
#13249 = PRESENTATION_STYLE_ASSIGNMENT((#13250,#13255));
#13250 = SURFACE_STYLE_USAGE(.BOTH.,#13251);
#13251 = SURFACE_SIDE_STYLE('',(#13252));
#13252 = SURFACE_STYLE_FILL_AREA(#13253);
#13253 = FILL_AREA_STYLE('',(#13254));
#13254 = FILL_AREA_STYLE_COLOUR('',#12713);
#13255 = CURVE_STYLE('',#13256,POSITIVE_LENGTH_MEASURE(0.1),#12713);
#13256 = DRAUGHTING_PRE_DEFINED_CURVE_FONT('continuous');
#13257 = STYLED_ITEM('color',(#13258),#5625);
#13258 = PRESENTATION_STYLE_ASSIGNMENT((#13259,#13264));
#13259 = SURFACE_STYLE_USAGE(.BOTH.,#13260);
#13260 = SURFACE_SIDE_STYLE('',(#13261));
#13261 = SURFACE_STYLE_FILL_AREA(#13262);
#13262 = FILL_AREA_STYLE('',(#13263));
#13263 = FILL_AREA_STYLE_COLOUR('',#12713);
#13264 = CURVE_STYLE('',#13265,POSITIVE_LENGTH_MEASURE(0.1),#12713);
#13265 = DRAUGHTING_PRE_DEFINED_CURVE_FONT('continuous');
#13266 = STYLED_ITEM('color',(#13267),#5674);
#13267 = PRESENTATION_STYLE_ASSIGNMENT((#13268,#13273));
#13268 = SURFACE_STYLE_USAGE(.BOTH.,#13269);
#13269 = SURFACE_SIDE_STYLE('',(#13270));
#13270 = SURFACE_STYLE_FILL_AREA(#13271);
#13271 = FILL_AREA_STYLE('',(#13272));
#13272 = FILL_AREA_STYLE_COLOUR('',#12713);
#13273 = CURVE_STYLE('',#13274,POSITIVE_LENGTH_MEASURE(0.1),#12713);
#13274 = DRAUGHTING_PRE_DEFINED_CURVE_FONT('continuous');
#13275 = STYLED_ITEM('color',(#13276),#5749);
#13276 = PRESENTATION_STYLE_ASSIGNMENT((#13277,#13282));
#13277 = SURFACE_STYLE_USAGE(.BOTH.,#13278);
#13278 = SURFACE_SIDE_STYLE('',(#13279));
#13279 = SURFACE_STYLE_FILL_AREA(#13280);
#13280 = FILL_AREA_STYLE('',(#13281));
#13281 = FILL_AREA_STYLE_COLOUR('',#12713);
#13282 = CURVE_STYLE('',#13283,POSITIVE_LENGTH_MEASURE(0.1),#12713);
#13283 = DRAUGHTING_PRE_DEFINED_CURVE_FONT('continuous');
#13284 = STYLED_ITEM('color',(#13285),#5776);
#13285 = PRESENTATION_STYLE_ASSIGNMENT((#13286,#13291));
#13286 = SURFACE_STYLE_USAGE(.BOTH.,#13287);
#13287 = SURFACE_SIDE_STYLE('',(#13288));
#13288 = SURFACE_STYLE_FILL_AREA(#13289);
#13289 = FILL_AREA_STYLE('',(#13290));
#13290 = FILL_AREA_STYLE_COLOUR('',#12713);
#13291 = CURVE_STYLE('',#13292,POSITIVE_LENGTH_MEASURE(0.1),#12713);
#13292 = DRAUGHTING_PRE_DEFINED_CURVE_FONT('continuous');
#13293 = STYLED_ITEM('color',(#13294),#5803);
#13294 = PRESENTATION_STYLE_ASSIGNMENT((#13295,#13300));
#13295 = SURFACE_STYLE_USAGE(.BOTH.,#13296);
#13296 = SURFACE_SIDE_STYLE('',(#13297));
#13297 = SURFACE_STYLE_FILL_AREA(#13298);
#13298 = FILL_AREA_STYLE('',(#13299));
#13299 = FILL_AREA_STYLE_COLOUR('',#12713);
#13300 = CURVE_STYLE('',#13301,POSITIVE_LENGTH_MEASURE(0.1),#12713);
#13301 = DRAUGHTING_PRE_DEFINED_CURVE_FONT('continuous');
#13302 = STYLED_ITEM('color',(#13303),#5812);
#13303 = PRESENTATION_STYLE_ASSIGNMENT((#13304,#13309));
#13304 = SURFACE_STYLE_USAGE(.BOTH.,#13305);
#13305 = SURFACE_SIDE_STYLE('',(#13306));
#13306 = SURFACE_STYLE_FILL_AREA(#13307);
#13307 = FILL_AREA_STYLE('',(#13308));
#13308 = FILL_AREA_STYLE_COLOUR('',#12732);
#13309 = CURVE_STYLE('',#13310,POSITIVE_LENGTH_MEASURE(0.1),#12732);
#13310 = DRAUGHTING_PRE_DEFINED_CURVE_FONT('continuous');
#13311 = STYLED_ITEM('color',(#13312),#5934);
#13312 = PRESENTATION_STYLE_ASSIGNMENT((#13313,#13318));
#13313 = SURFACE_STYLE_USAGE(.BOTH.,#13314);
#13314 = SURFACE_SIDE_STYLE('',(#13315));
#13315 = SURFACE_STYLE_FILL_AREA(#13316);
#13316 = FILL_AREA_STYLE('',(#13317));
#13317 = FILL_AREA_STYLE_COLOUR('',#12732);
#13318 = CURVE_STYLE('',#13319,POSITIVE_LENGTH_MEASURE(0.1),#12732);
#13319 = DRAUGHTING_PRE_DEFINED_CURVE_FONT('continuous');
#13320 = STYLED_ITEM('color',(#13321),#6119);
#13321 = PRESENTATION_STYLE_ASSIGNMENT((#13322,#13327));
#13322 = SURFACE_STYLE_USAGE(.BOTH.,#13323);
#13323 = SURFACE_SIDE_STYLE('',(#13324));
#13324 = SURFACE_STYLE_FILL_AREA(#13325);
#13325 = FILL_AREA_STYLE('',(#13326));
#13326 = FILL_AREA_STYLE_COLOUR('',#12732);
#13327 = CURVE_STYLE('',#13328,POSITIVE_LENGTH_MEASURE(0.1),#12732);
#13328 = DRAUGHTING_PRE_DEFINED_CURVE_FONT('continuous');
#13329 = STYLED_ITEM('color',(#13330),#6168);
#13330 = PRESENTATION_STYLE_ASSIGNMENT((#13331,#13336));
#13331 = SURFACE_STYLE_USAGE(.BOTH.,#13332);
#13332 = SURFACE_SIDE_STYLE('',(#13333));
#13333 = SURFACE_STYLE_FILL_AREA(#13334);
#13334 = FILL_AREA_STYLE('',(#13335));
#13335 = FILL_AREA_STYLE_COLOUR('',#12732);
#13336 = CURVE_STYLE('',#13337,POSITIVE_LENGTH_MEASURE(0.1),#12732);
#13337 = DRAUGHTING_PRE_DEFINED_CURVE_FONT('continuous');
#13338 = STYLED_ITEM('color',(#13339),#6243);
#13339 = PRESENTATION_STYLE_ASSIGNMENT((#13340,#13345));
#13340 = SURFACE_STYLE_USAGE(.BOTH.,#13341);
#13341 = SURFACE_SIDE_STYLE('',(#13342));
#13342 = SURFACE_STYLE_FILL_AREA(#13343);
#13343 = FILL_AREA_STYLE('',(#13344));
#13344 = FILL_AREA_STYLE_COLOUR('',#12732);
#13345 = CURVE_STYLE('',#13346,POSITIVE_LENGTH_MEASURE(0.1),#12732);
#13346 = DRAUGHTING_PRE_DEFINED_CURVE_FONT('continuous');
#13347 = STYLED_ITEM('color',(#13348),#6270);
#13348 = PRESENTATION_STYLE_ASSIGNMENT((#13349,#13354));
#13349 = SURFACE_STYLE_USAGE(.BOTH.,#13350);
#13350 = SURFACE_SIDE_STYLE('',(#13351));
#13351 = SURFACE_STYLE_FILL_AREA(#13352);
#13352 = FILL_AREA_STYLE('',(#13353));
#13353 = FILL_AREA_STYLE_COLOUR('',#12732);
#13354 = CURVE_STYLE('',#13355,POSITIVE_LENGTH_MEASURE(0.1),#12732);
#13355 = DRAUGHTING_PRE_DEFINED_CURVE_FONT('continuous');
#13356 = STYLED_ITEM('color',(#13357),#6297);
#13357 = PRESENTATION_STYLE_ASSIGNMENT((#13358,#13363));
#13358 = SURFACE_STYLE_USAGE(.BOTH.,#13359);
#13359 = SURFACE_SIDE_STYLE('',(#13360));
#13360 = SURFACE_STYLE_FILL_AREA(#13361);
#13361 = FILL_AREA_STYLE('',(#13362));
#13362 = FILL_AREA_STYLE_COLOUR('',#12732);
#13363 = CURVE_STYLE('',#13364,POSITIVE_LENGTH_MEASURE(0.1),#12732);
#13364 = DRAUGHTING_PRE_DEFINED_CURVE_FONT('continuous');
#13365 = STYLED_ITEM('color',(#13366),#6306);
#13366 = PRESENTATION_STYLE_ASSIGNMENT((#13367,#13372));
#13367 = SURFACE_STYLE_USAGE(.BOTH.,#13368);
#13368 = SURFACE_SIDE_STYLE('',(#13369));
#13369 = SURFACE_STYLE_FILL_AREA(#13370);
#13370 = FILL_AREA_STYLE('',(#13371));
#13371 = FILL_AREA_STYLE_COLOUR('',#12713);
#13372 = CURVE_STYLE('',#13373,POSITIVE_LENGTH_MEASURE(0.1),#12713);
#13373 = DRAUGHTING_PRE_DEFINED_CURVE_FONT('continuous');
#13374 = STYLED_ITEM('color',(#13375),#6428);
#13375 = PRESENTATION_STYLE_ASSIGNMENT((#13376,#13381));
#13376 = SURFACE_STYLE_USAGE(.BOTH.,#13377);
#13377 = SURFACE_SIDE_STYLE('',(#13378));
#13378 = SURFACE_STYLE_FILL_AREA(#13379);
#13379 = FILL_AREA_STYLE('',(#13380));
#13380 = FILL_AREA_STYLE_COLOUR('',#12713);
#13381 = CURVE_STYLE('',#13382,POSITIVE_LENGTH_MEASURE(0.1),#12713);
#13382 = DRAUGHTING_PRE_DEFINED_CURVE_FONT('continuous');
#13383 = STYLED_ITEM('color',(#13384),#6613);
#13384 = PRESENTATION_STYLE_ASSIGNMENT((#13385,#13390));
#13385 = SURFACE_STYLE_USAGE(.BOTH.,#13386);
#13386 = SURFACE_SIDE_STYLE('',(#13387));
#13387 = SURFACE_STYLE_FILL_AREA(#13388);
#13388 = FILL_AREA_STYLE('',(#13389));
#13389 = FILL_AREA_STYLE_COLOUR('',#12713);
#13390 = CURVE_STYLE('',#13391,POSITIVE_LENGTH_MEASURE(0.1),#12713);
#13391 = DRAUGHTING_PRE_DEFINED_CURVE_FONT('continuous');
#13392 = STYLED_ITEM('color',(#13393),#6662);
#13393 = PRESENTATION_STYLE_ASSIGNMENT((#13394,#13399));
#13394 = SURFACE_STYLE_USAGE(.BOTH.,#13395);
#13395 = SURFACE_SIDE_STYLE('',(#13396));
#13396 = SURFACE_STYLE_FILL_AREA(#13397);
#13397 = FILL_AREA_STYLE('',(#13398));
#13398 = FILL_AREA_STYLE_COLOUR('',#12713);
#13399 = CURVE_STYLE('',#13400,POSITIVE_LENGTH_MEASURE(0.1),#12713);
#13400 = DRAUGHTING_PRE_DEFINED_CURVE_FONT('continuous');
#13401 = STYLED_ITEM('color',(#13402),#6737);
#13402 = PRESENTATION_STYLE_ASSIGNMENT((#13403,#13408));
#13403 = SURFACE_STYLE_USAGE(.BOTH.,#13404);
#13404 = SURFACE_SIDE_STYLE('',(#13405));
#13405 = SURFACE_STYLE_FILL_AREA(#13406);
#13406 = FILL_AREA_STYLE('',(#13407));
#13407 = FILL_AREA_STYLE_COLOUR('',#12713);
#13408 = CURVE_STYLE('',#13409,POSITIVE_LENGTH_MEASURE(0.1),#12713);
#13409 = DRAUGHTING_PRE_DEFINED_CURVE_FONT('continuous');
#13410 = STYLED_ITEM('color',(#13411),#6764);
#13411 = PRESENTATION_STYLE_ASSIGNMENT((#13412,#13417));
#13412 = SURFACE_STYLE_USAGE(.BOTH.,#13413);
#13413 = SURFACE_SIDE_STYLE('',(#13414));
#13414 = SURFACE_STYLE_FILL_AREA(#13415);
#13415 = FILL_AREA_STYLE('',(#13416));
#13416 = FILL_AREA_STYLE_COLOUR('',#12713);
#13417 = CURVE_STYLE('',#13418,POSITIVE_LENGTH_MEASURE(0.1),#12713);
#13418 = DRAUGHTING_PRE_DEFINED_CURVE_FONT('continuous');
#13419 = STYLED_ITEM('color',(#13420),#6791);
#13420 = PRESENTATION_STYLE_ASSIGNMENT((#13421,#13426));
#13421 = SURFACE_STYLE_USAGE(.BOTH.,#13422);
#13422 = SURFACE_SIDE_STYLE('',(#13423));
#13423 = SURFACE_STYLE_FILL_AREA(#13424);
#13424 = FILL_AREA_STYLE('',(#13425));
#13425 = FILL_AREA_STYLE_COLOUR('',#12713);
#13426 = CURVE_STYLE('',#13427,POSITIVE_LENGTH_MEASURE(0.1),#12713);
#13427 = DRAUGHTING_PRE_DEFINED_CURVE_FONT('continuous');
#13428 = STYLED_ITEM('color',(#13429),#6800);
#13429 = PRESENTATION_STYLE_ASSIGNMENT((#13430,#13436));
#13430 = SURFACE_STYLE_USAGE(.BOTH.,#13431);
#13431 = SURFACE_SIDE_STYLE('',(#13432));
#13432 = SURFACE_STYLE_FILL_AREA(#13433);
#13433 = FILL_AREA_STYLE('',(#13434));
#13434 = FILL_AREA_STYLE_COLOUR('',#13435);
#13435 = COLOUR_RGB('',0.865876693501,0.702096931103,0.484529207832);
#13436 = CURVE_STYLE('',#13437,POSITIVE_LENGTH_MEASURE(0.1),#13435);
#13437 = DRAUGHTING_PRE_DEFINED_CURVE_FONT('continuous');
#13438 = STYLED_ITEM('color',(#13439),#6888);
#13439 = PRESENTATION_STYLE_ASSIGNMENT((#13440,#13445));
#13440 = SURFACE_STYLE_USAGE(.BOTH.,#13441);
#13441 = SURFACE_SIDE_STYLE('',(#13442));
#13442 = SURFACE_STYLE_FILL_AREA(#13443);
#13443 = FILL_AREA_STYLE('',(#13444));
#13444 = FILL_AREA_STYLE_COLOUR('',#13435);
#13445 = CURVE_STYLE('',#13446,POSITIVE_LENGTH_MEASURE(0.1),#13435);
#13446 = DRAUGHTING_PRE_DEFINED_CURVE_FONT('continuous');
#13447 = STYLED_ITEM('color',(#13448),#6923);
#13448 = PRESENTATION_STYLE_ASSIGNMENT((#13449,#13454));
#13449 = SURFACE_STYLE_USAGE(.BOTH.,#13450);
#13450 = SURFACE_SIDE_STYLE('',(#13451));
#13451 = SURFACE_STYLE_FILL_AREA(#13452);
#13452 = FILL_AREA_STYLE('',(#13453));
#13453 = FILL_AREA_STYLE_COLOUR('',#13435);
#13454 = CURVE_STYLE('',#13455,POSITIVE_LENGTH_MEASURE(0.1),#13435);
#13455 = DRAUGHTING_PRE_DEFINED_CURVE_FONT('continuous');
#13456 = STYLED_ITEM('color',(#13457),#6953);
#13457 = PRESENTATION_STYLE_ASSIGNMENT((#13458,#13463));
#13458 = SURFACE_STYLE_USAGE(.BOTH.,#13459);
#13459 = SURFACE_SIDE_STYLE('',(#13460));
#13460 = SURFACE_STYLE_FILL_AREA(#13461);
#13461 = FILL_AREA_STYLE('',(#13462));
#13462 = FILL_AREA_STYLE_COLOUR('',#13435);
#13463 = CURVE_STYLE('',#13464,POSITIVE_LENGTH_MEASURE(0.1),#13435);
#13464 = DRAUGHTING_PRE_DEFINED_CURVE_FONT('continuous');
#13465 = STYLED_ITEM('color',(#13466),#6982);
#13466 = PRESENTATION_STYLE_ASSIGNMENT((#13467,#13472));
#13467 = SURFACE_STYLE_USAGE(.BOTH.,#13468);
#13468 = SURFACE_SIDE_STYLE('',(#13469));
#13469 = SURFACE_STYLE_FILL_AREA(#13470);
#13470 = FILL_AREA_STYLE('',(#13471));
#13471 = FILL_AREA_STYLE_COLOUR('',#12685);
#13472 = CURVE_STYLE('',#13473,POSITIVE_LENGTH_MEASURE(0.1),#12685);
#13473 = DRAUGHTING_PRE_DEFINED_CURVE_FONT('continuous');
#13474 = STYLED_ITEM('color',(#13475),#7069);
#13475 = PRESENTATION_STYLE_ASSIGNMENT((#13476,#13481));
#13476 = SURFACE_STYLE_USAGE(.BOTH.,#13477);
#13477 = SURFACE_SIDE_STYLE('',(#13478));
#13478 = SURFACE_STYLE_FILL_AREA(#13479);
#13479 = FILL_AREA_STYLE('',(#13480));
#13480 = FILL_AREA_STYLE_COLOUR('',#12685);
#13481 = CURVE_STYLE('',#13482,POSITIVE_LENGTH_MEASURE(0.1),#12685);
#13482 = DRAUGHTING_PRE_DEFINED_CURVE_FONT('continuous');
#13483 = STYLED_ITEM('color',(#13484),#7133);
#13484 = PRESENTATION_STYLE_ASSIGNMENT((#13485,#13490));
#13485 = SURFACE_STYLE_USAGE(.BOTH.,#13486);
#13486 = SURFACE_SIDE_STYLE('',(#13487));
#13487 = SURFACE_STYLE_FILL_AREA(#13488);
#13488 = FILL_AREA_STYLE('',(#13489));
#13489 = FILL_AREA_STYLE_COLOUR('',#12685);
#13490 = CURVE_STYLE('',#13491,POSITIVE_LENGTH_MEASURE(0.1),#12685);
#13491 = DRAUGHTING_PRE_DEFINED_CURVE_FONT('continuous');
#13492 = STYLED_ITEM('color',(#13493),#7162);
#13493 = PRESENTATION_STYLE_ASSIGNMENT((#13494,#13502));
#13494 = SURFACE_STYLE_USAGE(.BOTH.,#13495);
#13495 = SURFACE_SIDE_STYLE('',(#13496,#13500));
#13496 = SURFACE_STYLE_FILL_AREA(#13497);
#13497 = FILL_AREA_STYLE('',(#13498));
#13498 = FILL_AREA_STYLE_COLOUR('',#13499);
#13499 = COLOUR_RGB('',0.827210915429,0.957431643449,1.);
#13500 = SURFACE_STYLE_RENDERING_WITH_PROPERTIES(.NORMAL_SHADING.,#13499
  ,(#13501));
#13501 = SURFACE_STYLE_TRANSPARENT(0.59999999404);
#13502 = CURVE_STYLE('',#13503,POSITIVE_LENGTH_MEASURE(0.1),#13499);
#13503 = DRAUGHTING_PRE_DEFINED_CURVE_FONT('continuous');
#13504 = STYLED_ITEM('color',(#13505),#7250);
#13505 = PRESENTATION_STYLE_ASSIGNMENT((#13506,#13513));
#13506 = SURFACE_STYLE_USAGE(.BOTH.,#13507);
#13507 = SURFACE_SIDE_STYLE('',(#13508,#13511));
#13508 = SURFACE_STYLE_FILL_AREA(#13509);
#13509 = FILL_AREA_STYLE('',(#13510));
#13510 = FILL_AREA_STYLE_COLOUR('',#13499);
#13511 = SURFACE_STYLE_RENDERING_WITH_PROPERTIES(.NORMAL_SHADING.,#13499
  ,(#13512));
#13512 = SURFACE_STYLE_TRANSPARENT(0.59999999404);
#13513 = CURVE_STYLE('',#13514,POSITIVE_LENGTH_MEASURE(0.1),#13499);
#13514 = DRAUGHTING_PRE_DEFINED_CURVE_FONT('continuous');
#13515 = STYLED_ITEM('color',(#13516),#7254);
#13516 = PRESENTATION_STYLE_ASSIGNMENT((#13517,#13524));
#13517 = SURFACE_STYLE_USAGE(.BOTH.,#13518);
#13518 = SURFACE_SIDE_STYLE('',(#13519,#13522));
#13519 = SURFACE_STYLE_FILL_AREA(#13520);
#13520 = FILL_AREA_STYLE('',(#13521));
#13521 = FILL_AREA_STYLE_COLOUR('',#13499);
#13522 = SURFACE_STYLE_RENDERING_WITH_PROPERTIES(.NORMAL_SHADING.,#13499
  ,(#13523));
#13523 = SURFACE_STYLE_TRANSPARENT(0.59999999404);
#13524 = CURVE_STYLE('',#13525,POSITIVE_LENGTH_MEASURE(0.1),#13499);
#13525 = DRAUGHTING_PRE_DEFINED_CURVE_FONT('continuous');
#13526 = VALUE_REPRESENTATION_ITEM('maxh',3.E-03);
#13527 = COMPOUND_REPRESENTATION_ITEM('netgen_geometry_properties',(#833
    ,#13526));
#13528 = VALUE_REPRESENTATION_ITEM('maxh',3.E-03);
#13529 = COMPOUND_REPRESENTATION_ITEM('netgen_geometry_properties',(
    #1775,#13528));
#13530 = VALUE_REPRESENTATION_ITEM('maxh',3.E-03);
#13531 = COMPOUND_REPRESENTATION_ITEM('netgen_geometry_properties',(
    #1784,#13530));
#13532 = VALUE_REPRESENTATION_ITEM('maxh',3.E-03);
#13533 = COMPOUND_REPRESENTATION_ITEM('netgen_geometry_properties',(
    #1793,#13532));
#13534 = VALUE_REPRESENTATION_ITEM('maxh',3.E-03);
#13535 = COMPOUND_REPRESENTATION_ITEM('netgen_geometry_properties',(
    #1802,#13534));
#13536 = VALUE_REPRESENTATION_ITEM('maxh',3.E-03);
#13537 = COMPOUND_REPRESENTATION_ITEM('netgen_geometry_properties',(
    #1811,#13536));
#13538 = VALUE_REPRESENTATION_ITEM('maxh',3.E-03);
#13539 = COMPOUND_REPRESENTATION_ITEM('netgen_geometry_properties',(
    #1820,#13538));
#13540 = VALUE_REPRESENTATION_ITEM('maxh',3.E-03);
#13541 = COMPOUND_REPRESENTATION_ITEM('netgen_geometry_properties',(
    #1829,#13540));
#13542 = VALUE_REPRESENTATION_ITEM('maxh',3.E-03);
#13543 = COMPOUND_REPRESENTATION_ITEM('netgen_geometry_properties',(
    #1838,#13542));
#13544 = VALUE_REPRESENTATION_ITEM('maxh',3.E-03);
#13545 = COMPOUND_REPRESENTATION_ITEM('netgen_geometry_properties',(
    #1847,#13544));
#13546 = VALUE_REPRESENTATION_ITEM('maxh',3.E-03);
#13547 = COMPOUND_REPRESENTATION_ITEM('netgen_geometry_properties',(
    #1862,#13546));
#13548 = VALUE_REPRESENTATION_ITEM('maxh',3.E-03);
#13549 = COMPOUND_REPRESENTATION_ITEM('netgen_geometry_properties',(
    #1983,#13548));
#13550 = VALUE_REPRESENTATION_ITEM('maxh',3.E-03);
#13551 = COMPOUND_REPRESENTATION_ITEM('netgen_geometry_properties',(#833
    ,#13550));
#13552 = VALUE_REPRESENTATION_ITEM('maxh',3.E-03);
#13553 = COMPOUND_REPRESENTATION_ITEM('netgen_geometry_properties',(
    #2167,#13552));
#13554 = VALUE_REPRESENTATION_ITEM('maxh',3.E-03);
#13555 = COMPOUND_REPRESENTATION_ITEM('netgen_geometry_properties',(
    #2216,#13554));
#13556 = VALUE_REPRESENTATION_ITEM('maxh',3.E-03);
#13557 = COMPOUND_REPRESENTATION_ITEM('netgen_geometry_properties',(
    #2291,#13556));
#13558 = VALUE_REPRESENTATION_ITEM('maxh',3.E-03);
#13559 = COMPOUND_REPRESENTATION_ITEM('netgen_geometry_properties',(
    #2318,#13558));
#13560 = VALUE_REPRESENTATION_ITEM('maxh',3.E-03);
#13561 = COMPOUND_REPRESENTATION_ITEM('netgen_geometry_properties',(
    #2345,#13560));
#13562 = VALUE_REPRESENTATION_ITEM('maxh',3.E-03);
#13563 = COMPOUND_REPRESENTATION_ITEM('netgen_geometry_properties',(
    #2354,#13562));
#13564 = VALUE_REPRESENTATION_ITEM('maxh',3.E-03);
#13565 = COMPOUND_REPRESENTATION_ITEM('netgen_geometry_properties',(
    #2476,#13564));
#13566 = VALUE_REPRESENTATION_ITEM('maxh',3.E-03);
#13567 = COMPOUND_REPRESENTATION_ITEM('netgen_geometry_properties',(
    #1775,#13566));
#13568 = VALUE_REPRESENTATION_ITEM('maxh',3.E-03);
#13569 = COMPOUND_REPRESENTATION_ITEM('netgen_geometry_properties',(
    #2661,#13568));
#13570 = VALUE_REPRESENTATION_ITEM('maxh',3.E-03);
#13571 = COMPOUND_REPRESENTATION_ITEM('netgen_geometry_properties',(
    #2710,#13570));
#13572 = VALUE_REPRESENTATION_ITEM('maxh',3.E-03);
#13573 = COMPOUND_REPRESENTATION_ITEM('netgen_geometry_properties',(
    #2785,#13572));
#13574 = VALUE_REPRESENTATION_ITEM('maxh',3.E-03);
#13575 = COMPOUND_REPRESENTATION_ITEM('netgen_geometry_properties',(
    #2812,#13574));
#13576 = VALUE_REPRESENTATION_ITEM('maxh',3.E-03);
#13577 = COMPOUND_REPRESENTATION_ITEM('netgen_geometry_properties',(
    #2839,#13576));
#13578 = VALUE_REPRESENTATION_ITEM('maxh',3.E-03);
#13579 = COMPOUND_REPRESENTATION_ITEM('netgen_geometry_properties',(
    #2848,#13578));
#13580 = VALUE_REPRESENTATION_ITEM('maxh',3.E-03);
#13581 = COMPOUND_REPRESENTATION_ITEM('netgen_geometry_properties',(
    #2970,#13580));
#13582 = VALUE_REPRESENTATION_ITEM('maxh',3.E-03);
#13583 = COMPOUND_REPRESENTATION_ITEM('netgen_geometry_properties',(
    #1793,#13582));
#13584 = VALUE_REPRESENTATION_ITEM('maxh',3.E-03);
#13585 = COMPOUND_REPRESENTATION_ITEM('netgen_geometry_properties',(
    #3155,#13584));
#13586 = VALUE_REPRESENTATION_ITEM('maxh',3.E-03);
#13587 = COMPOUND_REPRESENTATION_ITEM('netgen_geometry_properties',(
    #3204,#13586));
#13588 = VALUE_REPRESENTATION_ITEM('maxh',3.E-03);
#13589 = COMPOUND_REPRESENTATION_ITEM('netgen_geometry_properties',(
    #3279,#13588));
#13590 = VALUE_REPRESENTATION_ITEM('maxh',3.E-03);
#13591 = COMPOUND_REPRESENTATION_ITEM('netgen_geometry_properties',(
    #3306,#13590));
#13592 = VALUE_REPRESENTATION_ITEM('maxh',3.E-03);
#13593 = COMPOUND_REPRESENTATION_ITEM('netgen_geometry_properties',(
    #3333,#13592));
#13594 = VALUE_REPRESENTATION_ITEM('maxh',3.E-03);
#13595 = COMPOUND_REPRESENTATION_ITEM('netgen_geometry_properties',(
    #3342,#13594));
#13596 = VALUE_REPRESENTATION_ITEM('maxh',3.E-03);
#13597 = COMPOUND_REPRESENTATION_ITEM('netgen_geometry_properties',(
    #3464,#13596));
#13598 = VALUE_REPRESENTATION_ITEM('maxh',3.E-03);
#13599 = COMPOUND_REPRESENTATION_ITEM('netgen_geometry_properties',(
    #1811,#13598));
#13600 = VALUE_REPRESENTATION_ITEM('maxh',3.E-03);
#13601 = COMPOUND_REPRESENTATION_ITEM('netgen_geometry_properties',(
    #3649,#13600));
#13602 = VALUE_REPRESENTATION_ITEM('maxh',3.E-03);
#13603 = COMPOUND_REPRESENTATION_ITEM('netgen_geometry_properties',(
    #3698,#13602));
#13604 = VALUE_REPRESENTATION_ITEM('maxh',3.E-03);
#13605 = COMPOUND_REPRESENTATION_ITEM('netgen_geometry_properties',(
    #3773,#13604));
#13606 = VALUE_REPRESENTATION_ITEM('maxh',3.E-03);
#13607 = COMPOUND_REPRESENTATION_ITEM('netgen_geometry_properties',(
    #3800,#13606));
#13608 = VALUE_REPRESENTATION_ITEM('maxh',3.E-03);
#13609 = COMPOUND_REPRESENTATION_ITEM('netgen_geometry_properties',(
    #3827,#13608));
#13610 = VALUE_REPRESENTATION_ITEM('maxh',3.E-03);
#13611 = COMPOUND_REPRESENTATION_ITEM('netgen_geometry_properties',(
    #3836,#13610));
#13612 = VALUE_REPRESENTATION_ITEM('maxh',3.E-03);
#13613 = COMPOUND_REPRESENTATION_ITEM('netgen_geometry_properties',(
    #3958,#13612));
#13614 = VALUE_REPRESENTATION_ITEM('maxh',3.E-03);
#13615 = COMPOUND_REPRESENTATION_ITEM('netgen_geometry_properties',(
    #1829,#13614));
#13616 = VALUE_REPRESENTATION_ITEM('maxh',3.E-03);
#13617 = COMPOUND_REPRESENTATION_ITEM('netgen_geometry_properties',(
    #4143,#13616));
#13618 = VALUE_REPRESENTATION_ITEM('maxh',3.E-03);
#13619 = COMPOUND_REPRESENTATION_ITEM('netgen_geometry_properties',(
    #4192,#13618));
#13620 = VALUE_REPRESENTATION_ITEM('maxh',3.E-03);
#13621 = COMPOUND_REPRESENTATION_ITEM('netgen_geometry_properties',(
    #4267,#13620));
#13622 = VALUE_REPRESENTATION_ITEM('maxh',3.E-03);
#13623 = COMPOUND_REPRESENTATION_ITEM('netgen_geometry_properties',(
    #4294,#13622));
#13624 = VALUE_REPRESENTATION_ITEM('maxh',3.E-03);
#13625 = COMPOUND_REPRESENTATION_ITEM('netgen_geometry_properties',(
    #4321,#13624));
#13626 = VALUE_REPRESENTATION_ITEM('maxh',3.E-03);
#13627 = COMPOUND_REPRESENTATION_ITEM('netgen_geometry_properties',(
    #4330,#13626));
#13628 = VALUE_REPRESENTATION_ITEM('maxh',3.E-03);
#13629 = COMPOUND_REPRESENTATION_ITEM('netgen_geometry_properties',(
    #4452,#13628));
#13630 = VALUE_REPRESENTATION_ITEM('maxh',3.E-03);
#13631 = COMPOUND_REPRESENTATION_ITEM('netgen_geometry_properties',(
    #1847,#13630));
#13632 = VALUE_REPRESENTATION_ITEM('maxh',3.E-03);
#13633 = COMPOUND_REPRESENTATION_ITEM('netgen_geometry_properties',(
    #4637,#13632));
#13634 = VALUE_REPRESENTATION_ITEM('maxh',3.E-03);
#13635 = COMPOUND_REPRESENTATION_ITEM('netgen_geometry_properties',(
    #4686,#13634));
#13636 = VALUE_REPRESENTATION_ITEM('maxh',3.E-03);
#13637 = COMPOUND_REPRESENTATION_ITEM('netgen_geometry_properties',(
    #4761,#13636));
#13638 = VALUE_REPRESENTATION_ITEM('maxh',3.E-03);
#13639 = COMPOUND_REPRESENTATION_ITEM('netgen_geometry_properties',(
    #4788,#13638));
#13640 = VALUE_REPRESENTATION_ITEM('maxh',3.E-03);
#13641 = COMPOUND_REPRESENTATION_ITEM('netgen_geometry_properties',(
    #4815,#13640));
#13642 = VALUE_REPRESENTATION_ITEM('maxh',3.E-03);
#13643 = COMPOUND_REPRESENTATION_ITEM('netgen_geometry_properties',(
    #4824,#13642));
#13644 = VALUE_REPRESENTATION_ITEM('maxh',3.E-03);
#13645 = COMPOUND_REPRESENTATION_ITEM('netgen_geometry_properties',(
    #4946,#13644));
#13646 = VALUE_REPRESENTATION_ITEM('maxh',3.E-03);
#13647 = COMPOUND_REPRESENTATION_ITEM('netgen_geometry_properties',(
    #1838,#13646));
#13648 = VALUE_REPRESENTATION_ITEM('maxh',3.E-03);
#13649 = COMPOUND_REPRESENTATION_ITEM('netgen_geometry_properties',(
    #5131,#13648));
#13650 = VALUE_REPRESENTATION_ITEM('maxh',3.E-03);
#13651 = COMPOUND_REPRESENTATION_ITEM('netgen_geometry_properties',(
    #5180,#13650));
#13652 = VALUE_REPRESENTATION_ITEM('maxh',3.E-03);
#13653 = COMPOUND_REPRESENTATION_ITEM('netgen_geometry_properties',(
    #5255,#13652));
#13654 = VALUE_REPRESENTATION_ITEM('maxh',3.E-03);
#13655 = COMPOUND_REPRESENTATION_ITEM('netgen_geometry_properties',(
    #5282,#13654));
#13656 = VALUE_REPRESENTATION_ITEM('maxh',3.E-03);
#13657 = COMPOUND_REPRESENTATION_ITEM('netgen_geometry_properties',(
    #5309,#13656));
#13658 = VALUE_REPRESENTATION_ITEM('maxh',3.E-03);
#13659 = COMPOUND_REPRESENTATION_ITEM('netgen_geometry_properties',(
    #5318,#13658));
#13660 = VALUE_REPRESENTATION_ITEM('maxh',3.E-03);
#13661 = COMPOUND_REPRESENTATION_ITEM('netgen_geometry_properties',(
    #5440,#13660));
#13662 = VALUE_REPRESENTATION_ITEM('maxh',3.E-03);
#13663 = COMPOUND_REPRESENTATION_ITEM('netgen_geometry_properties',(
    #1820,#13662));
#13664 = VALUE_REPRESENTATION_ITEM('maxh',3.E-03);
#13665 = COMPOUND_REPRESENTATION_ITEM('netgen_geometry_properties',(
    #5625,#13664));
#13666 = VALUE_REPRESENTATION_ITEM('maxh',3.E-03);
#13667 = COMPOUND_REPRESENTATION_ITEM('netgen_geometry_properties',(
    #5674,#13666));
#13668 = VALUE_REPRESENTATION_ITEM('maxh',3.E-03);
#13669 = COMPOUND_REPRESENTATION_ITEM('netgen_geometry_properties',(
    #5749,#13668));
#13670 = VALUE_REPRESENTATION_ITEM('maxh',3.E-03);
#13671 = COMPOUND_REPRESENTATION_ITEM('netgen_geometry_properties',(
    #5776,#13670));
#13672 = VALUE_REPRESENTATION_ITEM('maxh',3.E-03);
#13673 = COMPOUND_REPRESENTATION_ITEM('netgen_geometry_properties',(
    #5803,#13672));
#13674 = VALUE_REPRESENTATION_ITEM('maxh',3.E-03);
#13675 = COMPOUND_REPRESENTATION_ITEM('netgen_geometry_properties',(
    #5812,#13674));
#13676 = VALUE_REPRESENTATION_ITEM('maxh',3.E-03);
#13677 = COMPOUND_REPRESENTATION_ITEM('netgen_geometry_properties',(
    #5934,#13676));
#13678 = VALUE_REPRESENTATION_ITEM('maxh',3.E-03);
#13679 = COMPOUND_REPRESENTATION_ITEM('netgen_geometry_properties',(
    #1802,#13678));
#13680 = VALUE_REPRESENTATION_ITEM('maxh',3.E-03);
#13681 = COMPOUND_REPRESENTATION_ITEM('netgen_geometry_properties',(
    #6119,#13680));
#13682 = VALUE_REPRESENTATION_ITEM('maxh',3.E-03);
#13683 = COMPOUND_REPRESENTATION_ITEM('netgen_geometry_properties',(
    #6168,#13682));
#13684 = VALUE_REPRESENTATION_ITEM('maxh',3.E-03);
#13685 = COMPOUND_REPRESENTATION_ITEM('netgen_geometry_properties',(
    #6243,#13684));
#13686 = VALUE_REPRESENTATION_ITEM('maxh',3.E-03);
#13687 = COMPOUND_REPRESENTATION_ITEM('netgen_geometry_properties',(
    #6270,#13686));
#13688 = VALUE_REPRESENTATION_ITEM('maxh',3.E-03);
#13689 = COMPOUND_REPRESENTATION_ITEM('netgen_geometry_properties',(
    #6297,#13688));
#13690 = VALUE_REPRESENTATION_ITEM('maxh',3.E-03);
#13691 = COMPOUND_REPRESENTATION_ITEM('netgen_geometry_properties',(
    #6306,#13690));
#13692 = VALUE_REPRESENTATION_ITEM('maxh',3.E-03);
#13693 = COMPOUND_REPRESENTATION_ITEM('netgen_geometry_properties',(
    #6428,#13692));
#13694 = VALUE_REPRESENTATION_ITEM('maxh',3.E-03);
#13695 = COMPOUND_REPRESENTATION_ITEM('netgen_geometry_properties',(
    #1784,#13694));
#13696 = VALUE_REPRESENTATION_ITEM('maxh',3.E-03);
#13697 = COMPOUND_REPRESENTATION_ITEM('netgen_geometry_properties',(
    #6613,#13696));
#13698 = VALUE_REPRESENTATION_ITEM('maxh',3.E-03);
#13699 = COMPOUND_REPRESENTATION_ITEM('netgen_geometry_properties',(
    #6662,#13698));
#13700 = VALUE_REPRESENTATION_ITEM('maxh',3.E-03);
#13701 = COMPOUND_REPRESENTATION_ITEM('netgen_geometry_properties',(
    #6737,#13700));
#13702 = VALUE_REPRESENTATION_ITEM('maxh',3.E-03);
#13703 = COMPOUND_REPRESENTATION_ITEM('netgen_geometry_properties',(
    #6764,#13702));
#13704 = VALUE_REPRESENTATION_ITEM('maxh',3.E-03);
#13705 = COMPOUND_REPRESENTATION_ITEM('netgen_geometry_properties',(
    #6791,#13704));
#13706 = VALUE_REPRESENTATION_ITEM('maxh',3.E-03);
#13707 = COMPOUND_REPRESENTATION_ITEM('netgen_geometry_properties',(
    #6800,#13706));
#13708 = VALUE_REPRESENTATION_ITEM('maxh',3.E-03);
#13709 = COMPOUND_REPRESENTATION_ITEM('netgen_geometry_properties',(
    #6888,#13708));
#13710 = VALUE_REPRESENTATION_ITEM('maxh',3.E-03);
#13711 = COMPOUND_REPRESENTATION_ITEM('netgen_geometry_properties',(
    #6923,#13710));
#13712 = VALUE_REPRESENTATION_ITEM('maxh',3.E-03);
#13713 = COMPOUND_REPRESENTATION_ITEM('netgen_geometry_properties',(
    #6953,#13712));
#13714 = VALUE_REPRESENTATION_ITEM('maxh',3.E-03);
#13715 = COMPOUND_REPRESENTATION_ITEM('netgen_geometry_properties',(
    #6888,#13714));
#13716 = VALUE_REPRESENTATION_ITEM('maxh',1.);
#13717 = COMPOUND_REPRESENTATION_ITEM('netgen_geometry_properties',(
    #7162,#13716));
#13718 = VALUE_REPRESENTATION_ITEM('maxh',1.);
#13719 = COMPOUND_REPRESENTATION_ITEM('netgen_geometry_properties',(
    #7250,#13718));
#13720 = VALUE_REPRESENTATION_ITEM('maxh',1.);
#13721 = COMPOUND_REPRESENTATION_ITEM('netgen_geometry_properties',(
    #7254,#13720));
#13722 = VALUE_REPRESENTATION_ITEM('maxh',3.E-03);
#13723 = COMPOUND_REPRESENTATION_ITEM('netgen_geometry_properties',(
    #1983,#13722));
#13724 = VALUE_REPRESENTATION_ITEM('maxh',3.E-03);
#13725 = COMPOUND_REPRESENTATION_ITEM('netgen_geometry_properties',(
    #2354,#13724));
#13726 = VALUE_REPRESENTATION_ITEM('maxh',3.E-03);
#13727 = COMPOUND_REPRESENTATION_ITEM('netgen_geometry_properties',(
    #2476,#13726));
#13728 = VALUE_REPRESENTATION_ITEM('maxh',3.E-03);
#13729 = COMPOUND_REPRESENTATION_ITEM('netgen_geometry_properties',(
    #2848,#13728));
#13730 = VALUE_REPRESENTATION_ITEM('maxh',3.E-03);
#13731 = COMPOUND_REPRESENTATION_ITEM('netgen_geometry_properties',(
    #2970,#13730));
#13732 = VALUE_REPRESENTATION_ITEM('maxh',3.E-03);
#13733 = COMPOUND_REPRESENTATION_ITEM('netgen_geometry_properties',(
    #3342,#13732));
#13734 = VALUE_REPRESENTATION_ITEM('maxh',3.E-03);
#13735 = COMPOUND_REPRESENTATION_ITEM('netgen_geometry_properties',(
    #3464,#13734));
#13736 = VALUE_REPRESENTATION_ITEM('maxh',3.E-03);
#13737 = COMPOUND_REPRESENTATION_ITEM('netgen_geometry_properties',(
    #3836,#13736));
#13738 = VALUE_REPRESENTATION_ITEM('maxh',3.E-03);
#13739 = COMPOUND_REPRESENTATION_ITEM('netgen_geometry_properties',(
    #3958,#13738));
#13740 = VALUE_REPRESENTATION_ITEM('maxh',3.E-03);
#13741 = COMPOUND_REPRESENTATION_ITEM('netgen_geometry_properties',(
    #4330,#13740));
#13742 = VALUE_REPRESENTATION_ITEM('maxh',3.E-03);
#13743 = COMPOUND_REPRESENTATION_ITEM('netgen_geometry_properties',(
    #4452,#13742));
#13744 = VALUE_REPRESENTATION_ITEM('maxh',3.E-03);
#13745 = COMPOUND_REPRESENTATION_ITEM('netgen_geometry_properties',(
    #4824,#13744));
#13746 = VALUE_REPRESENTATION_ITEM('maxh',3.E-03);
#13747 = COMPOUND_REPRESENTATION_ITEM('netgen_geometry_properties',(
    #4946,#13746));
#13748 = VALUE_REPRESENTATION_ITEM('maxh',3.E-03);
#13749 = COMPOUND_REPRESENTATION_ITEM('netgen_geometry_properties',(
    #5318,#13748));
#13750 = VALUE_REPRESENTATION_ITEM('maxh',3.E-03);
#13751 = COMPOUND_REPRESENTATION_ITEM('netgen_geometry_properties',(
    #5440,#13750));
#13752 = VALUE_REPRESENTATION_ITEM('maxh',3.E-03);
#13753 = COMPOUND_REPRESENTATION_ITEM('netgen_geometry_properties',(
    #5812,#13752));
#13754 = VALUE_REPRESENTATION_ITEM('maxh',3.E-03);
#13755 = COMPOUND_REPRESENTATION_ITEM('netgen_geometry_properties',(
    #5934,#13754));
#13756 = VALUE_REPRESENTATION_ITEM('maxh',3.E-03);
#13757 = COMPOUND_REPRESENTATION_ITEM('netgen_geometry_properties',(
    #6306,#13756));
#13758 = VALUE_REPRESENTATION_ITEM('maxh',3.E-03);
#13759 = COMPOUND_REPRESENTATION_ITEM('netgen_geometry_properties',(
    #6428,#13758));
#13760 = VALUE_REPRESENTATION_ITEM('maxh',3.E-03);
#13761 = COMPOUND_REPRESENTATION_ITEM('netgen_geometry_properties',(
    #1862,#13760));
#13762 = VALUE_REPRESENTATION_ITEM('maxh',3.E-03);
#13763 = COMPOUND_REPRESENTATION_ITEM('netgen_geometry_properties',(
    #2216,#13762));
#13764 = VALUE_REPRESENTATION_ITEM('maxh',3.E-03);
#13765 = COMPOUND_REPRESENTATION_ITEM('netgen_geometry_properties',(
    #2291,#13764));
#13766 = VALUE_REPRESENTATION_ITEM('maxh',3.E-03);
#13767 = COMPOUND_REPRESENTATION_ITEM('netgen_geometry_properties',(
    #2345,#13766));
#13768 = VALUE_REPRESENTATION_ITEM('maxh',3.E-03);
#13769 = COMPOUND_REPRESENTATION_ITEM('netgen_geometry_properties',(
    #2318,#13768));
#13770 = VALUE_REPRESENTATION_ITEM('maxh',3.E-03);
#13771 = COMPOUND_REPRESENTATION_ITEM('netgen_geometry_properties',(
    #2167,#13770));
#13772 = VALUE_REPRESENTATION_ITEM('maxh',3.E-03);
#13773 = COMPOUND_REPRESENTATION_ITEM('netgen_geometry_properties',(
    #6737,#13772));
#13774 = VALUE_REPRESENTATION_ITEM('maxh',3.E-03);
#13775 = COMPOUND_REPRESENTATION_ITEM('netgen_geometry_properties',(
    #6791,#13774));
#13776 = VALUE_REPRESENTATION_ITEM('maxh',3.E-03);
#13777 = COMPOUND_REPRESENTATION_ITEM('netgen_geometry_properties',(
    #6764,#13776));
#13778 = VALUE_REPRESENTATION_ITEM('maxh',3.E-03);
#13779 = COMPOUND_REPRESENTATION_ITEM('netgen_geometry_properties',(
    #6613,#13778));
#13780 = VALUE_REPRESENTATION_ITEM('maxh',3.E-03);
#13781 = COMPOUND_REPRESENTATION_ITEM('netgen_geometry_properties',(
    #6243,#13780));
#13782 = VALUE_REPRESENTATION_ITEM('maxh',3.E-03);
#13783 = COMPOUND_REPRESENTATION_ITEM('netgen_geometry_properties',(
    #6297,#13782));
#13784 = VALUE_REPRESENTATION_ITEM('maxh',3.E-03);
#13785 = COMPOUND_REPRESENTATION_ITEM('netgen_geometry_properties',(
    #6270,#13784));
#13786 = VALUE_REPRESENTATION_ITEM('maxh',3.E-03);
#13787 = COMPOUND_REPRESENTATION_ITEM('netgen_geometry_properties',(
    #6119,#13786));
#13788 = VALUE_REPRESENTATION_ITEM('maxh',3.E-03);
#13789 = COMPOUND_REPRESENTATION_ITEM('netgen_geometry_properties',(
    #5749,#13788));
#13790 = VALUE_REPRESENTATION_ITEM('maxh',3.E-03);
#13791 = COMPOUND_REPRESENTATION_ITEM('netgen_geometry_properties',(
    #5803,#13790));
#13792 = VALUE_REPRESENTATION_ITEM('maxh',3.E-03);
#13793 = COMPOUND_REPRESENTATION_ITEM('netgen_geometry_properties',(
    #5776,#13792));
#13794 = VALUE_REPRESENTATION_ITEM('maxh',3.E-03);
#13795 = COMPOUND_REPRESENTATION_ITEM('netgen_geometry_properties',(
    #5625,#13794));
#13796 = VALUE_REPRESENTATION_ITEM('maxh',3.E-03);
#13797 = COMPOUND_REPRESENTATION_ITEM('netgen_geometry_properties',(
    #5255,#13796));
#13798 = VALUE_REPRESENTATION_ITEM('maxh',3.E-03);
#13799 = COMPOUND_REPRESENTATION_ITEM('netgen_geometry_properties',(
    #5309,#13798));
#13800 = VALUE_REPRESENTATION_ITEM('maxh',3.E-03);
#13801 = COMPOUND_REPRESENTATION_ITEM('netgen_geometry_properties',(
    #5282,#13800));
#13802 = VALUE_REPRESENTATION_ITEM('maxh',3.E-03);
#13803 = COMPOUND_REPRESENTATION_ITEM('netgen_geometry_properties',(
    #5131,#13802));
#13804 = VALUE_REPRESENTATION_ITEM('maxh',3.E-03);
#13805 = COMPOUND_REPRESENTATION_ITEM('netgen_geometry_properties',(
    #4761,#13804));
#13806 = VALUE_REPRESENTATION_ITEM('maxh',3.E-03);
#13807 = COMPOUND_REPRESENTATION_ITEM('netgen_geometry_properties',(
    #4815,#13806));
#13808 = VALUE_REPRESENTATION_ITEM('maxh',3.E-03);
#13809 = COMPOUND_REPRESENTATION_ITEM('netgen_geometry_properties',(
    #4788,#13808));
#13810 = VALUE_REPRESENTATION_ITEM('maxh',3.E-03);
#13811 = COMPOUND_REPRESENTATION_ITEM('netgen_geometry_properties',(
    #4637,#13810));
#13812 = VALUE_REPRESENTATION_ITEM('maxh',3.E-03);
#13813 = COMPOUND_REPRESENTATION_ITEM('netgen_geometry_properties',(
    #4267,#13812));
#13814 = VALUE_REPRESENTATION_ITEM('maxh',3.E-03);
#13815 = COMPOUND_REPRESENTATION_ITEM('netgen_geometry_properties',(
    #4321,#13814));
#13816 = VALUE_REPRESENTATION_ITEM('maxh',3.E-03);
#13817 = COMPOUND_REPRESENTATION_ITEM('netgen_geometry_properties',(
    #4294,#13816));
#13818 = VALUE_REPRESENTATION_ITEM('maxh',3.E-03);
#13819 = COMPOUND_REPRESENTATION_ITEM('netgen_geometry_properties',(
    #4143,#13818));
#13820 = VALUE_REPRESENTATION_ITEM('maxh',3.E-03);
#13821 = COMPOUND_REPRESENTATION_ITEM('netgen_geometry_properties',(
    #3773,#13820));
#13822 = VALUE_REPRESENTATION_ITEM('maxh',3.E-03);
#13823 = COMPOUND_REPRESENTATION_ITEM('netgen_geometry_properties',(
    #3827,#13822));
#13824 = VALUE_REPRESENTATION_ITEM('maxh',3.E-03);
#13825 = COMPOUND_REPRESENTATION_ITEM('netgen_geometry_properties',(
    #3800,#13824));
#13826 = VALUE_REPRESENTATION_ITEM('maxh',3.E-03);
#13827 = COMPOUND_REPRESENTATION_ITEM('netgen_geometry_properties',(
    #3649,#13826));
#13828 = VALUE_REPRESENTATION_ITEM('maxh',3.E-03);
#13829 = COMPOUND_REPRESENTATION_ITEM('netgen_geometry_properties',(
    #3279,#13828));
#13830 = VALUE_REPRESENTATION_ITEM('maxh',3.E-03);
#13831 = COMPOUND_REPRESENTATION_ITEM('netgen_geometry_properties',(
    #3333,#13830));
#13832 = VALUE_REPRESENTATION_ITEM('maxh',3.E-03);
#13833 = COMPOUND_REPRESENTATION_ITEM('netgen_geometry_properties',(
    #3306,#13832));
#13834 = VALUE_REPRESENTATION_ITEM('maxh',3.E-03);
#13835 = COMPOUND_REPRESENTATION_ITEM('netgen_geometry_properties',(
    #3155,#13834));
#13836 = VALUE_REPRESENTATION_ITEM('maxh',3.E-03);
#13837 = COMPOUND_REPRESENTATION_ITEM('netgen_geometry_properties',(
    #2785,#13836));
#13838 = VALUE_REPRESENTATION_ITEM('maxh',3.E-03);
#13839 = COMPOUND_REPRESENTATION_ITEM('netgen_geometry_properties',(
    #2839,#13838));
#13840 = VALUE_REPRESENTATION_ITEM('maxh',3.E-03);
#13841 = COMPOUND_REPRESENTATION_ITEM('netgen_geometry_properties',(
    #2812,#13840));
#13842 = VALUE_REPRESENTATION_ITEM('maxh',3.E-03);
#13843 = COMPOUND_REPRESENTATION_ITEM('netgen_geometry_properties',(
    #2661,#13842));
#13844 = VALUE_REPRESENTATION_ITEM('maxh',3.E-03);
#13845 = COMPOUND_REPRESENTATION_ITEM('netgen_geometry_properties',(
    #2710,#13844));
#13846 = VALUE_REPRESENTATION_ITEM('maxh',3.E-03);
#13847 = COMPOUND_REPRESENTATION_ITEM('netgen_geometry_properties',(
    #3204,#13846));
#13848 = VALUE_REPRESENTATION_ITEM('maxh',3.E-03);
#13849 = COMPOUND_REPRESENTATION_ITEM('netgen_geometry_properties',(
    #3698,#13848));
#13850 = VALUE_REPRESENTATION_ITEM('maxh',3.E-03);
#13851 = COMPOUND_REPRESENTATION_ITEM('netgen_geometry_properties',(
    #4192,#13850));
#13852 = VALUE_REPRESENTATION_ITEM('maxh',3.E-03);
#13853 = COMPOUND_REPRESENTATION_ITEM('netgen_geometry_properties',(
    #4686,#13852));
#13854 = VALUE_REPRESENTATION_ITEM('maxh',3.E-03);
#13855 = COMPOUND_REPRESENTATION_ITEM('netgen_geometry_properties',(
    #5180,#13854));
#13856 = VALUE_REPRESENTATION_ITEM('maxh',3.E-03);
#13857 = COMPOUND_REPRESENTATION_ITEM('netgen_geometry_properties',(
    #5674,#13856));
#13858 = VALUE_REPRESENTATION_ITEM('maxh',3.E-03);
#13859 = COMPOUND_REPRESENTATION_ITEM('netgen_geometry_properties',(
    #6168,#13858));
#13860 = VALUE_REPRESENTATION_ITEM('maxh',3.E-03);
#13861 = COMPOUND_REPRESENTATION_ITEM('netgen_geometry_properties',(
    #6662,#13860));
#13862 = VALUE_REPRESENTATION_ITEM('maxh',3.E-03);
#13863 = COMPOUND_REPRESENTATION_ITEM('netgen_geometry_properties',(
    #6800,#13862));
#13864 = VALUE_REPRESENTATION_ITEM('maxh',3.E-03);
#13865 = COMPOUND_REPRESENTATION_ITEM('netgen_geometry_properties',(
    #6923,#13864));
#13866 = VALUE_REPRESENTATION_ITEM('maxh',3.E-03);
#13867 = COMPOUND_REPRESENTATION_ITEM('netgen_geometry_properties',(
    #6953,#13866));
ENDSEC;
END-ISO-10303-21;
